date,time,currency,impact,event,actual,forecast,previous,source_file,ingested_at
Sep 1,10:25pm,NZD,yellow,GDT Price Index,0.9%,N/A,2.3%,/Users/datpro/Documents/gitdatpro/ff-transform-data/data/bronze/raw/calendar/2026/09_all.md|/Users/datpro/Documents/gitdatpro/ff-transform-data/data/bronze/raw/calendar/2026/09_red.html|/Users/datpro/Documents/gitdatpro/ff-transform-data/data/bronze/raw/calendar/2026/09_orange.html|/Users/datpro/Documents/gitdatpro/ff-transform-data/data/bronze/raw/calendar/2026/09_yellow.html,2026-09-03T07:55:34Z
Sep 1,10:35am,JPY,yellow,10-y Bond Auction,3.00|3.3,N/A,2.84|2.6,/Users/datpro/Documents/gitdatpro/ff-transform-data/data/bronze/raw/calendar/2026/09_all.md|/Users/datpro/Documents/gitdatpro/ff-transform-data/data/bronze/raw/calendar/2026/09_red.html|/Users/datpro/Documents/gitdatpro/ff-transform-data/data/bronze/raw/calendar/2026/09_orange.html|/Users/datpro/Documents/gitdatpro/ff-transform-data/data/bronze/raw/calendar/2026/09_yellow.html,2026-09-03T07:55:34Z
Sep 1,12:00pm,JPY,yellow,Consumer Confidence,35.5,35.3,34.9,/Users/datpro/Documents/gitdatpro/ff-transform-data/data/bronze/raw/calendar/2026/09_all.md|/Users/datpro/Documents/gitdatpro/ff-transform-data/data/bronze/raw/calendar/2026/09_red.html|/Users/datpro/Documents/gitdatpro/ff-transform-data/data/bronze/raw/calendar/2026/09_orange.html|/Users/datpro/Documents/gitdatpro/ff-transform-data/data/bronze/raw/calendar/2026/09_yellow.html,2026-09-03T07:55:34Z
Sep 1,1:00pm,EUR,yellow,German Retail Sales m/m,-3.4%,0.4%,0.0%,/Users/datpro/Documents/gitdatpro/ff-transform-data/data/bronze/raw/calendar/2026/09_all.md|/Users/datpro/Documents/gitdatpro/ff-transform-data/data/bronze/raw/calendar/2026/09_red.html|/Users/datpro/Documents/gitdatpro/ff-transform-data/data/bronze/raw/calendar/2026/09_orange.html|/Users/datpro/Documents/gitdatpro/ff-transform-data/data/bronze/raw/calendar/2026/09_yellow.html,2026-09-03T07:55:34Z
Sep 1,1:00pm,GBP,yellow,Nationwide HPI m/m,0.2%,0.1%,-0.1%,/Users/datpro/Documents/gitdatpro/ff-transform-data/data/bronze/raw/calendar/2026/09_all.md|/Users/datpro/Documents/gitdatpro/ff-transform-data/data/bronze/raw/calendar/2026/09_red.html|/Users/datpro/Documents/gitdatpro/ff-transform-data/data/bronze/raw/calendar/2026/09_orange.html|/Users/datpro/Documents/gitdatpro/ff-transform-data/data/bronze/raw/calendar/2026/09_yellow.html,2026-09-03T07:55:34Z
Sep 1,1:30pm,AUD,yellow,Commodity Prices y/y,15.5%,N/A,17.2%,/Users/datpro/Documents/gitdatpro/ff-transform-data/data/bronze/raw/calendar/2026/09_all.md|/Users/datpro/Documents/gitdatpro/ff-transform-data/data/bronze/raw/calendar/2026/09_red.html|/Users/datpro/Documents/gitdatpro/ff-transform-data/data/bronze/raw/calendar/2026/09_orange.html|/Users/datpro/Documents/gitdatpro/ff-transform-data/data/bronze/raw/calendar/2026/09_yellow.html,2026-09-03T07:55:34Z
Sep 1,1:33pm,CHF,yellow,Retail Sales y/y,2.3%,1.6%,1.9%,/Users/datpro/Documents/gitdatpro/ff-transform-data/data/bronze/raw/calendar/2026/09_all.md|/Users/datpro/Documents/gitdatpro/ff-transform-data/data/bronze/raw/calendar/2026/09_red.html|/Users/datpro/Documents/gitdatpro/ff-transform-data/data/bronze/raw/calendar/2026/09_orange.html|/Users/datpro/Documents/gitdatpro/ff-transform-data/data/bronze/raw/calendar/2026/09_yellow.html,2026-09-03T07:55:34Z
Sep 1,2:15pm,EUR,yellow,Spanish Manufacturing PMI,49.5,50.3,50.2,/Users/datpro/Documents/gitdatpro/ff-transform-data/data/bronze/raw/calendar/2026/09_all.md|/Users/datpro/Documents/gitdatpro/ff-transform-data/data/bronze/raw/calendar/2026/09_red.html|/Users/datpro/Documents/gitdatpro/ff-transform-data/data/bronze/raw/calendar/2026/09_orange.html|/Users/datpro/Documents/gitdatpro/ff-transform-data/data/bronze/raw/calendar/2026/09_yellow.html,2026-09-03T07:55:34Z
Sep 1,2:30pm,CHF,yellow,Manufacturing PMI,57.1,54.1,53.2,/Users/datpro/Documents/gitdatpro/ff-transform-data/data/bronze/raw/calendar/2026/09_all.md|/Users/datpro/Documents/gitdatpro/ff-transform-data/data/bronze/raw/calendar/2026/09_red.html|/Users/datpro/Documents/gitdatpro/ff-transform-data/data/bronze/raw/calendar/2026/09_orange.html|/Users/datpro/Documents/gitdatpro/ff-transform-data/data/bronze/raw/calendar/2026/09_yellow.html,2026-09-03T07:55:34Z
Sep 1,2:45pm,EUR,yellow,Italian Manufacturing PMI,49.6,51.4,51.3,/Users/datpro/Documents/gitdatpro/ff-transform-data/data/bronze/raw/calendar/2026/09_all.md|/Users/datpro/Documents/gitdatpro/ff-transform-data/data/bronze/raw/calendar/2026/09_red.html|/Users/datpro/Documents/gitdatpro/ff-transform-data/data/bronze/raw/calendar/2026/09_orange.html|/Users/datpro/Documents/gitdatpro/ff-transform-data/data/bronze/raw/calendar/2026/09_yellow.html,2026-09-03T07:55:34Z
Sep 1,2:50pm,EUR,yellow,French Final Manufacturing PMI,51.1,51.5,51.5,/Users/datpro/Documents/gitdatpro/ff-transform-data/data/bronze/raw/calendar/2026/09_all.md|/Users/datpro/Documents/gitdatpro/ff-transform-data/data/bronze/raw/calendar/2026/09_red.html|/Users/datpro/Documents/gitdatpro/ff-transform-data/data/bronze/raw/calendar/2026/09_orange.html|/Users/datpro/Documents/gitdatpro/ff-transform-data/data/bronze/raw/calendar/2026/09_yellow.html,2026-09-03T07:55:34Z
Sep 1,2:55pm,EUR,yellow,German Final Manufacturing PMI,54.3,54.1,54.1,/Users/datpro/Documents/gitdatpro/ff-transform-data/data/bronze/raw/calendar/2026/09_all.md|/Users/datpro/Documents/gitdatpro/ff-transform-data/data/bronze/raw/calendar/2026/09_red.html|/Users/datpro/Documents/gitdatpro/ff-transform-data/data/bronze/raw/calendar/2026/09_orange.html|/Users/datpro/Documents/gitdatpro/ff-transform-data/data/bronze/raw/calendar/2026/09_yellow.html,2026-09-03T07:55:34Z
Sep 1,3:00pm,EUR,yellow,Final Manufacturing PMI,52.7,52.8,52.8,/Users/datpro/Documents/gitdatpro/ff-transform-data/data/bronze/raw/calendar/2026/09_all.md|/Users/datpro/Documents/gitdatpro/ff-transform-data/data/bronze/raw/calendar/2026/09_red.html|/Users/datpro/Documents/gitdatpro/ff-transform-data/data/bronze/raw/calendar/2026/09_orange.html|/Users/datpro/Documents/gitdatpro/ff-transform-data/data/bronze/raw/calendar/2026/09_yellow.html,2026-09-03T07:55:34Z
Sep 1,3:30pm,EUR,yellow,Italian Monthly Unemployment Rate,5.8%,5.6%,5.8%,/Users/datpro/Documents/gitdatpro/ff-transform-data/data/bronze/raw/calendar/2026/09_all.md|/Users/datpro/Documents/gitdatpro/ff-transform-data/data/bronze/raw/calendar/2026/09_red.html|/Users/datpro/Documents/gitdatpro/ff-transform-data/data/bronze/raw/calendar/2026/09_orange.html|/Users/datpro/Documents/gitdatpro/ff-transform-data/data/bronze/raw/calendar/2026/09_yellow.html,2026-09-03T07:55:34Z
Sep 1,3:30pm,GBP,yellow,Final Manufacturing PMI,51.7,51.5,51.5,/Users/datpro/Documents/gitdatpro/ff-transform-data/data/bronze/raw/calendar/2026/09_all.md|/Users/datpro/Documents/gitdatpro/ff-transform-data/data/bronze/raw/calendar/2026/09_red.html|/Users/datpro/Documents/gitdatpro/ff-transform-data/data/bronze/raw/calendar/2026/09_orange.html|/Users/datpro/Documents/gitdatpro/ff-transform-data/data/bronze/raw/calendar/2026/09_yellow.html,2026-09-03T07:55:34Z
Sep 1,3:30pm,GBP,yellow,M4 Money Supply m/m,-0.3%,0.9%,0.9%,/Users/datpro/Documents/gitdatpro/ff-transform-data/data/bronze/raw/calendar/2026/09_all.md|/Users/datpro/Documents/gitdatpro/ff-transform-data/data/bronze/raw/calendar/2026/09_red.html|/Users/datpro/Documents/gitdatpro/ff-transform-data/data/bronze/raw/calendar/2026/09_orange.html|/Users/datpro/Documents/gitdatpro/ff-transform-data/data/bronze/raw/calendar/2026/09_yellow.html,2026-09-03T07:55:34Z
Sep 1,3:30pm,GBP,yellow,Mortgage Approvals,56K,59K,58K,/Users/datpro/Documents/gitdatpro/ff-transform-data/data/bronze/raw/calendar/2026/09_all.md|/Users/datpro/Documents/gitdatpro/ff-transform-data/data/bronze/raw/calendar/2026/09_red.html|/Users/datpro/Documents/gitdatpro/ff-transform-data/data/bronze/raw/calendar/2026/09_orange.html|/Users/datpro/Documents/gitdatpro/ff-transform-data/data/bronze/raw/calendar/2026/09_yellow.html,2026-09-03T07:55:34Z
Sep 1,3:30pm,GBP,yellow,Net Lending to Individuals m/m,6.3B,7.2B,9.5B,/Users/datpro/Documents/gitdatpro/ff-transform-data/data/bronze/raw/calendar/2026/09_all.md|/Users/datpro/Documents/gitdatpro/ff-transform-data/data/bronze/raw/calendar/2026/09_red.html|/Users/datpro/Documents/gitdatpro/ff-transform-data/data/bronze/raw/calendar/2026/09_orange.html|/Users/datpro/Documents/gitdatpro/ff-transform-data/data/bronze/raw/calendar/2026/09_yellow.html,2026-09-03T07:55:34Z
Sep 1,4:00pm,EUR,yellow,Italian Prelim CPI m/m,0.5%,0.5%,0.3%,/Users/datpro/Documents/gitdatpro/ff-transform-data/data/bronze/raw/calendar/2026/09_all.md|/Users/datpro/Documents/gitdatpro/ff-transform-data/data/bronze/raw/calendar/2026/09_red.html|/Users/datpro/Documents/gitdatpro/ff-transform-data/data/bronze/raw/calendar/2026/09_orange.html|/Users/datpro/Documents/gitdatpro/ff-transform-data/data/bronze/raw/calendar/2026/09_yellow.html,2026-09-03T07:55:34Z
Sep 1,4:00pm,EUR,yellow,Unemployment Rate,6.4%,6.3%,6.4%,/Users/datpro/Documents/gitdatpro/ff-transform-data/data/bronze/raw/calendar/2026/09_all.md|/Users/datpro/Documents/gitdatpro/ff-transform-data/data/bronze/raw/calendar/2026/09_red.html|/Users/datpro/Documents/gitdatpro/ff-transform-data/data/bronze/raw/calendar/2026/09_orange.html|/Users/datpro/Documents/gitdatpro/ff-transform-data/data/bronze/raw/calendar/2026/09_yellow.html,2026-09-03T07:55:34Z
Sep 1,6:50am,JPY,yellow,Capital Spending q/y,1.6%,-0.2%,0.0%,/Users/datpro/Documents/gitdatpro/ff-transform-data/data/bronze/raw/calendar/2026/09_all.md|/Users/datpro/Documents/gitdatpro/ff-transform-data/data/bronze/raw/calendar/2026/09_red.html|/Users/datpro/Documents/gitdatpro/ff-transform-data/data/bronze/raw/calendar/2026/09_orange.html|/Users/datpro/Documents/gitdatpro/ff-transform-data/data/bronze/raw/calendar/2026/09_yellow.html,2026-09-03T07:55:34Z
Sep 1,7:30am,JPY,yellow,Final Manufacturing PMI,54.9,55.1,55.1,/Users/datpro/Documents/gitdatpro/ff-transform-data/data/bronze/raw/calendar/2026/09_all.md|/Users/datpro/Documents/gitdatpro/ff-transform-data/data/bronze/raw/calendar/2026/09_red.html|/Users/datpro/Documents/gitdatpro/ff-transform-data/data/bronze/raw/calendar/2026/09_orange.html|/Users/datpro/Documents/gitdatpro/ff-transform-data/data/bronze/raw/calendar/2026/09_yellow.html,2026-09-03T07:55:34Z
Sep 1,7:30pm,EUR,yellow,German Buba President Nagel Speaks,N/A,N/A,N/A,/Users/datpro/Documents/gitdatpro/ff-transform-data/data/bronze/raw/calendar/2026/09_all.md|/Users/datpro/Documents/gitdatpro/ff-transform-data/data/bronze/raw/calendar/2026/09_red.html|/Users/datpro/Documents/gitdatpro/ff-transform-data/data/bronze/raw/calendar/2026/09_orange.html|/Users/datpro/Documents/gitdatpro/ff-transform-data/data/bronze/raw/calendar/2026/09_yellow.html,2026-09-03T07:55:34Z
Sep 1,8:05pm,USD,yellow,FOMC Member Barr Speaks,N/A,N/A,N/A,/Users/datpro/Documents/gitdatpro/ff-transform-data/data/bronze/raw/calendar/2026/09_all.md|/Users/datpro/Documents/gitdatpro/ff-transform-data/data/bronze/raw/calendar/2026/09_red.html|/Users/datpro/Documents/gitdatpro/ff-transform-data/data/bronze/raw/calendar/2026/09_orange.html|/Users/datpro/Documents/gitdatpro/ff-transform-data/data/bronze/raw/calendar/2026/09_yellow.html,2026-09-03T07:55:34Z
Sep 1,8:30am,AUD,yellow,Building Approvals m/m,-3.6%,-4.7%,6.9%,/Users/datpro/Documents/gitdatpro/ff-transform-data/data/bronze/raw/calendar/2026/09_all.md|/Users/datpro/Documents/gitdatpro/ff-transform-data/data/bronze/raw/calendar/2026/09_red.html|/Users/datpro/Documents/gitdatpro/ff-transform-data/data/bronze/raw/calendar/2026/09_orange.html|/Users/datpro/Documents/gitdatpro/ff-transform-data/data/bronze/raw/calendar/2026/09_yellow.html,2026-09-03T07:55:34Z
Sep 1,8:30am,AUD,yellow,Current Account,-27.2B,-29.7B,-25.4B,/Users/datpro/Documents/gitdatpro/ff-transform-data/data/bronze/raw/calendar/2026/09_all.md|/Users/datpro/Documents/gitdatpro/ff-transform-data/data/bronze/raw/calendar/2026/09_red.html|/Users/datpro/Documents/gitdatpro/ff-transform-data/data/bronze/raw/calendar/2026/09_orange.html|/Users/datpro/Documents/gitdatpro/ff-transform-data/data/bronze/raw/calendar/2026/09_yellow.html,2026-09-03T07:55:34Z
Sep 1,8:30pm,CAD,yellow,Manufacturing PMI,53.0,N/A,53.5,/Users/datpro/Documents/gitdatpro/ff-transform-data/data/bronze/raw/calendar/2026/09_all.md|/Users/datpro/Documents/gitdatpro/ff-transform-data/data/bronze/raw/calendar/2026/09_red.html|/Users/datpro/Documents/gitdatpro/ff-transform-data/data/bronze/raw/calendar/2026/09_orange.html|/Users/datpro/Documents/gitdatpro/ff-transform-data/data/bronze/raw/calendar/2026/09_yellow.html,2026-09-03T07:55:34Z
Sep 1,8:45am,CNY,yellow,RatingDog Manufacturing PMI,51.5,51.0,50.9,/Users/datpro/Documents/gitdatpro/ff-transform-data/data/bronze/raw/calendar/2026/09_all.md|/Users/datpro/Documents/gitdatpro/ff-transform-data/data/bronze/raw/calendar/2026/09_red.html|/Users/datpro/Documents/gitdatpro/ff-transform-data/data/bronze/raw/calendar/2026/09_orange.html|/Users/datpro/Documents/gitdatpro/ff-transform-data/data/bronze/raw/calendar/2026/09_yellow.html,2026-09-03T07:55:34Z
Sep 1,8:45pm,USD,yellow,Final Manufacturing PMI,53.9,53.3,53.2,/Users/datpro/Documents/gitdatpro/ff-transform-data/data/bronze/raw/calendar/2026/09_all.md|/Users/datpro/Documents/gitdatpro/ff-transform-data/data/bronze/raw/calendar/2026/09_red.html|/Users/datpro/Documents/gitdatpro/ff-transform-data/data/bronze/raw/calendar/2026/09_orange.html|/Users/datpro/Documents/gitdatpro/ff-transform-data/data/bronze/raw/calendar/2026/09_yellow.html,2026-09-03T07:55:34Z
Sep 1,9:00pm,USD,yellow,Construction Spending m/m,-0.5%,0.0%,0.0%,/Users/datpro/Documents/gitdatpro/ff-transform-data/data/bronze/raw/calendar/2026/09_all.md|/Users/datpro/Documents/gitdatpro/ff-transform-data/data/bronze/raw/calendar/2026/09_red.html|/Users/datpro/Documents/gitdatpro/ff-transform-data/data/bronze/raw/calendar/2026/09_orange.html|/Users/datpro/Documents/gitdatpro/ff-transform-data/data/bronze/raw/calendar/2026/09_yellow.html,2026-09-03T07:55:34Z
Sep 1,9:00pm,USD,orange,ISM Manufacturing Prices,71.1,70.5,71.1,/Users/datpro/Documents/gitdatpro/ff-transform-data/data/bronze/raw/calendar/2026/09_all.md|/Users/datpro/Documents/gitdatpro/ff-transform-data/data/bronze/raw/calendar/2026/09_red.html|/Users/datpro/Documents/gitdatpro/ff-transform-data/data/bronze/raw/calendar/2026/09_orange.html|/Users/datpro/Documents/gitdatpro/ff-transform-data/data/bronze/raw/calendar/2026/09_yellow.html,2026-09-03T07:55:34Z
Sep 1,9:00pm,USD,orange,JOLTS Job Openings,7.27M,7.33M,7.18M,/Users/datpro/Documents/gitdatpro/ff-transform-data/data/bronze/raw/calendar/2026/09_all.md|/Users/datpro/Documents/gitdatpro/ff-transform-data/data/bronze/raw/calendar/2026/09_red.html|/Users/datpro/Documents/gitdatpro/ff-transform-data/data/bronze/raw/calendar/2026/09_orange.html|/Users/datpro/Documents/gitdatpro/ff-transform-data/data/bronze/raw/calendar/2026/09_yellow.html,2026-09-03T07:55:34Z
Sep 1,9:04pm,USD,yellow,RCM/TIPP Economic Optimism,45.6,46.2,45.1,/Users/datpro/Documents/gitdatpro/ff-transform-data/data/bronze/raw/calendar/2026/09_all.md|/Users/datpro/Documents/gitdatpro/ff-transform-data/data/bronze/raw/calendar/2026/09_red.html|/Users/datpro/Documents/gitdatpro/ff-transform-data/data/bronze/raw/calendar/2026/09_orange.html|/Users/datpro/Documents/gitdatpro/ff-transform-data/data/bronze/raw/calendar/2026/09_yellow.html,2026-09-03T07:55:34Z
Sep 1,All Day,USD,yellow,Omdia Total Vehicle Sales,16.8M,16.3M,16.3M,/Users/datpro/Documents/gitdatpro/ff-transform-data/data/bronze/raw/calendar/2026/09_all.md|/Users/datpro/Documents/gitdatpro/ff-transform-data/data/bronze/raw/calendar/2026/09_red.html|/Users/datpro/Documents/gitdatpro/ff-transform-data/data/bronze/raw/calendar/2026/09_orange.html|/Users/datpro/Documents/gitdatpro/ff-transform-data/data/bronze/raw/calendar/2026/09_yellow.html,2026-09-03T07:55:34Z
Sep 1,N/A,EUR,orange,CPI Flash Estimate y/y,3.3%,3.3%,2.9%,/Users/datpro/Documents/gitdatpro/ff-transform-data/data/bronze/raw/calendar/2026/09_all.md|/Users/datpro/Documents/gitdatpro/ff-transform-data/data/bronze/raw/calendar/2026/09_red.html|/Users/datpro/Documents/gitdatpro/ff-transform-data/data/bronze/raw/calendar/2026/09_orange.html|/Users/datpro/Documents/gitdatpro/ff-transform-data/data/bronze/raw/calendar/2026/09_yellow.html,2026-09-03T07:55:34Z
Sep 10,11:00pm,USD,yellow,Crude Oil Inventories,N/A,N/A,N/A,/Users/datpro/Documents/gitdatpro/ff-transform-data/data/bronze/raw/calendar/2026/09_all.md|/Users/datpro/Documents/gitdatpro/ff-transform-data/data/bronze/raw/calendar/2026/09_red.html|/Users/datpro/Documents/gitdatpro/ff-transform-data/data/bronze/raw/calendar/2026/09_orange.html|/Users/datpro/Documents/gitdatpro/ff-transform-data/data/bronze/raw/calendar/2026/09_yellow.html,2026-09-03T07:55:34Z
Sep 10,1:00pm,EUR,yellow,German Final CPI m/m,N/A,N/A,N/A,/Users/datpro/Documents/gitdatpro/ff-transform-data/data/bronze/raw/calendar/2026/09_all.md|/Users/datpro/Documents/gitdatpro/ff-transform-data/data/bronze/raw/calendar/2026/09_red.html|/Users/datpro/Documents/gitdatpro/ff-transform-data/data/bronze/raw/calendar/2026/09_orange.html|/Users/datpro/Documents/gitdatpro/ff-transform-data/data/bronze/raw/calendar/2026/09_yellow.html,2026-09-03T07:55:34Z
Sep 10,3:00pm,EUR,yellow,Italian Industrial Production m/m,N/A,N/A,-1.0%,/Users/datpro/Documents/gitdatpro/ff-transform-data/data/bronze/raw/calendar/2026/09_all.md|/Users/datpro/Documents/gitdatpro/ff-transform-data/data/bronze/raw/calendar/2026/09_red.html|/Users/datpro/Documents/gitdatpro/ff-transform-data/data/bronze/raw/calendar/2026/09_orange.html|/Users/datpro/Documents/gitdatpro/ff-transform-data/data/bronze/raw/calendar/2026/09_yellow.html,2026-09-03T07:55:34Z
Sep 10,3:30am,USD,yellow,API Weekly Statistical Bulletin,N/A,N/A,N/A,/Users/datpro/Documents/gitdatpro/ff-transform-data/data/bronze/raw/calendar/2026/09_all.md|/Users/datpro/Documents/gitdatpro/ff-transform-data/data/bronze/raw/calendar/2026/09_red.html|/Users/datpro/Documents/gitdatpro/ff-transform-data/data/bronze/raw/calendar/2026/09_orange.html|/Users/datpro/Documents/gitdatpro/ff-transform-data/data/bronze/raw/calendar/2026/09_yellow.html,2026-09-03T07:55:34Z
Sep 10,6:01am,GBP,yellow,RICS House Price Balance,N/A,N/A,-30%,/Users/datpro/Documents/gitdatpro/ff-transform-data/data/bronze/raw/calendar/2026/09_all.md|/Users/datpro/Documents/gitdatpro/ff-transform-data/data/bronze/raw/calendar/2026/09_red.html|/Users/datpro/Documents/gitdatpro/ff-transform-data/data/bronze/raw/calendar/2026/09_orange.html|/Users/datpro/Documents/gitdatpro/ff-transform-data/data/bronze/raw/calendar/2026/09_yellow.html,2026-09-03T07:55:34Z
Sep 10,7:30pm,EUR,red,Monetary Policy Statement,N/A,N/A,N/A,/Users/datpro/Documents/gitdatpro/ff-transform-data/data/bronze/raw/calendar/2026/09_all.md|/Users/datpro/Documents/gitdatpro/ff-transform-data/data/bronze/raw/calendar/2026/09_red.html|/Users/datpro/Documents/gitdatpro/ff-transform-data/data/bronze/raw/calendar/2026/09_orange.html|/Users/datpro/Documents/gitdatpro/ff-transform-data/data/bronze/raw/calendar/2026/09_yellow.html,2026-09-03T07:55:34Z
Sep 10,7:30pm,USD,red,Core PPI m/m,N/A,N/A,0.2%,/Users/datpro/Documents/gitdatpro/ff-transform-data/data/bronze/raw/calendar/2026/09_all.md|/Users/datpro/Documents/gitdatpro/ff-transform-data/data/bronze/raw/calendar/2026/09_red.html|/Users/datpro/Documents/gitdatpro/ff-transform-data/data/bronze/raw/calendar/2026/09_orange.html|/Users/datpro/Documents/gitdatpro/ff-transform-data/data/bronze/raw/calendar/2026/09_yellow.html,2026-09-03T07:55:34Z
Sep 10,7:30pm,USD,red,PPI m/m,N/A,N/A,0.0%,/Users/datpro/Documents/gitdatpro/ff-transform-data/data/bronze/raw/calendar/2026/09_all.md|/Users/datpro/Documents/gitdatpro/ff-transform-data/data/bronze/raw/calendar/2026/09_red.html|/Users/datpro/Documents/gitdatpro/ff-transform-data/data/bronze/raw/calendar/2026/09_orange.html|/Users/datpro/Documents/gitdatpro/ff-transform-data/data/bronze/raw/calendar/2026/09_yellow.html,2026-09-03T07:55:34Z
Sep 10,7:45pm,EUR,red,ECB Press Conference,N/A,N/A,N/A,/Users/datpro/Documents/gitdatpro/ff-transform-data/data/bronze/raw/calendar/2026/09_all.md|/Users/datpro/Documents/gitdatpro/ff-transform-data/data/bronze/raw/calendar/2026/09_red.html|/Users/datpro/Documents/gitdatpro/ff-transform-data/data/bronze/raw/calendar/2026/09_orange.html|/Users/datpro/Documents/gitdatpro/ff-transform-data/data/bronze/raw/calendar/2026/09_yellow.html,2026-09-03T07:55:34Z
Sep 10,8:00am,AUD,yellow,MI Inflation Expectations,N/A,N/A,4.9%,/Users/datpro/Documents/gitdatpro/ff-transform-data/data/bronze/raw/calendar/2026/09_all.md|/Users/datpro/Documents/gitdatpro/ff-transform-data/data/bronze/raw/calendar/2026/09_red.html|/Users/datpro/Documents/gitdatpro/ff-transform-data/data/bronze/raw/calendar/2026/09_orange.html|/Users/datpro/Documents/gitdatpro/ff-transform-data/data/bronze/raw/calendar/2026/09_yellow.html,2026-09-03T07:55:34Z
Sep 10,9:00pm,USD,yellow,Existing Home Sales,N/A,N/A,4.06M,/Users/datpro/Documents/gitdatpro/ff-transform-data/data/bronze/raw/calendar/2026/09_all.md|/Users/datpro/Documents/gitdatpro/ff-transform-data/data/bronze/raw/calendar/2026/09_red.html|/Users/datpro/Documents/gitdatpro/ff-transform-data/data/bronze/raw/calendar/2026/09_orange.html|/Users/datpro/Documents/gitdatpro/ff-transform-data/data/bronze/raw/calendar/2026/09_yellow.html,2026-09-03T07:55:34Z
Sep 10,9:00pm,USD,yellow,Final Wholesale Inventories m/m,N/A,N/A,1.3%,/Users/datpro/Documents/gitdatpro/ff-transform-data/data/bronze/raw/calendar/2026/09_all.md|/Users/datpro/Documents/gitdatpro/ff-transform-data/data/bronze/raw/calendar/2026/09_red.html|/Users/datpro/Documents/gitdatpro/ff-transform-data/data/bronze/raw/calendar/2026/09_orange.html|/Users/datpro/Documents/gitdatpro/ff-transform-data/data/bronze/raw/calendar/2026/09_yellow.html,2026-09-03T07:55:34Z
Sep 10,9:30pm,USD,yellow,Natural Gas Storage,N/A,N/A,N/A,/Users/datpro/Documents/gitdatpro/ff-transform-data/data/bronze/raw/calendar/2026/09_all.md|/Users/datpro/Documents/gitdatpro/ff-transform-data/data/bronze/raw/calendar/2026/09_red.html|/Users/datpro/Documents/gitdatpro/ff-transform-data/data/bronze/raw/calendar/2026/09_orange.html|/Users/datpro/Documents/gitdatpro/ff-transform-data/data/bronze/raw/calendar/2026/09_yellow.html,2026-09-03T07:55:34Z
Sep 10,Tentative,EUR,yellow,German 30-y Bond Auction,N/A,N/A,N/A,/Users/datpro/Documents/gitdatpro/ff-transform-data/data/bronze/raw/calendar/2026/09_all.md|/Users/datpro/Documents/gitdatpro/ff-transform-data/data/bronze/raw/calendar/2026/09_red.html|/Users/datpro/Documents/gitdatpro/ff-transform-data/data/bronze/raw/calendar/2026/09_orange.html|/Users/datpro/Documents/gitdatpro/ff-transform-data/data/bronze/raw/calendar/2026/09_yellow.html,2026-09-03T07:55:34Z
Sep 10,Tentative,GBP,yellow,30-y Bond Auction,N/A,N/A,N/A,/Users/datpro/Documents/gitdatpro/ff-transform-data/data/bronze/raw/calendar/2026/09_all.md|/Users/datpro/Documents/gitdatpro/ff-transform-data/data/bronze/raw/calendar/2026/09_red.html|/Users/datpro/Documents/gitdatpro/ff-transform-data/data/bronze/raw/calendar/2026/09_orange.html|/Users/datpro/Documents/gitdatpro/ff-transform-data/data/bronze/raw/calendar/2026/09_yellow.html,2026-09-03T07:55:34Z
Sep 11,1:00pm,GBP,yellow,Construction Output m/m,N/A,N/A,-0.1%,/Users/datpro/Documents/gitdatpro/ff-transform-data/data/bronze/raw/calendar/2026/09_all.md|/Users/datpro/Documents/gitdatpro/ff-transform-data/data/bronze/raw/calendar/2026/09_red.html|/Users/datpro/Documents/gitdatpro/ff-transform-data/data/bronze/raw/calendar/2026/09_orange.html|/Users/datpro/Documents/gitdatpro/ff-transform-data/data/bronze/raw/calendar/2026/09_yellow.html,2026-09-03T07:55:34Z
Sep 11,1:00pm,GBP,yellow,Goods Trade Balance,N/A,N/A,-23.0B,/Users/datpro/Documents/gitdatpro/ff-transform-data/data/bronze/raw/calendar/2026/09_all.md|/Users/datpro/Documents/gitdatpro/ff-transform-data/data/bronze/raw/calendar/2026/09_red.html|/Users/datpro/Documents/gitdatpro/ff-transform-data/data/bronze/raw/calendar/2026/09_orange.html|/Users/datpro/Documents/gitdatpro/ff-transform-data/data/bronze/raw/calendar/2026/09_yellow.html,2026-09-03T07:55:34Z
Sep 11,1:00pm,GBP,yellow,Index of Services 3m/3m,N/A,N/A,0.5%,/Users/datpro/Documents/gitdatpro/ff-transform-data/data/bronze/raw/calendar/2026/09_all.md|/Users/datpro/Documents/gitdatpro/ff-transform-data/data/bronze/raw/calendar/2026/09_red.html|/Users/datpro/Documents/gitdatpro/ff-transform-data/data/bronze/raw/calendar/2026/09_orange.html|/Users/datpro/Documents/gitdatpro/ff-transform-data/data/bronze/raw/calendar/2026/09_yellow.html,2026-09-03T07:55:34Z
Sep 11,1:00pm,GBP,yellow,Industrial Production m/m,N/A,N/A,-0.2%,/Users/datpro/Documents/gitdatpro/ff-transform-data/data/bronze/raw/calendar/2026/09_all.md|/Users/datpro/Documents/gitdatpro/ff-transform-data/data/bronze/raw/calendar/2026/09_red.html|/Users/datpro/Documents/gitdatpro/ff-transform-data/data/bronze/raw/calendar/2026/09_orange.html|/Users/datpro/Documents/gitdatpro/ff-transform-data/data/bronze/raw/calendar/2026/09_yellow.html,2026-09-03T07:55:34Z
Sep 11,1:00pm,GBP,yellow,Manufacturing Production m/m,N/A,N/A,-0.5%,/Users/datpro/Documents/gitdatpro/ff-transform-data/data/bronze/raw/calendar/2026/09_all.md|/Users/datpro/Documents/gitdatpro/ff-transform-data/data/bronze/raw/calendar/2026/09_red.html|/Users/datpro/Documents/gitdatpro/ff-transform-data/data/bronze/raw/calendar/2026/09_orange.html|/Users/datpro/Documents/gitdatpro/ff-transform-data/data/bronze/raw/calendar/2026/09_yellow.html,2026-09-03T07:55:34Z
Sep 11,2:00pm,CHF,yellow,SECO Consumer Climate,N/A,N/A,-35,/Users/datpro/Documents/gitdatpro/ff-transform-data/data/bronze/raw/calendar/2026/09_all.md|/Users/datpro/Documents/gitdatpro/ff-transform-data/data/bronze/raw/calendar/2026/09_red.html|/Users/datpro/Documents/gitdatpro/ff-transform-data/data/bronze/raw/calendar/2026/09_orange.html|/Users/datpro/Documents/gitdatpro/ff-transform-data/data/bronze/raw/calendar/2026/09_yellow.html,2026-09-03T07:55:34Z
Sep 11,3:00pm,EUR,yellow,Italian Quarterly Unemployment Rate,N/A,N/A,5.3%,/Users/datpro/Documents/gitdatpro/ff-transform-data/data/bronze/raw/calendar/2026/09_all.md|/Users/datpro/Documents/gitdatpro/ff-transform-data/data/bronze/raw/calendar/2026/09_red.html|/Users/datpro/Documents/gitdatpro/ff-transform-data/data/bronze/raw/calendar/2026/09_orange.html|/Users/datpro/Documents/gitdatpro/ff-transform-data/data/bronze/raw/calendar/2026/09_yellow.html,2026-09-03T07:55:34Z
Sep 11,3:30pm,GBP,yellow,Consumer Inflation Expectations,N/A,N/A,N/A,/Users/datpro/Documents/gitdatpro/ff-transform-data/data/bronze/raw/calendar/2026/09_all.md|/Users/datpro/Documents/gitdatpro/ff-transform-data/data/bronze/raw/calendar/2026/09_red.html|/Users/datpro/Documents/gitdatpro/ff-transform-data/data/bronze/raw/calendar/2026/09_orange.html|/Users/datpro/Documents/gitdatpro/ff-transform-data/data/bronze/raw/calendar/2026/09_yellow.html,2026-09-03T07:55:34Z
Sep 11,5:30am,NZD,yellow,BusinessNZ Manufacturing Index,N/A,N/A,54.3,/Users/datpro/Documents/gitdatpro/ff-transform-data/data/bronze/raw/calendar/2026/09_all.md|/Users/datpro/Documents/gitdatpro/ff-transform-data/data/bronze/raw/calendar/2026/09_red.html|/Users/datpro/Documents/gitdatpro/ff-transform-data/data/bronze/raw/calendar/2026/09_orange.html|/Users/datpro/Documents/gitdatpro/ff-transform-data/data/bronze/raw/calendar/2026/09_yellow.html,2026-09-03T07:55:34Z
Sep 11,6:50am,JPY,yellow,BSI Manufacturing Index,N/A,N/A,-1.8,/Users/datpro/Documents/gitdatpro/ff-transform-data/data/bronze/raw/calendar/2026/09_all.md|/Users/datpro/Documents/gitdatpro/ff-transform-data/data/bronze/raw/calendar/2026/09_red.html|/Users/datpro/Documents/gitdatpro/ff-transform-data/data/bronze/raw/calendar/2026/09_orange.html|/Users/datpro/Documents/gitdatpro/ff-transform-data/data/bronze/raw/calendar/2026/09_yellow.html,2026-09-03T07:55:34Z
Sep 11,6:50am,JPY,yellow,PPI y/y,N/A,N/A,7.2%,/Users/datpro/Documents/gitdatpro/ff-transform-data/data/bronze/raw/calendar/2026/09_all.md|/Users/datpro/Documents/gitdatpro/ff-transform-data/data/bronze/raw/calendar/2026/09_red.html|/Users/datpro/Documents/gitdatpro/ff-transform-data/data/bronze/raw/calendar/2026/09_orange.html|/Users/datpro/Documents/gitdatpro/ff-transform-data/data/bronze/raw/calendar/2026/09_yellow.html,2026-09-03T07:55:34Z
Sep 11,7:30pm,USD,red,CPI m/m,N/A,N/A,0.1%,/Users/datpro/Documents/gitdatpro/ff-transform-data/data/bronze/raw/calendar/2026/09_all.md|/Users/datpro/Documents/gitdatpro/ff-transform-data/data/bronze/raw/calendar/2026/09_red.html|/Users/datpro/Documents/gitdatpro/ff-transform-data/data/bronze/raw/calendar/2026/09_orange.html|/Users/datpro/Documents/gitdatpro/ff-transform-data/data/bronze/raw/calendar/2026/09_yellow.html,2026-09-03T07:55:34Z
Sep 11,7:30pm,USD,red,CPI y/y,N/A,N/A,3.4%,/Users/datpro/Documents/gitdatpro/ff-transform-data/data/bronze/raw/calendar/2026/09_all.md|/Users/datpro/Documents/gitdatpro/ff-transform-data/data/bronze/raw/calendar/2026/09_red.html|/Users/datpro/Documents/gitdatpro/ff-transform-data/data/bronze/raw/calendar/2026/09_orange.html|/Users/datpro/Documents/gitdatpro/ff-transform-data/data/bronze/raw/calendar/2026/09_yellow.html,2026-09-03T07:55:34Z
Sep 11,7:30pm,USD,red,Core CPI m/m,N/A,N/A,0.2%,/Users/datpro/Documents/gitdatpro/ff-transform-data/data/bronze/raw/calendar/2026/09_all.md|/Users/datpro/Documents/gitdatpro/ff-transform-data/data/bronze/raw/calendar/2026/09_red.html|/Users/datpro/Documents/gitdatpro/ff-transform-data/data/bronze/raw/calendar/2026/09_orange.html|/Users/datpro/Documents/gitdatpro/ff-transform-data/data/bronze/raw/calendar/2026/09_yellow.html,2026-09-03T07:55:34Z
Sep 11,7:30pm,USD,red,Core CPI y/y,N/A,N/A,2.5%,/Users/datpro/Documents/gitdatpro/ff-transform-data/data/bronze/raw/calendar/2026/09_all.md|/Users/datpro/Documents/gitdatpro/ff-transform-data/data/bronze/raw/calendar/2026/09_red.html|/Users/datpro/Documents/gitdatpro/ff-transform-data/data/bronze/raw/calendar/2026/09_orange.html|/Users/datpro/Documents/gitdatpro/ff-transform-data/data/bronze/raw/calendar/2026/09_yellow.html,2026-09-03T07:55:34Z
Sep 11,9:00pm,USD,orange,Prelim UoM Inflation Expectations,N/A,N/A,4.0%,/Users/datpro/Documents/gitdatpro/ff-transform-data/data/bronze/raw/calendar/2026/09_all.md|/Users/datpro/Documents/gitdatpro/ff-transform-data/data/bronze/raw/calendar/2026/09_red.html|/Users/datpro/Documents/gitdatpro/ff-transform-data/data/bronze/raw/calendar/2026/09_orange.html|/Users/datpro/Documents/gitdatpro/ff-transform-data/data/bronze/raw/calendar/2026/09_yellow.html,2026-09-03T07:55:34Z
Sep 11,Tentative,USD,yellow,Fed Monetary Policy Report,N/A,N/A,N/A,/Users/datpro/Documents/gitdatpro/ff-transform-data/data/bronze/raw/calendar/2026/09_all.md|/Users/datpro/Documents/gitdatpro/ff-transform-data/data/bronze/raw/calendar/2026/09_red.html|/Users/datpro/Documents/gitdatpro/ff-transform-data/data/bronze/raw/calendar/2026/09_orange.html|/Users/datpro/Documents/gitdatpro/ff-transform-data/data/bronze/raw/calendar/2026/09_yellow.html,2026-09-03T07:55:34Z
Sep 13,Tentative,CNY,yellow,New Loans,N/A,N/A,N/A,/Users/datpro/Documents/gitdatpro/ff-transform-data/data/bronze/raw/calendar/2026/09_all.md|/Users/datpro/Documents/gitdatpro/ff-transform-data/data/bronze/raw/calendar/2026/09_red.html|/Users/datpro/Documents/gitdatpro/ff-transform-data/data/bronze/raw/calendar/2026/09_orange.html|/Users/datpro/Documents/gitdatpro/ff-transform-data/data/bronze/raw/calendar/2026/09_yellow.html,2026-09-03T07:55:34Z
Sep 14,11:30am,JPY,yellow,Revised Industrial Production m/m,N/A,N/A,N/A,/Users/datpro/Documents/gitdatpro/ff-transform-data/data/bronze/raw/calendar/2026/09_all.md|/Users/datpro/Documents/gitdatpro/ff-transform-data/data/bronze/raw/calendar/2026/09_red.html|/Users/datpro/Documents/gitdatpro/ff-transform-data/data/bronze/raw/calendar/2026/09_orange.html|/Users/datpro/Documents/gitdatpro/ff-transform-data/data/bronze/raw/calendar/2026/09_yellow.html,2026-09-03T07:55:34Z
Sep 14,1:30pm,CHF,yellow,PPI m/m,N/A,N/A,N/A,/Users/datpro/Documents/gitdatpro/ff-transform-data/data/bronze/raw/calendar/2026/09_all.md|/Users/datpro/Documents/gitdatpro/ff-transform-data/data/bronze/raw/calendar/2026/09_red.html|/Users/datpro/Documents/gitdatpro/ff-transform-data/data/bronze/raw/calendar/2026/09_orange.html|/Users/datpro/Documents/gitdatpro/ff-transform-data/data/bronze/raw/calendar/2026/09_yellow.html,2026-09-03T07:55:34Z
Sep 14,1:45pm,EUR,yellow,French Final CPI m/m,N/A,N/A,N/A,/Users/datpro/Documents/gitdatpro/ff-transform-data/data/bronze/raw/calendar/2026/09_all.md|/Users/datpro/Documents/gitdatpro/ff-transform-data/data/bronze/raw/calendar/2026/09_red.html|/Users/datpro/Documents/gitdatpro/ff-transform-data/data/bronze/raw/calendar/2026/09_orange.html|/Users/datpro/Documents/gitdatpro/ff-transform-data/data/bronze/raw/calendar/2026/09_yellow.html,2026-09-03T07:55:34Z
Sep 14,5:30am,NZD,yellow,BusinessNZ Services Index,N/A,N/A,N/A,/Users/datpro/Documents/gitdatpro/ff-transform-data/data/bronze/raw/calendar/2026/09_all.md|/Users/datpro/Documents/gitdatpro/ff-transform-data/data/bronze/raw/calendar/2026/09_red.html|/Users/datpro/Documents/gitdatpro/ff-transform-data/data/bronze/raw/calendar/2026/09_orange.html|/Users/datpro/Documents/gitdatpro/ff-transform-data/data/bronze/raw/calendar/2026/09_yellow.html,2026-09-03T07:55:34Z
Sep 14,5:45am,NZD,yellow,Visitor Arrivals m/m,N/A,N/A,N/A,/Users/datpro/Documents/gitdatpro/ff-transform-data/data/bronze/raw/calendar/2026/09_all.md|/Users/datpro/Documents/gitdatpro/ff-transform-data/data/bronze/raw/calendar/2026/09_red.html|/Users/datpro/Documents/gitdatpro/ff-transform-data/data/bronze/raw/calendar/2026/09_orange.html|/Users/datpro/Documents/gitdatpro/ff-transform-data/data/bronze/raw/calendar/2026/09_yellow.html,2026-09-03T07:55:34Z
Sep 14,7:30pm,CAD,yellow,Core CPI m/m,N/A,N/A,N/A,/Users/datpro/Documents/gitdatpro/ff-transform-data/data/bronze/raw/calendar/2026/09_all.md|/Users/datpro/Documents/gitdatpro/ff-transform-data/data/bronze/raw/calendar/2026/09_red.html|/Users/datpro/Documents/gitdatpro/ff-transform-data/data/bronze/raw/calendar/2026/09_orange.html|/Users/datpro/Documents/gitdatpro/ff-transform-data/data/bronze/raw/calendar/2026/09_yellow.html,2026-09-03T07:55:34Z
Sep 14,7:30pm,CAD,yellow,Manufacturing Sales m/m,N/A,N/A,N/A,/Users/datpro/Documents/gitdatpro/ff-transform-data/data/bronze/raw/calendar/2026/09_all.md|/Users/datpro/Documents/gitdatpro/ff-transform-data/data/bronze/raw/calendar/2026/09_red.html|/Users/datpro/Documents/gitdatpro/ff-transform-data/data/bronze/raw/calendar/2026/09_orange.html|/Users/datpro/Documents/gitdatpro/ff-transform-data/data/bronze/raw/calendar/2026/09_yellow.html,2026-09-03T07:55:34Z
Sep 14,7:30pm,CAD,red,Median CPI y/y,N/A,N/A,N/A,/Users/datpro/Documents/gitdatpro/ff-transform-data/data/bronze/raw/calendar/2026/09_all.md|/Users/datpro/Documents/gitdatpro/ff-transform-data/data/bronze/raw/calendar/2026/09_red.html|/Users/datpro/Documents/gitdatpro/ff-transform-data/data/bronze/raw/calendar/2026/09_orange.html|/Users/datpro/Documents/gitdatpro/ff-transform-data/data/bronze/raw/calendar/2026/09_yellow.html,2026-09-03T07:55:34Z
Sep 14,7:30pm,CAD,red,Trimmed CPI y/y,N/A,N/A,N/A,/Users/datpro/Documents/gitdatpro/ff-transform-data/data/bronze/raw/calendar/2026/09_all.md|/Users/datpro/Documents/gitdatpro/ff-transform-data/data/bronze/raw/calendar/2026/09_red.html|/Users/datpro/Documents/gitdatpro/ff-transform-data/data/bronze/raw/calendar/2026/09_orange.html|/Users/datpro/Documents/gitdatpro/ff-transform-data/data/bronze/raw/calendar/2026/09_yellow.html,2026-09-03T07:55:34Z
Sep 14,8:30pm,GBP,yellow,CB Leading Index m/m,N/A,N/A,N/A,/Users/datpro/Documents/gitdatpro/ff-transform-data/data/bronze/raw/calendar/2026/09_all.md|/Users/datpro/Documents/gitdatpro/ff-transform-data/data/bronze/raw/calendar/2026/09_red.html|/Users/datpro/Documents/gitdatpro/ff-transform-data/data/bronze/raw/calendar/2026/09_orange.html|/Users/datpro/Documents/gitdatpro/ff-transform-data/data/bronze/raw/calendar/2026/09_yellow.html,2026-09-03T07:55:34Z
Sep 14,Tentative,CNY,yellow,Foreign Direct Investment ytd/y,N/A,N/A,N/A,/Users/datpro/Documents/gitdatpro/ff-transform-data/data/bronze/raw/calendar/2026/09_all.md|/Users/datpro/Documents/gitdatpro/ff-transform-data/data/bronze/raw/calendar/2026/09_red.html|/Users/datpro/Documents/gitdatpro/ff-transform-data/data/bronze/raw/calendar/2026/09_orange.html|/Users/datpro/Documents/gitdatpro/ff-transform-data/data/bronze/raw/calendar/2026/09_yellow.html,2026-09-03T07:55:34Z
Sep 14,Tentative,EUR,yellow,German Buba Monthly Report,N/A,N/A,N/A,/Users/datpro/Documents/gitdatpro/ff-transform-data/data/bronze/raw/calendar/2026/09_all.md|/Users/datpro/Documents/gitdatpro/ff-transform-data/data/bronze/raw/calendar/2026/09_red.html|/Users/datpro/Documents/gitdatpro/ff-transform-data/data/bronze/raw/calendar/2026/09_orange.html|/Users/datpro/Documents/gitdatpro/ff-transform-data/data/bronze/raw/calendar/2026/09_yellow.html,2026-09-03T07:55:34Z
Sep 15,11:30am,JPY,yellow,Tertiary Industry Activity m/m,N/A,N/A,N/A,/Users/datpro/Documents/gitdatpro/ff-transform-data/data/bronze/raw/calendar/2026/09_all.md|/Users/datpro/Documents/gitdatpro/ff-transform-data/data/bronze/raw/calendar/2026/09_red.html|/Users/datpro/Documents/gitdatpro/ff-transform-data/data/bronze/raw/calendar/2026/09_orange.html|/Users/datpro/Documents/gitdatpro/ff-transform-data/data/bronze/raw/calendar/2026/09_yellow.html,2026-09-03T07:55:34Z
Sep 15,15th-24th,GBP,yellow,CBI Industrial Order Expectations,N/A,N/A,N/A,/Users/datpro/Documents/gitdatpro/ff-transform-data/data/bronze/raw/calendar/2026/09_all.md|/Users/datpro/Documents/gitdatpro/ff-transform-data/data/bronze/raw/calendar/2026/09_red.html|/Users/datpro/Documents/gitdatpro/ff-transform-data/data/bronze/raw/calendar/2026/09_orange.html|/Users/datpro/Documents/gitdatpro/ff-transform-data/data/bronze/raw/calendar/2026/09_yellow.html,2026-09-03T07:55:34Z
Sep 15,1:00pm,GBP,yellow,Unemployment Rate,N/A,N/A,N/A,/Users/datpro/Documents/gitdatpro/ff-transform-data/data/bronze/raw/calendar/2026/09_all.md|/Users/datpro/Documents/gitdatpro/ff-transform-data/data/bronze/raw/calendar/2026/09_red.html|/Users/datpro/Documents/gitdatpro/ff-transform-data/data/bronze/raw/calendar/2026/09_orange.html|/Users/datpro/Documents/gitdatpro/ff-transform-data/data/bronze/raw/calendar/2026/09_yellow.html,2026-09-03T07:55:34Z
Sep 15,3:00pm,EUR,yellow,Italian Trade Balance,N/A,N/A,N/A,/Users/datpro/Documents/gitdatpro/ff-transform-data/data/bronze/raw/calendar/2026/09_all.md|/Users/datpro/Documents/gitdatpro/ff-transform-data/data/bronze/raw/calendar/2026/09_red.html|/Users/datpro/Documents/gitdatpro/ff-transform-data/data/bronze/raw/calendar/2026/09_orange.html|/Users/datpro/Documents/gitdatpro/ff-transform-data/data/bronze/raw/calendar/2026/09_yellow.html,2026-09-03T07:55:34Z
Sep 15,4:00pm,EUR,yellow,German ZEW Economic Sentiment,N/A,N/A,N/A,/Users/datpro/Documents/gitdatpro/ff-transform-data/data/bronze/raw/calendar/2026/09_all.md|/Users/datpro/Documents/gitdatpro/ff-transform-data/data/bronze/raw/calendar/2026/09_red.html|/Users/datpro/Documents/gitdatpro/ff-transform-data/data/bronze/raw/calendar/2026/09_orange.html|/Users/datpro/Documents/gitdatpro/ff-transform-data/data/bronze/raw/calendar/2026/09_yellow.html,2026-09-03T07:55:34Z
Sep 15,4:00pm,EUR,yellow,Trade Balance,N/A,N/A,N/A,/Users/datpro/Documents/gitdatpro/ff-transform-data/data/bronze/raw/calendar/2026/09_all.md|/Users/datpro/Documents/gitdatpro/ff-transform-data/data/bronze/raw/calendar/2026/09_red.html|/Users/datpro/Documents/gitdatpro/ff-transform-data/data/bronze/raw/calendar/2026/09_orange.html|/Users/datpro/Documents/gitdatpro/ff-transform-data/data/bronze/raw/calendar/2026/09_yellow.html,2026-09-03T07:55:34Z
Sep 15,4:00pm,EUR,yellow,ZEW Economic Sentiment,N/A,N/A,N/A,/Users/datpro/Documents/gitdatpro/ff-transform-data/data/bronze/raw/calendar/2026/09_all.md|/Users/datpro/Documents/gitdatpro/ff-transform-data/data/bronze/raw/calendar/2026/09_red.html|/Users/datpro/Documents/gitdatpro/ff-transform-data/data/bronze/raw/calendar/2026/09_orange.html|/Users/datpro/Documents/gitdatpro/ff-transform-data/data/bronze/raw/calendar/2026/09_yellow.html,2026-09-03T07:55:34Z
Sep 15,7:15pm,USD,yellow,ADP Weekly Employment Change,N/A,N/A,N/A,/Users/datpro/Documents/gitdatpro/ff-transform-data/data/bronze/raw/calendar/2026/09_all.md|/Users/datpro/Documents/gitdatpro/ff-transform-data/data/bronze/raw/calendar/2026/09_red.html|/Users/datpro/Documents/gitdatpro/ff-transform-data/data/bronze/raw/calendar/2026/09_orange.html|/Users/datpro/Documents/gitdatpro/ff-transform-data/data/bronze/raw/calendar/2026/09_yellow.html,2026-09-03T07:55:34Z
Sep 15,7:30pm,CAD,yellow,Wholesale Sales m/m,N/A,N/A,N/A,/Users/datpro/Documents/gitdatpro/ff-transform-data/data/bronze/raw/calendar/2026/09_all.md|/Users/datpro/Documents/gitdatpro/ff-transform-data/data/bronze/raw/calendar/2026/09_red.html|/Users/datpro/Documents/gitdatpro/ff-transform-data/data/bronze/raw/calendar/2026/09_orange.html|/Users/datpro/Documents/gitdatpro/ff-transform-data/data/bronze/raw/calendar/2026/09_yellow.html,2026-09-03T07:55:34Z
Sep 15,7:30pm,USD,yellow,Empire State Manufacturing Index,N/A,N/A,N/A,/Users/datpro/Documents/gitdatpro/ff-transform-data/data/bronze/raw/calendar/2026/09_all.md|/Users/datpro/Documents/gitdatpro/ff-transform-data/data/bronze/raw/calendar/2026/09_red.html|/Users/datpro/Documents/gitdatpro/ff-transform-data/data/bronze/raw/calendar/2026/09_orange.html|/Users/datpro/Documents/gitdatpro/ff-transform-data/data/bronze/raw/calendar/2026/09_yellow.html,2026-09-03T07:55:34Z
Sep 15,9:00am,CNY,yellow,Fixed Asset Investment ytd/y,N/A,N/A,N/A,/Users/datpro/Documents/gitdatpro/ff-transform-data/data/bronze/raw/calendar/2026/09_all.md|/Users/datpro/Documents/gitdatpro/ff-transform-data/data/bronze/raw/calendar/2026/09_red.html|/Users/datpro/Documents/gitdatpro/ff-transform-data/data/bronze/raw/calendar/2026/09_orange.html|/Users/datpro/Documents/gitdatpro/ff-transform-data/data/bronze/raw/calendar/2026/09_yellow.html,2026-09-03T07:55:34Z
Sep 15,9:00am,CNY,yellow,Industrial Production y/y,N/A,N/A,N/A,/Users/datpro/Documents/gitdatpro/ff-transform-data/data/bronze/raw/calendar/2026/09_all.md|/Users/datpro/Documents/gitdatpro/ff-transform-data/data/bronze/raw/calendar/2026/09_red.html|/Users/datpro/Documents/gitdatpro/ff-transform-data/data/bronze/raw/calendar/2026/09_orange.html|/Users/datpro/Documents/gitdatpro/ff-transform-data/data/bronze/raw/calendar/2026/09_yellow.html,2026-09-03T07:55:34Z
Sep 15,9:00am,CNY,yellow,NBS Press Conference,N/A,N/A,N/A,/Users/datpro/Documents/gitdatpro/ff-transform-data/data/bronze/raw/calendar/2026/09_all.md|/Users/datpro/Documents/gitdatpro/ff-transform-data/data/bronze/raw/calendar/2026/09_red.html|/Users/datpro/Documents/gitdatpro/ff-transform-data/data/bronze/raw/calendar/2026/09_orange.html|/Users/datpro/Documents/gitdatpro/ff-transform-data/data/bronze/raw/calendar/2026/09_yellow.html,2026-09-03T07:55:34Z
Sep 15,9:00am,CNY,yellow,Retail Sales y/y,N/A,N/A,N/A,/Users/datpro/Documents/gitdatpro/ff-transform-data/data/bronze/raw/calendar/2026/09_all.md|/Users/datpro/Documents/gitdatpro/ff-transform-data/data/bronze/raw/calendar/2026/09_red.html|/Users/datpro/Documents/gitdatpro/ff-transform-data/data/bronze/raw/calendar/2026/09_orange.html|/Users/datpro/Documents/gitdatpro/ff-transform-data/data/bronze/raw/calendar/2026/09_yellow.html,2026-09-03T07:55:34Z
Sep 15,9:00am,CNY,yellow,Unemployment Rate,N/A,N/A,N/A,/Users/datpro/Documents/gitdatpro/ff-transform-data/data/bronze/raw/calendar/2026/09_all.md|/Users/datpro/Documents/gitdatpro/ff-transform-data/data/bronze/raw/calendar/2026/09_red.html|/Users/datpro/Documents/gitdatpro/ff-transform-data/data/bronze/raw/calendar/2026/09_orange.html|/Users/datpro/Documents/gitdatpro/ff-transform-data/data/bronze/raw/calendar/2026/09_yellow.html,2026-09-03T07:55:34Z
Sep 15,Tentative,NZD,yellow,GDT Price Index,N/A,N/A,N/A,/Users/datpro/Documents/gitdatpro/ff-transform-data/data/bronze/raw/calendar/2026/09_all.md|/Users/datpro/Documents/gitdatpro/ff-transform-data/data/bronze/raw/calendar/2026/09_red.html|/Users/datpro/Documents/gitdatpro/ff-transform-data/data/bronze/raw/calendar/2026/09_orange.html|/Users/datpro/Documents/gitdatpro/ff-transform-data/data/bronze/raw/calendar/2026/09_yellow.html,2026-09-03T07:55:34Z
Sep 16,1:00pm,GBP,yellow,Core CPI y/y,N/A,N/A,N/A,/Users/datpro/Documents/gitdatpro/ff-transform-data/data/bronze/raw/calendar/2026/09_all.md|/Users/datpro/Documents/gitdatpro/ff-transform-data/data/bronze/raw/calendar/2026/09_red.html|/Users/datpro/Documents/gitdatpro/ff-transform-data/data/bronze/raw/calendar/2026/09_orange.html|/Users/datpro/Documents/gitdatpro/ff-transform-data/data/bronze/raw/calendar/2026/09_yellow.html,2026-09-03T07:55:34Z
Sep 16,1:00pm,GBP,yellow,PPI Input m/m,N/A,N/A,N/A,/Users/datpro/Documents/gitdatpro/ff-transform-data/data/bronze/raw/calendar/2026/09_all.md|/Users/datpro/Documents/gitdatpro/ff-transform-data/data/bronze/raw/calendar/2026/09_red.html|/Users/datpro/Documents/gitdatpro/ff-transform-data/data/bronze/raw/calendar/2026/09_orange.html|/Users/datpro/Documents/gitdatpro/ff-transform-data/data/bronze/raw/calendar/2026/09_yellow.html,2026-09-03T07:55:34Z
Sep 16,1:00pm,GBP,yellow,PPI Output m/m,N/A,N/A,N/A,/Users/datpro/Documents/gitdatpro/ff-transform-data/data/bronze/raw/calendar/2026/09_all.md|/Users/datpro/Documents/gitdatpro/ff-transform-data/data/bronze/raw/calendar/2026/09_red.html|/Users/datpro/Documents/gitdatpro/ff-transform-data/data/bronze/raw/calendar/2026/09_orange.html|/Users/datpro/Documents/gitdatpro/ff-transform-data/data/bronze/raw/calendar/2026/09_yellow.html,2026-09-03T07:55:34Z
Sep 16,1:00pm,GBP,yellow,RPI y/y,N/A,N/A,N/A,/Users/datpro/Documents/gitdatpro/ff-transform-data/data/bronze/raw/calendar/2026/09_all.md|/Users/datpro/Documents/gitdatpro/ff-transform-data/data/bronze/raw/calendar/2026/09_red.html|/Users/datpro/Documents/gitdatpro/ff-transform-data/data/bronze/raw/calendar/2026/09_orange.html|/Users/datpro/Documents/gitdatpro/ff-transform-data/data/bronze/raw/calendar/2026/09_yellow.html,2026-09-03T07:55:34Z
Sep 16,3:30pm,GBP,yellow,HPI y/y,N/A,N/A,N/A,/Users/datpro/Documents/gitdatpro/ff-transform-data/data/bronze/raw/calendar/2026/09_all.md|/Users/datpro/Documents/gitdatpro/ff-transform-data/data/bronze/raw/calendar/2026/09_red.html|/Users/datpro/Documents/gitdatpro/ff-transform-data/data/bronze/raw/calendar/2026/09_orange.html|/Users/datpro/Documents/gitdatpro/ff-transform-data/data/bronze/raw/calendar/2026/09_yellow.html,2026-09-03T07:55:34Z
Sep 16,4:00pm,EUR,yellow,Industrial Production m/m,N/A,N/A,N/A,/Users/datpro/Documents/gitdatpro/ff-transform-data/data/bronze/raw/calendar/2026/09_all.md|/Users/datpro/Documents/gitdatpro/ff-transform-data/data/bronze/raw/calendar/2026/09_red.html|/Users/datpro/Documents/gitdatpro/ff-transform-data/data/bronze/raw/calendar/2026/09_orange.html|/Users/datpro/Documents/gitdatpro/ff-transform-data/data/bronze/raw/calendar/2026/09_yellow.html,2026-09-03T07:55:34Z
Sep 16,5:45am,NZD,yellow,Current Account,N/A,N/A,N/A,/Users/datpro/Documents/gitdatpro/ff-transform-data/data/bronze/raw/calendar/2026/09_all.md|/Users/datpro/Documents/gitdatpro/ff-transform-data/data/bronze/raw/calendar/2026/09_red.html|/Users/datpro/Documents/gitdatpro/ff-transform-data/data/bronze/raw/calendar/2026/09_orange.html|/Users/datpro/Documents/gitdatpro/ff-transform-data/data/bronze/raw/calendar/2026/09_yellow.html,2026-09-03T07:55:34Z
Sep 16,6:50am,JPY,yellow,Core Machinery Orders m/m,N/A,N/A,N/A,/Users/datpro/Documents/gitdatpro/ff-transform-data/data/bronze/raw/calendar/2026/09_all.md|/Users/datpro/Documents/gitdatpro/ff-transform-data/data/bronze/raw/calendar/2026/09_red.html|/Users/datpro/Documents/gitdatpro/ff-transform-data/data/bronze/raw/calendar/2026/09_orange.html|/Users/datpro/Documents/gitdatpro/ff-transform-data/data/bronze/raw/calendar/2026/09_yellow.html,2026-09-03T07:55:34Z
Sep 16,6:50am,JPY,yellow,Trade Balance,N/A,N/A,N/A,/Users/datpro/Documents/gitdatpro/ff-transform-data/data/bronze/raw/calendar/2026/09_all.md|/Users/datpro/Documents/gitdatpro/ff-transform-data/data/bronze/raw/calendar/2026/09_red.html|/Users/datpro/Documents/gitdatpro/ff-transform-data/data/bronze/raw/calendar/2026/09_orange.html|/Users/datpro/Documents/gitdatpro/ff-transform-data/data/bronze/raw/calendar/2026/09_yellow.html,2026-09-03T07:55:34Z
Sep 16,7:15pm,CAD,yellow,Housing Starts,N/A,N/A,N/A,/Users/datpro/Documents/gitdatpro/ff-transform-data/data/bronze/raw/calendar/2026/09_all.md|/Users/datpro/Documents/gitdatpro/ff-transform-data/data/bronze/raw/calendar/2026/09_red.html|/Users/datpro/Documents/gitdatpro/ff-transform-data/data/bronze/raw/calendar/2026/09_orange.html|/Users/datpro/Documents/gitdatpro/ff-transform-data/data/bronze/raw/calendar/2026/09_yellow.html,2026-09-03T07:55:34Z
Sep 16,7:30am,AUD,yellow,MI Leading Index m/m,N/A,N/A,N/A,/Users/datpro/Documents/gitdatpro/ff-transform-data/data/bronze/raw/calendar/2026/09_all.md|/Users/datpro/Documents/gitdatpro/ff-transform-data/data/bronze/raw/calendar/2026/09_red.html|/Users/datpro/Documents/gitdatpro/ff-transform-data/data/bronze/raw/calendar/2026/09_orange.html|/Users/datpro/Documents/gitdatpro/ff-transform-data/data/bronze/raw/calendar/2026/09_yellow.html,2026-09-03T07:55:34Z
Sep 16,7:30pm,CAD,yellow,Building Permits m/m,N/A,N/A,N/A,/Users/datpro/Documents/gitdatpro/ff-transform-data/data/bronze/raw/calendar/2026/09_all.md|/Users/datpro/Documents/gitdatpro/ff-transform-data/data/bronze/raw/calendar/2026/09_red.html|/Users/datpro/Documents/gitdatpro/ff-transform-data/data/bronze/raw/calendar/2026/09_orange.html|/Users/datpro/Documents/gitdatpro/ff-transform-data/data/bronze/raw/calendar/2026/09_yellow.html,2026-09-03T07:55:34Z
Sep 16,7:30pm,USD,yellow,Import Prices m/m,N/A,N/A,N/A,/Users/datpro/Documents/gitdatpro/ff-transform-data/data/bronze/raw/calendar/2026/09_all.md|/Users/datpro/Documents/gitdatpro/ff-transform-data/data/bronze/raw/calendar/2026/09_red.html|/Users/datpro/Documents/gitdatpro/ff-transform-data/data/bronze/raw/calendar/2026/09_orange.html|/Users/datpro/Documents/gitdatpro/ff-transform-data/data/bronze/raw/calendar/2026/09_yellow.html,2026-09-03T07:55:34Z
Sep 16,9:00pm,USD,yellow,Business Inventories m/m,N/A,N/A,N/A,/Users/datpro/Documents/gitdatpro/ff-transform-data/data/bronze/raw/calendar/2026/09_all.md|/Users/datpro/Documents/gitdatpro/ff-transform-data/data/bronze/raw/calendar/2026/09_red.html|/Users/datpro/Documents/gitdatpro/ff-transform-data/data/bronze/raw/calendar/2026/09_orange.html|/Users/datpro/Documents/gitdatpro/ff-transform-data/data/bronze/raw/calendar/2026/09_yellow.html,2026-09-03T07:55:34Z
Sep 16,9:00pm,USD,yellow,NAHB Housing Market Index,N/A,N/A,N/A,/Users/datpro/Documents/gitdatpro/ff-transform-data/data/bronze/raw/calendar/2026/09_all.md|/Users/datpro/Documents/gitdatpro/ff-transform-data/data/bronze/raw/calendar/2026/09_red.html|/Users/datpro/Documents/gitdatpro/ff-transform-data/data/bronze/raw/calendar/2026/09_orange.html|/Users/datpro/Documents/gitdatpro/ff-transform-data/data/bronze/raw/calendar/2026/09_yellow.html,2026-09-03T07:55:34Z
Sep 16,9:00pm,USD,orange,Retail Sales m/m,N/A,N/A,N/A,/Users/datpro/Documents/gitdatpro/ff-transform-data/data/bronze/raw/calendar/2026/09_all.md|/Users/datpro/Documents/gitdatpro/ff-transform-data/data/bronze/raw/calendar/2026/09_red.html|/Users/datpro/Documents/gitdatpro/ff-transform-data/data/bronze/raw/calendar/2026/09_orange.html|/Users/datpro/Documents/gitdatpro/ff-transform-data/data/bronze/raw/calendar/2026/09_yellow.html,2026-09-03T07:55:34Z
Sep 16,9:30pm,USD,yellow,Crude Oil Inventories,N/A,N/A,N/A,/Users/datpro/Documents/gitdatpro/ff-transform-data/data/bronze/raw/calendar/2026/09_all.md|/Users/datpro/Documents/gitdatpro/ff-transform-data/data/bronze/raw/calendar/2026/09_red.html|/Users/datpro/Documents/gitdatpro/ff-transform-data/data/bronze/raw/calendar/2026/09_orange.html|/Users/datpro/Documents/gitdatpro/ff-transform-data/data/bronze/raw/calendar/2026/09_yellow.html,2026-09-03T07:55:34Z
Sep 17,1:30am,USD,red,FOMC Press Conference,N/A,N/A,N/A,/Users/datpro/Documents/gitdatpro/ff-transform-data/data/bronze/raw/calendar/2026/09_all.md|/Users/datpro/Documents/gitdatpro/ff-transform-data/data/bronze/raw/calendar/2026/09_red.html|/Users/datpro/Documents/gitdatpro/ff-transform-data/data/bronze/raw/calendar/2026/09_orange.html|/Users/datpro/Documents/gitdatpro/ff-transform-data/data/bronze/raw/calendar/2026/09_yellow.html,2026-09-03T07:55:34Z
Sep 17,2:00pm,CHF,yellow,SECO Economic Forecasts,N/A,N/A,N/A,/Users/datpro/Documents/gitdatpro/ff-transform-data/data/bronze/raw/calendar/2026/09_all.md|/Users/datpro/Documents/gitdatpro/ff-transform-data/data/bronze/raw/calendar/2026/09_red.html|/Users/datpro/Documents/gitdatpro/ff-transform-data/data/bronze/raw/calendar/2026/09_orange.html|/Users/datpro/Documents/gitdatpro/ff-transform-data/data/bronze/raw/calendar/2026/09_yellow.html,2026-09-03T07:55:34Z
Sep 17,3:00am,USD,yellow,TIC Long-Term Purchases,N/A,N/A,N/A,/Users/datpro/Documents/gitdatpro/ff-transform-data/data/bronze/raw/calendar/2026/09_all.md|/Users/datpro/Documents/gitdatpro/ff-transform-data/data/bronze/raw/calendar/2026/09_red.html|/Users/datpro/Documents/gitdatpro/ff-transform-data/data/bronze/raw/calendar/2026/09_orange.html|/Users/datpro/Documents/gitdatpro/ff-transform-data/data/bronze/raw/calendar/2026/09_yellow.html,2026-09-03T07:55:34Z
Sep 17,4:00pm,EUR,yellow,Final CPI y/y,N/A,N/A,N/A,/Users/datpro/Documents/gitdatpro/ff-transform-data/data/bronze/raw/calendar/2026/09_all.md|/Users/datpro/Documents/gitdatpro/ff-transform-data/data/bronze/raw/calendar/2026/09_red.html|/Users/datpro/Documents/gitdatpro/ff-transform-data/data/bronze/raw/calendar/2026/09_orange.html|/Users/datpro/Documents/gitdatpro/ff-transform-data/data/bronze/raw/calendar/2026/09_yellow.html,2026-09-03T07:55:34Z
Sep 17,4:00pm,EUR,yellow,Final Core CPI y/y,N/A,N/A,N/A,/Users/datpro/Documents/gitdatpro/ff-transform-data/data/bronze/raw/calendar/2026/09_all.md|/Users/datpro/Documents/gitdatpro/ff-transform-data/data/bronze/raw/calendar/2026/09_red.html|/Users/datpro/Documents/gitdatpro/ff-transform-data/data/bronze/raw/calendar/2026/09_orange.html|/Users/datpro/Documents/gitdatpro/ff-transform-data/data/bronze/raw/calendar/2026/09_yellow.html,2026-09-03T07:55:34Z
Sep 17,5:45am,NZD,red,GDP q/q,N/A,N/A,N/A,/Users/datpro/Documents/gitdatpro/ff-transform-data/data/bronze/raw/calendar/2026/09_all.md|/Users/datpro/Documents/gitdatpro/ff-transform-data/data/bronze/raw/calendar/2026/09_red.html|/Users/datpro/Documents/gitdatpro/ff-transform-data/data/bronze/raw/calendar/2026/09_orange.html|/Users/datpro/Documents/gitdatpro/ff-transform-data/data/bronze/raw/calendar/2026/09_yellow.html,2026-09-03T07:55:34Z
Sep 17,6:00pm,GBP,red,MPC Official Bank Rate Votes,N/A,N/A,N/A,/Users/datpro/Documents/gitdatpro/ff-transform-data/data/bronze/raw/calendar/2026/09_all.md|/Users/datpro/Documents/gitdatpro/ff-transform-data/data/bronze/raw/calendar/2026/09_red.html|/Users/datpro/Documents/gitdatpro/ff-transform-data/data/bronze/raw/calendar/2026/09_orange.html|/Users/datpro/Documents/gitdatpro/ff-transform-data/data/bronze/raw/calendar/2026/09_yellow.html,2026-09-03T07:55:34Z
Sep 17,6:00pm,GBP,red,Monetary Policy Summary,N/A,N/A,N/A,/Users/datpro/Documents/gitdatpro/ff-transform-data/data/bronze/raw/calendar/2026/09_all.md|/Users/datpro/Documents/gitdatpro/ff-transform-data/data/bronze/raw/calendar/2026/09_red.html|/Users/datpro/Documents/gitdatpro/ff-transform-data/data/bronze/raw/calendar/2026/09_orange.html|/Users/datpro/Documents/gitdatpro/ff-transform-data/data/bronze/raw/calendar/2026/09_yellow.html,2026-09-03T07:55:34Z
Sep 17,6:00pm,GBP,red,Official Bank Rate,N/A,N/A,N/A,/Users/datpro/Documents/gitdatpro/ff-transform-data/data/bronze/raw/calendar/2026/09_all.md|/Users/datpro/Documents/gitdatpro/ff-transform-data/data/bronze/raw/calendar/2026/09_red.html|/Users/datpro/Documents/gitdatpro/ff-transform-data/data/bronze/raw/calendar/2026/09_orange.html|/Users/datpro/Documents/gitdatpro/ff-transform-data/data/bronze/raw/calendar/2026/09_yellow.html,2026-09-03T07:55:34Z
Sep 17,7:30pm,CAD,yellow,Foreign Securities Purchases,N/A,N/A,N/A,/Users/datpro/Documents/gitdatpro/ff-transform-data/data/bronze/raw/calendar/2026/09_all.md|/Users/datpro/Documents/gitdatpro/ff-transform-data/data/bronze/raw/calendar/2026/09_red.html|/Users/datpro/Documents/gitdatpro/ff-transform-data/data/bronze/raw/calendar/2026/09_orange.html|/Users/datpro/Documents/gitdatpro/ff-transform-data/data/bronze/raw/calendar/2026/09_yellow.html,2026-09-03T07:55:34Z
Sep 17,7:30pm,CAD,yellow,IPPI m/m,N/A,N/A,N/A,/Users/datpro/Documents/gitdatpro/ff-transform-data/data/bronze/raw/calendar/2026/09_all.md|/Users/datpro/Documents/gitdatpro/ff-transform-data/data/bronze/raw/calendar/2026/09_red.html|/Users/datpro/Documents/gitdatpro/ff-transform-data/data/bronze/raw/calendar/2026/09_orange.html|/Users/datpro/Documents/gitdatpro/ff-transform-data/data/bronze/raw/calendar/2026/09_yellow.html,2026-09-03T07:55:34Z
Sep 17,7:30pm,CAD,yellow,RMPI m/m,N/A,N/A,N/A,/Users/datpro/Documents/gitdatpro/ff-transform-data/data/bronze/raw/calendar/2026/09_all.md|/Users/datpro/Documents/gitdatpro/ff-transform-data/data/bronze/raw/calendar/2026/09_red.html|/Users/datpro/Documents/gitdatpro/ff-transform-data/data/bronze/raw/calendar/2026/09_orange.html|/Users/datpro/Documents/gitdatpro/ff-transform-data/data/bronze/raw/calendar/2026/09_yellow.html,2026-09-03T07:55:34Z
Sep 17,7:30pm,USD,yellow,Building Permits,N/A,N/A,N/A,/Users/datpro/Documents/gitdatpro/ff-transform-data/data/bronze/raw/calendar/2026/09_all.md|/Users/datpro/Documents/gitdatpro/ff-transform-data/data/bronze/raw/calendar/2026/09_red.html|/Users/datpro/Documents/gitdatpro/ff-transform-data/data/bronze/raw/calendar/2026/09_orange.html|/Users/datpro/Documents/gitdatpro/ff-transform-data/data/bronze/raw/calendar/2026/09_yellow.html,2026-09-03T07:55:34Z
Sep 17,7:30pm,USD,red,FOMC Economic Projections,N/A,N/A,N/A,/Users/datpro/Documents/gitdatpro/ff-transform-data/data/bronze/raw/calendar/2026/09_all.md|/Users/datpro/Documents/gitdatpro/ff-transform-data/data/bronze/raw/calendar/2026/09_red.html|/Users/datpro/Documents/gitdatpro/ff-transform-data/data/bronze/raw/calendar/2026/09_orange.html|/Users/datpro/Documents/gitdatpro/ff-transform-data/data/bronze/raw/calendar/2026/09_yellow.html,2026-09-03T07:55:34Z
Sep 17,7:30pm,USD,red,FOMC Statement,N/A,N/A,N/A,/Users/datpro/Documents/gitdatpro/ff-transform-data/data/bronze/raw/calendar/2026/09_all.md|/Users/datpro/Documents/gitdatpro/ff-transform-data/data/bronze/raw/calendar/2026/09_red.html|/Users/datpro/Documents/gitdatpro/ff-transform-data/data/bronze/raw/calendar/2026/09_orange.html|/Users/datpro/Documents/gitdatpro/ff-transform-data/data/bronze/raw/calendar/2026/09_yellow.html,2026-09-03T07:55:34Z
Sep 17,7:30pm,USD,yellow,Housing Starts,N/A,N/A,N/A,/Users/datpro/Documents/gitdatpro/ff-transform-data/data/bronze/raw/calendar/2026/09_all.md|/Users/datpro/Documents/gitdatpro/ff-transform-data/data/bronze/raw/calendar/2026/09_red.html|/Users/datpro/Documents/gitdatpro/ff-transform-data/data/bronze/raw/calendar/2026/09_orange.html|/Users/datpro/Documents/gitdatpro/ff-transform-data/data/bronze/raw/calendar/2026/09_yellow.html,2026-09-03T07:55:34Z
Sep 17,9:00pm,USD,yellow,Pending Home Sales m/m,N/A,N/A,N/A,/Users/datpro/Documents/gitdatpro/ff-transform-data/data/bronze/raw/calendar/2026/09_all.md|/Users/datpro/Documents/gitdatpro/ff-transform-data/data/bronze/raw/calendar/2026/09_red.html|/Users/datpro/Documents/gitdatpro/ff-transform-data/data/bronze/raw/calendar/2026/09_orange.html|/Users/datpro/Documents/gitdatpro/ff-transform-data/data/bronze/raw/calendar/2026/09_yellow.html,2026-09-03T07:55:34Z
Sep 17,9:00pm,USD,orange,Unemployment Claims,N/A,N/A,N/A,/Users/datpro/Documents/gitdatpro/ff-transform-data/data/bronze/raw/calendar/2026/09_all.md|/Users/datpro/Documents/gitdatpro/ff-transform-data/data/bronze/raw/calendar/2026/09_red.html|/Users/datpro/Documents/gitdatpro/ff-transform-data/data/bronze/raw/calendar/2026/09_orange.html|/Users/datpro/Documents/gitdatpro/ff-transform-data/data/bronze/raw/calendar/2026/09_yellow.html,2026-09-03T07:55:34Z
Sep 17,9:30pm,AUD,yellow,CB Leading Index m/m,N/A,N/A,N/A,/Users/datpro/Documents/gitdatpro/ff-transform-data/data/bronze/raw/calendar/2026/09_all.md|/Users/datpro/Documents/gitdatpro/ff-transform-data/data/bronze/raw/calendar/2026/09_red.html|/Users/datpro/Documents/gitdatpro/ff-transform-data/data/bronze/raw/calendar/2026/09_orange.html|/Users/datpro/Documents/gitdatpro/ff-transform-data/data/bronze/raw/calendar/2026/09_yellow.html,2026-09-03T07:55:34Z
Sep 17,9:30pm,USD,yellow,Natural Gas Storage,N/A,N/A,N/A,/Users/datpro/Documents/gitdatpro/ff-transform-data/data/bronze/raw/calendar/2026/09_all.md|/Users/datpro/Documents/gitdatpro/ff-transform-data/data/bronze/raw/calendar/2026/09_red.html|/Users/datpro/Documents/gitdatpro/ff-transform-data/data/bronze/raw/calendar/2026/09_orange.html|/Users/datpro/Documents/gitdatpro/ff-transform-data/data/bronze/raw/calendar/2026/09_yellow.html,2026-09-03T07:55:34Z
Sep 18,1:00pm,EUR,yellow,German PPI m/m,N/A,N/A,N/A,/Users/datpro/Documents/gitdatpro/ff-transform-data/data/bronze/raw/calendar/2026/09_all.md|/Users/datpro/Documents/gitdatpro/ff-transform-data/data/bronze/raw/calendar/2026/09_red.html|/Users/datpro/Documents/gitdatpro/ff-transform-data/data/bronze/raw/calendar/2026/09_orange.html|/Users/datpro/Documents/gitdatpro/ff-transform-data/data/bronze/raw/calendar/2026/09_yellow.html,2026-09-03T07:55:34Z
Sep 18,1:00pm,GBP,orange,Retail Sales m/m,N/A,N/A,N/A,/Users/datpro/Documents/gitdatpro/ff-transform-data/data/bronze/raw/calendar/2026/09_all.md|/Users/datpro/Documents/gitdatpro/ff-transform-data/data/bronze/raw/calendar/2026/09_red.html|/Users/datpro/Documents/gitdatpro/ff-transform-data/data/bronze/raw/calendar/2026/09_orange.html|/Users/datpro/Documents/gitdatpro/ff-transform-data/data/bronze/raw/calendar/2026/09_yellow.html,2026-09-03T07:55:34Z
Sep 18,3:00pm,EUR,yellow,Current Account,N/A,N/A,N/A,/Users/datpro/Documents/gitdatpro/ff-transform-data/data/bronze/raw/calendar/2026/09_all.md|/Users/datpro/Documents/gitdatpro/ff-transform-data/data/bronze/raw/calendar/2026/09_red.html|/Users/datpro/Documents/gitdatpro/ff-transform-data/data/bronze/raw/calendar/2026/09_orange.html|/Users/datpro/Documents/gitdatpro/ff-transform-data/data/bronze/raw/calendar/2026/09_yellow.html,2026-09-03T07:55:34Z
Sep 18,6:01am,GBP,yellow,GfK Consumer Confidence,N/A,N/A,N/A,/Users/datpro/Documents/gitdatpro/ff-transform-data/data/bronze/raw/calendar/2026/09_all.md|/Users/datpro/Documents/gitdatpro/ff-transform-data/data/bronze/raw/calendar/2026/09_red.html|/Users/datpro/Documents/gitdatpro/ff-transform-data/data/bronze/raw/calendar/2026/09_orange.html|/Users/datpro/Documents/gitdatpro/ff-transform-data/data/bronze/raw/calendar/2026/09_yellow.html,2026-09-03T07:55:34Z
Sep 18,6:30am,JPY,yellow,National Core CPI y/y,N/A,N/A,N/A,/Users/datpro/Documents/gitdatpro/ff-transform-data/data/bronze/raw/calendar/2026/09_all.md|/Users/datpro/Documents/gitdatpro/ff-transform-data/data/bronze/raw/calendar/2026/09_red.html|/Users/datpro/Documents/gitdatpro/ff-transform-data/data/bronze/raw/calendar/2026/09_orange.html|/Users/datpro/Documents/gitdatpro/ff-transform-data/data/bronze/raw/calendar/2026/09_yellow.html,2026-09-03T07:55:34Z
Sep 18,8:15pm,USD,yellow,Capacity Utilization Rate,N/A,N/A,N/A,/Users/datpro/Documents/gitdatpro/ff-transform-data/data/bronze/raw/calendar/2026/09_all.md|/Users/datpro/Documents/gitdatpro/ff-transform-data/data/bronze/raw/calendar/2026/09_red.html|/Users/datpro/Documents/gitdatpro/ff-transform-data/data/bronze/raw/calendar/2026/09_orange.html|/Users/datpro/Documents/gitdatpro/ff-transform-data/data/bronze/raw/calendar/2026/09_yellow.html,2026-09-03T07:55:34Z
Sep 18,8:15pm,USD,yellow,Industrial Production m/m,N/A,N/A,N/A,/Users/datpro/Documents/gitdatpro/ff-transform-data/data/bronze/raw/calendar/2026/09_all.md|/Users/datpro/Documents/gitdatpro/ff-transform-data/data/bronze/raw/calendar/2026/09_red.html|/Users/datpro/Documents/gitdatpro/ff-transform-data/data/bronze/raw/calendar/2026/09_orange.html|/Users/datpro/Documents/gitdatpro/ff-transform-data/data/bronze/raw/calendar/2026/09_yellow.html,2026-09-03T07:55:34Z
Sep 18,9:00pm,USD,yellow,CB Leading Index m/m,N/A,N/A,N/A,/Users/datpro/Documents/gitdatpro/ff-transform-data/data/bronze/raw/calendar/2026/09_all.md|/Users/datpro/Documents/gitdatpro/ff-transform-data/data/bronze/raw/calendar/2026/09_red.html|/Users/datpro/Documents/gitdatpro/ff-transform-data/data/bronze/raw/calendar/2026/09_orange.html|/Users/datpro/Documents/gitdatpro/ff-transform-data/data/bronze/raw/calendar/2026/09_yellow.html,2026-09-03T07:55:34Z
Sep 18,9:30pm,NZD,yellow,Trade Balance,N/A,N/A,N/A,/Users/datpro/Documents/gitdatpro/ff-transform-data/data/bronze/raw/calendar/2026/09_all.md|/Users/datpro/Documents/gitdatpro/ff-transform-data/data/bronze/raw/calendar/2026/09_red.html|/Users/datpro/Documents/gitdatpro/ff-transform-data/data/bronze/raw/calendar/2026/09_orange.html|/Users/datpro/Documents/gitdatpro/ff-transform-data/data/bronze/raw/calendar/2026/09_yellow.html,2026-09-03T07:55:34Z
Sep 18,Tentative,JPY,red,BOJ Press Conference,N/A,N/A,N/A,/Users/datpro/Documents/gitdatpro/ff-transform-data/data/bronze/raw/calendar/2026/09_all.md|/Users/datpro/Documents/gitdatpro/ff-transform-data/data/bronze/raw/calendar/2026/09_red.html|/Users/datpro/Documents/gitdatpro/ff-transform-data/data/bronze/raw/calendar/2026/09_orange.html|/Users/datpro/Documents/gitdatpro/ff-transform-data/data/bronze/raw/calendar/2026/09_yellow.html,2026-09-03T07:55:34Z
Sep 18,Tentative,JPY,red,Monetary Policy Statement,N/A,N/A,N/A,/Users/datpro/Documents/gitdatpro/ff-transform-data/data/bronze/raw/calendar/2026/09_all.md|/Users/datpro/Documents/gitdatpro/ff-transform-data/data/bronze/raw/calendar/2026/09_red.html|/Users/datpro/Documents/gitdatpro/ff-transform-data/data/bronze/raw/calendar/2026/09_orange.html|/Users/datpro/Documents/gitdatpro/ff-transform-data/data/bronze/raw/calendar/2026/09_yellow.html,2026-09-03T07:55:34Z
Sep 2,10:00am,NZD,red,RBNZ Press Conference,N/A,N/A,N/A,/Users/datpro/Documents/gitdatpro/ff-transform-data/data/bronze/raw/calendar/2026/09_all.md|/Users/datpro/Documents/gitdatpro/ff-transform-data/data/bronze/raw/calendar/2026/09_red.html|/Users/datpro/Documents/gitdatpro/ff-transform-data/data/bronze/raw/calendar/2026/09_orange.html|/Users/datpro/Documents/gitdatpro/ff-transform-data/data/bronze/raw/calendar/2026/09_yellow.html,2026-09-03T07:55:34Z
Sep 2,1:45pm,EUR,yellow,French Gov Budget Balance,-145.9B,N/A,-106.8B,/Users/datpro/Documents/gitdatpro/ff-transform-data/data/bronze/raw/calendar/2026/09_all.md|/Users/datpro/Documents/gitdatpro/ff-transform-data/data/bronze/raw/calendar/2026/09_red.html|/Users/datpro/Documents/gitdatpro/ff-transform-data/data/bronze/raw/calendar/2026/09_orange.html|/Users/datpro/Documents/gitdatpro/ff-transform-data/data/bronze/raw/calendar/2026/09_yellow.html,2026-09-03T07:55:34Z
Sep 2,2:00pm,EUR,yellow,Spanish Unemployment Change,44.4K,15.4K,19.5K,/Users/datpro/Documents/gitdatpro/ff-transform-data/data/bronze/raw/calendar/2026/09_all.md|/Users/datpro/Documents/gitdatpro/ff-transform-data/data/bronze/raw/calendar/2026/09_red.html|/Users/datpro/Documents/gitdatpro/ff-transform-data/data/bronze/raw/calendar/2026/09_orange.html|/Users/datpro/Documents/gitdatpro/ff-transform-data/data/bronze/raw/calendar/2026/09_yellow.html,2026-09-03T07:55:34Z
Sep 2,5:45am,NZD,yellow,Building Consents m/m,-4.3%,N/A,-3.7%,/Users/datpro/Documents/gitdatpro/ff-transform-data/data/bronze/raw/calendar/2026/09_all.md|/Users/datpro/Documents/gitdatpro/ff-transform-data/data/bronze/raw/calendar/2026/09_red.html|/Users/datpro/Documents/gitdatpro/ff-transform-data/data/bronze/raw/calendar/2026/09_orange.html|/Users/datpro/Documents/gitdatpro/ff-transform-data/data/bronze/raw/calendar/2026/09_yellow.html,2026-09-03T07:55:34Z
Sep 2,6:50am,JPY,yellow,Monetary Base y/y,-15.7%,-13.5%,-13.8%,/Users/datpro/Documents/gitdatpro/ff-transform-data/data/bronze/raw/calendar/2026/09_all.md|/Users/datpro/Documents/gitdatpro/ff-transform-data/data/bronze/raw/calendar/2026/09_red.html|/Users/datpro/Documents/gitdatpro/ff-transform-data/data/bronze/raw/calendar/2026/09_orange.html|/Users/datpro/Documents/gitdatpro/ff-transform-data/data/bronze/raw/calendar/2026/09_yellow.html,2026-09-03T07:55:34Z
Sep 2,8:45pm,CAD,red,BOC Rate Statement,N/A,N/A,N/A,/Users/datpro/Documents/gitdatpro/ff-transform-data/data/bronze/raw/calendar/2026/09_all.md|/Users/datpro/Documents/gitdatpro/ff-transform-data/data/bronze/raw/calendar/2026/09_red.html|/Users/datpro/Documents/gitdatpro/ff-transform-data/data/bronze/raw/calendar/2026/09_orange.html|/Users/datpro/Documents/gitdatpro/ff-transform-data/data/bronze/raw/calendar/2026/09_yellow.html,2026-09-03T07:55:34Z
Sep 2,8:45pm,CAD,red,Overnight Rate,2.25%,2.25%,2.25%,/Users/datpro/Documents/gitdatpro/ff-transform-data/data/bronze/raw/calendar/2026/09_all.md|/Users/datpro/Documents/gitdatpro/ff-transform-data/data/bronze/raw/calendar/2026/09_red.html|/Users/datpro/Documents/gitdatpro/ff-transform-data/data/bronze/raw/calendar/2026/09_orange.html|/Users/datpro/Documents/gitdatpro/ff-transform-data/data/bronze/raw/calendar/2026/09_yellow.html,2026-09-03T07:55:34Z
Sep 2,9:00am,NZD,red,Official Cash Rate,2.75%,2.75%,2.50%,/Users/datpro/Documents/gitdatpro/ff-transform-data/data/bronze/raw/calendar/2026/09_all.md|/Users/datpro/Documents/gitdatpro/ff-transform-data/data/bronze/raw/calendar/2026/09_red.html|/Users/datpro/Documents/gitdatpro/ff-transform-data/data/bronze/raw/calendar/2026/09_orange.html|/Users/datpro/Documents/gitdatpro/ff-transform-data/data/bronze/raw/calendar/2026/09_yellow.html,2026-09-03T07:55:34Z
Sep 2,9:00am,NZD,red,RBNZ Monetary Policy Statement,N/A,N/A,N/A,/Users/datpro/Documents/gitdatpro/ff-transform-data/data/bronze/raw/calendar/2026/09_all.md|/Users/datpro/Documents/gitdatpro/ff-transform-data/data/bronze/raw/calendar/2026/09_red.html|/Users/datpro/Documents/gitdatpro/ff-transform-data/data/bronze/raw/calendar/2026/09_orange.html|/Users/datpro/Documents/gitdatpro/ff-transform-data/data/bronze/raw/calendar/2026/09_yellow.html,2026-09-03T07:55:34Z
Sep 2,9:00am,NZD,red,RBNZ Rate Statement,N/A,N/A,N/A,/Users/datpro/Documents/gitdatpro/ff-transform-data/data/bronze/raw/calendar/2026/09_all.md|/Users/datpro/Documents/gitdatpro/ff-transform-data/data/bronze/raw/calendar/2026/09_red.html|/Users/datpro/Documents/gitdatpro/ff-transform-data/data/bronze/raw/calendar/2026/09_orange.html|/Users/datpro/Documents/gitdatpro/ff-transform-data/data/bronze/raw/calendar/2026/09_yellow.html,2026-09-03T07:55:34Z
Sep 2,9:00pm,USD,yellow,Factory Orders m/m,0.9%,0.7%,-0.2%,/Users/datpro/Documents/gitdatpro/ff-transform-data/data/bronze/raw/calendar/2026/09_all.md|/Users/datpro/Documents/gitdatpro/ff-transform-data/data/bronze/raw/calendar/2026/09_red.html|/Users/datpro/Documents/gitdatpro/ff-transform-data/data/bronze/raw/calendar/2026/09_orange.html|/Users/datpro/Documents/gitdatpro/ff-transform-data/data/bronze/raw/calendar/2026/09_yellow.html,2026-09-03T07:55:34Z
Sep 2,9:30pm,CAD,red,BOC Press Conference,N/A,N/A,N/A,/Users/datpro/Documents/gitdatpro/ff-transform-data/data/bronze/raw/calendar/2026/09_all.md|/Users/datpro/Documents/gitdatpro/ff-transform-data/data/bronze/raw/calendar/2026/09_red.html|/Users/datpro/Documents/gitdatpro/ff-transform-data/data/bronze/raw/calendar/2026/09_orange.html|/Users/datpro/Documents/gitdatpro/ff-transform-data/data/bronze/raw/calendar/2026/09_yellow.html,2026-09-03T07:55:34Z
Sep 2,9:30pm,USD,yellow,Crude Oil Inventories,-4.5M,-0.4M,0.1M,/Users/datpro/Documents/gitdatpro/ff-transform-data/data/bronze/raw/calendar/2026/09_all.md|/Users/datpro/Documents/gitdatpro/ff-transform-data/data/bronze/raw/calendar/2026/09_red.html|/Users/datpro/Documents/gitdatpro/ff-transform-data/data/bronze/raw/calendar/2026/09_orange.html|/Users/datpro/Documents/gitdatpro/ff-transform-data/data/bronze/raw/calendar/2026/09_yellow.html,2026-09-03T07:55:34Z
Sep 21,10:00am,NZD,yellow,Credit Card Spending y/y,N/A,N/A,N/A,/Users/datpro/Documents/gitdatpro/ff-transform-data/data/bronze/raw/calendar/2026/09_all.md|/Users/datpro/Documents/gitdatpro/ff-transform-data/data/bronze/raw/calendar/2026/09_red.html|/Users/datpro/Documents/gitdatpro/ff-transform-data/data/bronze/raw/calendar/2026/09_orange.html|/Users/datpro/Documents/gitdatpro/ff-transform-data/data/bronze/raw/calendar/2026/09_yellow.html,2026-09-03T07:55:34Z
Sep 21,21st-25th,GBP,yellow,CBI Realized Sales,N/A,N/A,N/A,/Users/datpro/Documents/gitdatpro/ff-transform-data/data/bronze/raw/calendar/2026/09_all.md|/Users/datpro/Documents/gitdatpro/ff-transform-data/data/bronze/raw/calendar/2026/09_red.html|/Users/datpro/Documents/gitdatpro/ff-transform-data/data/bronze/raw/calendar/2026/09_orange.html|/Users/datpro/Documents/gitdatpro/ff-transform-data/data/bronze/raw/calendar/2026/09_yellow.html,2026-09-03T07:55:34Z
Sep 21,8:00am,CNY,yellow,1-y Loan Prime Rate,N/A,N/A,N/A,/Users/datpro/Documents/gitdatpro/ff-transform-data/data/bronze/raw/calendar/2026/09_all.md|/Users/datpro/Documents/gitdatpro/ff-transform-data/data/bronze/raw/calendar/2026/09_red.html|/Users/datpro/Documents/gitdatpro/ff-transform-data/data/bronze/raw/calendar/2026/09_orange.html|/Users/datpro/Documents/gitdatpro/ff-transform-data/data/bronze/raw/calendar/2026/09_yellow.html,2026-09-03T07:55:34Z
Sep 21,8:00am,CNY,yellow,5-y Loan Prime Rate,N/A,N/A,N/A,/Users/datpro/Documents/gitdatpro/ff-transform-data/data/bronze/raw/calendar/2026/09_all.md|/Users/datpro/Documents/gitdatpro/ff-transform-data/data/bronze/raw/calendar/2026/09_red.html|/Users/datpro/Documents/gitdatpro/ff-transform-data/data/bronze/raw/calendar/2026/09_orange.html|/Users/datpro/Documents/gitdatpro/ff-transform-data/data/bronze/raw/calendar/2026/09_yellow.html,2026-09-03T07:55:34Z
Sep 22,7:15pm,USD,yellow,ADP Weekly Employment Change,N/A,N/A,N/A,/Users/datpro/Documents/gitdatpro/ff-transform-data/data/bronze/raw/calendar/2026/09_all.md|/Users/datpro/Documents/gitdatpro/ff-transform-data/data/bronze/raw/calendar/2026/09_red.html|/Users/datpro/Documents/gitdatpro/ff-transform-data/data/bronze/raw/calendar/2026/09_orange.html|/Users/datpro/Documents/gitdatpro/ff-transform-data/data/bronze/raw/calendar/2026/09_yellow.html,2026-09-03T07:55:34Z
Sep 22,7:30pm,CAD,yellow,NHPI m/m,N/A,N/A,N/A,/Users/datpro/Documents/gitdatpro/ff-transform-data/data/bronze/raw/calendar/2026/09_all.md|/Users/datpro/Documents/gitdatpro/ff-transform-data/data/bronze/raw/calendar/2026/09_red.html|/Users/datpro/Documents/gitdatpro/ff-transform-data/data/bronze/raw/calendar/2026/09_orange.html|/Users/datpro/Documents/gitdatpro/ff-transform-data/data/bronze/raw/calendar/2026/09_yellow.html,2026-09-03T07:55:34Z
Sep 22,9:00pm,EUR,yellow,Consumer Confidence,N/A,N/A,N/A,/Users/datpro/Documents/gitdatpro/ff-transform-data/data/bronze/raw/calendar/2026/09_all.md|/Users/datpro/Documents/gitdatpro/ff-transform-data/data/bronze/raw/calendar/2026/09_red.html|/Users/datpro/Documents/gitdatpro/ff-transform-data/data/bronze/raw/calendar/2026/09_orange.html|/Users/datpro/Documents/gitdatpro/ff-transform-data/data/bronze/raw/calendar/2026/09_yellow.html,2026-09-03T07:55:34Z
Sep 22,9:00pm,USD,yellow,Richmond Manufacturing Index,N/A,N/A,N/A,/Users/datpro/Documents/gitdatpro/ff-transform-data/data/bronze/raw/calendar/2026/09_all.md|/Users/datpro/Documents/gitdatpro/ff-transform-data/data/bronze/raw/calendar/2026/09_red.html|/Users/datpro/Documents/gitdatpro/ff-transform-data/data/bronze/raw/calendar/2026/09_orange.html|/Users/datpro/Documents/gitdatpro/ff-transform-data/data/bronze/raw/calendar/2026/09_yellow.html,2026-09-03T07:55:34Z
Sep 23,1:00pm,EUR,orange,French Flash Services PMI,N/A,N/A,N/A,/Users/datpro/Documents/gitdatpro/ff-transform-data/data/bronze/raw/calendar/2026/09_all.md|/Users/datpro/Documents/gitdatpro/ff-transform-data/data/bronze/raw/calendar/2026/09_red.html|/Users/datpro/Documents/gitdatpro/ff-transform-data/data/bronze/raw/calendar/2026/09_orange.html|/Users/datpro/Documents/gitdatpro/ff-transform-data/data/bronze/raw/calendar/2026/09_yellow.html,2026-09-03T07:55:34Z
Sep 23,23rd-1st,EUR,yellow,German Retail Sales m/m,N/A,N/A,N/A,/Users/datpro/Documents/gitdatpro/ff-transform-data/data/bronze/raw/calendar/2026/09_all.md|/Users/datpro/Documents/gitdatpro/ff-transform-data/data/bronze/raw/calendar/2026/09_red.html|/Users/datpro/Documents/gitdatpro/ff-transform-data/data/bronze/raw/calendar/2026/09_orange.html|/Users/datpro/Documents/gitdatpro/ff-transform-data/data/bronze/raw/calendar/2026/09_yellow.html,2026-09-03T07:55:34Z
Sep 23,23rd-30th,EUR,yellow,German Import Prices m/m,N/A,N/A,N/A,/Users/datpro/Documents/gitdatpro/ff-transform-data/data/bronze/raw/calendar/2026/09_all.md|/Users/datpro/Documents/gitdatpro/ff-transform-data/data/bronze/raw/calendar/2026/09_red.html|/Users/datpro/Documents/gitdatpro/ff-transform-data/data/bronze/raw/calendar/2026/09_orange.html|/Users/datpro/Documents/gitdatpro/ff-transform-data/data/bronze/raw/calendar/2026/09_yellow.html,2026-09-03T07:55:34Z
Sep 23,2:30pm,EUR,orange,German Flash Manufacturing PMI,N/A,N/A,N/A,/Users/datpro/Documents/gitdatpro/ff-transform-data/data/bronze/raw/calendar/2026/09_all.md|/Users/datpro/Documents/gitdatpro/ff-transform-data/data/bronze/raw/calendar/2026/09_red.html|/Users/datpro/Documents/gitdatpro/ff-transform-data/data/bronze/raw/calendar/2026/09_orange.html|/Users/datpro/Documents/gitdatpro/ff-transform-data/data/bronze/raw/calendar/2026/09_yellow.html,2026-09-03T07:55:34Z
Sep 23,2:30pm,EUR,orange,German Flash Services PMI,N/A,N/A,N/A,/Users/datpro/Documents/gitdatpro/ff-transform-data/data/bronze/raw/calendar/2026/09_all.md|/Users/datpro/Documents/gitdatpro/ff-transform-data/data/bronze/raw/calendar/2026/09_red.html|/Users/datpro/Documents/gitdatpro/ff-transform-data/data/bronze/raw/calendar/2026/09_orange.html|/Users/datpro/Documents/gitdatpro/ff-transform-data/data/bronze/raw/calendar/2026/09_yellow.html,2026-09-03T07:55:34Z
Sep 23,3:00pm,EUR,yellow,Flash Manufacturing PMI,N/A,N/A,N/A,/Users/datpro/Documents/gitdatpro/ff-transform-data/data/bronze/raw/calendar/2026/09_all.md|/Users/datpro/Documents/gitdatpro/ff-transform-data/data/bronze/raw/calendar/2026/09_red.html|/Users/datpro/Documents/gitdatpro/ff-transform-data/data/bronze/raw/calendar/2026/09_orange.html|/Users/datpro/Documents/gitdatpro/ff-transform-data/data/bronze/raw/calendar/2026/09_yellow.html,2026-09-03T07:55:34Z
Sep 23,3:00pm,EUR,yellow,Flash Services PMI,N/A,N/A,N/A,/Users/datpro/Documents/gitdatpro/ff-transform-data/data/bronze/raw/calendar/2026/09_all.md|/Users/datpro/Documents/gitdatpro/ff-transform-data/data/bronze/raw/calendar/2026/09_red.html|/Users/datpro/Documents/gitdatpro/ff-transform-data/data/bronze/raw/calendar/2026/09_orange.html|/Users/datpro/Documents/gitdatpro/ff-transform-data/data/bronze/raw/calendar/2026/09_yellow.html,2026-09-03T07:55:34Z
Sep 23,3:30pm,GBP,orange,Flash Manufacturing PMI,N/A,N/A,N/A,/Users/datpro/Documents/gitdatpro/ff-transform-data/data/bronze/raw/calendar/2026/09_all.md|/Users/datpro/Documents/gitdatpro/ff-transform-data/data/bronze/raw/calendar/2026/09_red.html|/Users/datpro/Documents/gitdatpro/ff-transform-data/data/bronze/raw/calendar/2026/09_orange.html|/Users/datpro/Documents/gitdatpro/ff-transform-data/data/bronze/raw/calendar/2026/09_yellow.html,2026-09-03T07:55:34Z
Sep 23,3:30pm,GBP,orange,Flash Services PMI,N/A,N/A,N/A,/Users/datpro/Documents/gitdatpro/ff-transform-data/data/bronze/raw/calendar/2026/09_all.md|/Users/datpro/Documents/gitdatpro/ff-transform-data/data/bronze/raw/calendar/2026/09_red.html|/Users/datpro/Documents/gitdatpro/ff-transform-data/data/bronze/raw/calendar/2026/09_orange.html|/Users/datpro/Documents/gitdatpro/ff-transform-data/data/bronze/raw/calendar/2026/09_yellow.html,2026-09-03T07:55:34Z
Sep 23,6:00am,AUD,yellow,Flash Manufacturing PMI,N/A,N/A,N/A,/Users/datpro/Documents/gitdatpro/ff-transform-data/data/bronze/raw/calendar/2026/09_all.md|/Users/datpro/Documents/gitdatpro/ff-transform-data/data/bronze/raw/calendar/2026/09_red.html|/Users/datpro/Documents/gitdatpro/ff-transform-data/data/bronze/raw/calendar/2026/09_orange.html|/Users/datpro/Documents/gitdatpro/ff-transform-data/data/bronze/raw/calendar/2026/09_yellow.html,2026-09-03T07:55:34Z
Sep 23,6:00am,AUD,yellow,Flash Services PMI,N/A,N/A,N/A,/Users/datpro/Documents/gitdatpro/ff-transform-data/data/bronze/raw/calendar/2026/09_all.md|/Users/datpro/Documents/gitdatpro/ff-transform-data/data/bronze/raw/calendar/2026/09_red.html|/Users/datpro/Documents/gitdatpro/ff-transform-data/data/bronze/raw/calendar/2026/09_orange.html|/Users/datpro/Documents/gitdatpro/ff-transform-data/data/bronze/raw/calendar/2026/09_yellow.html,2026-09-03T07:55:34Z
Sep 23,8:45pm,USD,yellow,Flash Manufacturing PMI,N/A,N/A,N/A,/Users/datpro/Documents/gitdatpro/ff-transform-data/data/bronze/raw/calendar/2026/09_all.md|/Users/datpro/Documents/gitdatpro/ff-transform-data/data/bronze/raw/calendar/2026/09_red.html|/Users/datpro/Documents/gitdatpro/ff-transform-data/data/bronze/raw/calendar/2026/09_orange.html|/Users/datpro/Documents/gitdatpro/ff-transform-data/data/bronze/raw/calendar/2026/09_yellow.html,2026-09-03T07:55:34Z
Sep 23,8:45pm,USD,yellow,Flash Services PMI,N/A,N/A,N/A,/Users/datpro/Documents/gitdatpro/ff-transform-data/data/bronze/raw/calendar/2026/09_all.md|/Users/datpro/Documents/gitdatpro/ff-transform-data/data/bronze/raw/calendar/2026/09_red.html|/Users/datpro/Documents/gitdatpro/ff-transform-data/data/bronze/raw/calendar/2026/09_orange.html|/Users/datpro/Documents/gitdatpro/ff-transform-data/data/bronze/raw/calendar/2026/09_yellow.html,2026-09-03T07:55:34Z
Sep 23,9:30pm,USD,yellow,Crude Oil Inventories,N/A,N/A,N/A,/Users/datpro/Documents/gitdatpro/ff-transform-data/data/bronze/raw/calendar/2026/09_all.md|/Users/datpro/Documents/gitdatpro/ff-transform-data/data/bronze/raw/calendar/2026/09_red.html|/Users/datpro/Documents/gitdatpro/ff-transform-data/data/bronze/raw/calendar/2026/09_orange.html|/Users/datpro/Documents/gitdatpro/ff-transform-data/data/bronze/raw/calendar/2026/09_yellow.html,2026-09-03T07:55:34Z
Sep 24,2:30pm,CHF,red,SNB Monetary Policy Assessment,N/A,N/A,N/A,/Users/datpro/Documents/gitdatpro/ff-transform-data/data/bronze/raw/calendar/2026/09_all.md|/Users/datpro/Documents/gitdatpro/ff-transform-data/data/bronze/raw/calendar/2026/09_red.html|/Users/datpro/Documents/gitdatpro/ff-transform-data/data/bronze/raw/calendar/2026/09_orange.html|/Users/datpro/Documents/gitdatpro/ff-transform-data/data/bronze/raw/calendar/2026/09_yellow.html,2026-09-03T07:55:34Z
Sep 24,2:30pm,CHF,red,SNB Policy Rate,N/A,N/A,N/A,/Users/datpro/Documents/gitdatpro/ff-transform-data/data/bronze/raw/calendar/2026/09_all.md|/Users/datpro/Documents/gitdatpro/ff-transform-data/data/bronze/raw/calendar/2026/09_red.html|/Users/datpro/Documents/gitdatpro/ff-transform-data/data/bronze/raw/calendar/2026/09_orange.html|/Users/datpro/Documents/gitdatpro/ff-transform-data/data/bronze/raw/calendar/2026/09_yellow.html,2026-09-03T07:55:34Z
Sep 24,3:00pm,CHF,red,SNB Press Conference,N/A,N/A,N/A,/Users/datpro/Documents/gitdatpro/ff-transform-data/data/bronze/raw/calendar/2026/09_all.md|/Users/datpro/Documents/gitdatpro/ff-transform-data/data/bronze/raw/calendar/2026/09_red.html|/Users/datpro/Documents/gitdatpro/ff-transform-data/data/bronze/raw/calendar/2026/09_orange.html|/Users/datpro/Documents/gitdatpro/ff-transform-data/data/bronze/raw/calendar/2026/09_yellow.html,2026-09-03T07:55:34Z
Sep 24,3:00pm,EUR,yellow,ECB Economic Bulletin,N/A,N/A,N/A,/Users/datpro/Documents/gitdatpro/ff-transform-data/data/bronze/raw/calendar/2026/09_all.md|/Users/datpro/Documents/gitdatpro/ff-transform-data/data/bronze/raw/calendar/2026/09_red.html|/Users/datpro/Documents/gitdatpro/ff-transform-data/data/bronze/raw/calendar/2026/09_orange.html|/Users/datpro/Documents/gitdatpro/ff-transform-data/data/bronze/raw/calendar/2026/09_yellow.html,2026-09-03T07:55:34Z
Sep 24,3:00pm,EUR,yellow,German ifo Business Climate,N/A,N/A,N/A,/Users/datpro/Documents/gitdatpro/ff-transform-data/data/bronze/raw/calendar/2026/09_all.md|/Users/datpro/Documents/gitdatpro/ff-transform-data/data/bronze/raw/calendar/2026/09_red.html|/Users/datpro/Documents/gitdatpro/ff-transform-data/data/bronze/raw/calendar/2026/09_orange.html|/Users/datpro/Documents/gitdatpro/ff-transform-data/data/bronze/raw/calendar/2026/09_yellow.html,2026-09-03T07:55:34Z
Sep 24,3:30pm,CAD,orange,Retail Sales m/m,N/A,N/A,N/A,/Users/datpro/Documents/gitdatpro/ff-transform-data/data/bronze/raw/calendar/2026/09_all.md|/Users/datpro/Documents/gitdatpro/ff-transform-data/data/bronze/raw/calendar/2026/09_red.html|/Users/datpro/Documents/gitdatpro/ff-transform-data/data/bronze/raw/calendar/2026/09_orange.html|/Users/datpro/Documents/gitdatpro/ff-transform-data/data/bronze/raw/calendar/2026/09_yellow.html,2026-09-03T07:55:34Z
Sep 24,3:30pm,USD,orange,Unemployment Claims,N/A,N/A,N/A,/Users/datpro/Documents/gitdatpro/ff-transform-data/data/bronze/raw/calendar/2026/09_all.md|/Users/datpro/Documents/gitdatpro/ff-transform-data/data/bronze/raw/calendar/2026/09_red.html|/Users/datpro/Documents/gitdatpro/ff-transform-data/data/bronze/raw/calendar/2026/09_orange.html|/Users/datpro/Documents/gitdatpro/ff-transform-data/data/bronze/raw/calendar/2026/09_yellow.html,2026-09-03T07:55:34Z
Sep 24,7:30pm,USD,yellow,Current Account,N/A,N/A,N/A,/Users/datpro/Documents/gitdatpro/ff-transform-data/data/bronze/raw/calendar/2026/09_all.md|/Users/datpro/Documents/gitdatpro/ff-transform-data/data/bronze/raw/calendar/2026/09_red.html|/Users/datpro/Documents/gitdatpro/ff-transform-data/data/bronze/raw/calendar/2026/09_orange.html|/Users/datpro/Documents/gitdatpro/ff-transform-data/data/bronze/raw/calendar/2026/09_yellow.html,2026-09-03T07:55:34Z
Sep 24,8:00pm,CNY,yellow,CB Leading Index m/m,N/A,N/A,N/A,/Users/datpro/Documents/gitdatpro/ff-transform-data/data/bronze/raw/calendar/2026/09_all.md|/Users/datpro/Documents/gitdatpro/ff-transform-data/data/bronze/raw/calendar/2026/09_red.html|/Users/datpro/Documents/gitdatpro/ff-transform-data/data/bronze/raw/calendar/2026/09_orange.html|/Users/datpro/Documents/gitdatpro/ff-transform-data/data/bronze/raw/calendar/2026/09_yellow.html,2026-09-03T07:55:34Z
Sep 24,8:00pm,EUR,yellow,Belgian NBB Business Climate,N/A,N/A,N/A,/Users/datpro/Documents/gitdatpro/ff-transform-data/data/bronze/raw/calendar/2026/09_all.md|/Users/datpro/Documents/gitdatpro/ff-transform-data/data/bronze/raw/calendar/2026/09_red.html|/Users/datpro/Documents/gitdatpro/ff-transform-data/data/bronze/raw/calendar/2026/09_orange.html|/Users/datpro/Documents/gitdatpro/ff-transform-data/data/bronze/raw/calendar/2026/09_yellow.html,2026-09-03T07:55:34Z
Sep 24,9:00pm,USD,yellow,New Home Sales,N/A,N/A,N/A,/Users/datpro/Documents/gitdatpro/ff-transform-data/data/bronze/raw/calendar/2026/09_all.md|/Users/datpro/Documents/gitdatpro/ff-transform-data/data/bronze/raw/calendar/2026/09_red.html|/Users/datpro/Documents/gitdatpro/ff-transform-data/data/bronze/raw/calendar/2026/09_orange.html|/Users/datpro/Documents/gitdatpro/ff-transform-data/data/bronze/raw/calendar/2026/09_yellow.html,2026-09-03T07:55:34Z
Sep 24,9:30pm,USD,yellow,Natural Gas Storage,N/A,N/A,N/A,/Users/datpro/Documents/gitdatpro/ff-transform-data/data/bronze/raw/calendar/2026/09_all.md|/Users/datpro/Documents/gitdatpro/ff-transform-data/data/bronze/raw/calendar/2026/09_red.html|/Users/datpro/Documents/gitdatpro/ff-transform-data/data/bronze/raw/calendar/2026/09_orange.html|/Users/datpro/Documents/gitdatpro/ff-transform-data/data/bronze/raw/calendar/2026/09_yellow.html,2026-09-03T07:55:34Z
Sep 24,Tentative,AUD,yellow,NAB Quarterly Business Confidence,N/A,N/A,N/A,/Users/datpro/Documents/gitdatpro/ff-transform-data/data/bronze/raw/calendar/2026/09_all.md|/Users/datpro/Documents/gitdatpro/ff-transform-data/data/bronze/raw/calendar/2026/09_red.html|/Users/datpro/Documents/gitdatpro/ff-transform-data/data/bronze/raw/calendar/2026/09_orange.html|/Users/datpro/Documents/gitdatpro/ff-transform-data/data/bronze/raw/calendar/2026/09_yellow.html,2026-09-03T07:55:34Z
Sep 24,Tentative,AUD,red,Unemployment Rate,N/A,N/A,N/A,/Users/datpro/Documents/gitdatpro/ff-transform-data/data/bronze/raw/calendar/2026/09_all.md|/Users/datpro/Documents/gitdatpro/ff-transform-data/data/bronze/raw/calendar/2026/09_red.html|/Users/datpro/Documents/gitdatpro/ff-transform-data/data/bronze/raw/calendar/2026/09_orange.html|/Users/datpro/Documents/gitdatpro/ff-transform-data/data/bronze/raw/calendar/2026/09_yellow.html,2026-09-03T07:55:34Z
Sep 25,3:00pm,EUR,yellow,M3 Money Supply y/y,N/A,N/A,N/A,/Users/datpro/Documents/gitdatpro/ff-transform-data/data/bronze/raw/calendar/2026/09_all.md|/Users/datpro/Documents/gitdatpro/ff-transform-data/data/bronze/raw/calendar/2026/09_red.html|/Users/datpro/Documents/gitdatpro/ff-transform-data/data/bronze/raw/calendar/2026/09_orange.html|/Users/datpro/Documents/gitdatpro/ff-transform-data/data/bronze/raw/calendar/2026/09_yellow.html,2026-09-03T07:55:34Z
Sep 25,3:00pm,EUR,yellow,Private Loans y/y,N/A,N/A,N/A,/Users/datpro/Documents/gitdatpro/ff-transform-data/data/bronze/raw/calendar/2026/09_all.md|/Users/datpro/Documents/gitdatpro/ff-transform-data/data/bronze/raw/calendar/2026/09_red.html|/Users/datpro/Documents/gitdatpro/ff-transform-data/data/bronze/raw/calendar/2026/09_orange.html|/Users/datpro/Documents/gitdatpro/ff-transform-data/data/bronze/raw/calendar/2026/09_yellow.html,2026-09-03T07:55:34Z
Sep 25,3:30pm,USD,orange,Revised UoM Inflation Expectations,N/A,N/A,N/A,/Users/datpro/Documents/gitdatpro/ff-transform-data/data/bronze/raw/calendar/2026/09_all.md|/Users/datpro/Documents/gitdatpro/ff-transform-data/data/bronze/raw/calendar/2026/09_red.html|/Users/datpro/Documents/gitdatpro/ff-transform-data/data/bronze/raw/calendar/2026/09_orange.html|/Users/datpro/Documents/gitdatpro/ff-transform-data/data/bronze/raw/calendar/2026/09_yellow.html,2026-09-03T07:55:34Z
Sep 25,7:30pm,USD,yellow,Core Durable Goods Orders m/m,N/A,N/A,N/A,/Users/datpro/Documents/gitdatpro/ff-transform-data/data/bronze/raw/calendar/2026/09_all.md|/Users/datpro/Documents/gitdatpro/ff-transform-data/data/bronze/raw/calendar/2026/09_red.html|/Users/datpro/Documents/gitdatpro/ff-transform-data/data/bronze/raw/calendar/2026/09_orange.html|/Users/datpro/Documents/gitdatpro/ff-transform-data/data/bronze/raw/calendar/2026/09_yellow.html,2026-09-03T07:55:34Z
Sep 25,7:30pm,USD,yellow,Durable Goods Orders m/m,N/A,N/A,N/A,/Users/datpro/Documents/gitdatpro/ff-transform-data/data/bronze/raw/calendar/2026/09_all.md|/Users/datpro/Documents/gitdatpro/ff-transform-data/data/bronze/raw/calendar/2026/09_red.html|/Users/datpro/Documents/gitdatpro/ff-transform-data/data/bronze/raw/calendar/2026/09_orange.html|/Users/datpro/Documents/gitdatpro/ff-transform-data/data/bronze/raw/calendar/2026/09_yellow.html,2026-09-03T07:55:34Z
Sep 28,1:45pm,EUR,yellow,French Consumer Spending m/m,N/A,N/A,N/A,/Users/datpro/Documents/gitdatpro/ff-transform-data/data/bronze/raw/calendar/2026/09_all.md|/Users/datpro/Documents/gitdatpro/ff-transform-data/data/bronze/raw/calendar/2026/09_red.html|/Users/datpro/Documents/gitdatpro/ff-transform-data/data/bronze/raw/calendar/2026/09_orange.html|/Users/datpro/Documents/gitdatpro/ff-transform-data/data/bronze/raw/calendar/2026/09_yellow.html,2026-09-03T07:55:34Z
Sep 28,7:30pm,JPY,yellow,SPPI y/y,N/A,N/A,N/A,/Users/datpro/Documents/gitdatpro/ff-transform-data/data/bronze/raw/calendar/2026/09_all.md|/Users/datpro/Documents/gitdatpro/ff-transform-data/data/bronze/raw/calendar/2026/09_red.html|/Users/datpro/Documents/gitdatpro/ff-transform-data/data/bronze/raw/calendar/2026/09_orange.html|/Users/datpro/Documents/gitdatpro/ff-transform-data/data/bronze/raw/calendar/2026/09_yellow.html,2026-09-03T07:55:34Z
Sep 28,Tentative,EUR,yellow,Italian 10-y Bond Auction,N/A,N/A,N/A,/Users/datpro/Documents/gitdatpro/ff-transform-data/data/bronze/raw/calendar/2026/09_all.md|/Users/datpro/Documents/gitdatpro/ff-transform-data/data/bronze/raw/calendar/2026/09_red.html|/Users/datpro/Documents/gitdatpro/ff-transform-data/data/bronze/raw/calendar/2026/09_orange.html|/Users/datpro/Documents/gitdatpro/ff-transform-data/data/bronze/raw/calendar/2026/09_yellow.html,2026-09-03T07:55:34Z
Sep 29,12:00pm,JPY,yellow,BOJ Core CPI y/y,N/A,N/A,N/A,/Users/datpro/Documents/gitdatpro/ff-transform-data/data/bronze/raw/calendar/2026/09_all.md|/Users/datpro/Documents/gitdatpro/ff-transform-data/data/bronze/raw/calendar/2026/09_red.html|/Users/datpro/Documents/gitdatpro/ff-transform-data/data/bronze/raw/calendar/2026/09_orange.html|/Users/datpro/Documents/gitdatpro/ff-transform-data/data/bronze/raw/calendar/2026/09_yellow.html,2026-09-03T07:55:34Z
Sep 29,1:30pm,CHF,yellow,Retail Sales y/y,N/A,N/A,N/A,/Users/datpro/Documents/gitdatpro/ff-transform-data/data/bronze/raw/calendar/2026/09_all.md|/Users/datpro/Documents/gitdatpro/ff-transform-data/data/bronze/raw/calendar/2026/09_red.html|/Users/datpro/Documents/gitdatpro/ff-transform-data/data/bronze/raw/calendar/2026/09_orange.html|/Users/datpro/Documents/gitdatpro/ff-transform-data/data/bronze/raw/calendar/2026/09_yellow.html,2026-09-03T07:55:34Z
Sep 29,1:45pm,EUR,yellow,French Prelim CPI m/m,N/A,N/A,N/A,/Users/datpro/Documents/gitdatpro/ff-transform-data/data/bronze/raw/calendar/2026/09_all.md|/Users/datpro/Documents/gitdatpro/ff-transform-data/data/bronze/raw/calendar/2026/09_red.html|/Users/datpro/Documents/gitdatpro/ff-transform-data/data/bronze/raw/calendar/2026/09_orange.html|/Users/datpro/Documents/gitdatpro/ff-transform-data/data/bronze/raw/calendar/2026/09_yellow.html,2026-09-03T07:55:34Z
Sep 29,2:00pm,CHF,yellow,KOF Economic Barometer,N/A,N/A,N/A,/Users/datpro/Documents/gitdatpro/ff-transform-data/data/bronze/raw/calendar/2026/09_all.md|/Users/datpro/Documents/gitdatpro/ff-transform-data/data/bronze/raw/calendar/2026/09_red.html|/Users/datpro/Documents/gitdatpro/ff-transform-data/data/bronze/raw/calendar/2026/09_orange.html|/Users/datpro/Documents/gitdatpro/ff-transform-data/data/bronze/raw/calendar/2026/09_yellow.html,2026-09-03T07:55:34Z
Sep 29,2:00pm,EUR,yellow,Spanish Flash CPI y/y,N/A,N/A,N/A,/Users/datpro/Documents/gitdatpro/ff-transform-data/data/bronze/raw/calendar/2026/09_all.md|/Users/datpro/Documents/gitdatpro/ff-transform-data/data/bronze/raw/calendar/2026/09_red.html|/Users/datpro/Documents/gitdatpro/ff-transform-data/data/bronze/raw/calendar/2026/09_orange.html|/Users/datpro/Documents/gitdatpro/ff-transform-data/data/bronze/raw/calendar/2026/09_yellow.html,2026-09-03T07:55:34Z
Sep 29,3:00pm,AUD,red,RBA Rate Statement,N/A,N/A,N/A,/Users/datpro/Documents/gitdatpro/ff-transform-data/data/bronze/raw/calendar/2026/09_all.md|/Users/datpro/Documents/gitdatpro/ff-transform-data/data/bronze/raw/calendar/2026/09_red.html|/Users/datpro/Documents/gitdatpro/ff-transform-data/data/bronze/raw/calendar/2026/09_orange.html|/Users/datpro/Documents/gitdatpro/ff-transform-data/data/bronze/raw/calendar/2026/09_yellow.html,2026-09-03T07:55:34Z
Sep 29,3:30pm,GBP,yellow,M4 Money Supply m/m,N/A,N/A,N/A,/Users/datpro/Documents/gitdatpro/ff-transform-data/data/bronze/raw/calendar/2026/09_all.md|/Users/datpro/Documents/gitdatpro/ff-transform-data/data/bronze/raw/calendar/2026/09_red.html|/Users/datpro/Documents/gitdatpro/ff-transform-data/data/bronze/raw/calendar/2026/09_orange.html|/Users/datpro/Documents/gitdatpro/ff-transform-data/data/bronze/raw/calendar/2026/09_yellow.html,2026-09-03T07:55:34Z
Sep 29,3:30pm,GBP,yellow,Mortgage Approvals,N/A,N/A,N/A,/Users/datpro/Documents/gitdatpro/ff-transform-data/data/bronze/raw/calendar/2026/09_all.md|/Users/datpro/Documents/gitdatpro/ff-transform-data/data/bronze/raw/calendar/2026/09_red.html|/Users/datpro/Documents/gitdatpro/ff-transform-data/data/bronze/raw/calendar/2026/09_orange.html|/Users/datpro/Documents/gitdatpro/ff-transform-data/data/bronze/raw/calendar/2026/09_yellow.html,2026-09-03T07:55:34Z
Sep 29,3:30pm,GBP,yellow,Net Lending to Individuals m/m,N/A,N/A,N/A,/Users/datpro/Documents/gitdatpro/ff-transform-data/data/bronze/raw/calendar/2026/09_all.md|/Users/datpro/Documents/gitdatpro/ff-transform-data/data/bronze/raw/calendar/2026/09_red.html|/Users/datpro/Documents/gitdatpro/ff-transform-data/data/bronze/raw/calendar/2026/09_orange.html|/Users/datpro/Documents/gitdatpro/ff-transform-data/data/bronze/raw/calendar/2026/09_yellow.html,2026-09-03T07:55:34Z
Sep 29,7:30pm,CAD,red,GDP m/m,N/A,N/A,N/A,/Users/datpro/Documents/gitdatpro/ff-transform-data/data/bronze/raw/calendar/2026/09_all.md|/Users/datpro/Documents/gitdatpro/ff-transform-data/data/bronze/raw/calendar/2026/09_red.html|/Users/datpro/Documents/gitdatpro/ff-transform-data/data/bronze/raw/calendar/2026/09_orange.html|/Users/datpro/Documents/gitdatpro/ff-transform-data/data/bronze/raw/calendar/2026/09_yellow.html,2026-09-03T07:55:34Z
Sep 29,8:00pm,USD,yellow,HPI m/m,N/A,N/A,N/A,/Users/datpro/Documents/gitdatpro/ff-transform-data/data/bronze/raw/calendar/2026/09_all.md|/Users/datpro/Documents/gitdatpro/ff-transform-data/data/bronze/raw/calendar/2026/09_red.html|/Users/datpro/Documents/gitdatpro/ff-transform-data/data/bronze/raw/calendar/2026/09_orange.html|/Users/datpro/Documents/gitdatpro/ff-transform-data/data/bronze/raw/calendar/2026/09_yellow.html,2026-09-03T07:55:34Z
Sep 29,8:00pm,USD,yellow,S&P/CS Composite-20 HPI y/y,N/A,N/A,N/A,/Users/datpro/Documents/gitdatpro/ff-transform-data/data/bronze/raw/calendar/2026/09_all.md|/Users/datpro/Documents/gitdatpro/ff-transform-data/data/bronze/raw/calendar/2026/09_red.html|/Users/datpro/Documents/gitdatpro/ff-transform-data/data/bronze/raw/calendar/2026/09_orange.html|/Users/datpro/Documents/gitdatpro/ff-transform-data/data/bronze/raw/calendar/2026/09_yellow.html,2026-09-03T07:55:34Z
Sep 29,8:30am,AUD,yellow,Household Spending m/m,N/A,N/A,N/A,/Users/datpro/Documents/gitdatpro/ff-transform-data/data/bronze/raw/calendar/2026/09_all.md|/Users/datpro/Documents/gitdatpro/ff-transform-data/data/bronze/raw/calendar/2026/09_red.html|/Users/datpro/Documents/gitdatpro/ff-transform-data/data/bronze/raw/calendar/2026/09_orange.html|/Users/datpro/Documents/gitdatpro/ff-transform-data/data/bronze/raw/calendar/2026/09_yellow.html,2026-09-03T07:55:34Z
Sep 29,9:00pm,USD,orange,CB Consumer Confidence,N/A,N/A,N/A,/Users/datpro/Documents/gitdatpro/ff-transform-data/data/bronze/raw/calendar/2026/09_all.md|/Users/datpro/Documents/gitdatpro/ff-transform-data/data/bronze/raw/calendar/2026/09_red.html|/Users/datpro/Documents/gitdatpro/ff-transform-data/data/bronze/raw/calendar/2026/09_orange.html|/Users/datpro/Documents/gitdatpro/ff-transform-data/data/bronze/raw/calendar/2026/09_yellow.html,2026-09-03T07:55:34Z
Sep 29,9:00pm,USD,orange,JOLTS Job Openings,N/A,N/A,N/A,/Users/datpro/Documents/gitdatpro/ff-transform-data/data/bronze/raw/calendar/2026/09_all.md|/Users/datpro/Documents/gitdatpro/ff-transform-data/data/bronze/raw/calendar/2026/09_red.html|/Users/datpro/Documents/gitdatpro/ff-transform-data/data/bronze/raw/calendar/2026/09_orange.html|/Users/datpro/Documents/gitdatpro/ff-transform-data/data/bronze/raw/calendar/2026/09_yellow.html,2026-09-03T07:55:34Z
Sep 3,10:35am,JPY,yellow,30-y Bond Auction,4.08|3.8,N/A,3.94|3.9,/Users/datpro/Documents/gitdatpro/ff-transform-data/data/bronze/raw/calendar/2026/09_all.md|/Users/datpro/Documents/gitdatpro/ff-transform-data/data/bronze/raw/calendar/2026/09_red.html|/Users/datpro/Documents/gitdatpro/ff-transform-data/data/bronze/raw/calendar/2026/09_orange.html|/Users/datpro/Documents/gitdatpro/ff-transform-data/data/bronze/raw/calendar/2026/09_yellow.html,2026-09-03T07:55:34Z
Sep 3,12:15pm,AUD,yellow,RBA Assist Gov Hunter Speaks,N/A,N/A,N/A,/Users/datpro/Documents/gitdatpro/ff-transform-data/data/bronze/raw/calendar/2026/09_all.md|/Users/datpro/Documents/gitdatpro/ff-transform-data/data/bronze/raw/calendar/2026/09_red.html|/Users/datpro/Documents/gitdatpro/ff-transform-data/data/bronze/raw/calendar/2026/09_orange.html|/Users/datpro/Documents/gitdatpro/ff-transform-data/data/bronze/raw/calendar/2026/09_yellow.html,2026-09-03T07:55:34Z
Sep 3,1:30pm,CHF,orange,CPI m/m,0.4%,0.0%,-0.1%,/Users/datpro/Documents/gitdatpro/ff-transform-data/data/bronze/raw/calendar/2026/09_all.md|/Users/datpro/Documents/gitdatpro/ff-transform-data/data/bronze/raw/calendar/2026/09_red.html|/Users/datpro/Documents/gitdatpro/ff-transform-data/data/bronze/raw/calendar/2026/09_orange.html|/Users/datpro/Documents/gitdatpro/ff-transform-data/data/bronze/raw/calendar/2026/09_yellow.html,2026-09-03T07:55:34Z
Sep 3,2:00pm,CHF,yellow,GDP q/q,1.9%,1.7%,0.6%,/Users/datpro/Documents/gitdatpro/ff-transform-data/data/bronze/raw/calendar/2026/09_all.md|/Users/datpro/Documents/gitdatpro/ff-transform-data/data/bronze/raw/calendar/2026/09_red.html|/Users/datpro/Documents/gitdatpro/ff-transform-data/data/bronze/raw/calendar/2026/09_orange.html|/Users/datpro/Documents/gitdatpro/ff-transform-data/data/bronze/raw/calendar/2026/09_yellow.html,2026-09-03T07:55:34Z
Sep 3,2:15pm,EUR,yellow,Spanish Services PMI,N/A,59.0,58.3,/Users/datpro/Documents/gitdatpro/ff-transform-data/data/bronze/raw/calendar/2026/09_all.md|/Users/datpro/Documents/gitdatpro/ff-transform-data/data/bronze/raw/calendar/2026/09_red.html|/Users/datpro/Documents/gitdatpro/ff-transform-data/data/bronze/raw/calendar/2026/09_orange.html|/Users/datpro/Documents/gitdatpro/ff-transform-data/data/bronze/raw/calendar/2026/09_yellow.html,2026-09-03T07:55:34Z
Sep 3,2:45pm,EUR,yellow,Italian Services PMI,N/A,53.6,52.5,/Users/datpro/Documents/gitdatpro/ff-transform-data/data/bronze/raw/calendar/2026/09_all.md|/Users/datpro/Documents/gitdatpro/ff-transform-data/data/bronze/raw/calendar/2026/09_red.html|/Users/datpro/Documents/gitdatpro/ff-transform-data/data/bronze/raw/calendar/2026/09_orange.html|/Users/datpro/Documents/gitdatpro/ff-transform-data/data/bronze/raw/calendar/2026/09_yellow.html,2026-09-03T07:55:34Z
Sep 3,2:50pm,EUR,yellow,French Final Services PMI,N/A,48.4,48.4,/Users/datpro/Documents/gitdatpro/ff-transform-data/data/bronze/raw/calendar/2026/09_all.md|/Users/datpro/Documents/gitdatpro/ff-transform-data/data/bronze/raw/calendar/2026/09_red.html|/Users/datpro/Documents/gitdatpro/ff-transform-data/data/bronze/raw/calendar/2026/09_orange.html|/Users/datpro/Documents/gitdatpro/ff-transform-data/data/bronze/raw/calendar/2026/09_yellow.html,2026-09-03T07:55:34Z
Sep 3,2:55pm,EUR,yellow,German Final Services PMI,N/A,48.5,48.5,/Users/datpro/Documents/gitdatpro/ff-transform-data/data/bronze/raw/calendar/2026/09_all.md|/Users/datpro/Documents/gitdatpro/ff-transform-data/data/bronze/raw/calendar/2026/09_red.html|/Users/datpro/Documents/gitdatpro/ff-transform-data/data/bronze/raw/calendar/2026/09_orange.html|/Users/datpro/Documents/gitdatpro/ff-transform-data/data/bronze/raw/calendar/2026/09_yellow.html,2026-09-03T07:55:34Z
Sep 3,3:00pm,EUR,yellow,Final Services PMI,N/A,51.7,51.7,/Users/datpro/Documents/gitdatpro/ff-transform-data/data/bronze/raw/calendar/2026/09_all.md|/Users/datpro/Documents/gitdatpro/ff-transform-data/data/bronze/raw/calendar/2026/09_red.html|/Users/datpro/Documents/gitdatpro/ff-transform-data/data/bronze/raw/calendar/2026/09_orange.html|/Users/datpro/Documents/gitdatpro/ff-transform-data/data/bronze/raw/calendar/2026/09_yellow.html,2026-09-03T07:55:34Z
Sep 3,3:30pm,GBP,yellow,Final Services PMI,N/A,52.8,52.8,/Users/datpro/Documents/gitdatpro/ff-transform-data/data/bronze/raw/calendar/2026/09_all.md|/Users/datpro/Documents/gitdatpro/ff-transform-data/data/bronze/raw/calendar/2026/09_red.html|/Users/datpro/Documents/gitdatpro/ff-transform-data/data/bronze/raw/calendar/2026/09_orange.html|/Users/datpro/Documents/gitdatpro/ff-transform-data/data/bronze/raw/calendar/2026/09_yellow.html,2026-09-03T07:55:34Z
Sep 3,4:00pm,EUR,yellow,PPI m/m,N/A,1.2%,-0.3%,/Users/datpro/Documents/gitdatpro/ff-transform-data/data/bronze/raw/calendar/2026/09_all.md|/Users/datpro/Documents/gitdatpro/ff-transform-data/data/bronze/raw/calendar/2026/09_red.html|/Users/datpro/Documents/gitdatpro/ff-transform-data/data/bronze/raw/calendar/2026/09_orange.html|/Users/datpro/Documents/gitdatpro/ff-transform-data/data/bronze/raw/calendar/2026/09_yellow.html,2026-09-03T07:55:34Z
Sep 3,4:30pm,USD,yellow,Challenger Job Cuts y/y,N/A,N/A,-46.1%,/Users/datpro/Documents/gitdatpro/ff-transform-data/data/bronze/raw/calendar/2026/09_all.md|/Users/datpro/Documents/gitdatpro/ff-transform-data/data/bronze/raw/calendar/2026/09_red.html|/Users/datpro/Documents/gitdatpro/ff-transform-data/data/bronze/raw/calendar/2026/09_orange.html|/Users/datpro/Documents/gitdatpro/ff-transform-data/data/bronze/raw/calendar/2026/09_yellow.html,2026-09-03T07:55:34Z
Sep 3,5:45am,NZD,yellow,Overseas Trade Index q/q,-9.0%,-2.1%,-1.9%,/Users/datpro/Documents/gitdatpro/ff-transform-data/data/bronze/raw/calendar/2026/09_all.md|/Users/datpro/Documents/gitdatpro/ff-transform-data/data/bronze/raw/calendar/2026/09_red.html|/Users/datpro/Documents/gitdatpro/ff-transform-data/data/bronze/raw/calendar/2026/09_orange.html|/Users/datpro/Documents/gitdatpro/ff-transform-data/data/bronze/raw/calendar/2026/09_yellow.html,2026-09-03T07:55:34Z
Sep 3,7:30pm,CAD,yellow,Labor Productivity q/q,N/A,0.7%,-0.5%,/Users/datpro/Documents/gitdatpro/ff-transform-data/data/bronze/raw/calendar/2026/09_all.md|/Users/datpro/Documents/gitdatpro/ff-transform-data/data/bronze/raw/calendar/2026/09_red.html|/Users/datpro/Documents/gitdatpro/ff-transform-data/data/bronze/raw/calendar/2026/09_orange.html|/Users/datpro/Documents/gitdatpro/ff-transform-data/data/bronze/raw/calendar/2026/09_yellow.html,2026-09-03T07:55:34Z
Sep 3,7:30pm,CAD,yellow,Trade Balance,N/A,3.2B,3.9B,/Users/datpro/Documents/gitdatpro/ff-transform-data/data/bronze/raw/calendar/2026/09_all.md|/Users/datpro/Documents/gitdatpro/ff-transform-data/data/bronze/raw/calendar/2026/09_red.html|/Users/datpro/Documents/gitdatpro/ff-transform-data/data/bronze/raw/calendar/2026/09_orange.html|/Users/datpro/Documents/gitdatpro/ff-transform-data/data/bronze/raw/calendar/2026/09_yellow.html,2026-09-03T07:55:34Z
Sep 3,7:30pm,USD,yellow,FOMC Member Waller Speaks,N/A,N/A,N/A,/Users/datpro/Documents/gitdatpro/ff-transform-data/data/bronze/raw/calendar/2026/09_all.md|/Users/datpro/Documents/gitdatpro/ff-transform-data/data/bronze/raw/calendar/2026/09_red.html|/Users/datpro/Documents/gitdatpro/ff-transform-data/data/bronze/raw/calendar/2026/09_orange.html|/Users/datpro/Documents/gitdatpro/ff-transform-data/data/bronze/raw/calendar/2026/09_yellow.html,2026-09-03T07:55:34Z
Sep 3,7:30pm,USD,yellow,Revised Nonfarm Productivity q/q,N/A,1.4%,1.4%,/Users/datpro/Documents/gitdatpro/ff-transform-data/data/bronze/raw/calendar/2026/09_all.md|/Users/datpro/Documents/gitdatpro/ff-transform-data/data/bronze/raw/calendar/2026/09_red.html|/Users/datpro/Documents/gitdatpro/ff-transform-data/data/bronze/raw/calendar/2026/09_orange.html|/Users/datpro/Documents/gitdatpro/ff-transform-data/data/bronze/raw/calendar/2026/09_yellow.html,2026-09-03T07:55:34Z
Sep 3,7:30pm,USD,yellow,Revised Unit Labor Costs q/q,N/A,1.3%,1.3%,/Users/datpro/Documents/gitdatpro/ff-transform-data/data/bronze/raw/calendar/2026/09_all.md|/Users/datpro/Documents/gitdatpro/ff-transform-data/data/bronze/raw/calendar/2026/09_red.html|/Users/datpro/Documents/gitdatpro/ff-transform-data/data/bronze/raw/calendar/2026/09_orange.html|/Users/datpro/Documents/gitdatpro/ff-transform-data/data/bronze/raw/calendar/2026/09_yellow.html,2026-09-03T07:55:34Z
Sep 3,7:30pm,USD,yellow,Trade Balance,N/A,-89.4B,-73.3B,/Users/datpro/Documents/gitdatpro/ff-transform-data/data/bronze/raw/calendar/2026/09_all.md|/Users/datpro/Documents/gitdatpro/ff-transform-data/data/bronze/raw/calendar/2026/09_red.html|/Users/datpro/Documents/gitdatpro/ff-transform-data/data/bronze/raw/calendar/2026/09_orange.html|/Users/datpro/Documents/gitdatpro/ff-transform-data/data/bronze/raw/calendar/2026/09_yellow.html,2026-09-03T07:55:34Z
Sep 3,7:30pm,USD,orange,Unemployment Claims,N/A,205K,203K,/Users/datpro/Documents/gitdatpro/ff-transform-data/data/bronze/raw/calendar/2026/09_all.md|/Users/datpro/Documents/gitdatpro/ff-transform-data/data/bronze/raw/calendar/2026/09_red.html|/Users/datpro/Documents/gitdatpro/ff-transform-data/data/bronze/raw/calendar/2026/09_orange.html|/Users/datpro/Documents/gitdatpro/ff-transform-data/data/bronze/raw/calendar/2026/09_yellow.html,2026-09-03T07:55:34Z
Sep 3,8:00am,NZD,yellow,ANZ Commodity Prices m/m,-0.4%,N/A,-4.0%,/Users/datpro/Documents/gitdatpro/ff-transform-data/data/bronze/raw/calendar/2026/09_all.md|/Users/datpro/Documents/gitdatpro/ff-transform-data/data/bronze/raw/calendar/2026/09_red.html|/Users/datpro/Documents/gitdatpro/ff-transform-data/data/bronze/raw/calendar/2026/09_orange.html|/Users/datpro/Documents/gitdatpro/ff-transform-data/data/bronze/raw/calendar/2026/09_yellow.html,2026-09-03T07:55:34Z
Sep 3,8:15am,AUD,yellow,RBA Assist Gov Jones Speaks,N/A,N/A,N/A,/Users/datpro/Documents/gitdatpro/ff-transform-data/data/bronze/raw/calendar/2026/09_all.md|/Users/datpro/Documents/gitdatpro/ff-transform-data/data/bronze/raw/calendar/2026/09_red.html|/Users/datpro/Documents/gitdatpro/ff-transform-data/data/bronze/raw/calendar/2026/09_orange.html|/Users/datpro/Documents/gitdatpro/ff-transform-data/data/bronze/raw/calendar/2026/09_yellow.html,2026-09-03T07:55:34Z
Sep 3,8:30am,AUD,yellow,Goods Trade Balance,1.92B,1.52B,2.34B,/Users/datpro/Documents/gitdatpro/ff-transform-data/data/bronze/raw/calendar/2026/09_all.md|/Users/datpro/Documents/gitdatpro/ff-transform-data/data/bronze/raw/calendar/2026/09_red.html|/Users/datpro/Documents/gitdatpro/ff-transform-data/data/bronze/raw/calendar/2026/09_orange.html|/Users/datpro/Documents/gitdatpro/ff-transform-data/data/bronze/raw/calendar/2026/09_yellow.html,2026-09-03T07:55:34Z
Sep 3,8:45am,CNY,yellow,RatingDog Services PMI,51.4,50.6,50.4,/Users/datpro/Documents/gitdatpro/ff-transform-data/data/bronze/raw/calendar/2026/09_all.md|/Users/datpro/Documents/gitdatpro/ff-transform-data/data/bronze/raw/calendar/2026/09_red.html|/Users/datpro/Documents/gitdatpro/ff-transform-data/data/bronze/raw/calendar/2026/09_orange.html|/Users/datpro/Documents/gitdatpro/ff-transform-data/data/bronze/raw/calendar/2026/09_yellow.html,2026-09-03T07:55:34Z
Sep 3,8:45pm,USD,yellow,Final Services PMI,N/A,56.8,56.8,/Users/datpro/Documents/gitdatpro/ff-transform-data/data/bronze/raw/calendar/2026/09_all.md|/Users/datpro/Documents/gitdatpro/ff-transform-data/data/bronze/raw/calendar/2026/09_red.html|/Users/datpro/Documents/gitdatpro/ff-transform-data/data/bronze/raw/calendar/2026/09_orange.html|/Users/datpro/Documents/gitdatpro/ff-transform-data/data/bronze/raw/calendar/2026/09_yellow.html,2026-09-03T07:55:34Z
Sep 3,9:00pm,USD,orange,ISM Services PMI,N/A,54.2,54.1,/Users/datpro/Documents/gitdatpro/ff-transform-data/data/bronze/raw/calendar/2026/09_all.md|/Users/datpro/Documents/gitdatpro/ff-transform-data/data/bronze/raw/calendar/2026/09_red.html|/Users/datpro/Documents/gitdatpro/ff-transform-data/data/bronze/raw/calendar/2026/09_orange.html|/Users/datpro/Documents/gitdatpro/ff-transform-data/data/bronze/raw/calendar/2026/09_yellow.html,2026-09-03T07:55:34Z
Sep 3,9:30pm,USD,yellow,Natural Gas Storage,N/A,30B,15B,/Users/datpro/Documents/gitdatpro/ff-transform-data/data/bronze/raw/calendar/2026/09_all.md|/Users/datpro/Documents/gitdatpro/ff-transform-data/data/bronze/raw/calendar/2026/09_red.html|/Users/datpro/Documents/gitdatpro/ff-transform-data/data/bronze/raw/calendar/2026/09_orange.html|/Users/datpro/Documents/gitdatpro/ff-transform-data/data/bronze/raw/calendar/2026/09_yellow.html,2026-09-03T07:55:34Z
Sep 3,Tentative,EUR,yellow,French 10-y Bond Auction,N/A,N/A,3.86|3.7,/Users/datpro/Documents/gitdatpro/ff-transform-data/data/bronze/raw/calendar/2026/09_all.md|/Users/datpro/Documents/gitdatpro/ff-transform-data/data/bronze/raw/calendar/2026/09_red.html|/Users/datpro/Documents/gitdatpro/ff-transform-data/data/bronze/raw/calendar/2026/09_orange.html|/Users/datpro/Documents/gitdatpro/ff-transform-data/data/bronze/raw/calendar/2026/09_yellow.html,2026-09-03T07:55:34Z
Sep 3,Tentative,EUR,yellow,Spanish 10-y Bond Auction,N/A,N/A,3.54|2.4,/Users/datpro/Documents/gitdatpro/ff-transform-data/data/bronze/raw/calendar/2026/09_all.md|/Users/datpro/Documents/gitdatpro/ff-transform-data/data/bronze/raw/calendar/2026/09_red.html|/Users/datpro/Documents/gitdatpro/ff-transform-data/data/bronze/raw/calendar/2026/09_orange.html|/Users/datpro/Documents/gitdatpro/ff-transform-data/data/bronze/raw/calendar/2026/09_yellow.html,2026-09-03T07:55:34Z
Sep 30,12:00pm,JPY,yellow,Housing Starts y/y,N/A,N/A,N/A,/Users/datpro/Documents/gitdatpro/ff-transform-data/data/bronze/raw/calendar/2026/09_all.md|/Users/datpro/Documents/gitdatpro/ff-transform-data/data/bronze/raw/calendar/2026/09_red.html|/Users/datpro/Documents/gitdatpro/ff-transform-data/data/bronze/raw/calendar/2026/09_orange.html|/Users/datpro/Documents/gitdatpro/ff-transform-data/data/bronze/raw/calendar/2026/09_yellow.html,2026-09-03T07:55:34Z
Sep 30,1:00pm,GBP,yellow,Current Account,N/A,N/A,N/A,/Users/datpro/Documents/gitdatpro/ff-transform-data/data/bronze/raw/calendar/2026/09_all.md|/Users/datpro/Documents/gitdatpro/ff-transform-data/data/bronze/raw/calendar/2026/09_red.html|/Users/datpro/Documents/gitdatpro/ff-transform-data/data/bronze/raw/calendar/2026/09_orange.html|/Users/datpro/Documents/gitdatpro/ff-transform-data/data/bronze/raw/calendar/2026/09_yellow.html,2026-09-03T07:55:34Z
Sep 30,1:00pm,GBP,yellow,Final GDP q/q,N/A,N/A,N/A,/Users/datpro/Documents/gitdatpro/ff-transform-data/data/bronze/raw/calendar/2026/09_all.md|/Users/datpro/Documents/gitdatpro/ff-transform-data/data/bronze/raw/calendar/2026/09_red.html|/Users/datpro/Documents/gitdatpro/ff-transform-data/data/bronze/raw/calendar/2026/09_orange.html|/Users/datpro/Documents/gitdatpro/ff-transform-data/data/bronze/raw/calendar/2026/09_yellow.html,2026-09-03T07:55:34Z
Sep 30,1:00pm,GBP,yellow,Revised Business Investment q/q,N/A,N/A,N/A,/Users/datpro/Documents/gitdatpro/ff-transform-data/data/bronze/raw/calendar/2026/09_all.md|/Users/datpro/Documents/gitdatpro/ff-transform-data/data/bronze/raw/calendar/2026/09_red.html|/Users/datpro/Documents/gitdatpro/ff-transform-data/data/bronze/raw/calendar/2026/09_orange.html|/Users/datpro/Documents/gitdatpro/ff-transform-data/data/bronze/raw/calendar/2026/09_yellow.html,2026-09-03T07:55:34Z
Sep 30,2:55pm,EUR,yellow,German Unemployment Change,N/A,N/A,N/A,/Users/datpro/Documents/gitdatpro/ff-transform-data/data/bronze/raw/calendar/2026/09_all.md|/Users/datpro/Documents/gitdatpro/ff-transform-data/data/bronze/raw/calendar/2026/09_red.html|/Users/datpro/Documents/gitdatpro/ff-transform-data/data/bronze/raw/calendar/2026/09_orange.html|/Users/datpro/Documents/gitdatpro/ff-transform-data/data/bronze/raw/calendar/2026/09_yellow.html,2026-09-03T07:55:34Z
Sep 30,30th-7th,GBP,yellow,Nationwide HPI m/m,N/A,N/A,N/A,/Users/datpro/Documents/gitdatpro/ff-transform-data/data/bronze/raw/calendar/2026/09_all.md|/Users/datpro/Documents/gitdatpro/ff-transform-data/data/bronze/raw/calendar/2026/09_red.html|/Users/datpro/Documents/gitdatpro/ff-transform-data/data/bronze/raw/calendar/2026/09_orange.html|/Users/datpro/Documents/gitdatpro/ff-transform-data/data/bronze/raw/calendar/2026/09_yellow.html,2026-09-03T07:55:34Z
Sep 30,3:00pm,CHF,yellow,UBS Economic Expectations,N/A,N/A,N/A,/Users/datpro/Documents/gitdatpro/ff-transform-data/data/bronze/raw/calendar/2026/09_all.md|/Users/datpro/Documents/gitdatpro/ff-transform-data/data/bronze/raw/calendar/2026/09_red.html|/Users/datpro/Documents/gitdatpro/ff-transform-data/data/bronze/raw/calendar/2026/09_orange.html|/Users/datpro/Documents/gitdatpro/ff-transform-data/data/bronze/raw/calendar/2026/09_yellow.html,2026-09-03T07:55:34Z
Sep 30,4:00pm,EUR,yellow,Italian Prelim CPI m/m,N/A,N/A,N/A,/Users/datpro/Documents/gitdatpro/ff-transform-data/data/bronze/raw/calendar/2026/09_all.md|/Users/datpro/Documents/gitdatpro/ff-transform-data/data/bronze/raw/calendar/2026/09_red.html|/Users/datpro/Documents/gitdatpro/ff-transform-data/data/bronze/raw/calendar/2026/09_orange.html|/Users/datpro/Documents/gitdatpro/ff-transform-data/data/bronze/raw/calendar/2026/09_yellow.html,2026-09-03T07:55:34Z
Sep 30,4:30pm,GBP,yellow,FPC Meeting Minutes,N/A,N/A,N/A,/Users/datpro/Documents/gitdatpro/ff-transform-data/data/bronze/raw/calendar/2026/09_all.md|/Users/datpro/Documents/gitdatpro/ff-transform-data/data/bronze/raw/calendar/2026/09_red.html|/Users/datpro/Documents/gitdatpro/ff-transform-data/data/bronze/raw/calendar/2026/09_orange.html|/Users/datpro/Documents/gitdatpro/ff-transform-data/data/bronze/raw/calendar/2026/09_yellow.html,2026-09-03T07:55:34Z
Sep 30,4:30pm,GBP,yellow,FPC Statement,N/A,N/A,N/A,/Users/datpro/Documents/gitdatpro/ff-transform-data/data/bronze/raw/calendar/2026/09_all.md|/Users/datpro/Documents/gitdatpro/ff-transform-data/data/bronze/raw/calendar/2026/09_red.html|/Users/datpro/Documents/gitdatpro/ff-transform-data/data/bronze/raw/calendar/2026/09_orange.html|/Users/datpro/Documents/gitdatpro/ff-transform-data/data/bronze/raw/calendar/2026/09_yellow.html,2026-09-03T07:55:34Z
Sep 30,6:50am,JPY,yellow,Prelim Industrial Production m/m,N/A,N/A,N/A,/Users/datpro/Documents/gitdatpro/ff-transform-data/data/bronze/raw/calendar/2026/09_all.md|/Users/datpro/Documents/gitdatpro/ff-transform-data/data/bronze/raw/calendar/2026/09_red.html|/Users/datpro/Documents/gitdatpro/ff-transform-data/data/bronze/raw/calendar/2026/09_orange.html|/Users/datpro/Documents/gitdatpro/ff-transform-data/data/bronze/raw/calendar/2026/09_yellow.html,2026-09-03T07:55:34Z
Sep 30,6:50am,JPY,yellow,Retail Sales y/y,N/A,N/A,N/A,/Users/datpro/Documents/gitdatpro/ff-transform-data/data/bronze/raw/calendar/2026/09_all.md|/Users/datpro/Documents/gitdatpro/ff-transform-data/data/bronze/raw/calendar/2026/09_red.html|/Users/datpro/Documents/gitdatpro/ff-transform-data/data/bronze/raw/calendar/2026/09_orange.html|/Users/datpro/Documents/gitdatpro/ff-transform-data/data/bronze/raw/calendar/2026/09_yellow.html,2026-09-03T07:55:34Z
Sep 30,7:00am,NZD,yellow,ANZ Business Confidence,N/A,N/A,N/A,/Users/datpro/Documents/gitdatpro/ff-transform-data/data/bronze/raw/calendar/2026/09_all.md|/Users/datpro/Documents/gitdatpro/ff-transform-data/data/bronze/raw/calendar/2026/09_red.html|/Users/datpro/Documents/gitdatpro/ff-transform-data/data/bronze/raw/calendar/2026/09_orange.html|/Users/datpro/Documents/gitdatpro/ff-transform-data/data/bronze/raw/calendar/2026/09_yellow.html,2026-09-03T07:55:34Z
Sep 30,7:15pm,USD,orange,ADP Non-Farm Employment Change,N/A,N/A,N/A,/Users/datpro/Documents/gitdatpro/ff-transform-data/data/bronze/raw/calendar/2026/09_all.md|/Users/datpro/Documents/gitdatpro/ff-transform-data/data/bronze/raw/calendar/2026/09_red.html|/Users/datpro/Documents/gitdatpro/ff-transform-data/data/bronze/raw/calendar/2026/09_orange.html|/Users/datpro/Documents/gitdatpro/ff-transform-data/data/bronze/raw/calendar/2026/09_yellow.html,2026-09-03T07:55:34Z
Sep 30,7:30pm,AUD,red,CPI y/y,N/A,N/A,N/A,/Users/datpro/Documents/gitdatpro/ff-transform-data/data/bronze/raw/calendar/2026/09_all.md|/Users/datpro/Documents/gitdatpro/ff-transform-data/data/bronze/raw/calendar/2026/09_red.html|/Users/datpro/Documents/gitdatpro/ff-transform-data/data/bronze/raw/calendar/2026/09_orange.html|/Users/datpro/Documents/gitdatpro/ff-transform-data/data/bronze/raw/calendar/2026/09_yellow.html,2026-09-03T07:55:34Z
Sep 30,7:30pm,AUD,red,Trimmed Mean CPI m/m,N/A,N/A,N/A,/Users/datpro/Documents/gitdatpro/ff-transform-data/data/bronze/raw/calendar/2026/09_all.md|/Users/datpro/Documents/gitdatpro/ff-transform-data/data/bronze/raw/calendar/2026/09_red.html|/Users/datpro/Documents/gitdatpro/ff-transform-data/data/bronze/raw/calendar/2026/09_orange.html|/Users/datpro/Documents/gitdatpro/ff-transform-data/data/bronze/raw/calendar/2026/09_yellow.html,2026-09-03T07:55:34Z
Sep 30,7:30pm,USD,red,Core PCE Price Index m/m,N/A,N/A,N/A,/Users/datpro/Documents/gitdatpro/ff-transform-data/data/bronze/raw/calendar/2026/09_all.md|/Users/datpro/Documents/gitdatpro/ff-transform-data/data/bronze/raw/calendar/2026/09_red.html|/Users/datpro/Documents/gitdatpro/ff-transform-data/data/bronze/raw/calendar/2026/09_orange.html|/Users/datpro/Documents/gitdatpro/ff-transform-data/data/bronze/raw/calendar/2026/09_yellow.html,2026-09-03T07:55:34Z
Sep 30,7:30pm,USD,orange,Final GDP Price Index q/q,N/A,N/A,N/A,/Users/datpro/Documents/gitdatpro/ff-transform-data/data/bronze/raw/calendar/2026/09_all.md|/Users/datpro/Documents/gitdatpro/ff-transform-data/data/bronze/raw/calendar/2026/09_red.html|/Users/datpro/Documents/gitdatpro/ff-transform-data/data/bronze/raw/calendar/2026/09_orange.html|/Users/datpro/Documents/gitdatpro/ff-transform-data/data/bronze/raw/calendar/2026/09_yellow.html,2026-09-03T07:55:34Z
Sep 30,7:30pm,USD,red,Final GDP q/q,N/A,N/A,N/A,/Users/datpro/Documents/gitdatpro/ff-transform-data/data/bronze/raw/calendar/2026/09_all.md|/Users/datpro/Documents/gitdatpro/ff-transform-data/data/bronze/raw/calendar/2026/09_red.html|/Users/datpro/Documents/gitdatpro/ff-transform-data/data/bronze/raw/calendar/2026/09_orange.html|/Users/datpro/Documents/gitdatpro/ff-transform-data/data/bronze/raw/calendar/2026/09_yellow.html,2026-09-03T07:55:34Z
Sep 30,7:30pm,USD,yellow,Goods Trade Balance,N/A,N/A,N/A,/Users/datpro/Documents/gitdatpro/ff-transform-data/data/bronze/raw/calendar/2026/09_all.md|/Users/datpro/Documents/gitdatpro/ff-transform-data/data/bronze/raw/calendar/2026/09_red.html|/Users/datpro/Documents/gitdatpro/ff-transform-data/data/bronze/raw/calendar/2026/09_orange.html|/Users/datpro/Documents/gitdatpro/ff-transform-data/data/bronze/raw/calendar/2026/09_yellow.html,2026-09-03T07:55:34Z
Sep 30,7:30pm,USD,yellow,Personal Income m/m,N/A,N/A,N/A,/Users/datpro/Documents/gitdatpro/ff-transform-data/data/bronze/raw/calendar/2026/09_all.md|/Users/datpro/Documents/gitdatpro/ff-transform-data/data/bronze/raw/calendar/2026/09_red.html|/Users/datpro/Documents/gitdatpro/ff-transform-data/data/bronze/raw/calendar/2026/09_orange.html|/Users/datpro/Documents/gitdatpro/ff-transform-data/data/bronze/raw/calendar/2026/09_yellow.html,2026-09-03T07:55:34Z
Sep 30,7:30pm,USD,yellow,Personal Spending m/m,N/A,N/A,N/A,/Users/datpro/Documents/gitdatpro/ff-transform-data/data/bronze/raw/calendar/2026/09_all.md|/Users/datpro/Documents/gitdatpro/ff-transform-data/data/bronze/raw/calendar/2026/09_red.html|/Users/datpro/Documents/gitdatpro/ff-transform-data/data/bronze/raw/calendar/2026/09_orange.html|/Users/datpro/Documents/gitdatpro/ff-transform-data/data/bronze/raw/calendar/2026/09_yellow.html,2026-09-03T07:55:34Z
Sep 30,7:30pm,USD,yellow,Prelim Wholesale Inventories m/m,N/A,N/A,N/A,/Users/datpro/Documents/gitdatpro/ff-transform-data/data/bronze/raw/calendar/2026/09_all.md|/Users/datpro/Documents/gitdatpro/ff-transform-data/data/bronze/raw/calendar/2026/09_red.html|/Users/datpro/Documents/gitdatpro/ff-transform-data/data/bronze/raw/calendar/2026/09_orange.html|/Users/datpro/Documents/gitdatpro/ff-transform-data/data/bronze/raw/calendar/2026/09_yellow.html,2026-09-03T07:55:34Z
Sep 30,8:00pm,CHF,yellow,SNB Quarterly Bulletin,N/A,N/A,N/A,/Users/datpro/Documents/gitdatpro/ff-transform-data/data/bronze/raw/calendar/2026/09_all.md|/Users/datpro/Documents/gitdatpro/ff-transform-data/data/bronze/raw/calendar/2026/09_red.html|/Users/datpro/Documents/gitdatpro/ff-transform-data/data/bronze/raw/calendar/2026/09_orange.html|/Users/datpro/Documents/gitdatpro/ff-transform-data/data/bronze/raw/calendar/2026/09_yellow.html,2026-09-03T07:55:34Z
Sep 30,8:30am,AUD,yellow,Building Approvals m/m,N/A,N/A,N/A,/Users/datpro/Documents/gitdatpro/ff-transform-data/data/bronze/raw/calendar/2026/09_all.md|/Users/datpro/Documents/gitdatpro/ff-transform-data/data/bronze/raw/calendar/2026/09_red.html|/Users/datpro/Documents/gitdatpro/ff-transform-data/data/bronze/raw/calendar/2026/09_orange.html|/Users/datpro/Documents/gitdatpro/ff-transform-data/data/bronze/raw/calendar/2026/09_yellow.html,2026-09-03T07:55:34Z
Sep 30,8:30am,AUD,yellow,Private Sector Credit m/m,N/A,N/A,N/A,/Users/datpro/Documents/gitdatpro/ff-transform-data/data/bronze/raw/calendar/2026/09_all.md|/Users/datpro/Documents/gitdatpro/ff-transform-data/data/bronze/raw/calendar/2026/09_red.html|/Users/datpro/Documents/gitdatpro/ff-transform-data/data/bronze/raw/calendar/2026/09_orange.html|/Users/datpro/Documents/gitdatpro/ff-transform-data/data/bronze/raw/calendar/2026/09_yellow.html,2026-09-03T07:55:34Z
Sep 30,8:30am,CNY,yellow,Manufacturing PMI,N/A,N/A,N/A,/Users/datpro/Documents/gitdatpro/ff-transform-data/data/bronze/raw/calendar/2026/09_all.md|/Users/datpro/Documents/gitdatpro/ff-transform-data/data/bronze/raw/calendar/2026/09_red.html|/Users/datpro/Documents/gitdatpro/ff-transform-data/data/bronze/raw/calendar/2026/09_orange.html|/Users/datpro/Documents/gitdatpro/ff-transform-data/data/bronze/raw/calendar/2026/09_yellow.html,2026-09-03T07:55:34Z
Sep 30,8:30am,CNY,yellow,Non-Manufacturing PMI,N/A,N/A,N/A,/Users/datpro/Documents/gitdatpro/ff-transform-data/data/bronze/raw/calendar/2026/09_all.md|/Users/datpro/Documents/gitdatpro/ff-transform-data/data/bronze/raw/calendar/2026/09_red.html|/Users/datpro/Documents/gitdatpro/ff-transform-data/data/bronze/raw/calendar/2026/09_orange.html|/Users/datpro/Documents/gitdatpro/ff-transform-data/data/bronze/raw/calendar/2026/09_yellow.html,2026-09-03T07:55:34Z
Sep 30,8:45am,CNY,yellow,RatingDog Manufacturing PMI,N/A,N/A,N/A,/Users/datpro/Documents/gitdatpro/ff-transform-data/data/bronze/raw/calendar/2026/09_all.md|/Users/datpro/Documents/gitdatpro/ff-transform-data/data/bronze/raw/calendar/2026/09_red.html|/Users/datpro/Documents/gitdatpro/ff-transform-data/data/bronze/raw/calendar/2026/09_orange.html|/Users/datpro/Documents/gitdatpro/ff-transform-data/data/bronze/raw/calendar/2026/09_yellow.html,2026-09-03T07:55:34Z
Sep 30,8:45am,CNY,yellow,RatingDog Services PMI,N/A,N/A,N/A,/Users/datpro/Documents/gitdatpro/ff-transform-data/data/bronze/raw/calendar/2026/09_all.md|/Users/datpro/Documents/gitdatpro/ff-transform-data/data/bronze/raw/calendar/2026/09_red.html|/Users/datpro/Documents/gitdatpro/ff-transform-data/data/bronze/raw/calendar/2026/09_orange.html|/Users/datpro/Documents/gitdatpro/ff-transform-data/data/bronze/raw/calendar/2026/09_yellow.html,2026-09-03T07:55:34Z
Sep 30,8:45pm,USD,yellow,Chicago PMI,N/A,N/A,N/A,/Users/datpro/Documents/gitdatpro/ff-transform-data/data/bronze/raw/calendar/2026/09_all.md|/Users/datpro/Documents/gitdatpro/ff-transform-data/data/bronze/raw/calendar/2026/09_red.html|/Users/datpro/Documents/gitdatpro/ff-transform-data/data/bronze/raw/calendar/2026/09_orange.html|/Users/datpro/Documents/gitdatpro/ff-transform-data/data/bronze/raw/calendar/2026/09_yellow.html,2026-09-03T07:55:34Z
Sep 30,9:30pm,USD,yellow,Crude Oil Inventories,N/A,N/A,N/A,/Users/datpro/Documents/gitdatpro/ff-transform-data/data/bronze/raw/calendar/2026/09_all.md|/Users/datpro/Documents/gitdatpro/ff-transform-data/data/bronze/raw/calendar/2026/09_red.html|/Users/datpro/Documents/gitdatpro/ff-transform-data/data/bronze/raw/calendar/2026/09_orange.html|/Users/datpro/Documents/gitdatpro/ff-transform-data/data/bronze/raw/calendar/2026/09_yellow.html,2026-09-03T07:55:34Z
Sep 4,1:00pm,EUR,yellow,German Factory Orders m/m,N/A,0.3%,3.1%,/Users/datpro/Documents/gitdatpro/ff-transform-data/data/bronze/raw/calendar/2026/09_all.md|/Users/datpro/Documents/gitdatpro/ff-transform-data/data/bronze/raw/calendar/2026/09_red.html|/Users/datpro/Documents/gitdatpro/ff-transform-data/data/bronze/raw/calendar/2026/09_orange.html|/Users/datpro/Documents/gitdatpro/ff-transform-data/data/bronze/raw/calendar/2026/09_yellow.html,2026-09-03T07:55:34Z
Sep 4,2:55am,USD,yellow,FOMC Member Goolsbee Speaks,N/A,N/A,N/A,/Users/datpro/Documents/gitdatpro/ff-transform-data/data/bronze/raw/calendar/2026/09_all.md|/Users/datpro/Documents/gitdatpro/ff-transform-data/data/bronze/raw/calendar/2026/09_red.html|/Users/datpro/Documents/gitdatpro/ff-transform-data/data/bronze/raw/calendar/2026/09_orange.html|/Users/datpro/Documents/gitdatpro/ff-transform-data/data/bronze/raw/calendar/2026/09_yellow.html,2026-09-03T07:55:34Z
Sep 4,3:00pm,EUR,yellow,Italian Retail Sales m/m,N/A,0.2%,-0.1%,/Users/datpro/Documents/gitdatpro/ff-transform-data/data/bronze/raw/calendar/2026/09_all.md|/Users/datpro/Documents/gitdatpro/ff-transform-data/data/bronze/raw/calendar/2026/09_red.html|/Users/datpro/Documents/gitdatpro/ff-transform-data/data/bronze/raw/calendar/2026/09_orange.html|/Users/datpro/Documents/gitdatpro/ff-transform-data/data/bronze/raw/calendar/2026/09_yellow.html,2026-09-03T07:55:34Z
Sep 4,3:30pm,GBP,yellow,Construction PMI,N/A,45.8,44.7,/Users/datpro/Documents/gitdatpro/ff-transform-data/data/bronze/raw/calendar/2026/09_all.md|/Users/datpro/Documents/gitdatpro/ff-transform-data/data/bronze/raw/calendar/2026/09_red.html|/Users/datpro/Documents/gitdatpro/ff-transform-data/data/bronze/raw/calendar/2026/09_orange.html|/Users/datpro/Documents/gitdatpro/ff-transform-data/data/bronze/raw/calendar/2026/09_yellow.html,2026-09-03T07:55:34Z
Sep 4,4:00pm,EUR,yellow,Retail Sales m/m,N/A,0.3%,-0.3%,/Users/datpro/Documents/gitdatpro/ff-transform-data/data/bronze/raw/calendar/2026/09_all.md|/Users/datpro/Documents/gitdatpro/ff-transform-data/data/bronze/raw/calendar/2026/09_red.html|/Users/datpro/Documents/gitdatpro/ff-transform-data/data/bronze/raw/calendar/2026/09_orange.html|/Users/datpro/Documents/gitdatpro/ff-transform-data/data/bronze/raw/calendar/2026/09_yellow.html,2026-09-03T07:55:34Z
Sep 4,6:30am,JPY,yellow,Household Spending y/y,N/A,-1.6%,-3.3%,/Users/datpro/Documents/gitdatpro/ff-transform-data/data/bronze/raw/calendar/2026/09_all.md|/Users/datpro/Documents/gitdatpro/ff-transform-data/data/bronze/raw/calendar/2026/09_red.html|/Users/datpro/Documents/gitdatpro/ff-transform-data/data/bronze/raw/calendar/2026/09_orange.html|/Users/datpro/Documents/gitdatpro/ff-transform-data/data/bronze/raw/calendar/2026/09_yellow.html,2026-09-03T07:55:34Z
Sep 4,7:30pm,CAD,red,Employment Change,N/A,15.1K,75.1K,/Users/datpro/Documents/gitdatpro/ff-transform-data/data/bronze/raw/calendar/2026/09_all.md|/Users/datpro/Documents/gitdatpro/ff-transform-data/data/bronze/raw/calendar/2026/09_red.html|/Users/datpro/Documents/gitdatpro/ff-transform-data/data/bronze/raw/calendar/2026/09_orange.html|/Users/datpro/Documents/gitdatpro/ff-transform-data/data/bronze/raw/calendar/2026/09_yellow.html,2026-09-03T07:55:34Z
Sep 4,7:30pm,CAD,red,Unemployment Rate,N/A,6.4%,6.4%,/Users/datpro/Documents/gitdatpro/ff-transform-data/data/bronze/raw/calendar/2026/09_all.md|/Users/datpro/Documents/gitdatpro/ff-transform-data/data/bronze/raw/calendar/2026/09_red.html|/Users/datpro/Documents/gitdatpro/ff-transform-data/data/bronze/raw/calendar/2026/09_orange.html|/Users/datpro/Documents/gitdatpro/ff-transform-data/data/bronze/raw/calendar/2026/09_yellow.html,2026-09-03T07:55:34Z
Sep 4,7:30pm,USD,red,Average Hourly Earnings m/m,N/A,0.3%,0.1%,/Users/datpro/Documents/gitdatpro/ff-transform-data/data/bronze/raw/calendar/2026/09_all.md|/Users/datpro/Documents/gitdatpro/ff-transform-data/data/bronze/raw/calendar/2026/09_red.html|/Users/datpro/Documents/gitdatpro/ff-transform-data/data/bronze/raw/calendar/2026/09_orange.html|/Users/datpro/Documents/gitdatpro/ff-transform-data/data/bronze/raw/calendar/2026/09_yellow.html,2026-09-03T07:55:34Z
Sep 4,7:30pm,USD,red,Non-Farm Employment Change,N/A,55K,-23K,/Users/datpro/Documents/gitdatpro/ff-transform-data/data/bronze/raw/calendar/2026/09_all.md|/Users/datpro/Documents/gitdatpro/ff-transform-data/data/bronze/raw/calendar/2026/09_red.html|/Users/datpro/Documents/gitdatpro/ff-transform-data/data/bronze/raw/calendar/2026/09_orange.html|/Users/datpro/Documents/gitdatpro/ff-transform-data/data/bronze/raw/calendar/2026/09_yellow.html,2026-09-03T07:55:34Z
Sep 4,7:30pm,USD,red,Unemployment Rate,N/A,4.1%,4.1%,/Users/datpro/Documents/gitdatpro/ff-transform-data/data/bronze/raw/calendar/2026/09_all.md|/Users/datpro/Documents/gitdatpro/ff-transform-data/data/bronze/raw/calendar/2026/09_red.html|/Users/datpro/Documents/gitdatpro/ff-transform-data/data/bronze/raw/calendar/2026/09_orange.html|/Users/datpro/Documents/gitdatpro/ff-transform-data/data/bronze/raw/calendar/2026/09_yellow.html,2026-09-03T07:55:34Z
Sep 7,12:00pm,JPY,yellow,Leading Indicators,N/A,N/A,116.5%,/Users/datpro/Documents/gitdatpro/ff-transform-data/data/bronze/raw/calendar/2026/09_all.md|/Users/datpro/Documents/gitdatpro/ff-transform-data/data/bronze/raw/calendar/2026/09_red.html|/Users/datpro/Documents/gitdatpro/ff-transform-data/data/bronze/raw/calendar/2026/09_orange.html|/Users/datpro/Documents/gitdatpro/ff-transform-data/data/bronze/raw/calendar/2026/09_yellow.html,2026-09-03T07:55:34Z
Sep 7,1:00pm,EUR,yellow,German Industrial Production m/m,N/A,N/A,0.2%,/Users/datpro/Documents/gitdatpro/ff-transform-data/data/bronze/raw/calendar/2026/09_all.md|/Users/datpro/Documents/gitdatpro/ff-transform-data/data/bronze/raw/calendar/2026/09_red.html|/Users/datpro/Documents/gitdatpro/ff-transform-data/data/bronze/raw/calendar/2026/09_orange.html|/Users/datpro/Documents/gitdatpro/ff-transform-data/data/bronze/raw/calendar/2026/09_yellow.html,2026-09-03T07:55:34Z
Sep 7,1:00pm,GBP,yellow,Lloyds HPI m/m,N/A,N/A,N/A,/Users/datpro/Documents/gitdatpro/ff-transform-data/data/bronze/raw/calendar/2026/09_all.md|/Users/datpro/Documents/gitdatpro/ff-transform-data/data/bronze/raw/calendar/2026/09_red.html|/Users/datpro/Documents/gitdatpro/ff-transform-data/data/bronze/raw/calendar/2026/09_orange.html|/Users/datpro/Documents/gitdatpro/ff-transform-data/data/bronze/raw/calendar/2026/09_yellow.html,2026-09-03T07:55:34Z
Sep 7,2:00pm,CHF,yellow,Foreign Currency Reserves,N/A,N/A,768B,/Users/datpro/Documents/gitdatpro/ff-transform-data/data/bronze/raw/calendar/2026/09_all.md|/Users/datpro/Documents/gitdatpro/ff-transform-data/data/bronze/raw/calendar/2026/09_red.html|/Users/datpro/Documents/gitdatpro/ff-transform-data/data/bronze/raw/calendar/2026/09_orange.html|/Users/datpro/Documents/gitdatpro/ff-transform-data/data/bronze/raw/calendar/2026/09_yellow.html,2026-09-03T07:55:34Z
Sep 7,2:00pm,CHF,yellow,Unemployment Rate,N/A,N/A,3.1%,/Users/datpro/Documents/gitdatpro/ff-transform-data/data/bronze/raw/calendar/2026/09_all.md|/Users/datpro/Documents/gitdatpro/ff-transform-data/data/bronze/raw/calendar/2026/09_red.html|/Users/datpro/Documents/gitdatpro/ff-transform-data/data/bronze/raw/calendar/2026/09_orange.html|/Users/datpro/Documents/gitdatpro/ff-transform-data/data/bronze/raw/calendar/2026/09_yellow.html,2026-09-03T07:55:34Z
Sep 7,3:30pm,EUR,yellow,Sentix Investor Confidence,N/A,N/A,0.9,/Users/datpro/Documents/gitdatpro/ff-transform-data/data/bronze/raw/calendar/2026/09_all.md|/Users/datpro/Documents/gitdatpro/ff-transform-data/data/bronze/raw/calendar/2026/09_red.html|/Users/datpro/Documents/gitdatpro/ff-transform-data/data/bronze/raw/calendar/2026/09_orange.html|/Users/datpro/Documents/gitdatpro/ff-transform-data/data/bronze/raw/calendar/2026/09_yellow.html,2026-09-03T07:55:34Z
Sep 7,4:00pm,EUR,yellow,Final Employment Change q/q,N/A,N/A,0.1%,/Users/datpro/Documents/gitdatpro/ff-transform-data/data/bronze/raw/calendar/2026/09_all.md|/Users/datpro/Documents/gitdatpro/ff-transform-data/data/bronze/raw/calendar/2026/09_red.html|/Users/datpro/Documents/gitdatpro/ff-transform-data/data/bronze/raw/calendar/2026/09_orange.html|/Users/datpro/Documents/gitdatpro/ff-transform-data/data/bronze/raw/calendar/2026/09_yellow.html,2026-09-03T07:55:34Z
Sep 7,4:00pm,EUR,yellow,Revised GDP q/q,N/A,N/A,0.4%,/Users/datpro/Documents/gitdatpro/ff-transform-data/data/bronze/raw/calendar/2026/09_all.md|/Users/datpro/Documents/gitdatpro/ff-transform-data/data/bronze/raw/calendar/2026/09_red.html|/Users/datpro/Documents/gitdatpro/ff-transform-data/data/bronze/raw/calendar/2026/09_orange.html|/Users/datpro/Documents/gitdatpro/ff-transform-data/data/bronze/raw/calendar/2026/09_yellow.html,2026-09-03T07:55:34Z
Sep 7,7th-14th,EUR,yellow,German WPI m/m,N/A,N/A,N/A,/Users/datpro/Documents/gitdatpro/ff-transform-data/data/bronze/raw/calendar/2026/09_all.md|/Users/datpro/Documents/gitdatpro/ff-transform-data/data/bronze/raw/calendar/2026/09_red.html|/Users/datpro/Documents/gitdatpro/ff-transform-data/data/bronze/raw/calendar/2026/09_orange.html|/Users/datpro/Documents/gitdatpro/ff-transform-data/data/bronze/raw/calendar/2026/09_yellow.html,2026-09-03T07:55:34Z
Sep 8,12:00pm,JPY,yellow,Economy Watchers Sentiment,N/A,N/A,45.7,/Users/datpro/Documents/gitdatpro/ff-transform-data/data/bronze/raw/calendar/2026/09_all.md|/Users/datpro/Documents/gitdatpro/ff-transform-data/data/bronze/raw/calendar/2026/09_red.html|/Users/datpro/Documents/gitdatpro/ff-transform-data/data/bronze/raw/calendar/2026/09_orange.html|/Users/datpro/Documents/gitdatpro/ff-transform-data/data/bronze/raw/calendar/2026/09_yellow.html,2026-09-03T07:55:34Z
Sep 8,1:00pm,EUR,yellow,German Trade Balance,N/A,N/A,15.4B,/Users/datpro/Documents/gitdatpro/ff-transform-data/data/bronze/raw/calendar/2026/09_all.md|/Users/datpro/Documents/gitdatpro/ff-transform-data/data/bronze/raw/calendar/2026/09_red.html|/Users/datpro/Documents/gitdatpro/ff-transform-data/data/bronze/raw/calendar/2026/09_orange.html|/Users/datpro/Documents/gitdatpro/ff-transform-data/data/bronze/raw/calendar/2026/09_yellow.html,2026-09-03T07:55:34Z
Sep 8,1:45pm,EUR,yellow,French Trade Balance,N/A,N/A,-5.8B,/Users/datpro/Documents/gitdatpro/ff-transform-data/data/bronze/raw/calendar/2026/09_all.md|/Users/datpro/Documents/gitdatpro/ff-transform-data/data/bronze/raw/calendar/2026/09_red.html|/Users/datpro/Documents/gitdatpro/ff-transform-data/data/bronze/raw/calendar/2026/09_orange.html|/Users/datpro/Documents/gitdatpro/ff-transform-data/data/bronze/raw/calendar/2026/09_yellow.html,2026-09-03T07:55:34Z
Sep 8,5:00pm,USD,yellow,NFIB Small Business Index,N/A,N/A,99.8,/Users/datpro/Documents/gitdatpro/ff-transform-data/data/bronze/raw/calendar/2026/09_all.md|/Users/datpro/Documents/gitdatpro/ff-transform-data/data/bronze/raw/calendar/2026/09_red.html|/Users/datpro/Documents/gitdatpro/ff-transform-data/data/bronze/raw/calendar/2026/09_orange.html|/Users/datpro/Documents/gitdatpro/ff-transform-data/data/bronze/raw/calendar/2026/09_yellow.html,2026-09-03T07:55:34Z
Sep 8,6:01am,GBP,yellow,BRC Retail Sales Monitor y/y,N/A,N/A,1.0%,/Users/datpro/Documents/gitdatpro/ff-transform-data/data/bronze/raw/calendar/2026/09_all.md|/Users/datpro/Documents/gitdatpro/ff-transform-data/data/bronze/raw/calendar/2026/09_red.html|/Users/datpro/Documents/gitdatpro/ff-transform-data/data/bronze/raw/calendar/2026/09_orange.html|/Users/datpro/Documents/gitdatpro/ff-transform-data/data/bronze/raw/calendar/2026/09_yellow.html,2026-09-03T07:55:34Z
Sep 8,6:30am,JPY,yellow,Average Cash Earnings y/y,N/A,N/A,4.0%,/Users/datpro/Documents/gitdatpro/ff-transform-data/data/bronze/raw/calendar/2026/09_all.md|/Users/datpro/Documents/gitdatpro/ff-transform-data/data/bronze/raw/calendar/2026/09_red.html|/Users/datpro/Documents/gitdatpro/ff-transform-data/data/bronze/raw/calendar/2026/09_orange.html|/Users/datpro/Documents/gitdatpro/ff-transform-data/data/bronze/raw/calendar/2026/09_yellow.html,2026-09-03T07:55:34Z
Sep 8,6:50am,JPY,yellow,Bank Lending y/y,N/A,N/A,5.4%,/Users/datpro/Documents/gitdatpro/ff-transform-data/data/bronze/raw/calendar/2026/09_all.md|/Users/datpro/Documents/gitdatpro/ff-transform-data/data/bronze/raw/calendar/2026/09_red.html|/Users/datpro/Documents/gitdatpro/ff-transform-data/data/bronze/raw/calendar/2026/09_orange.html|/Users/datpro/Documents/gitdatpro/ff-transform-data/data/bronze/raw/calendar/2026/09_yellow.html,2026-09-03T07:55:34Z
Sep 8,6:50am,JPY,yellow,Current Account,N/A,N/A,1.40T,/Users/datpro/Documents/gitdatpro/ff-transform-data/data/bronze/raw/calendar/2026/09_all.md|/Users/datpro/Documents/gitdatpro/ff-transform-data/data/bronze/raw/calendar/2026/09_red.html|/Users/datpro/Documents/gitdatpro/ff-transform-data/data/bronze/raw/calendar/2026/09_orange.html|/Users/datpro/Documents/gitdatpro/ff-transform-data/data/bronze/raw/calendar/2026/09_yellow.html,2026-09-03T07:55:34Z
Sep 8,6:50am,JPY,yellow,Final GDP Price Index y/y,N/A,N/A,2.6%,/Users/datpro/Documents/gitdatpro/ff-transform-data/data/bronze/raw/calendar/2026/09_all.md|/Users/datpro/Documents/gitdatpro/ff-transform-data/data/bronze/raw/calendar/2026/09_red.html|/Users/datpro/Documents/gitdatpro/ff-transform-data/data/bronze/raw/calendar/2026/09_orange.html|/Users/datpro/Documents/gitdatpro/ff-transform-data/data/bronze/raw/calendar/2026/09_yellow.html,2026-09-03T07:55:34Z
Sep 8,6:50am,JPY,yellow,Final GDP q/q,N/A,N/A,0.3%,/Users/datpro/Documents/gitdatpro/ff-transform-data/data/bronze/raw/calendar/2026/09_all.md|/Users/datpro/Documents/gitdatpro/ff-transform-data/data/bronze/raw/calendar/2026/09_red.html|/Users/datpro/Documents/gitdatpro/ff-transform-data/data/bronze/raw/calendar/2026/09_orange.html|/Users/datpro/Documents/gitdatpro/ff-transform-data/data/bronze/raw/calendar/2026/09_yellow.html,2026-09-03T07:55:34Z
Sep 8,7:30am,AUD,yellow,Westpac Consumer Sentiment,N/A,N/A,6.0%,/Users/datpro/Documents/gitdatpro/ff-transform-data/data/bronze/raw/calendar/2026/09_all.md|/Users/datpro/Documents/gitdatpro/ff-transform-data/data/bronze/raw/calendar/2026/09_red.html|/Users/datpro/Documents/gitdatpro/ff-transform-data/data/bronze/raw/calendar/2026/09_orange.html|/Users/datpro/Documents/gitdatpro/ff-transform-data/data/bronze/raw/calendar/2026/09_yellow.html,2026-09-03T07:55:34Z
Sep 8,8:30am,AUD,yellow,NAB Business Confidence,N/A,N/A,-6,/Users/datpro/Documents/gitdatpro/ff-transform-data/data/bronze/raw/calendar/2026/09_all.md|/Users/datpro/Documents/gitdatpro/ff-transform-data/data/bronze/raw/calendar/2026/09_red.html|/Users/datpro/Documents/gitdatpro/ff-transform-data/data/bronze/raw/calendar/2026/09_orange.html|/Users/datpro/Documents/gitdatpro/ff-transform-data/data/bronze/raw/calendar/2026/09_yellow.html,2026-09-03T07:55:34Z
Sep 8,Tentative,CNY,yellow,Trade Balance,N/A,N/A,767B,/Users/datpro/Documents/gitdatpro/ff-transform-data/data/bronze/raw/calendar/2026/09_all.md|/Users/datpro/Documents/gitdatpro/ff-transform-data/data/bronze/raw/calendar/2026/09_red.html|/Users/datpro/Documents/gitdatpro/ff-transform-data/data/bronze/raw/calendar/2026/09_orange.html|/Users/datpro/Documents/gitdatpro/ff-transform-data/data/bronze/raw/calendar/2026/09_yellow.html,2026-09-03T07:55:34Z
Sep 8,Tentative,CNY,yellow,USD-Denominated Trade Balance,N/A,N/A,112.5B,/Users/datpro/Documents/gitdatpro/ff-transform-data/data/bronze/raw/calendar/2026/09_all.md|/Users/datpro/Documents/gitdatpro/ff-transform-data/data/bronze/raw/calendar/2026/09_red.html|/Users/datpro/Documents/gitdatpro/ff-transform-data/data/bronze/raw/calendar/2026/09_orange.html|/Users/datpro/Documents/gitdatpro/ff-transform-data/data/bronze/raw/calendar/2026/09_yellow.html,2026-09-03T07:55:34Z
Sep 9,1:00pm,JPY,yellow,Prelim Machine Tool Orders y/y,N/A,N/A,50.4%,/Users/datpro/Documents/gitdatpro/ff-transform-data/data/bronze/raw/calendar/2026/09_all.md|/Users/datpro/Documents/gitdatpro/ff-transform-data/data/bronze/raw/calendar/2026/09_red.html|/Users/datpro/Documents/gitdatpro/ff-transform-data/data/bronze/raw/calendar/2026/09_orange.html|/Users/datpro/Documents/gitdatpro/ff-transform-data/data/bronze/raw/calendar/2026/09_yellow.html,2026-09-03T07:55:34Z
Sep 9,1:45pm,EUR,yellow,French Industrial Production m/m,N/A,N/A,0.1%,/Users/datpro/Documents/gitdatpro/ff-transform-data/data/bronze/raw/calendar/2026/09_all.md|/Users/datpro/Documents/gitdatpro/ff-transform-data/data/bronze/raw/calendar/2026/09_red.html|/Users/datpro/Documents/gitdatpro/ff-transform-data/data/bronze/raw/calendar/2026/09_orange.html|/Users/datpro/Documents/gitdatpro/ff-transform-data/data/bronze/raw/calendar/2026/09_yellow.html,2026-09-03T07:55:34Z
Sep 9,6:50am,JPY,yellow,M2 Money Stock y/y,N/A,N/A,2.2%,/Users/datpro/Documents/gitdatpro/ff-transform-data/data/bronze/raw/calendar/2026/09_all.md|/Users/datpro/Documents/gitdatpro/ff-transform-data/data/bronze/raw/calendar/2026/09_red.html|/Users/datpro/Documents/gitdatpro/ff-transform-data/data/bronze/raw/calendar/2026/09_orange.html|/Users/datpro/Documents/gitdatpro/ff-transform-data/data/bronze/raw/calendar/2026/09_yellow.html,2026-09-03T07:55:34Z
Sep 9,7:15pm,USD,yellow,ADP Weekly Employment Change,N/A,N/A,N/A,/Users/datpro/Documents/gitdatpro/ff-transform-data/data/bronze/raw/calendar/2026/09_all.md|/Users/datpro/Documents/gitdatpro/ff-transform-data/data/bronze/raw/calendar/2026/09_red.html|/Users/datpro/Documents/gitdatpro/ff-transform-data/data/bronze/raw/calendar/2026/09_orange.html|/Users/datpro/Documents/gitdatpro/ff-transform-data/data/bronze/raw/calendar/2026/09_yellow.html,2026-09-03T07:55:34Z
Sep 9,8:30am,CNY,yellow,CPI y/y,N/A,N/A,0.5%,/Users/datpro/Documents/gitdatpro/ff-transform-data/data/bronze/raw/calendar/2026/09_all.md|/Users/datpro/Documents/gitdatpro/ff-transform-data/data/bronze/raw/calendar/2026/09_red.html|/Users/datpro/Documents/gitdatpro/ff-transform-data/data/bronze/raw/calendar/2026/09_orange.html|/Users/datpro/Documents/gitdatpro/ff-transform-data/data/bronze/raw/calendar/2026/09_yellow.html,2026-09-03T07:55:34Z
Sep 9,8:30am,CNY,yellow,PPI y/y,N/A,N/A,3.5%,/Users/datpro/Documents/gitdatpro/ff-transform-data/data/bronze/raw/calendar/2026/09_all.md|/Users/datpro/Documents/gitdatpro/ff-transform-data/data/bronze/raw/calendar/2026/09_red.html|/Users/datpro/Documents/gitdatpro/ff-transform-data/data/bronze/raw/calendar/2026/09_orange.html|/Users/datpro/Documents/gitdatpro/ff-transform-data/data/bronze/raw/calendar/2026/09_yellow.html,2026-09-03T07:55:34Z
Sep 9,Tentative,EUR,yellow,German 10-y Bond Auction,N/A,N/A,3.26|1.1,/Users/datpro/Documents/gitdatpro/ff-transform-data/data/bronze/raw/calendar/2026/09_all.md|/Users/datpro/Documents/gitdatpro/ff-transform-data/data/bronze/raw/calendar/2026/09_red.html|/Users/datpro/Documents/gitdatpro/ff-transform-data/data/bronze/raw/calendar/2026/09_orange.html|/Users/datpro/Documents/gitdatpro/ff-transform-data/data/bronze/raw/calendar/2026/09_yellow.html,2026-09-03T07:55:34Z
