date,time,currency,impact,event,actual,forecast,previous,source_file,ingested_at
Apr 1,12:30pm,AUD,yellow,Commodity Prices y/y,12.8%,N/A,4.9%,/Users/datpro/Documents/gitdatpro/ff-transform-data/data/bronze/raw/calendar/2026/04_red.html|/Users/datpro/Documents/gitdatpro/ff-transform-data/data/bronze/raw/calendar/2026/04_orange.html|/Users/datpro/Documents/gitdatpro/ff-transform-data/data/bronze/raw/calendar/2026/04_yellow.html,2026-09-03T07:55:33Z
Apr 1,1:30pm,CHF,yellow,Retail Sales y/y,0.9%,1.5%,-0.6%,/Users/datpro/Documents/gitdatpro/ff-transform-data/data/bronze/raw/calendar/2026/04_red.html|/Users/datpro/Documents/gitdatpro/ff-transform-data/data/bronze/raw/calendar/2026/04_orange.html|/Users/datpro/Documents/gitdatpro/ff-transform-data/data/bronze/raw/calendar/2026/04_yellow.html,2026-09-03T07:55:33Z
Apr 1,2:00am,USD,yellow,FOMC Member Barr Speaks,N/A,N/A,N/A,/Users/datpro/Documents/gitdatpro/ff-transform-data/data/bronze/raw/calendar/2026/04_red.html|/Users/datpro/Documents/gitdatpro/ff-transform-data/data/bronze/raw/calendar/2026/04_orange.html|/Users/datpro/Documents/gitdatpro/ff-transform-data/data/bronze/raw/calendar/2026/04_yellow.html,2026-09-03T07:55:33Z
Apr 1,2:15pm,EUR,yellow,Spanish Manufacturing PMI,48.7,50.5,50.0,/Users/datpro/Documents/gitdatpro/ff-transform-data/data/bronze/raw/calendar/2026/04_red.html|/Users/datpro/Documents/gitdatpro/ff-transform-data/data/bronze/raw/calendar/2026/04_orange.html|/Users/datpro/Documents/gitdatpro/ff-transform-data/data/bronze/raw/calendar/2026/04_yellow.html,2026-09-03T07:55:33Z
Apr 1,2:30pm,CHF,yellow,Manufacturing PMI,53.3,47.2,47.4,/Users/datpro/Documents/gitdatpro/ff-transform-data/data/bronze/raw/calendar/2026/04_red.html|/Users/datpro/Documents/gitdatpro/ff-transform-data/data/bronze/raw/calendar/2026/04_orange.html|/Users/datpro/Documents/gitdatpro/ff-transform-data/data/bronze/raw/calendar/2026/04_yellow.html,2026-09-03T07:55:33Z
Apr 1,2:45pm,EUR,yellow,Italian Manufacturing PMI,51.3,50.9,50.6,/Users/datpro/Documents/gitdatpro/ff-transform-data/data/bronze/raw/calendar/2026/04_red.html|/Users/datpro/Documents/gitdatpro/ff-transform-data/data/bronze/raw/calendar/2026/04_orange.html|/Users/datpro/Documents/gitdatpro/ff-transform-data/data/bronze/raw/calendar/2026/04_yellow.html,2026-09-03T07:55:33Z
Apr 1,2:50pm,EUR,yellow,French Final Manufacturing PMI,50.0,50.2,50.2,/Users/datpro/Documents/gitdatpro/ff-transform-data/data/bronze/raw/calendar/2026/04_red.html|/Users/datpro/Documents/gitdatpro/ff-transform-data/data/bronze/raw/calendar/2026/04_orange.html|/Users/datpro/Documents/gitdatpro/ff-transform-data/data/bronze/raw/calendar/2026/04_yellow.html,2026-09-03T07:55:33Z
Apr 1,2:55pm,EUR,yellow,German Final Manufacturing PMI,52.2,51.7,51.7,/Users/datpro/Documents/gitdatpro/ff-transform-data/data/bronze/raw/calendar/2026/04_red.html|/Users/datpro/Documents/gitdatpro/ff-transform-data/data/bronze/raw/calendar/2026/04_orange.html|/Users/datpro/Documents/gitdatpro/ff-transform-data/data/bronze/raw/calendar/2026/04_yellow.html,2026-09-03T07:55:33Z
Apr 1,3:00pm,EUR,yellow,Final Manufacturing PMI,51.6,51.4,51.4,/Users/datpro/Documents/gitdatpro/ff-transform-data/data/bronze/raw/calendar/2026/04_red.html|/Users/datpro/Documents/gitdatpro/ff-transform-data/data/bronze/raw/calendar/2026/04_orange.html|/Users/datpro/Documents/gitdatpro/ff-transform-data/data/bronze/raw/calendar/2026/04_yellow.html,2026-09-03T07:55:33Z
Apr 1,3:00pm,EUR,yellow,Italian Monthly Unemployment Rate,5.3%,5.2%,5.1%,/Users/datpro/Documents/gitdatpro/ff-transform-data/data/bronze/raw/calendar/2026/04_red.html|/Users/datpro/Documents/gitdatpro/ff-transform-data/data/bronze/raw/calendar/2026/04_orange.html|/Users/datpro/Documents/gitdatpro/ff-transform-data/data/bronze/raw/calendar/2026/04_yellow.html,2026-09-03T07:55:33Z
Apr 1,3:30am,USD,yellow,API Weekly Statistical Bulletin,N/A,N/A,N/A,/Users/datpro/Documents/gitdatpro/ff-transform-data/data/bronze/raw/calendar/2026/04_red.html|/Users/datpro/Documents/gitdatpro/ff-transform-data/data/bronze/raw/calendar/2026/04_orange.html|/Users/datpro/Documents/gitdatpro/ff-transform-data/data/bronze/raw/calendar/2026/04_yellow.html,2026-09-03T07:55:33Z
Apr 1,3:30pm,GBP,yellow,Final Manufacturing PMI,51.0,51.4,51.4,/Users/datpro/Documents/gitdatpro/ff-transform-data/data/bronze/raw/calendar/2026/04_red.html|/Users/datpro/Documents/gitdatpro/ff-transform-data/data/bronze/raw/calendar/2026/04_orange.html|/Users/datpro/Documents/gitdatpro/ff-transform-data/data/bronze/raw/calendar/2026/04_yellow.html,2026-09-03T07:55:33Z
Apr 1,4:00pm,EUR,yellow,Unemployment Rate,6.2%,6.1%,6.1%,/Users/datpro/Documents/gitdatpro/ff-transform-data/data/bronze/raw/calendar/2026/04_red.html|/Users/datpro/Documents/gitdatpro/ff-transform-data/data/bronze/raw/calendar/2026/04_orange.html|/Users/datpro/Documents/gitdatpro/ff-transform-data/data/bronze/raw/calendar/2026/04_yellow.html,2026-09-03T07:55:33Z
Apr 1,4:10am,USD,yellow,FOMC Member Bowman Speaks,N/A,N/A,N/A,/Users/datpro/Documents/gitdatpro/ff-transform-data/data/bronze/raw/calendar/2026/04_red.html|/Users/datpro/Documents/gitdatpro/ff-transform-data/data/bronze/raw/calendar/2026/04_orange.html|/Users/datpro/Documents/gitdatpro/ff-transform-data/data/bronze/raw/calendar/2026/04_yellow.html,2026-09-03T07:55:33Z
Apr 1,4:30pm,GBP,yellow,FPC Meeting Minutes,N/A,N/A,N/A,/Users/datpro/Documents/gitdatpro/ff-transform-data/data/bronze/raw/calendar/2026/04_red.html|/Users/datpro/Documents/gitdatpro/ff-transform-data/data/bronze/raw/calendar/2026/04_orange.html|/Users/datpro/Documents/gitdatpro/ff-transform-data/data/bronze/raw/calendar/2026/04_yellow.html,2026-09-03T07:55:33Z
Apr 1,4:30pm,GBP,yellow,FPC Statement,N/A,N/A,N/A,/Users/datpro/Documents/gitdatpro/ff-transform-data/data/bronze/raw/calendar/2026/04_red.html|/Users/datpro/Documents/gitdatpro/ff-transform-data/data/bronze/raw/calendar/2026/04_orange.html|/Users/datpro/Documents/gitdatpro/ff-transform-data/data/bronze/raw/calendar/2026/04_yellow.html,2026-09-03T07:55:33Z
Apr 1,4:45am,NZD,yellow,Building Consents m/m,2.7%,N/A,2.0%,/Users/datpro/Documents/gitdatpro/ff-transform-data/data/bronze/raw/calendar/2026/04_red.html|/Users/datpro/Documents/gitdatpro/ff-transform-data/data/bronze/raw/calendar/2026/04_orange.html|/Users/datpro/Documents/gitdatpro/ff-transform-data/data/bronze/raw/calendar/2026/04_yellow.html,2026-09-03T07:55:33Z
Apr 1,6:50am,JPY,yellow,Tankan Manufacturing Index,17,16,15,/Users/datpro/Documents/gitdatpro/ff-transform-data/data/bronze/raw/calendar/2026/04_red.html|/Users/datpro/Documents/gitdatpro/ff-transform-data/data/bronze/raw/calendar/2026/04_orange.html|/Users/datpro/Documents/gitdatpro/ff-transform-data/data/bronze/raw/calendar/2026/04_yellow.html,2026-09-03T07:55:33Z
Apr 1,6:50am,JPY,yellow,Tankan Non-Manufacturing Index,36,33,34,/Users/datpro/Documents/gitdatpro/ff-transform-data/data/bronze/raw/calendar/2026/04_red.html|/Users/datpro/Documents/gitdatpro/ff-transform-data/data/bronze/raw/calendar/2026/04_orange.html|/Users/datpro/Documents/gitdatpro/ff-transform-data/data/bronze/raw/calendar/2026/04_yellow.html,2026-09-03T07:55:33Z
Apr 1,7:30am,AUD,yellow,Building Approvals m/m,29.7%,5.8%,-7.2%,/Users/datpro/Documents/gitdatpro/ff-transform-data/data/bronze/raw/calendar/2026/04_red.html|/Users/datpro/Documents/gitdatpro/ff-transform-data/data/bronze/raw/calendar/2026/04_orange.html|/Users/datpro/Documents/gitdatpro/ff-transform-data/data/bronze/raw/calendar/2026/04_yellow.html,2026-09-03T07:55:33Z
Apr 1,7:30am,JPY,yellow,Final Manufacturing PMI,51.6,51.6,51.4,/Users/datpro/Documents/gitdatpro/ff-transform-data/data/bronze/raw/calendar/2026/04_red.html|/Users/datpro/Documents/gitdatpro/ff-transform-data/data/bronze/raw/calendar/2026/04_orange.html|/Users/datpro/Documents/gitdatpro/ff-transform-data/data/bronze/raw/calendar/2026/04_yellow.html,2026-09-03T07:55:33Z
Apr 1,7:30pm,USD,red,Core Retail Sales m/m,0.5%,0.3%,0.0%,/Users/datpro/Documents/gitdatpro/ff-transform-data/data/bronze/raw/calendar/2026/04_red.html|/Users/datpro/Documents/gitdatpro/ff-transform-data/data/bronze/raw/calendar/2026/04_orange.html|/Users/datpro/Documents/gitdatpro/ff-transform-data/data/bronze/raw/calendar/2026/04_yellow.html,2026-09-03T07:55:33Z
Apr 1,7:30pm,USD,red,Retail Sales m/m,0.6%,0.5%,-0.1%,/Users/datpro/Documents/gitdatpro/ff-transform-data/data/bronze/raw/calendar/2026/04_red.html|/Users/datpro/Documents/gitdatpro/ff-transform-data/data/bronze/raw/calendar/2026/04_orange.html|/Users/datpro/Documents/gitdatpro/ff-transform-data/data/bronze/raw/calendar/2026/04_yellow.html,2026-09-03T07:55:33Z
Apr 1,8:05pm,USD,yellow,FOMC Member Musalem Speaks,N/A,N/A,N/A,/Users/datpro/Documents/gitdatpro/ff-transform-data/data/bronze/raw/calendar/2026/04_red.html|/Users/datpro/Documents/gitdatpro/ff-transform-data/data/bronze/raw/calendar/2026/04_orange.html|/Users/datpro/Documents/gitdatpro/ff-transform-data/data/bronze/raw/calendar/2026/04_yellow.html,2026-09-03T07:55:33Z
Apr 1,8:10pm,USD,yellow,FOMC Member Barr Speaks,N/A,N/A,N/A,/Users/datpro/Documents/gitdatpro/ff-transform-data/data/bronze/raw/calendar/2026/04_red.html|/Users/datpro/Documents/gitdatpro/ff-transform-data/data/bronze/raw/calendar/2026/04_orange.html|/Users/datpro/Documents/gitdatpro/ff-transform-data/data/bronze/raw/calendar/2026/04_yellow.html,2026-09-03T07:55:33Z
Apr 1,8:30pm,CAD,yellow,Manufacturing PMI,50.0,N/A,51.0,/Users/datpro/Documents/gitdatpro/ff-transform-data/data/bronze/raw/calendar/2026/04_red.html|/Users/datpro/Documents/gitdatpro/ff-transform-data/data/bronze/raw/calendar/2026/04_orange.html|/Users/datpro/Documents/gitdatpro/ff-transform-data/data/bronze/raw/calendar/2026/04_yellow.html,2026-09-03T07:55:33Z
Apr 1,8:45am,CNY,yellow,RatingDog Manufacturing PMI,50.8,51.6,52.1,/Users/datpro/Documents/gitdatpro/ff-transform-data/data/bronze/raw/calendar/2026/04_red.html|/Users/datpro/Documents/gitdatpro/ff-transform-data/data/bronze/raw/calendar/2026/04_orange.html|/Users/datpro/Documents/gitdatpro/ff-transform-data/data/bronze/raw/calendar/2026/04_yellow.html,2026-09-03T07:55:33Z
Apr 1,8:45pm,USD,yellow,Final Manufacturing PMI,52.3,52.3,52.4,/Users/datpro/Documents/gitdatpro/ff-transform-data/data/bronze/raw/calendar/2026/04_red.html|/Users/datpro/Documents/gitdatpro/ff-transform-data/data/bronze/raw/calendar/2026/04_orange.html|/Users/datpro/Documents/gitdatpro/ff-transform-data/data/bronze/raw/calendar/2026/04_yellow.html,2026-09-03T07:55:33Z
Apr 1,9:00pm,USD,yellow,Business Inventories m/m,-0.1%,0.0%,0.0%,/Users/datpro/Documents/gitdatpro/ff-transform-data/data/bronze/raw/calendar/2026/04_red.html|/Users/datpro/Documents/gitdatpro/ff-transform-data/data/bronze/raw/calendar/2026/04_orange.html|/Users/datpro/Documents/gitdatpro/ff-transform-data/data/bronze/raw/calendar/2026/04_yellow.html,2026-09-03T07:55:33Z
Apr 1,9:00pm,USD,red,ISM Manufacturing PMI,52.7,52.3,52.4,/Users/datpro/Documents/gitdatpro/ff-transform-data/data/bronze/raw/calendar/2026/04_red.html|/Users/datpro/Documents/gitdatpro/ff-transform-data/data/bronze/raw/calendar/2026/04_orange.html|/Users/datpro/Documents/gitdatpro/ff-transform-data/data/bronze/raw/calendar/2026/04_yellow.html,2026-09-03T07:55:33Z
Apr 1,9:30pm,USD,yellow,Crude Oil Inventories,5.5M,1.8M,6.9M,/Users/datpro/Documents/gitdatpro/ff-transform-data/data/bronze/raw/calendar/2026/04_red.html|/Users/datpro/Documents/gitdatpro/ff-transform-data/data/bronze/raw/calendar/2026/04_orange.html|/Users/datpro/Documents/gitdatpro/ff-transform-data/data/bronze/raw/calendar/2026/04_yellow.html,2026-09-03T07:55:33Z
Apr 1,All Day,USD,yellow,Omdia Total Vehicle Sales,16.3M,15.9M,15.8M,/Users/datpro/Documents/gitdatpro/ff-transform-data/data/bronze/raw/calendar/2026/04_red.html|/Users/datpro/Documents/gitdatpro/ff-transform-data/data/bronze/raw/calendar/2026/04_orange.html|/Users/datpro/Documents/gitdatpro/ff-transform-data/data/bronze/raw/calendar/2026/04_yellow.html,2026-09-03T07:55:33Z
Apr 10,1:00pm,EUR,yellow,German Final CPI m/m,1.1%,1.1%,1.1%,/Users/datpro/Documents/gitdatpro/ff-transform-data/data/bronze/raw/calendar/2026/04_red.html|/Users/datpro/Documents/gitdatpro/ff-transform-data/data/bronze/raw/calendar/2026/04_orange.html|/Users/datpro/Documents/gitdatpro/ff-transform-data/data/bronze/raw/calendar/2026/04_yellow.html,2026-09-03T07:55:33Z
Apr 10,2:00pm,CHF,yellow,SECO Consumer Climate,-43,-32,-30,/Users/datpro/Documents/gitdatpro/ff-transform-data/data/bronze/raw/calendar/2026/04_red.html|/Users/datpro/Documents/gitdatpro/ff-transform-data/data/bronze/raw/calendar/2026/04_orange.html|/Users/datpro/Documents/gitdatpro/ff-transform-data/data/bronze/raw/calendar/2026/04_yellow.html,2026-09-03T07:55:33Z
Apr 10,3:00pm,EUR,yellow,Italian Industrial Production m/m,0.1%,0.5%,-0.6%,/Users/datpro/Documents/gitdatpro/ff-transform-data/data/bronze/raw/calendar/2026/04_red.html|/Users/datpro/Documents/gitdatpro/ff-transform-data/data/bronze/raw/calendar/2026/04_orange.html|/Users/datpro/Documents/gitdatpro/ff-transform-data/data/bronze/raw/calendar/2026/04_yellow.html,2026-09-03T07:55:33Z
Apr 10,5:30am,NZD,yellow,BusinessNZ Manufacturing Index,53.2,N/A,54.8,/Users/datpro/Documents/gitdatpro/ff-transform-data/data/bronze/raw/calendar/2026/04_red.html|/Users/datpro/Documents/gitdatpro/ff-transform-data/data/bronze/raw/calendar/2026/04_orange.html|/Users/datpro/Documents/gitdatpro/ff-transform-data/data/bronze/raw/calendar/2026/04_yellow.html,2026-09-03T07:55:33Z
Apr 10,6:50am,JPY,yellow,Bank Lending y/y,4.8%,4.4%,4.5%,/Users/datpro/Documents/gitdatpro/ff-transform-data/data/bronze/raw/calendar/2026/04_red.html|/Users/datpro/Documents/gitdatpro/ff-transform-data/data/bronze/raw/calendar/2026/04_orange.html|/Users/datpro/Documents/gitdatpro/ff-transform-data/data/bronze/raw/calendar/2026/04_yellow.html,2026-09-03T07:55:33Z
Apr 10,6:50am,JPY,yellow,PPI y/y,2.6%,2.4%,2.1%,/Users/datpro/Documents/gitdatpro/ff-transform-data/data/bronze/raw/calendar/2026/04_red.html|/Users/datpro/Documents/gitdatpro/ff-transform-data/data/bronze/raw/calendar/2026/04_orange.html|/Users/datpro/Documents/gitdatpro/ff-transform-data/data/bronze/raw/calendar/2026/04_yellow.html,2026-09-03T07:55:33Z
Apr 10,7:30pm,CAD,red,Unemployment Rate,6.7%,6.8%,6.7%,/Users/datpro/Documents/gitdatpro/ff-transform-data/data/bronze/raw/calendar/2026/04_red.html|/Users/datpro/Documents/gitdatpro/ff-transform-data/data/bronze/raw/calendar/2026/04_orange.html|/Users/datpro/Documents/gitdatpro/ff-transform-data/data/bronze/raw/calendar/2026/04_yellow.html,2026-09-03T07:55:33Z
Apr 10,7:30pm,USD,red,CPI m/m,0.9%,1.0%,0.3%,/Users/datpro/Documents/gitdatpro/ff-transform-data/data/bronze/raw/calendar/2026/04_red.html|/Users/datpro/Documents/gitdatpro/ff-transform-data/data/bronze/raw/calendar/2026/04_orange.html|/Users/datpro/Documents/gitdatpro/ff-transform-data/data/bronze/raw/calendar/2026/04_yellow.html,2026-09-03T07:55:33Z
Apr 10,7:30pm,USD,red,CPI y/y,3.3%,3.4%,2.4%,/Users/datpro/Documents/gitdatpro/ff-transform-data/data/bronze/raw/calendar/2026/04_red.html|/Users/datpro/Documents/gitdatpro/ff-transform-data/data/bronze/raw/calendar/2026/04_orange.html|/Users/datpro/Documents/gitdatpro/ff-transform-data/data/bronze/raw/calendar/2026/04_yellow.html,2026-09-03T07:55:33Z
Apr 10,7:30pm,USD,red,Core CPI m/m,0.2%,0.3%,0.2%,/Users/datpro/Documents/gitdatpro/ff-transform-data/data/bronze/raw/calendar/2026/04_red.html|/Users/datpro/Documents/gitdatpro/ff-transform-data/data/bronze/raw/calendar/2026/04_orange.html|/Users/datpro/Documents/gitdatpro/ff-transform-data/data/bronze/raw/calendar/2026/04_yellow.html,2026-09-03T07:55:33Z
Apr 10,7:30pm,USD,red,Core CPI y/y,2.6%,2.7%,2.5%,/Users/datpro/Documents/gitdatpro/ff-transform-data/data/bronze/raw/calendar/2026/04_red.html|/Users/datpro/Documents/gitdatpro/ff-transform-data/data/bronze/raw/calendar/2026/04_orange.html|/Users/datpro/Documents/gitdatpro/ff-transform-data/data/bronze/raw/calendar/2026/04_yellow.html,2026-09-03T07:55:33Z
Apr 10,7:33pm,CNY,orange,PPI y/y,0.5%,0.4%,-0.9%,/Users/datpro/Documents/gitdatpro/ff-transform-data/data/bronze/raw/calendar/2026/04_red.html|/Users/datpro/Documents/gitdatpro/ff-transform-data/data/bronze/raw/calendar/2026/04_orange.html|/Users/datpro/Documents/gitdatpro/ff-transform-data/data/bronze/raw/calendar/2026/04_yellow.html,2026-09-03T07:55:33Z
Apr 10,9:00pm,USD,yellow,Factory Orders m/m,0.0%,-0.3%,0.0%,/Users/datpro/Documents/gitdatpro/ff-transform-data/data/bronze/raw/calendar/2026/04_red.html|/Users/datpro/Documents/gitdatpro/ff-transform-data/data/bronze/raw/calendar/2026/04_orange.html|/Users/datpro/Documents/gitdatpro/ff-transform-data/data/bronze/raw/calendar/2026/04_yellow.html,2026-09-03T07:55:33Z
Apr 10,9:00pm,USD,orange,Prelim UoM Consumer Sentiment,47.6,51.6,53.3,/Users/datpro/Documents/gitdatpro/ff-transform-data/data/bronze/raw/calendar/2026/04_red.html|/Users/datpro/Documents/gitdatpro/ff-transform-data/data/bronze/raw/calendar/2026/04_orange.html|/Users/datpro/Documents/gitdatpro/ff-transform-data/data/bronze/raw/calendar/2026/04_yellow.html,2026-09-03T07:55:33Z
Apr 10,9:00pm,USD,orange,Prelim UoM Inflation Expectations,4.8%,N/A,3.8%,/Users/datpro/Documents/gitdatpro/ff-transform-data/data/bronze/raw/calendar/2026/04_red.html|/Users/datpro/Documents/gitdatpro/ff-transform-data/data/bronze/raw/calendar/2026/04_orange.html|/Users/datpro/Documents/gitdatpro/ff-transform-data/data/bronze/raw/calendar/2026/04_yellow.html,2026-09-03T07:55:33Z
Apr 13,4:00pm,CNY,yellow,M2 Money Supply y/y,8.5%,8.9%,9.0%,/Users/datpro/Documents/gitdatpro/ff-transform-data/data/bronze/raw/calendar/2026/04_red.html|/Users/datpro/Documents/gitdatpro/ff-transform-data/data/bronze/raw/calendar/2026/04_orange.html|/Users/datpro/Documents/gitdatpro/ff-transform-data/data/bronze/raw/calendar/2026/04_yellow.html,2026-09-03T07:55:33Z
Apr 13,4:01pm,CNY,yellow,New Loans,2990B,3465B,900B,/Users/datpro/Documents/gitdatpro/ff-transform-data/data/bronze/raw/calendar/2026/04_red.html|/Users/datpro/Documents/gitdatpro/ff-transform-data/data/bronze/raw/calendar/2026/04_orange.html|/Users/datpro/Documents/gitdatpro/ff-transform-data/data/bronze/raw/calendar/2026/04_yellow.html,2026-09-03T07:55:33Z
Apr 13,6:50am,JPY,yellow,M2 Money Stock y/y,2.0%,1.6%,1.7%,/Users/datpro/Documents/gitdatpro/ff-transform-data/data/bronze/raw/calendar/2026/04_red.html|/Users/datpro/Documents/gitdatpro/ff-transform-data/data/bronze/raw/calendar/2026/04_orange.html|/Users/datpro/Documents/gitdatpro/ff-transform-data/data/bronze/raw/calendar/2026/04_yellow.html,2026-09-03T07:55:33Z
Apr 13,7:30pm,CAD,yellow,Building Permits m/m,-8.4%,-0.4%,3.5%,/Users/datpro/Documents/gitdatpro/ff-transform-data/data/bronze/raw/calendar/2026/04_red.html|/Users/datpro/Documents/gitdatpro/ff-transform-data/data/bronze/raw/calendar/2026/04_orange.html|/Users/datpro/Documents/gitdatpro/ff-transform-data/data/bronze/raw/calendar/2026/04_yellow.html,2026-09-03T07:55:33Z
Apr 13,9:00pm,USD,yellow,Existing Home Sales,3.98M,4.07M,4.13M,/Users/datpro/Documents/gitdatpro/ff-transform-data/data/bronze/raw/calendar/2026/04_red.html|/Users/datpro/Documents/gitdatpro/ff-transform-data/data/bronze/raw/calendar/2026/04_orange.html|/Users/datpro/Documents/gitdatpro/ff-transform-data/data/bronze/raw/calendar/2026/04_yellow.html,2026-09-03T07:55:33Z
Apr 14,11:05pm,GBP,orange,BOE Gov Bailey Speaks,N/A,N/A,N/A,/Users/datpro/Documents/gitdatpro/ff-transform-data/data/bronze/raw/calendar/2026/04_red.html|/Users/datpro/Documents/gitdatpro/ff-transform-data/data/bronze/raw/calendar/2026/04_orange.html|/Users/datpro/Documents/gitdatpro/ff-transform-data/data/bronze/raw/calendar/2026/04_yellow.html,2026-09-03T07:55:33Z
Apr 14,11:10pm,USD,yellow,FOMC Member Goolsbee Speaks,N/A,N/A,N/A,/Users/datpro/Documents/gitdatpro/ff-transform-data/data/bronze/raw/calendar/2026/04_red.html|/Users/datpro/Documents/gitdatpro/ff-transform-data/data/bronze/raw/calendar/2026/04_orange.html|/Users/datpro/Documents/gitdatpro/ff-transform-data/data/bronze/raw/calendar/2026/04_yellow.html,2026-09-03T07:55:33Z
Apr 14,11:30am,JPY,yellow,Revised Industrial Production m/m,-2.0%,-2.1%,-2.1%,/Users/datpro/Documents/gitdatpro/ff-transform-data/data/bronze/raw/calendar/2026/04_red.html|/Users/datpro/Documents/gitdatpro/ff-transform-data/data/bronze/raw/calendar/2026/04_orange.html|/Users/datpro/Documents/gitdatpro/ff-transform-data/data/bronze/raw/calendar/2026/04_yellow.html,2026-09-03T07:55:33Z
Apr 14,11:45pm,USD,yellow,FOMC Member Barr Speaks,N/A,N/A,N/A,/Users/datpro/Documents/gitdatpro/ff-transform-data/data/bronze/raw/calendar/2026/04_red.html|/Users/datpro/Documents/gitdatpro/ff-transform-data/data/bronze/raw/calendar/2026/04_orange.html|/Users/datpro/Documents/gitdatpro/ff-transform-data/data/bronze/raw/calendar/2026/04_yellow.html,2026-09-03T07:55:33Z
Apr 14,1:00pm,EUR,yellow,German WPI m/m,2.7%,0.4%,0.6%,/Users/datpro/Documents/gitdatpro/ff-transform-data/data/bronze/raw/calendar/2026/04_red.html|/Users/datpro/Documents/gitdatpro/ff-transform-data/data/bronze/raw/calendar/2026/04_orange.html|/Users/datpro/Documents/gitdatpro/ff-transform-data/data/bronze/raw/calendar/2026/04_yellow.html,2026-09-03T07:55:33Z
Apr 14,3:50pm,GBP,yellow,MPC Member Mann Speaks,N/A,N/A,N/A,/Users/datpro/Documents/gitdatpro/ff-transform-data/data/bronze/raw/calendar/2026/04_red.html|/Users/datpro/Documents/gitdatpro/ff-transform-data/data/bronze/raw/calendar/2026/04_orange.html|/Users/datpro/Documents/gitdatpro/ff-transform-data/data/bronze/raw/calendar/2026/04_yellow.html,2026-09-03T07:55:33Z
Apr 14,5:00pm,USD,yellow,NFIB Small Business Index,95.8,97.8,98.8,/Users/datpro/Documents/gitdatpro/ff-transform-data/data/bronze/raw/calendar/2026/04_red.html|/Users/datpro/Documents/gitdatpro/ff-transform-data/data/bronze/raw/calendar/2026/04_orange.html|/Users/datpro/Documents/gitdatpro/ff-transform-data/data/bronze/raw/calendar/2026/04_yellow.html,2026-09-03T07:55:33Z
Apr 14,5:20am,USD,yellow,FOMC Member Miran Speaks,N/A,N/A,N/A,/Users/datpro/Documents/gitdatpro/ff-transform-data/data/bronze/raw/calendar/2026/04_red.html|/Users/datpro/Documents/gitdatpro/ff-transform-data/data/bronze/raw/calendar/2026/04_orange.html|/Users/datpro/Documents/gitdatpro/ff-transform-data/data/bronze/raw/calendar/2026/04_yellow.html,2026-09-03T07:55:33Z
Apr 14,5:45am,NZD,yellow,Visitor Arrivals m/m,1.7%,N/A,1.1%,/Users/datpro/Documents/gitdatpro/ff-transform-data/data/bronze/raw/calendar/2026/04_red.html|/Users/datpro/Documents/gitdatpro/ff-transform-data/data/bronze/raw/calendar/2026/04_orange.html|/Users/datpro/Documents/gitdatpro/ff-transform-data/data/bronze/raw/calendar/2026/04_yellow.html,2026-09-03T07:55:33Z
Apr 14,6:01am,GBP,yellow,BRC Retail Sales Monitor y/y,3.1%,0.9%,0.7%,/Users/datpro/Documents/gitdatpro/ff-transform-data/data/bronze/raw/calendar/2026/04_red.html|/Users/datpro/Documents/gitdatpro/ff-transform-data/data/bronze/raw/calendar/2026/04_orange.html|/Users/datpro/Documents/gitdatpro/ff-transform-data/data/bronze/raw/calendar/2026/04_yellow.html,2026-09-03T07:55:33Z
Apr 14,7:15pm,USD,yellow,ADP Weekly Employment Change,39.3K,N/A,26.0K,/Users/datpro/Documents/gitdatpro/ff-transform-data/data/bronze/raw/calendar/2026/04_red.html|/Users/datpro/Documents/gitdatpro/ff-transform-data/data/bronze/raw/calendar/2026/04_orange.html|/Users/datpro/Documents/gitdatpro/ff-transform-data/data/bronze/raw/calendar/2026/04_yellow.html,2026-09-03T07:55:33Z
Apr 14,7:30am,AUD,yellow,Westpac Consumer Sentiment,-12.5%,N/A,1.2%,/Users/datpro/Documents/gitdatpro/ff-transform-data/data/bronze/raw/calendar/2026/04_red.html|/Users/datpro/Documents/gitdatpro/ff-transform-data/data/bronze/raw/calendar/2026/04_orange.html|/Users/datpro/Documents/gitdatpro/ff-transform-data/data/bronze/raw/calendar/2026/04_yellow.html,2026-09-03T07:55:33Z
Apr 14,7:30pm,USD,red,PPI m/m,0.5%,1.1%,0.5%,/Users/datpro/Documents/gitdatpro/ff-transform-data/data/bronze/raw/calendar/2026/04_red.html|/Users/datpro/Documents/gitdatpro/ff-transform-data/data/bronze/raw/calendar/2026/04_orange.html|/Users/datpro/Documents/gitdatpro/ff-transform-data/data/bronze/raw/calendar/2026/04_yellow.html,2026-09-03T07:55:33Z
Apr 14,8:30am,AUD,yellow,NAB Business Confidence,-29,N/A,0,/Users/datpro/Documents/gitdatpro/ff-transform-data/data/bronze/raw/calendar/2026/04_red.html|/Users/datpro/Documents/gitdatpro/ff-transform-data/data/bronze/raw/calendar/2026/04_orange.html|/Users/datpro/Documents/gitdatpro/ff-transform-data/data/bronze/raw/calendar/2026/04_yellow.html,2026-09-03T07:55:33Z
Apr 14,8:30pm,GBP,yellow,CB Leading Index m/m,-0.1%,N/A,-0.1%,/Users/datpro/Documents/gitdatpro/ff-transform-data/data/bronze/raw/calendar/2026/04_red.html|/Users/datpro/Documents/gitdatpro/ff-transform-data/data/bronze/raw/calendar/2026/04_orange.html|/Users/datpro/Documents/gitdatpro/ff-transform-data/data/bronze/raw/calendar/2026/04_yellow.html,2026-09-03T07:55:33Z
Apr 14,8:45pm,USD,yellow,FOMC Member Goolsbee Speaks,N/A,N/A,N/A,/Users/datpro/Documents/gitdatpro/ff-transform-data/data/bronze/raw/calendar/2026/04_red.html|/Users/datpro/Documents/gitdatpro/ff-transform-data/data/bronze/raw/calendar/2026/04_orange.html|/Users/datpro/Documents/gitdatpro/ff-transform-data/data/bronze/raw/calendar/2026/04_yellow.html,2026-09-03T07:55:33Z
Apr 14,9:00pm,GBP,yellow,MPC Member Greene Speaks,N/A,N/A,N/A,/Users/datpro/Documents/gitdatpro/ff-transform-data/data/bronze/raw/calendar/2026/04_red.html|/Users/datpro/Documents/gitdatpro/ff-transform-data/data/bronze/raw/calendar/2026/04_orange.html|/Users/datpro/Documents/gitdatpro/ff-transform-data/data/bronze/raw/calendar/2026/04_yellow.html,2026-09-03T07:55:33Z
Apr 14,9:15pm,USD,yellow,FOMC Member Goolsbee Speaks,N/A,N/A,N/A,/Users/datpro/Documents/gitdatpro/ff-transform-data/data/bronze/raw/calendar/2026/04_red.html|/Users/datpro/Documents/gitdatpro/ff-transform-data/data/bronze/raw/calendar/2026/04_orange.html|/Users/datpro/Documents/gitdatpro/ff-transform-data/data/bronze/raw/calendar/2026/04_yellow.html,2026-09-03T07:55:33Z
Apr 14,9:56am,CNY,yellow,USD-Denominated Trade Balance,51.1B,107.2B,213.6B,/Users/datpro/Documents/gitdatpro/ff-transform-data/data/bronze/raw/calendar/2026/04_red.html|/Users/datpro/Documents/gitdatpro/ff-transform-data/data/bronze/raw/calendar/2026/04_orange.html|/Users/datpro/Documents/gitdatpro/ff-transform-data/data/bronze/raw/calendar/2026/04_yellow.html,2026-09-03T07:55:33Z
Apr 14,9:57am,CNY,yellow,Trade Balance,355B,760B,1503B,/Users/datpro/Documents/gitdatpro/ff-transform-data/data/bronze/raw/calendar/2026/04_red.html|/Users/datpro/Documents/gitdatpro/ff-transform-data/data/bronze/raw/calendar/2026/04_orange.html|/Users/datpro/Documents/gitdatpro/ff-transform-data/data/bronze/raw/calendar/2026/04_yellow.html,2026-09-03T07:55:33Z
Apr 15,10:50pm,GBP,orange,BOE Gov Bailey Speaks,N/A,N/A,N/A,/Users/datpro/Documents/gitdatpro/ff-transform-data/data/bronze/raw/calendar/2026/04_red.html|/Users/datpro/Documents/gitdatpro/ff-transform-data/data/bronze/raw/calendar/2026/04_orange.html|/Users/datpro/Documents/gitdatpro/ff-transform-data/data/bronze/raw/calendar/2026/04_yellow.html,2026-09-03T07:55:33Z
Apr 15,11:45pm,USD,yellow,FOMC Member Collins Speaks,N/A,N/A,N/A,/Users/datpro/Documents/gitdatpro/ff-transform-data/data/bronze/raw/calendar/2026/04_red.html|/Users/datpro/Documents/gitdatpro/ff-transform-data/data/bronze/raw/calendar/2026/04_orange.html|/Users/datpro/Documents/gitdatpro/ff-transform-data/data/bronze/raw/calendar/2026/04_yellow.html,2026-09-03T07:55:33Z
Apr 15,11:45pm,USD,yellow,FOMC Member Paulson Speaks,N/A,N/A,N/A,/Users/datpro/Documents/gitdatpro/ff-transform-data/data/bronze/raw/calendar/2026/04_red.html|/Users/datpro/Documents/gitdatpro/ff-transform-data/data/bronze/raw/calendar/2026/04_orange.html|/Users/datpro/Documents/gitdatpro/ff-transform-data/data/bronze/raw/calendar/2026/04_yellow.html,2026-09-03T07:55:33Z
Apr 15,1:45pm,EUR,yellow,French Final CPI m/m,1.0%,0.9%,0.9%,/Users/datpro/Documents/gitdatpro/ff-transform-data/data/bronze/raw/calendar/2026/04_red.html|/Users/datpro/Documents/gitdatpro/ff-transform-data/data/bronze/raw/calendar/2026/04_orange.html|/Users/datpro/Documents/gitdatpro/ff-transform-data/data/bronze/raw/calendar/2026/04_yellow.html,2026-09-03T07:55:33Z
Apr 15,3:10am,GBP,yellow,MPC Member Breeden Speaks,N/A,N/A,N/A,/Users/datpro/Documents/gitdatpro/ff-transform-data/data/bronze/raw/calendar/2026/04_red.html|/Users/datpro/Documents/gitdatpro/ff-transform-data/data/bronze/raw/calendar/2026/04_orange.html|/Users/datpro/Documents/gitdatpro/ff-transform-data/data/bronze/raw/calendar/2026/04_yellow.html,2026-09-03T07:55:33Z
Apr 15,3:30am,USD,yellow,API Weekly Statistical Bulletin,N/A,N/A,N/A,/Users/datpro/Documents/gitdatpro/ff-transform-data/data/bronze/raw/calendar/2026/04_red.html|/Users/datpro/Documents/gitdatpro/ff-transform-data/data/bronze/raw/calendar/2026/04_orange.html|/Users/datpro/Documents/gitdatpro/ff-transform-data/data/bronze/raw/calendar/2026/04_yellow.html,2026-09-03T07:55:33Z
Apr 15,4:00pm,EUR,yellow,Industrial Production m/m,0.4%,0.3%,-0.8%,/Users/datpro/Documents/gitdatpro/ff-transform-data/data/bronze/raw/calendar/2026/04_red.html|/Users/datpro/Documents/gitdatpro/ff-transform-data/data/bronze/raw/calendar/2026/04_orange.html|/Users/datpro/Documents/gitdatpro/ff-transform-data/data/bronze/raw/calendar/2026/04_yellow.html,2026-09-03T07:55:33Z
Apr 15,4:34pm,EUR,yellow,German 30-y Bond Auction,3.58|1.4,N/A,3.45|1.7,/Users/datpro/Documents/gitdatpro/ff-transform-data/data/bronze/raw/calendar/2026/04_red.html|/Users/datpro/Documents/gitdatpro/ff-transform-data/data/bronze/raw/calendar/2026/04_orange.html|/Users/datpro/Documents/gitdatpro/ff-transform-data/data/bronze/raw/calendar/2026/04_yellow.html,2026-09-03T07:55:33Z
Apr 15,5:00pm,USD,orange,President Trump Speaks,N/A,N/A,N/A,/Users/datpro/Documents/gitdatpro/ff-transform-data/data/bronze/raw/calendar/2026/04_red.html|/Users/datpro/Documents/gitdatpro/ff-transform-data/data/bronze/raw/calendar/2026/04_orange.html|/Users/datpro/Documents/gitdatpro/ff-transform-data/data/bronze/raw/calendar/2026/04_yellow.html,2026-09-03T07:55:33Z
Apr 15,6:50am,JPY,yellow,Core Machinery Orders m/m,13.6%,-1.1%,-5.5%,/Users/datpro/Documents/gitdatpro/ff-transform-data/data/bronze/raw/calendar/2026/04_red.html|/Users/datpro/Documents/gitdatpro/ff-transform-data/data/bronze/raw/calendar/2026/04_orange.html|/Users/datpro/Documents/gitdatpro/ff-transform-data/data/bronze/raw/calendar/2026/04_yellow.html,2026-09-03T07:55:33Z
Apr 15,7:30pm,CAD,yellow,Manufacturing Sales m/m,3.6%,3.8%,-3.1%,/Users/datpro/Documents/gitdatpro/ff-transform-data/data/bronze/raw/calendar/2026/04_red.html|/Users/datpro/Documents/gitdatpro/ff-transform-data/data/bronze/raw/calendar/2026/04_orange.html|/Users/datpro/Documents/gitdatpro/ff-transform-data/data/bronze/raw/calendar/2026/04_yellow.html,2026-09-03T07:55:33Z
Apr 15,7:30pm,CAD,yellow,Wholesale Sales m/m,2.0%,2.3%,-1.1%,/Users/datpro/Documents/gitdatpro/ff-transform-data/data/bronze/raw/calendar/2026/04_red.html|/Users/datpro/Documents/gitdatpro/ff-transform-data/data/bronze/raw/calendar/2026/04_orange.html|/Users/datpro/Documents/gitdatpro/ff-transform-data/data/bronze/raw/calendar/2026/04_yellow.html,2026-09-03T07:55:33Z
Apr 15,7:30pm,USD,orange,Empire State Manufacturing Index,11.0,0.3,-0.2,/Users/datpro/Documents/gitdatpro/ff-transform-data/data/bronze/raw/calendar/2026/04_red.html|/Users/datpro/Documents/gitdatpro/ff-transform-data/data/bronze/raw/calendar/2026/04_orange.html|/Users/datpro/Documents/gitdatpro/ff-transform-data/data/bronze/raw/calendar/2026/04_yellow.html,2026-09-03T07:55:33Z
Apr 15,7:30pm,USD,yellow,FOMC Member Barr Speaks,N/A,N/A,N/A,/Users/datpro/Documents/gitdatpro/ff-transform-data/data/bronze/raw/calendar/2026/04_red.html|/Users/datpro/Documents/gitdatpro/ff-transform-data/data/bronze/raw/calendar/2026/04_orange.html|/Users/datpro/Documents/gitdatpro/ff-transform-data/data/bronze/raw/calendar/2026/04_yellow.html,2026-09-03T07:55:33Z
Apr 15,7:30pm,USD,yellow,FOMC Member Hammack Speaks,N/A,N/A,N/A,/Users/datpro/Documents/gitdatpro/ff-transform-data/data/bronze/raw/calendar/2026/04_red.html|/Users/datpro/Documents/gitdatpro/ff-transform-data/data/bronze/raw/calendar/2026/04_orange.html|/Users/datpro/Documents/gitdatpro/ff-transform-data/data/bronze/raw/calendar/2026/04_yellow.html,2026-09-03T07:55:33Z
Apr 15,7:30pm,USD,yellow,Import Prices m/m,0.8%,2.3%,0.9%,/Users/datpro/Documents/gitdatpro/ff-transform-data/data/bronze/raw/calendar/2026/04_red.html|/Users/datpro/Documents/gitdatpro/ff-transform-data/data/bronze/raw/calendar/2026/04_orange.html|/Users/datpro/Documents/gitdatpro/ff-transform-data/data/bronze/raw/calendar/2026/04_yellow.html,2026-09-03T07:55:33Z
Apr 15,9:00pm,USD,yellow,NAHB Housing Market Index,34,37,38,/Users/datpro/Documents/gitdatpro/ff-transform-data/data/bronze/raw/calendar/2026/04_red.html|/Users/datpro/Documents/gitdatpro/ff-transform-data/data/bronze/raw/calendar/2026/04_orange.html|/Users/datpro/Documents/gitdatpro/ff-transform-data/data/bronze/raw/calendar/2026/04_yellow.html,2026-09-03T07:55:33Z
Apr 15,9:30pm,AUD,yellow,CB Leading Index m/m,1.1%,N/A,0.1%,/Users/datpro/Documents/gitdatpro/ff-transform-data/data/bronze/raw/calendar/2026/04_red.html|/Users/datpro/Documents/gitdatpro/ff-transform-data/data/bronze/raw/calendar/2026/04_orange.html|/Users/datpro/Documents/gitdatpro/ff-transform-data/data/bronze/raw/calendar/2026/04_yellow.html,2026-09-03T07:55:33Z
Apr 15,9:30pm,USD,yellow,Crude Oil Inventories,-0.9M,2.1M,3.1M,/Users/datpro/Documents/gitdatpro/ff-transform-data/data/bronze/raw/calendar/2026/04_red.html|/Users/datpro/Documents/gitdatpro/ff-transform-data/data/bronze/raw/calendar/2026/04_orange.html|/Users/datpro/Documents/gitdatpro/ff-transform-data/data/bronze/raw/calendar/2026/04_yellow.html,2026-09-03T07:55:33Z
Apr 16,10:40pm,GBP,yellow,MPC Member Taylor Speaks,N/A,N/A,N/A,/Users/datpro/Documents/gitdatpro/ff-transform-data/data/bronze/raw/calendar/2026/04_red.html|/Users/datpro/Documents/gitdatpro/ff-transform-data/data/bronze/raw/calendar/2026/04_orange.html|/Users/datpro/Documents/gitdatpro/ff-transform-data/data/bronze/raw/calendar/2026/04_yellow.html,2026-09-03T07:55:33Z
Apr 16,10:50pm,NZD,orange,RBNZ Gov Breman Speaks,N/A,N/A,N/A,/Users/datpro/Documents/gitdatpro/ff-transform-data/data/bronze/raw/calendar/2026/04_red.html|/Users/datpro/Documents/gitdatpro/ff-transform-data/data/bronze/raw/calendar/2026/04_orange.html|/Users/datpro/Documents/gitdatpro/ff-transform-data/data/bronze/raw/calendar/2026/04_yellow.html,2026-09-03T07:55:33Z
Apr 16,11:00pm,CHF,yellow,Gov Board Member Tschudin Speaks,N/A,N/A,N/A,/Users/datpro/Documents/gitdatpro/ff-transform-data/data/bronze/raw/calendar/2026/04_red.html|/Users/datpro/Documents/gitdatpro/ff-transform-data/data/bronze/raw/calendar/2026/04_orange.html|/Users/datpro/Documents/gitdatpro/ff-transform-data/data/bronze/raw/calendar/2026/04_yellow.html,2026-09-03T07:55:33Z
Apr 16,11:45pm,EUR,yellow,German Buba President Nagel Speaks,N/A,N/A,N/A,/Users/datpro/Documents/gitdatpro/ff-transform-data/data/bronze/raw/calendar/2026/04_red.html|/Users/datpro/Documents/gitdatpro/ff-transform-data/data/bronze/raw/calendar/2026/04_orange.html|/Users/datpro/Documents/gitdatpro/ff-transform-data/data/bronze/raw/calendar/2026/04_yellow.html,2026-09-03T07:55:33Z
Apr 16,1:00am,GBP,orange,BOE Gov Bailey Speaks,N/A,N/A,N/A,/Users/datpro/Documents/gitdatpro/ff-transform-data/data/bronze/raw/calendar/2026/04_red.html|/Users/datpro/Documents/gitdatpro/ff-transform-data/data/bronze/raw/calendar/2026/04_orange.html|/Users/datpro/Documents/gitdatpro/ff-transform-data/data/bronze/raw/calendar/2026/04_yellow.html,2026-09-03T07:55:33Z
Apr 16,1:00am,USD,yellow,Beige Book,N/A,N/A,N/A,/Users/datpro/Documents/gitdatpro/ff-transform-data/data/bronze/raw/calendar/2026/04_red.html|/Users/datpro/Documents/gitdatpro/ff-transform-data/data/bronze/raw/calendar/2026/04_orange.html|/Users/datpro/Documents/gitdatpro/ff-transform-data/data/bronze/raw/calendar/2026/04_yellow.html,2026-09-03T07:55:33Z
Apr 16,1:00pm,GBP,yellow,Construction Output m/m,1.0%,-0.4%,0.5%,/Users/datpro/Documents/gitdatpro/ff-transform-data/data/bronze/raw/calendar/2026/04_red.html|/Users/datpro/Documents/gitdatpro/ff-transform-data/data/bronze/raw/calendar/2026/04_orange.html|/Users/datpro/Documents/gitdatpro/ff-transform-data/data/bronze/raw/calendar/2026/04_yellow.html,2026-09-03T07:55:33Z
Apr 16,1:00pm,GBP,red,GDP m/m,0.5%,0.1%,0.1%,/Users/datpro/Documents/gitdatpro/ff-transform-data/data/bronze/raw/calendar/2026/04_red.html|/Users/datpro/Documents/gitdatpro/ff-transform-data/data/bronze/raw/calendar/2026/04_orange.html|/Users/datpro/Documents/gitdatpro/ff-transform-data/data/bronze/raw/calendar/2026/04_yellow.html,2026-09-03T07:55:33Z
Apr 16,1:00pm,GBP,yellow,Goods Trade Balance,-18.8B,-19.4B,-15.1B,/Users/datpro/Documents/gitdatpro/ff-transform-data/data/bronze/raw/calendar/2026/04_red.html|/Users/datpro/Documents/gitdatpro/ff-transform-data/data/bronze/raw/calendar/2026/04_orange.html|/Users/datpro/Documents/gitdatpro/ff-transform-data/data/bronze/raw/calendar/2026/04_yellow.html,2026-09-03T07:55:33Z
Apr 16,1:00pm,GBP,yellow,Index of Services 3m/3m,0.5%,0.3%,0.3%,/Users/datpro/Documents/gitdatpro/ff-transform-data/data/bronze/raw/calendar/2026/04_red.html|/Users/datpro/Documents/gitdatpro/ff-transform-data/data/bronze/raw/calendar/2026/04_orange.html|/Users/datpro/Documents/gitdatpro/ff-transform-data/data/bronze/raw/calendar/2026/04_yellow.html,2026-09-03T07:55:33Z
Apr 16,1:00pm,GBP,yellow,Industrial Production m/m,0.5%,0.3%,-0.1%,/Users/datpro/Documents/gitdatpro/ff-transform-data/data/bronze/raw/calendar/2026/04_red.html|/Users/datpro/Documents/gitdatpro/ff-transform-data/data/bronze/raw/calendar/2026/04_orange.html|/Users/datpro/Documents/gitdatpro/ff-transform-data/data/bronze/raw/calendar/2026/04_yellow.html,2026-09-03T07:55:33Z
Apr 16,1:00pm,GBP,yellow,Manufacturing Production m/m,-0.1%,0.3%,0.2%,/Users/datpro/Documents/gitdatpro/ff-transform-data/data/bronze/raw/calendar/2026/04_red.html|/Users/datpro/Documents/gitdatpro/ff-transform-data/data/bronze/raw/calendar/2026/04_orange.html|/Users/datpro/Documents/gitdatpro/ff-transform-data/data/bronze/raw/calendar/2026/04_yellow.html,2026-09-03T07:55:33Z
Apr 16,1:30pm,CHF,yellow,PPI m/m,0.2%,0.5%,-0.3%,/Users/datpro/Documents/gitdatpro/ff-transform-data/data/bronze/raw/calendar/2026/04_red.html|/Users/datpro/Documents/gitdatpro/ff-transform-data/data/bronze/raw/calendar/2026/04_orange.html|/Users/datpro/Documents/gitdatpro/ff-transform-data/data/bronze/raw/calendar/2026/04_yellow.html,2026-09-03T07:55:33Z
Apr 16,2:30am,EUR,orange,ECB President Lagarde Speaks,N/A,N/A,N/A,/Users/datpro/Documents/gitdatpro/ff-transform-data/data/bronze/raw/calendar/2026/04_red.html|/Users/datpro/Documents/gitdatpro/ff-transform-data/data/bronze/raw/calendar/2026/04_orange.html|/Users/datpro/Documents/gitdatpro/ff-transform-data/data/bronze/raw/calendar/2026/04_yellow.html,2026-09-03T07:55:33Z
Apr 16,2:30pm,CHF,yellow,Summary of Monetary Policy Discussions,N/A,N/A,N/A,/Users/datpro/Documents/gitdatpro/ff-transform-data/data/bronze/raw/calendar/2026/04_red.html|/Users/datpro/Documents/gitdatpro/ff-transform-data/data/bronze/raw/calendar/2026/04_orange.html|/Users/datpro/Documents/gitdatpro/ff-transform-data/data/bronze/raw/calendar/2026/04_yellow.html,2026-09-03T07:55:33Z
Apr 16,3:00am,AUD,yellow,RBA Deputy Gov Hauser Speaks,N/A,N/A,N/A,/Users/datpro/Documents/gitdatpro/ff-transform-data/data/bronze/raw/calendar/2026/04_red.html|/Users/datpro/Documents/gitdatpro/ff-transform-data/data/bronze/raw/calendar/2026/04_orange.html|/Users/datpro/Documents/gitdatpro/ff-transform-data/data/bronze/raw/calendar/2026/04_yellow.html,2026-09-03T07:55:33Z
Apr 16,3:04am,USD,yellow,TIC Long-Term Purchases,58.6B,36.6B,2.4B,/Users/datpro/Documents/gitdatpro/ff-transform-data/data/bronze/raw/calendar/2026/04_red.html|/Users/datpro/Documents/gitdatpro/ff-transform-data/data/bronze/raw/calendar/2026/04_orange.html|/Users/datpro/Documents/gitdatpro/ff-transform-data/data/bronze/raw/calendar/2026/04_yellow.html,2026-09-03T07:55:33Z
Apr 16,4:00pm,EUR,yellow,Final CPI y/y,2.6%,2.5%,2.5%,/Users/datpro/Documents/gitdatpro/ff-transform-data/data/bronze/raw/calendar/2026/04_red.html|/Users/datpro/Documents/gitdatpro/ff-transform-data/data/bronze/raw/calendar/2026/04_orange.html|/Users/datpro/Documents/gitdatpro/ff-transform-data/data/bronze/raw/calendar/2026/04_yellow.html,2026-09-03T07:55:33Z
Apr 16,4:00pm,EUR,yellow,Final Core CPI y/y,2.3%,2.3%,2.3%,/Users/datpro/Documents/gitdatpro/ff-transform-data/data/bronze/raw/calendar/2026/04_red.html|/Users/datpro/Documents/gitdatpro/ff-transform-data/data/bronze/raw/calendar/2026/04_orange.html|/Users/datpro/Documents/gitdatpro/ff-transform-data/data/bronze/raw/calendar/2026/04_yellow.html,2026-09-03T07:55:33Z
Apr 16,6:30pm,EUR,yellow,ECB Monetary Policy Meeting Accounts,N/A,N/A,N/A,/Users/datpro/Documents/gitdatpro/ff-transform-data/data/bronze/raw/calendar/2026/04_red.html|/Users/datpro/Documents/gitdatpro/ff-transform-data/data/bronze/raw/calendar/2026/04_orange.html|/Users/datpro/Documents/gitdatpro/ff-transform-data/data/bronze/raw/calendar/2026/04_yellow.html,2026-09-03T07:55:33Z
Apr 16,7:30pm,AUD,red,Unemployment Rate,4.3%,4.3%,4.3%,/Users/datpro/Documents/gitdatpro/ff-transform-data/data/bronze/raw/calendar/2026/04_red.html|/Users/datpro/Documents/gitdatpro/ff-transform-data/data/bronze/raw/calendar/2026/04_orange.html|/Users/datpro/Documents/gitdatpro/ff-transform-data/data/bronze/raw/calendar/2026/04_yellow.html,2026-09-03T07:55:33Z
Apr 16,7:30pm,USD,orange,Philly Fed Manufacturing Index,26.7,10.3,18.1,/Users/datpro/Documents/gitdatpro/ff-transform-data/data/bronze/raw/calendar/2026/04_red.html|/Users/datpro/Documents/gitdatpro/ff-transform-data/data/bronze/raw/calendar/2026/04_orange.html|/Users/datpro/Documents/gitdatpro/ff-transform-data/data/bronze/raw/calendar/2026/04_yellow.html,2026-09-03T07:55:33Z
Apr 16,7:30pm,USD,orange,Unemployment Claims,207K,213K,218K,/Users/datpro/Documents/gitdatpro/ff-transform-data/data/bronze/raw/calendar/2026/04_red.html|/Users/datpro/Documents/gitdatpro/ff-transform-data/data/bronze/raw/calendar/2026/04_orange.html|/Users/datpro/Documents/gitdatpro/ff-transform-data/data/bronze/raw/calendar/2026/04_yellow.html,2026-09-03T07:55:33Z
Apr 16,7:35pm,USD,yellow,FOMC Member Williams Speaks,N/A,N/A,N/A,/Users/datpro/Documents/gitdatpro/ff-transform-data/data/bronze/raw/calendar/2026/04_red.html|/Users/datpro/Documents/gitdatpro/ff-transform-data/data/bronze/raw/calendar/2026/04_orange.html|/Users/datpro/Documents/gitdatpro/ff-transform-data/data/bronze/raw/calendar/2026/04_yellow.html,2026-09-03T07:55:33Z
Apr 16,8:00am,AUD,yellow,MI Inflation Expectations,5.9%,N/A,5.2%,/Users/datpro/Documents/gitdatpro/ff-transform-data/data/bronze/raw/calendar/2026/04_red.html|/Users/datpro/Documents/gitdatpro/ff-transform-data/data/bronze/raw/calendar/2026/04_orange.html|/Users/datpro/Documents/gitdatpro/ff-transform-data/data/bronze/raw/calendar/2026/04_yellow.html,2026-09-03T07:55:33Z
Apr 16,8:15pm,USD,yellow,Capacity Utilization Rate,75.7%,76.3%,76.1%,/Users/datpro/Documents/gitdatpro/ff-transform-data/data/bronze/raw/calendar/2026/04_red.html|/Users/datpro/Documents/gitdatpro/ff-transform-data/data/bronze/raw/calendar/2026/04_orange.html|/Users/datpro/Documents/gitdatpro/ff-transform-data/data/bronze/raw/calendar/2026/04_yellow.html,2026-09-03T07:55:33Z
Apr 16,8:15pm,USD,yellow,Industrial Production m/m,-0.5%,0.1%,0.7%,/Users/datpro/Documents/gitdatpro/ff-transform-data/data/bronze/raw/calendar/2026/04_red.html|/Users/datpro/Documents/gitdatpro/ff-transform-data/data/bronze/raw/calendar/2026/04_orange.html|/Users/datpro/Documents/gitdatpro/ff-transform-data/data/bronze/raw/calendar/2026/04_yellow.html,2026-09-03T07:55:33Z
Apr 16,8:30am,CNY,yellow,New Home Prices m/m,-0.21%,N/A,-0.28%,/Users/datpro/Documents/gitdatpro/ff-transform-data/data/bronze/raw/calendar/2026/04_red.html|/Users/datpro/Documents/gitdatpro/ff-transform-data/data/bronze/raw/calendar/2026/04_orange.html|/Users/datpro/Documents/gitdatpro/ff-transform-data/data/bronze/raw/calendar/2026/04_yellow.html,2026-09-03T07:55:33Z
Apr 16,9:00am,CNY,yellow,Fixed Asset Investment ytd/y,1.7%,1.9%,1.8%,/Users/datpro/Documents/gitdatpro/ff-transform-data/data/bronze/raw/calendar/2026/04_red.html|/Users/datpro/Documents/gitdatpro/ff-transform-data/data/bronze/raw/calendar/2026/04_orange.html|/Users/datpro/Documents/gitdatpro/ff-transform-data/data/bronze/raw/calendar/2026/04_yellow.html,2026-09-03T07:55:33Z
Apr 16,9:00am,CNY,yellow,GDP q/y,5.0%,4.8%,4.5%,/Users/datpro/Documents/gitdatpro/ff-transform-data/data/bronze/raw/calendar/2026/04_red.html|/Users/datpro/Documents/gitdatpro/ff-transform-data/data/bronze/raw/calendar/2026/04_orange.html|/Users/datpro/Documents/gitdatpro/ff-transform-data/data/bronze/raw/calendar/2026/04_yellow.html,2026-09-03T07:55:33Z
Apr 16,9:00am,CNY,yellow,Industrial Production y/y,5.7%,5.4%,6.3%,/Users/datpro/Documents/gitdatpro/ff-transform-data/data/bronze/raw/calendar/2026/04_red.html|/Users/datpro/Documents/gitdatpro/ff-transform-data/data/bronze/raw/calendar/2026/04_orange.html|/Users/datpro/Documents/gitdatpro/ff-transform-data/data/bronze/raw/calendar/2026/04_yellow.html,2026-09-03T07:55:33Z
Apr 16,9:00am,CNY,yellow,NBS Press Conference,N/A,N/A,N/A,/Users/datpro/Documents/gitdatpro/ff-transform-data/data/bronze/raw/calendar/2026/04_red.html|/Users/datpro/Documents/gitdatpro/ff-transform-data/data/bronze/raw/calendar/2026/04_orange.html|/Users/datpro/Documents/gitdatpro/ff-transform-data/data/bronze/raw/calendar/2026/04_yellow.html,2026-09-03T07:55:33Z
Apr 16,9:00am,CNY,yellow,Retail Sales y/y,1.7%,2.4%,2.8%,/Users/datpro/Documents/gitdatpro/ff-transform-data/data/bronze/raw/calendar/2026/04_red.html|/Users/datpro/Documents/gitdatpro/ff-transform-data/data/bronze/raw/calendar/2026/04_orange.html|/Users/datpro/Documents/gitdatpro/ff-transform-data/data/bronze/raw/calendar/2026/04_yellow.html,2026-09-03T07:55:33Z
Apr 16,9:00am,CNY,yellow,Unemployment Rate,5.4%,5.2%,5.3%,/Users/datpro/Documents/gitdatpro/ff-transform-data/data/bronze/raw/calendar/2026/04_red.html|/Users/datpro/Documents/gitdatpro/ff-transform-data/data/bronze/raw/calendar/2026/04_orange.html|/Users/datpro/Documents/gitdatpro/ff-transform-data/data/bronze/raw/calendar/2026/04_yellow.html,2026-09-03T07:55:33Z
Apr 16,9:30pm,USD,yellow,Natural Gas Storage,59B,55B,50B,/Users/datpro/Documents/gitdatpro/ff-transform-data/data/bronze/raw/calendar/2026/04_red.html|/Users/datpro/Documents/gitdatpro/ff-transform-data/data/bronze/raw/calendar/2026/04_orange.html|/Users/datpro/Documents/gitdatpro/ff-transform-data/data/bronze/raw/calendar/2026/04_yellow.html,2026-09-03T07:55:33Z
Apr 16,9:35pm,USD,yellow,FOMC Member Miran Speaks,N/A,N/A,N/A,/Users/datpro/Documents/gitdatpro/ff-transform-data/data/bronze/raw/calendar/2026/04_red.html|/Users/datpro/Documents/gitdatpro/ff-transform-data/data/bronze/raw/calendar/2026/04_orange.html|/Users/datpro/Documents/gitdatpro/ff-transform-data/data/bronze/raw/calendar/2026/04_yellow.html,2026-09-03T07:55:33Z
Apr 17,10:30pm,USD,yellow,FOMC Member Daly Speaks,N/A,N/A,N/A,/Users/datpro/Documents/gitdatpro/ff-transform-data/data/bronze/raw/calendar/2026/04_red.html|/Users/datpro/Documents/gitdatpro/ff-transform-data/data/bronze/raw/calendar/2026/04_orange.html|/Users/datpro/Documents/gitdatpro/ff-transform-data/data/bronze/raw/calendar/2026/04_yellow.html,2026-09-03T07:55:33Z
Apr 17,11:15pm,USD,yellow,FOMC Member Barkin Speaks,N/A,N/A,N/A,/Users/datpro/Documents/gitdatpro/ff-transform-data/data/bronze/raw/calendar/2026/04_red.html|/Users/datpro/Documents/gitdatpro/ff-transform-data/data/bronze/raw/calendar/2026/04_orange.html|/Users/datpro/Documents/gitdatpro/ff-transform-data/data/bronze/raw/calendar/2026/04_yellow.html,2026-09-03T07:55:33Z
Apr 17,2:00am,GBP,yellow,MPC Member Taylor Speaks,N/A,N/A,N/A,/Users/datpro/Documents/gitdatpro/ff-transform-data/data/bronze/raw/calendar/2026/04_red.html|/Users/datpro/Documents/gitdatpro/ff-transform-data/data/bronze/raw/calendar/2026/04_orange.html|/Users/datpro/Documents/gitdatpro/ff-transform-data/data/bronze/raw/calendar/2026/04_yellow.html,2026-09-03T07:55:33Z
Apr 17,3:00pm,EUR,yellow,Current Account,24.9B,29.8B,40.4B,/Users/datpro/Documents/gitdatpro/ff-transform-data/data/bronze/raw/calendar/2026/04_red.html|/Users/datpro/Documents/gitdatpro/ff-transform-data/data/bronze/raw/calendar/2026/04_orange.html|/Users/datpro/Documents/gitdatpro/ff-transform-data/data/bronze/raw/calendar/2026/04_yellow.html,2026-09-03T07:55:33Z
Apr 17,3:00pm,EUR,yellow,Italian Trade Balance,4.94B,3.83B,1.13B,/Users/datpro/Documents/gitdatpro/ff-transform-data/data/bronze/raw/calendar/2026/04_red.html|/Users/datpro/Documents/gitdatpro/ff-transform-data/data/bronze/raw/calendar/2026/04_orange.html|/Users/datpro/Documents/gitdatpro/ff-transform-data/data/bronze/raw/calendar/2026/04_yellow.html,2026-09-03T07:55:33Z
Apr 17,4:00pm,EUR,yellow,Trade Balance,7.0B,11.7B,12.8B,/Users/datpro/Documents/gitdatpro/ff-transform-data/data/bronze/raw/calendar/2026/04_red.html|/Users/datpro/Documents/gitdatpro/ff-transform-data/data/bronze/raw/calendar/2026/04_orange.html|/Users/datpro/Documents/gitdatpro/ff-transform-data/data/bronze/raw/calendar/2026/04_yellow.html,2026-09-03T07:55:33Z
Apr 17,5:45am,NZD,yellow,FPI m/m,-0.6%,N/A,-0.1%,/Users/datpro/Documents/gitdatpro/ff-transform-data/data/bronze/raw/calendar/2026/04_red.html|/Users/datpro/Documents/gitdatpro/ff-transform-data/data/bronze/raw/calendar/2026/04_orange.html|/Users/datpro/Documents/gitdatpro/ff-transform-data/data/bronze/raw/calendar/2026/04_yellow.html,2026-09-03T07:55:33Z
Apr 17,7:00pm,GBP,yellow,MPC Member Pill Speaks,N/A,N/A,N/A,/Users/datpro/Documents/gitdatpro/ff-transform-data/data/bronze/raw/calendar/2026/04_red.html|/Users/datpro/Documents/gitdatpro/ff-transform-data/data/bronze/raw/calendar/2026/04_orange.html|/Users/datpro/Documents/gitdatpro/ff-transform-data/data/bronze/raw/calendar/2026/04_yellow.html,2026-09-03T07:55:33Z
Apr 17,7:15pm,CAD,yellow,Housing Starts,236K,258K,251K,/Users/datpro/Documents/gitdatpro/ff-transform-data/data/bronze/raw/calendar/2026/04_red.html|/Users/datpro/Documents/gitdatpro/ff-transform-data/data/bronze/raw/calendar/2026/04_orange.html|/Users/datpro/Documents/gitdatpro/ff-transform-data/data/bronze/raw/calendar/2026/04_yellow.html,2026-09-03T07:55:33Z
Apr 17,7:30pm,CAD,yellow,Foreign Securities Purchases,6.17B,23.81B,46.79B,/Users/datpro/Documents/gitdatpro/ff-transform-data/data/bronze/raw/calendar/2026/04_red.html|/Users/datpro/Documents/gitdatpro/ff-transform-data/data/bronze/raw/calendar/2026/04_orange.html|/Users/datpro/Documents/gitdatpro/ff-transform-data/data/bronze/raw/calendar/2026/04_yellow.html,2026-09-03T07:55:33Z
Apr 18,4:00am,USD,orange,President Trump Speaks,N/A,N/A,N/A,/Users/datpro/Documents/gitdatpro/ff-transform-data/data/bronze/raw/calendar/2026/04_red.html|/Users/datpro/Documents/gitdatpro/ff-transform-data/data/bronze/raw/calendar/2026/04_orange.html|/Users/datpro/Documents/gitdatpro/ff-transform-data/data/bronze/raw/calendar/2026/04_yellow.html,2026-09-03T07:55:33Z
Apr 2,10:35am,JPY,yellow,10-y Bond Auction,2.35|2.6,N/A,2.12|3.3,/Users/datpro/Documents/gitdatpro/ff-transform-data/data/bronze/raw/calendar/2026/04_red.html|/Users/datpro/Documents/gitdatpro/ff-transform-data/data/bronze/raw/calendar/2026/04_orange.html|/Users/datpro/Documents/gitdatpro/ff-transform-data/data/bronze/raw/calendar/2026/04_yellow.html,2026-09-03T07:55:33Z
Apr 2,11:45pm,USD,yellow,FOMC Member Bowman Speaks,N/A,N/A,N/A,/Users/datpro/Documents/gitdatpro/ff-transform-data/data/bronze/raw/calendar/2026/04_red.html|/Users/datpro/Documents/gitdatpro/ff-transform-data/data/bronze/raw/calendar/2026/04_orange.html|/Users/datpro/Documents/gitdatpro/ff-transform-data/data/bronze/raw/calendar/2026/04_yellow.html,2026-09-03T07:55:33Z
Apr 2,1:45pm,EUR,yellow,French Gov Budget Balance,-32.1B,N/A,-9.7B,/Users/datpro/Documents/gitdatpro/ff-transform-data/data/bronze/raw/calendar/2026/04_red.html|/Users/datpro/Documents/gitdatpro/ff-transform-data/data/bronze/raw/calendar/2026/04_orange.html|/Users/datpro/Documents/gitdatpro/ff-transform-data/data/bronze/raw/calendar/2026/04_yellow.html,2026-09-03T07:55:33Z
Apr 2,3:00pm,EUR,yellow,ECB Economic Bulletin,N/A,N/A,N/A,/Users/datpro/Documents/gitdatpro/ff-transform-data/data/bronze/raw/calendar/2026/04_red.html|/Users/datpro/Documents/gitdatpro/ff-transform-data/data/bronze/raw/calendar/2026/04_orange.html|/Users/datpro/Documents/gitdatpro/ff-transform-data/data/bronze/raw/calendar/2026/04_yellow.html,2026-09-03T07:55:33Z
Apr 2,3:55pm,EUR,yellow,French 10-y Bond Auction,3.73|1.9,N/A,3.39|2.2,/Users/datpro/Documents/gitdatpro/ff-transform-data/data/bronze/raw/calendar/2026/04_red.html|/Users/datpro/Documents/gitdatpro/ff-transform-data/data/bronze/raw/calendar/2026/04_orange.html|/Users/datpro/Documents/gitdatpro/ff-transform-data/data/bronze/raw/calendar/2026/04_yellow.html,2026-09-03T07:55:33Z
Apr 2,4:06pm,EUR,yellow,Italian Retail Sales m/m,0.0%,0.3%,0.6%,/Users/datpro/Documents/gitdatpro/ff-transform-data/data/bronze/raw/calendar/2026/04_red.html|/Users/datpro/Documents/gitdatpro/ff-transform-data/data/bronze/raw/calendar/2026/04_orange.html|/Users/datpro/Documents/gitdatpro/ff-transform-data/data/bronze/raw/calendar/2026/04_yellow.html,2026-09-03T07:55:33Z
Apr 2,6:30pm,USD,yellow,Challenger Job Cuts y/y,-78.0%,N/A,-71.9%,/Users/datpro/Documents/gitdatpro/ff-transform-data/data/bronze/raw/calendar/2026/04_red.html|/Users/datpro/Documents/gitdatpro/ff-transform-data/data/bronze/raw/calendar/2026/04_orange.html|/Users/datpro/Documents/gitdatpro/ff-transform-data/data/bronze/raw/calendar/2026/04_yellow.html,2026-09-03T07:55:33Z
Apr 2,6:50am,JPY,yellow,Monetary Base y/y,-11.6%,-10.8%,-10.6%,/Users/datpro/Documents/gitdatpro/ff-transform-data/data/bronze/raw/calendar/2026/04_red.html|/Users/datpro/Documents/gitdatpro/ff-transform-data/data/bronze/raw/calendar/2026/04_orange.html|/Users/datpro/Documents/gitdatpro/ff-transform-data/data/bronze/raw/calendar/2026/04_yellow.html,2026-09-03T07:55:33Z
Apr 2,7:30am,AUD,yellow,Goods Trade Balance,5.69B,2.81B,2.26B,/Users/datpro/Documents/gitdatpro/ff-transform-data/data/bronze/raw/calendar/2026/04_red.html|/Users/datpro/Documents/gitdatpro/ff-transform-data/data/bronze/raw/calendar/2026/04_orange.html|/Users/datpro/Documents/gitdatpro/ff-transform-data/data/bronze/raw/calendar/2026/04_yellow.html,2026-09-03T07:55:33Z
Apr 2,7:30pm,CAD,yellow,Trade Balance,-5.7B,-2.5B,-4.2B,/Users/datpro/Documents/gitdatpro/ff-transform-data/data/bronze/raw/calendar/2026/04_red.html|/Users/datpro/Documents/gitdatpro/ff-transform-data/data/bronze/raw/calendar/2026/04_orange.html|/Users/datpro/Documents/gitdatpro/ff-transform-data/data/bronze/raw/calendar/2026/04_yellow.html,2026-09-03T07:55:33Z
Apr 2,7:30pm,USD,yellow,Goods Trade Balance,-83.5B,N/A,-80.9B,/Users/datpro/Documents/gitdatpro/ff-transform-data/data/bronze/raw/calendar/2026/04_red.html|/Users/datpro/Documents/gitdatpro/ff-transform-data/data/bronze/raw/calendar/2026/04_orange.html|/Users/datpro/Documents/gitdatpro/ff-transform-data/data/bronze/raw/calendar/2026/04_yellow.html,2026-09-03T07:55:33Z
Apr 2,7:30pm,USD,yellow,Trade Balance,-57.3B,-60.5B,-54.7B,/Users/datpro/Documents/gitdatpro/ff-transform-data/data/bronze/raw/calendar/2026/04_red.html|/Users/datpro/Documents/gitdatpro/ff-transform-data/data/bronze/raw/calendar/2026/04_orange.html|/Users/datpro/Documents/gitdatpro/ff-transform-data/data/bronze/raw/calendar/2026/04_yellow.html,2026-09-03T07:55:33Z
Apr 2,7:30pm,USD,red,Unemployment Claims,202K,212K,211K,/Users/datpro/Documents/gitdatpro/ff-transform-data/data/bronze/raw/calendar/2026/04_red.html|/Users/datpro/Documents/gitdatpro/ff-transform-data/data/bronze/raw/calendar/2026/04_orange.html|/Users/datpro/Documents/gitdatpro/ff-transform-data/data/bronze/raw/calendar/2026/04_yellow.html,2026-09-03T07:55:33Z
Apr 2,9:15pm,USD,yellow,FOMC Member Logan Speaks,N/A,N/A,N/A,/Users/datpro/Documents/gitdatpro/ff-transform-data/data/bronze/raw/calendar/2026/04_red.html|/Users/datpro/Documents/gitdatpro/ff-transform-data/data/bronze/raw/calendar/2026/04_orange.html|/Users/datpro/Documents/gitdatpro/ff-transform-data/data/bronze/raw/calendar/2026/04_yellow.html,2026-09-03T07:55:33Z
Apr 2,9:30pm,USD,yellow,Natural Gas Storage,36B,38B,-54B,/Users/datpro/Documents/gitdatpro/ff-transform-data/data/bronze/raw/calendar/2026/04_red.html|/Users/datpro/Documents/gitdatpro/ff-transform-data/data/bronze/raw/calendar/2026/04_orange.html|/Users/datpro/Documents/gitdatpro/ff-transform-data/data/bronze/raw/calendar/2026/04_yellow.html,2026-09-03T07:55:33Z
Apr 20,10:30pm,CAD,yellow,BOC Business Outlook Survey,N/A,N/A,N/A,/Users/datpro/Documents/gitdatpro/ff-transform-data/data/bronze/raw/calendar/2026/04_red.html|/Users/datpro/Documents/gitdatpro/ff-transform-data/data/bronze/raw/calendar/2026/04_orange.html|/Users/datpro/Documents/gitdatpro/ff-transform-data/data/bronze/raw/calendar/2026/04_yellow.html,2026-09-03T07:55:33Z
Apr 20,11:30am,JPY,yellow,Tertiary Industry Activity m/m,-0.4%,-0.4%,2.0%,/Users/datpro/Documents/gitdatpro/ff-transform-data/data/bronze/raw/calendar/2026/04_red.html|/Users/datpro/Documents/gitdatpro/ff-transform-data/data/bronze/raw/calendar/2026/04_orange.html|/Users/datpro/Documents/gitdatpro/ff-transform-data/data/bronze/raw/calendar/2026/04_yellow.html,2026-09-03T07:55:33Z
Apr 20,11:40pm,EUR,orange,ECB President Lagarde Speaks,N/A,N/A,N/A,/Users/datpro/Documents/gitdatpro/ff-transform-data/data/bronze/raw/calendar/2026/04_red.html|/Users/datpro/Documents/gitdatpro/ff-transform-data/data/bronze/raw/calendar/2026/04_orange.html|/Users/datpro/Documents/gitdatpro/ff-transform-data/data/bronze/raw/calendar/2026/04_yellow.html,2026-09-03T07:55:33Z
Apr 20,1:00pm,CAD,red,Median CPI y/y,2.3%,2.4%,2.3%,/Users/datpro/Documents/gitdatpro/ff-transform-data/data/bronze/raw/calendar/2026/04_red.html|/Users/datpro/Documents/gitdatpro/ff-transform-data/data/bronze/raw/calendar/2026/04_orange.html|/Users/datpro/Documents/gitdatpro/ff-transform-data/data/bronze/raw/calendar/2026/04_yellow.html,2026-09-03T07:55:33Z
Apr 20,1:00pm,CAD,red,Trimmed CPI y/y,2.2%,2.3%,2.3%,/Users/datpro/Documents/gitdatpro/ff-transform-data/data/bronze/raw/calendar/2026/04_red.html|/Users/datpro/Documents/gitdatpro/ff-transform-data/data/bronze/raw/calendar/2026/04_orange.html|/Users/datpro/Documents/gitdatpro/ff-transform-data/data/bronze/raw/calendar/2026/04_yellow.html,2026-09-03T07:55:33Z
Apr 20,1:00pm,EUR,yellow,German PPI m/m,2.5%,1.4%,-0.5%,/Users/datpro/Documents/gitdatpro/ff-transform-data/data/bronze/raw/calendar/2026/04_red.html|/Users/datpro/Documents/gitdatpro/ff-transform-data/data/bronze/raw/calendar/2026/04_orange.html|/Users/datpro/Documents/gitdatpro/ff-transform-data/data/bronze/raw/calendar/2026/04_yellow.html,2026-09-03T07:55:33Z
Apr 20,6:01am,GBP,yellow,Rightmove HPI m/m,0.8%,N/A,0.8%,/Users/datpro/Documents/gitdatpro/ff-transform-data/data/bronze/raw/calendar/2026/04_red.html|/Users/datpro/Documents/gitdatpro/ff-transform-data/data/bronze/raw/calendar/2026/04_orange.html|/Users/datpro/Documents/gitdatpro/ff-transform-data/data/bronze/raw/calendar/2026/04_yellow.html,2026-09-03T07:55:33Z
Apr 20,7:30pm,CAD,yellow,Core CPI m/m,0.2%,N/A,0.4%,/Users/datpro/Documents/gitdatpro/ff-transform-data/data/bronze/raw/calendar/2026/04_red.html|/Users/datpro/Documents/gitdatpro/ff-transform-data/data/bronze/raw/calendar/2026/04_orange.html|/Users/datpro/Documents/gitdatpro/ff-transform-data/data/bronze/raw/calendar/2026/04_yellow.html,2026-09-03T07:55:33Z
Apr 20,8:00am,CNY,yellow,1-y Loan Prime Rate,3.00%,3.00%,3.00%,/Users/datpro/Documents/gitdatpro/ff-transform-data/data/bronze/raw/calendar/2026/04_red.html|/Users/datpro/Documents/gitdatpro/ff-transform-data/data/bronze/raw/calendar/2026/04_orange.html|/Users/datpro/Documents/gitdatpro/ff-transform-data/data/bronze/raw/calendar/2026/04_yellow.html,2026-09-03T07:55:33Z
Apr 20,8:00am,CNY,yellow,5-y Loan Prime Rate,3.50%,3.50%,3.50%,/Users/datpro/Documents/gitdatpro/ff-transform-data/data/bronze/raw/calendar/2026/04_red.html|/Users/datpro/Documents/gitdatpro/ff-transform-data/data/bronze/raw/calendar/2026/04_orange.html|/Users/datpro/Documents/gitdatpro/ff-transform-data/data/bronze/raw/calendar/2026/04_yellow.html,2026-09-03T07:55:33Z
Apr 21,10:28pm,NZD,yellow,GDT Price Index,-2.7%,N/A,-3.4%,/Users/datpro/Documents/gitdatpro/ff-transform-data/data/bronze/raw/calendar/2026/04_red.html|/Users/datpro/Documents/gitdatpro/ff-transform-data/data/bronze/raw/calendar/2026/04_orange.html|/Users/datpro/Documents/gitdatpro/ff-transform-data/data/bronze/raw/calendar/2026/04_yellow.html,2026-09-03T07:55:33Z
Apr 21,11:15pm,CHF,yellow,Gov Board Member Tschudin Speaks,N/A,N/A,N/A,/Users/datpro/Documents/gitdatpro/ff-transform-data/data/bronze/raw/calendar/2026/04_red.html|/Users/datpro/Documents/gitdatpro/ff-transform-data/data/bronze/raw/calendar/2026/04_orange.html|/Users/datpro/Documents/gitdatpro/ff-transform-data/data/bronze/raw/calendar/2026/04_yellow.html,2026-09-03T07:55:33Z
Apr 21,1:00pm,GBP,red,Claimant Count Change,26.8K,22.6K,17.1K,/Users/datpro/Documents/gitdatpro/ff-transform-data/data/bronze/raw/calendar/2026/04_red.html|/Users/datpro/Documents/gitdatpro/ff-transform-data/data/bronze/raw/calendar/2026/04_orange.html|/Users/datpro/Documents/gitdatpro/ff-transform-data/data/bronze/raw/calendar/2026/04_yellow.html,2026-09-03T07:55:33Z
Apr 21,1:00pm,GBP,yellow,Unemployment Rate,4.9%,5.2%,5.2%,/Users/datpro/Documents/gitdatpro/ff-transform-data/data/bronze/raw/calendar/2026/04_red.html|/Users/datpro/Documents/gitdatpro/ff-transform-data/data/bronze/raw/calendar/2026/04_orange.html|/Users/datpro/Documents/gitdatpro/ff-transform-data/data/bronze/raw/calendar/2026/04_yellow.html,2026-09-03T07:55:33Z
Apr 21,1:30pm,EUR,yellow,German Buba President Nagel Speaks,N/A,N/A,N/A,/Users/datpro/Documents/gitdatpro/ff-transform-data/data/bronze/raw/calendar/2026/04_red.html|/Users/datpro/Documents/gitdatpro/ff-transform-data/data/bronze/raw/calendar/2026/04_orange.html|/Users/datpro/Documents/gitdatpro/ff-transform-data/data/bronze/raw/calendar/2026/04_yellow.html,2026-09-03T07:55:33Z
Apr 21,4:00pm,EUR,yellow,German ZEW Economic Sentiment,-17.2,-5.9,-0.5,/Users/datpro/Documents/gitdatpro/ff-transform-data/data/bronze/raw/calendar/2026/04_red.html|/Users/datpro/Documents/gitdatpro/ff-transform-data/data/bronze/raw/calendar/2026/04_orange.html|/Users/datpro/Documents/gitdatpro/ff-transform-data/data/bronze/raw/calendar/2026/04_yellow.html,2026-09-03T07:55:33Z
Apr 21,4:00pm,EUR,yellow,ZEW Economic Sentiment,-20.4,-12.7,-8.5,/Users/datpro/Documents/gitdatpro/ff-transform-data/data/bronze/raw/calendar/2026/04_red.html|/Users/datpro/Documents/gitdatpro/ff-transform-data/data/bronze/raw/calendar/2026/04_orange.html|/Users/datpro/Documents/gitdatpro/ff-transform-data/data/bronze/raw/calendar/2026/04_yellow.html,2026-09-03T07:55:33Z
Apr 21,7:15pm,USD,yellow,ADP Weekly Employment Change,54.8K,N/A,40.3K,/Users/datpro/Documents/gitdatpro/ff-transform-data/data/bronze/raw/calendar/2026/04_red.html|/Users/datpro/Documents/gitdatpro/ff-transform-data/data/bronze/raw/calendar/2026/04_orange.html|/Users/datpro/Documents/gitdatpro/ff-transform-data/data/bronze/raw/calendar/2026/04_yellow.html,2026-09-03T07:55:33Z
Apr 21,7:30pm,USD,red,Core Retail Sales m/m,1.9%,1.4%,0.7%,/Users/datpro/Documents/gitdatpro/ff-transform-data/data/bronze/raw/calendar/2026/04_red.html|/Users/datpro/Documents/gitdatpro/ff-transform-data/data/bronze/raw/calendar/2026/04_orange.html|/Users/datpro/Documents/gitdatpro/ff-transform-data/data/bronze/raw/calendar/2026/04_yellow.html,2026-09-03T07:55:33Z
Apr 21,7:30pm,USD,orange,President Trump Speaks,N/A,N/A,N/A,/Users/datpro/Documents/gitdatpro/ff-transform-data/data/bronze/raw/calendar/2026/04_red.html|/Users/datpro/Documents/gitdatpro/ff-transform-data/data/bronze/raw/calendar/2026/04_orange.html|/Users/datpro/Documents/gitdatpro/ff-transform-data/data/bronze/raw/calendar/2026/04_yellow.html,2026-09-03T07:55:33Z
Apr 21,7:30pm,USD,red,Retail Sales m/m,1.7%,1.4%,0.7%,/Users/datpro/Documents/gitdatpro/ff-transform-data/data/bronze/raw/calendar/2026/04_red.html|/Users/datpro/Documents/gitdatpro/ff-transform-data/data/bronze/raw/calendar/2026/04_orange.html|/Users/datpro/Documents/gitdatpro/ff-transform-data/data/bronze/raw/calendar/2026/04_yellow.html,2026-09-03T07:55:33Z
Apr 21,9:00pm,USD,yellow,Business Inventories m/m,0.4%,0.4%,0.0%,/Users/datpro/Documents/gitdatpro/ff-transform-data/data/bronze/raw/calendar/2026/04_red.html|/Users/datpro/Documents/gitdatpro/ff-transform-data/data/bronze/raw/calendar/2026/04_orange.html|/Users/datpro/Documents/gitdatpro/ff-transform-data/data/bronze/raw/calendar/2026/04_yellow.html,2026-09-03T07:55:33Z
Apr 21,9:00pm,USD,red,Fed Chairman Warsh Testifies,N/A,N/A,N/A,/Users/datpro/Documents/gitdatpro/ff-transform-data/data/bronze/raw/calendar/2026/04_red.html|/Users/datpro/Documents/gitdatpro/ff-transform-data/data/bronze/raw/calendar/2026/04_orange.html|/Users/datpro/Documents/gitdatpro/ff-transform-data/data/bronze/raw/calendar/2026/04_yellow.html,2026-09-03T07:55:33Z
Apr 21,9:00pm,USD,orange,Pending Home Sales m/m,1.5%,0.0%,2.5%,/Users/datpro/Documents/gitdatpro/ff-transform-data/data/bronze/raw/calendar/2026/04_red.html|/Users/datpro/Documents/gitdatpro/ff-transform-data/data/bronze/raw/calendar/2026/04_orange.html|/Users/datpro/Documents/gitdatpro/ff-transform-data/data/bronze/raw/calendar/2026/04_yellow.html,2026-09-03T07:55:33Z
Apr 22,12:45pm,AUD,yellow,RBA Assist Gov Hunter Speaks,N/A,N/A,N/A,/Users/datpro/Documents/gitdatpro/ff-transform-data/data/bronze/raw/calendar/2026/04_red.html|/Users/datpro/Documents/gitdatpro/ff-transform-data/data/bronze/raw/calendar/2026/04_orange.html|/Users/datpro/Documents/gitdatpro/ff-transform-data/data/bronze/raw/calendar/2026/04_yellow.html,2026-09-03T07:55:33Z
Apr 22,1:00pm,GBP,yellow,Core CPI y/y,3.1%,3.2%,3.2%,/Users/datpro/Documents/gitdatpro/ff-transform-data/data/bronze/raw/calendar/2026/04_red.html|/Users/datpro/Documents/gitdatpro/ff-transform-data/data/bronze/raw/calendar/2026/04_orange.html|/Users/datpro/Documents/gitdatpro/ff-transform-data/data/bronze/raw/calendar/2026/04_yellow.html,2026-09-03T07:55:33Z
Apr 22,1:00pm,GBP,yellow,PPI Input m/m,4.4%,2.9%,0.9%,/Users/datpro/Documents/gitdatpro/ff-transform-data/data/bronze/raw/calendar/2026/04_red.html|/Users/datpro/Documents/gitdatpro/ff-transform-data/data/bronze/raw/calendar/2026/04_orange.html|/Users/datpro/Documents/gitdatpro/ff-transform-data/data/bronze/raw/calendar/2026/04_yellow.html,2026-09-03T07:55:33Z
Apr 22,1:00pm,GBP,yellow,PPI Output m/m,0.9%,1.0%,-0.5%,/Users/datpro/Documents/gitdatpro/ff-transform-data/data/bronze/raw/calendar/2026/04_red.html|/Users/datpro/Documents/gitdatpro/ff-transform-data/data/bronze/raw/calendar/2026/04_orange.html|/Users/datpro/Documents/gitdatpro/ff-transform-data/data/bronze/raw/calendar/2026/04_yellow.html,2026-09-03T07:55:33Z
Apr 22,1:00pm,GBP,yellow,RPI y/y,4.1%,3.9%,3.6%,/Users/datpro/Documents/gitdatpro/ff-transform-data/data/bronze/raw/calendar/2026/04_red.html|/Users/datpro/Documents/gitdatpro/ff-transform-data/data/bronze/raw/calendar/2026/04_orange.html|/Users/datpro/Documents/gitdatpro/ff-transform-data/data/bronze/raw/calendar/2026/04_yellow.html,2026-09-03T07:55:33Z
Apr 22,3:05pm,GBP,yellow,MPC Member Breeden Speaks,N/A,N/A,N/A,/Users/datpro/Documents/gitdatpro/ff-transform-data/data/bronze/raw/calendar/2026/04_red.html|/Users/datpro/Documents/gitdatpro/ff-transform-data/data/bronze/raw/calendar/2026/04_orange.html|/Users/datpro/Documents/gitdatpro/ff-transform-data/data/bronze/raw/calendar/2026/04_yellow.html,2026-09-03T07:55:33Z
Apr 22,3:30am,USD,yellow,API Weekly Statistical Bulletin,N/A,N/A,N/A,/Users/datpro/Documents/gitdatpro/ff-transform-data/data/bronze/raw/calendar/2026/04_red.html|/Users/datpro/Documents/gitdatpro/ff-transform-data/data/bronze/raw/calendar/2026/04_orange.html|/Users/datpro/Documents/gitdatpro/ff-transform-data/data/bronze/raw/calendar/2026/04_yellow.html,2026-09-03T07:55:33Z
Apr 22,3:30pm,GBP,yellow,HPI y/y,1.2%,0.9%,1.0%,/Users/datpro/Documents/gitdatpro/ff-transform-data/data/bronze/raw/calendar/2026/04_red.html|/Users/datpro/Documents/gitdatpro/ff-transform-data/data/bronze/raw/calendar/2026/04_orange.html|/Users/datpro/Documents/gitdatpro/ff-transform-data/data/bronze/raw/calendar/2026/04_yellow.html,2026-09-03T07:55:33Z
Apr 22,5:00pm,EUR,yellow,German Buba Monthly Report,N/A,N/A,N/A,/Users/datpro/Documents/gitdatpro/ff-transform-data/data/bronze/raw/calendar/2026/04_red.html|/Users/datpro/Documents/gitdatpro/ff-transform-data/data/bronze/raw/calendar/2026/04_orange.html|/Users/datpro/Documents/gitdatpro/ff-transform-data/data/bronze/raw/calendar/2026/04_yellow.html,2026-09-03T07:55:33Z
Apr 22,6:50am,JPY,yellow,Trade Balance,0.09T,0.23T,-0.37T,/Users/datpro/Documents/gitdatpro/ff-transform-data/data/bronze/raw/calendar/2026/04_red.html|/Users/datpro/Documents/gitdatpro/ff-transform-data/data/bronze/raw/calendar/2026/04_orange.html|/Users/datpro/Documents/gitdatpro/ff-transform-data/data/bronze/raw/calendar/2026/04_yellow.html,2026-09-03T07:55:33Z
Apr 22,7:30am,AUD,yellow,MI Leading Index m/m,-0.1%,N/A,-0.1%,/Users/datpro/Documents/gitdatpro/ff-transform-data/data/bronze/raw/calendar/2026/04_red.html|/Users/datpro/Documents/gitdatpro/ff-transform-data/data/bronze/raw/calendar/2026/04_orange.html|/Users/datpro/Documents/gitdatpro/ff-transform-data/data/bronze/raw/calendar/2026/04_yellow.html,2026-09-03T07:55:33Z
Apr 22,7:30pm,CAD,yellow,NHPI m/m,-0.2%,0.2%,0.3%,/Users/datpro/Documents/gitdatpro/ff-transform-data/data/bronze/raw/calendar/2026/04_red.html|/Users/datpro/Documents/gitdatpro/ff-transform-data/data/bronze/raw/calendar/2026/04_orange.html|/Users/datpro/Documents/gitdatpro/ff-transform-data/data/bronze/raw/calendar/2026/04_yellow.html,2026-09-03T07:55:33Z
Apr 22,9:00pm,EUR,yellow,Consumer Confidence,-21,-18,-16,/Users/datpro/Documents/gitdatpro/ff-transform-data/data/bronze/raw/calendar/2026/04_red.html|/Users/datpro/Documents/gitdatpro/ff-transform-data/data/bronze/raw/calendar/2026/04_orange.html|/Users/datpro/Documents/gitdatpro/ff-transform-data/data/bronze/raw/calendar/2026/04_yellow.html,2026-09-03T07:55:33Z
Apr 22,9:30pm,USD,yellow,Crude Oil Inventories,1.9M,-1.9M,-0.9M,/Users/datpro/Documents/gitdatpro/ff-transform-data/data/bronze/raw/calendar/2026/04_red.html|/Users/datpro/Documents/gitdatpro/ff-transform-data/data/bronze/raw/calendar/2026/04_orange.html|/Users/datpro/Documents/gitdatpro/ff-transform-data/data/bronze/raw/calendar/2026/04_yellow.html,2026-09-03T07:55:33Z
Apr 23,10:00am,NZD,yellow,Credit Card Spending y/y,2.1%,N/A,1.1%,/Users/datpro/Documents/gitdatpro/ff-transform-data/data/bronze/raw/calendar/2026/04_red.html|/Users/datpro/Documents/gitdatpro/ff-transform-data/data/bronze/raw/calendar/2026/04_orange.html|/Users/datpro/Documents/gitdatpro/ff-transform-data/data/bronze/raw/calendar/2026/04_yellow.html,2026-09-03T07:55:33Z
Apr 23,10:00pm,EUR,yellow,German Buba President Nagel Speaks,N/A,N/A,N/A,/Users/datpro/Documents/gitdatpro/ff-transform-data/data/bronze/raw/calendar/2026/04_red.html|/Users/datpro/Documents/gitdatpro/ff-transform-data/data/bronze/raw/calendar/2026/04_orange.html|/Users/datpro/Documents/gitdatpro/ff-transform-data/data/bronze/raw/calendar/2026/04_yellow.html,2026-09-03T07:55:33Z
Apr 23,1:00pm,GBP,yellow,Public Sector Net Borrowing,12.6B,10.4B,12.8B,/Users/datpro/Documents/gitdatpro/ff-transform-data/data/bronze/raw/calendar/2026/04_red.html|/Users/datpro/Documents/gitdatpro/ff-transform-data/data/bronze/raw/calendar/2026/04_orange.html|/Users/datpro/Documents/gitdatpro/ff-transform-data/data/bronze/raw/calendar/2026/04_yellow.html,2026-09-03T07:55:33Z
Apr 23,2:15pm,EUR,orange,French Flash Manufacturing PMI,52.8,49.5,50.0,/Users/datpro/Documents/gitdatpro/ff-transform-data/data/bronze/raw/calendar/2026/04_red.html|/Users/datpro/Documents/gitdatpro/ff-transform-data/data/bronze/raw/calendar/2026/04_orange.html|/Users/datpro/Documents/gitdatpro/ff-transform-data/data/bronze/raw/calendar/2026/04_yellow.html,2026-09-03T07:55:33Z
Apr 23,2:15pm,EUR,orange,French Flash Services PMI,46.5,48.5,48.8,/Users/datpro/Documents/gitdatpro/ff-transform-data/data/bronze/raw/calendar/2026/04_red.html|/Users/datpro/Documents/gitdatpro/ff-transform-data/data/bronze/raw/calendar/2026/04_orange.html|/Users/datpro/Documents/gitdatpro/ff-transform-data/data/bronze/raw/calendar/2026/04_yellow.html,2026-09-03T07:55:33Z
Apr 23,3:00pm,EUR,yellow,Flash Manufacturing PMI,52.2,50.9,51.6,/Users/datpro/Documents/gitdatpro/ff-transform-data/data/bronze/raw/calendar/2026/04_red.html|/Users/datpro/Documents/gitdatpro/ff-transform-data/data/bronze/raw/calendar/2026/04_orange.html|/Users/datpro/Documents/gitdatpro/ff-transform-data/data/bronze/raw/calendar/2026/04_yellow.html,2026-09-03T07:55:33Z
Apr 23,3:00pm,EUR,yellow,Flash Services PMI,47.4,49.8,50.2,/Users/datpro/Documents/gitdatpro/ff-transform-data/data/bronze/raw/calendar/2026/04_red.html|/Users/datpro/Documents/gitdatpro/ff-transform-data/data/bronze/raw/calendar/2026/04_orange.html|/Users/datpro/Documents/gitdatpro/ff-transform-data/data/bronze/raw/calendar/2026/04_yellow.html,2026-09-03T07:55:33Z
Apr 23,3:30pm,GBP,red,Flash Manufacturing PMI,53.6,50.3,51.0,/Users/datpro/Documents/gitdatpro/ff-transform-data/data/bronze/raw/calendar/2026/04_red.html|/Users/datpro/Documents/gitdatpro/ff-transform-data/data/bronze/raw/calendar/2026/04_orange.html|/Users/datpro/Documents/gitdatpro/ff-transform-data/data/bronze/raw/calendar/2026/04_yellow.html,2026-09-03T07:55:33Z
Apr 23,3:30pm,GBP,red,Flash Services PMI,52.0,50.0,50.5,/Users/datpro/Documents/gitdatpro/ff-transform-data/data/bronze/raw/calendar/2026/04_red.html|/Users/datpro/Documents/gitdatpro/ff-transform-data/data/bronze/raw/calendar/2026/04_orange.html|/Users/datpro/Documents/gitdatpro/ff-transform-data/data/bronze/raw/calendar/2026/04_yellow.html,2026-09-03T07:55:33Z
Apr 23,5:00pm,GBP,yellow,CBI Industrial Order Expectations,-38,-34,-27,/Users/datpro/Documents/gitdatpro/ff-transform-data/data/bronze/raw/calendar/2026/04_red.html|/Users/datpro/Documents/gitdatpro/ff-transform-data/data/bronze/raw/calendar/2026/04_orange.html|/Users/datpro/Documents/gitdatpro/ff-transform-data/data/bronze/raw/calendar/2026/04_yellow.html,2026-09-03T07:55:33Z
Apr 23,6:00am,AUD,yellow,Flash Manufacturing PMI,51.0,N/A,49.8,/Users/datpro/Documents/gitdatpro/ff-transform-data/data/bronze/raw/calendar/2026/04_red.html|/Users/datpro/Documents/gitdatpro/ff-transform-data/data/bronze/raw/calendar/2026/04_orange.html|/Users/datpro/Documents/gitdatpro/ff-transform-data/data/bronze/raw/calendar/2026/04_yellow.html,2026-09-03T07:55:33Z
Apr 23,6:00am,AUD,yellow,Flash Services PMI,50.3,N/A,46.3,/Users/datpro/Documents/gitdatpro/ff-transform-data/data/bronze/raw/calendar/2026/04_red.html|/Users/datpro/Documents/gitdatpro/ff-transform-data/data/bronze/raw/calendar/2026/04_orange.html|/Users/datpro/Documents/gitdatpro/ff-transform-data/data/bronze/raw/calendar/2026/04_yellow.html,2026-09-03T07:55:33Z
Apr 23,7:30am,JPY,yellow,Flash Manufacturing PMI,54.9,51.1,51.6,/Users/datpro/Documents/gitdatpro/ff-transform-data/data/bronze/raw/calendar/2026/04_red.html|/Users/datpro/Documents/gitdatpro/ff-transform-data/data/bronze/raw/calendar/2026/04_orange.html|/Users/datpro/Documents/gitdatpro/ff-transform-data/data/bronze/raw/calendar/2026/04_yellow.html,2026-09-03T07:55:33Z
Apr 23,7:30pm,CAD,yellow,IPPI m/m,2.4%,1.6%,0.6%,/Users/datpro/Documents/gitdatpro/ff-transform-data/data/bronze/raw/calendar/2026/04_red.html|/Users/datpro/Documents/gitdatpro/ff-transform-data/data/bronze/raw/calendar/2026/04_orange.html|/Users/datpro/Documents/gitdatpro/ff-transform-data/data/bronze/raw/calendar/2026/04_yellow.html,2026-09-03T07:55:33Z
Apr 23,7:30pm,CAD,yellow,RMPI m/m,12.0%,9.3%,0.9%,/Users/datpro/Documents/gitdatpro/ff-transform-data/data/bronze/raw/calendar/2026/04_red.html|/Users/datpro/Documents/gitdatpro/ff-transform-data/data/bronze/raw/calendar/2026/04_orange.html|/Users/datpro/Documents/gitdatpro/ff-transform-data/data/bronze/raw/calendar/2026/04_yellow.html,2026-09-03T07:55:33Z
Apr 23,7:30pm,USD,orange,Unemployment Claims,214K,211K,208K,/Users/datpro/Documents/gitdatpro/ff-transform-data/data/bronze/raw/calendar/2026/04_red.html|/Users/datpro/Documents/gitdatpro/ff-transform-data/data/bronze/raw/calendar/2026/04_orange.html|/Users/datpro/Documents/gitdatpro/ff-transform-data/data/bronze/raw/calendar/2026/04_yellow.html,2026-09-03T07:55:33Z
Apr 23,8:21pm,GBP,yellow,GfK Consumer Confidence,-25,-24,-21,/Users/datpro/Documents/gitdatpro/ff-transform-data/data/bronze/raw/calendar/2026/04_red.html|/Users/datpro/Documents/gitdatpro/ff-transform-data/data/bronze/raw/calendar/2026/04_orange.html|/Users/datpro/Documents/gitdatpro/ff-transform-data/data/bronze/raw/calendar/2026/04_yellow.html,2026-09-03T07:55:33Z
Apr 23,8:45pm,USD,orange,Flash Manufacturing PMI,54.0,52.5,52.3,/Users/datpro/Documents/gitdatpro/ff-transform-data/data/bronze/raw/calendar/2026/04_red.html|/Users/datpro/Documents/gitdatpro/ff-transform-data/data/bronze/raw/calendar/2026/04_orange.html|/Users/datpro/Documents/gitdatpro/ff-transform-data/data/bronze/raw/calendar/2026/04_yellow.html,2026-09-03T07:55:33Z
Apr 23,8:45pm,USD,orange,Flash Services PMI,51.3,50.5,49.8,/Users/datpro/Documents/gitdatpro/ff-transform-data/data/bronze/raw/calendar/2026/04_red.html|/Users/datpro/Documents/gitdatpro/ff-transform-data/data/bronze/raw/calendar/2026/04_orange.html|/Users/datpro/Documents/gitdatpro/ff-transform-data/data/bronze/raw/calendar/2026/04_yellow.html,2026-09-03T07:55:33Z
Apr 23,9:00pm,EUR,red,German Flash Services PMI,46.9,50.4,50.9,/Users/datpro/Documents/gitdatpro/ff-transform-data/data/bronze/raw/calendar/2026/04_red.html|/Users/datpro/Documents/gitdatpro/ff-transform-data/data/bronze/raw/calendar/2026/04_orange.html|/Users/datpro/Documents/gitdatpro/ff-transform-data/data/bronze/raw/calendar/2026/04_yellow.html,2026-09-03T07:55:33Z
Apr 23,9:30pm,USD,yellow,Natural Gas Storage,103B,96B,59B,/Users/datpro/Documents/gitdatpro/ff-transform-data/data/bronze/raw/calendar/2026/04_red.html|/Users/datpro/Documents/gitdatpro/ff-transform-data/data/bronze/raw/calendar/2026/04_orange.html|/Users/datpro/Documents/gitdatpro/ff-transform-data/data/bronze/raw/calendar/2026/04_yellow.html,2026-09-03T07:55:33Z
Apr 24,3:00pm,EUR,yellow,German ifo Business Climate,84.4,85.7,86.3,/Users/datpro/Documents/gitdatpro/ff-transform-data/data/bronze/raw/calendar/2026/04_red.html|/Users/datpro/Documents/gitdatpro/ff-transform-data/data/bronze/raw/calendar/2026/04_orange.html|/Users/datpro/Documents/gitdatpro/ff-transform-data/data/bronze/raw/calendar/2026/04_yellow.html,2026-09-03T07:55:33Z
Apr 24,4:01pm,CNY,yellow,Foreign Direct Investment ytd/y,-7.3%,N/A,-5.7%,/Users/datpro/Documents/gitdatpro/ff-transform-data/data/bronze/raw/calendar/2026/04_red.html|/Users/datpro/Documents/gitdatpro/ff-transform-data/data/bronze/raw/calendar/2026/04_orange.html|/Users/datpro/Documents/gitdatpro/ff-transform-data/data/bronze/raw/calendar/2026/04_yellow.html,2026-09-03T07:55:33Z
Apr 24,6:50am,JPY,yellow,SPPI y/y,3.1%,3.0%,2.7%,/Users/datpro/Documents/gitdatpro/ff-transform-data/data/bronze/raw/calendar/2026/04_red.html|/Users/datpro/Documents/gitdatpro/ff-transform-data/data/bronze/raw/calendar/2026/04_orange.html|/Users/datpro/Documents/gitdatpro/ff-transform-data/data/bronze/raw/calendar/2026/04_yellow.html,2026-09-03T07:55:33Z
Apr 24,7:30pm,CAD,orange,Core Retail Sales m/m,0.5%,0.8%,1.0%,/Users/datpro/Documents/gitdatpro/ff-transform-data/data/bronze/raw/calendar/2026/04_red.html|/Users/datpro/Documents/gitdatpro/ff-transform-data/data/bronze/raw/calendar/2026/04_orange.html|/Users/datpro/Documents/gitdatpro/ff-transform-data/data/bronze/raw/calendar/2026/04_yellow.html,2026-09-03T07:55:33Z
Apr 24,7:30pm,CAD,orange,Retail Sales m/m,0.7%,0.9%,1.2%,/Users/datpro/Documents/gitdatpro/ff-transform-data/data/bronze/raw/calendar/2026/04_red.html|/Users/datpro/Documents/gitdatpro/ff-transform-data/data/bronze/raw/calendar/2026/04_orange.html|/Users/datpro/Documents/gitdatpro/ff-transform-data/data/bronze/raw/calendar/2026/04_yellow.html,2026-09-03T07:55:33Z
Apr 24,7:32pm,EUR,yellow,Belgian NBB Business Climate,-14.2,-14.8,-13.7,/Users/datpro/Documents/gitdatpro/ff-transform-data/data/bronze/raw/calendar/2026/04_red.html|/Users/datpro/Documents/gitdatpro/ff-transform-data/data/bronze/raw/calendar/2026/04_orange.html|/Users/datpro/Documents/gitdatpro/ff-transform-data/data/bronze/raw/calendar/2026/04_yellow.html,2026-09-03T07:55:33Z
Apr 24,9:00pm,USD,orange,Revised UoM Consumer Sentiment,49.8,48.5,47.6,/Users/datpro/Documents/gitdatpro/ff-transform-data/data/bronze/raw/calendar/2026/04_red.html|/Users/datpro/Documents/gitdatpro/ff-transform-data/data/bronze/raw/calendar/2026/04_orange.html|/Users/datpro/Documents/gitdatpro/ff-transform-data/data/bronze/raw/calendar/2026/04_yellow.html,2026-09-03T07:55:33Z
Apr 24,9:00pm,USD,yellow,Revised UoM Inflation Expectations,4.7%,N/A,4.8%,/Users/datpro/Documents/gitdatpro/ff-transform-data/data/bronze/raw/calendar/2026/04_red.html|/Users/datpro/Documents/gitdatpro/ff-transform-data/data/bronze/raw/calendar/2026/04_orange.html|/Users/datpro/Documents/gitdatpro/ff-transform-data/data/bronze/raw/calendar/2026/04_yellow.html,2026-09-03T07:55:33Z
Apr 27,5:00pm,GBP,yellow,CBI Realized Sales,-68,-42,-52,/Users/datpro/Documents/gitdatpro/ff-transform-data/data/bronze/raw/calendar/2026/04_red.html|/Users/datpro/Documents/gitdatpro/ff-transform-data/data/bronze/raw/calendar/2026/04_orange.html|/Users/datpro/Documents/gitdatpro/ff-transform-data/data/bronze/raw/calendar/2026/04_yellow.html,2026-09-03T07:55:33Z
Apr 27,8:00pm,CNY,yellow,CB Leading Index m/m,-0.2%,N/A,-0.2%,/Users/datpro/Documents/gitdatpro/ff-transform-data/data/bronze/raw/calendar/2026/04_red.html|/Users/datpro/Documents/gitdatpro/ff-transform-data/data/bronze/raw/calendar/2026/04_orange.html|/Users/datpro/Documents/gitdatpro/ff-transform-data/data/bronze/raw/calendar/2026/04_yellow.html,2026-09-03T07:55:33Z
Apr 28,12:00pm,JPY,yellow,BOJ Core CPI y/y,1.7%,1.9%,1.7%,/Users/datpro/Documents/gitdatpro/ff-transform-data/data/bronze/raw/calendar/2026/04_red.html|/Users/datpro/Documents/gitdatpro/ff-transform-data/data/bronze/raw/calendar/2026/04_orange.html|/Users/datpro/Documents/gitdatpro/ff-transform-data/data/bronze/raw/calendar/2026/04_yellow.html,2026-09-03T07:55:33Z
Apr 28,1:30pm,JPY,red,BOJ Press Conference,N/A,N/A,N/A,/Users/datpro/Documents/gitdatpro/ff-transform-data/data/bronze/raw/calendar/2026/04_red.html|/Users/datpro/Documents/gitdatpro/ff-transform-data/data/bronze/raw/calendar/2026/04_orange.html|/Users/datpro/Documents/gitdatpro/ff-transform-data/data/bronze/raw/calendar/2026/04_yellow.html,2026-09-03T07:55:33Z
Apr 28,2:00pm,EUR,yellow,Spanish Unemployment Rate,10.8%,9.8%,9.9%,/Users/datpro/Documents/gitdatpro/ff-transform-data/data/bronze/raw/calendar/2026/04_red.html|/Users/datpro/Documents/gitdatpro/ff-transform-data/data/bronze/raw/calendar/2026/04_orange.html|/Users/datpro/Documents/gitdatpro/ff-transform-data/data/bronze/raw/calendar/2026/04_yellow.html,2026-09-03T07:55:33Z
Apr 28,3:30pm,JPY,red,BOJ Policy Rate,<0.75%,<0.75%,<0.75%,/Users/datpro/Documents/gitdatpro/ff-transform-data/data/bronze/raw/calendar/2026/04_red.html|/Users/datpro/Documents/gitdatpro/ff-transform-data/data/bronze/raw/calendar/2026/04_orange.html|/Users/datpro/Documents/gitdatpro/ff-transform-data/data/bronze/raw/calendar/2026/04_yellow.html,2026-09-03T07:55:33Z
Apr 28,3:30pm,JPY,red,Monetary Policy Statement,N/A,N/A,N/A,/Users/datpro/Documents/gitdatpro/ff-transform-data/data/bronze/raw/calendar/2026/04_red.html|/Users/datpro/Documents/gitdatpro/ff-transform-data/data/bronze/raw/calendar/2026/04_orange.html|/Users/datpro/Documents/gitdatpro/ff-transform-data/data/bronze/raw/calendar/2026/04_yellow.html,2026-09-03T07:55:33Z
Apr 28,6:30am,JPY,yellow,Unemployment Rate,2.7%,2.6%,2.6%,/Users/datpro/Documents/gitdatpro/ff-transform-data/data/bronze/raw/calendar/2026/04_red.html|/Users/datpro/Documents/gitdatpro/ff-transform-data/data/bronze/raw/calendar/2026/04_orange.html|/Users/datpro/Documents/gitdatpro/ff-transform-data/data/bronze/raw/calendar/2026/04_yellow.html,2026-09-03T07:55:33Z
Apr 28,7:15pm,USD,yellow,ADP Weekly Employment Change,39.3K,N/A,40.3K,/Users/datpro/Documents/gitdatpro/ff-transform-data/data/bronze/raw/calendar/2026/04_red.html|/Users/datpro/Documents/gitdatpro/ff-transform-data/data/bronze/raw/calendar/2026/04_orange.html|/Users/datpro/Documents/gitdatpro/ff-transform-data/data/bronze/raw/calendar/2026/04_yellow.html,2026-09-03T07:55:33Z
Apr 28,8:00pm,USD,yellow,HPI m/m,0.0%,0.1%,0.2%,/Users/datpro/Documents/gitdatpro/ff-transform-data/data/bronze/raw/calendar/2026/04_red.html|/Users/datpro/Documents/gitdatpro/ff-transform-data/data/bronze/raw/calendar/2026/04_orange.html|/Users/datpro/Documents/gitdatpro/ff-transform-data/data/bronze/raw/calendar/2026/04_yellow.html,2026-09-03T07:55:33Z
Apr 28,8:00pm,USD,yellow,S&P/CS Composite-20 HPI y/y,0.9%,1.1%,1.2%,/Users/datpro/Documents/gitdatpro/ff-transform-data/data/bronze/raw/calendar/2026/04_red.html|/Users/datpro/Documents/gitdatpro/ff-transform-data/data/bronze/raw/calendar/2026/04_orange.html|/Users/datpro/Documents/gitdatpro/ff-transform-data/data/bronze/raw/calendar/2026/04_yellow.html,2026-09-03T07:55:33Z
Apr 28,9:00pm,USD,yellow,Richmond Manufacturing Index,3,2,0,/Users/datpro/Documents/gitdatpro/ff-transform-data/data/bronze/raw/calendar/2026/04_red.html|/Users/datpro/Documents/gitdatpro/ff-transform-data/data/bronze/raw/calendar/2026/04_orange.html|/Users/datpro/Documents/gitdatpro/ff-transform-data/data/bronze/raw/calendar/2026/04_yellow.html,2026-09-03T07:55:33Z
Apr 29,1:30pm,AUD,red,CPI y/y,4.6%,4.8%,3.7%,/Users/datpro/Documents/gitdatpro/ff-transform-data/data/bronze/raw/calendar/2026/04_red.html|/Users/datpro/Documents/gitdatpro/ff-transform-data/data/bronze/raw/calendar/2026/04_orange.html|/Users/datpro/Documents/gitdatpro/ff-transform-data/data/bronze/raw/calendar/2026/04_yellow.html,2026-09-03T07:55:33Z
Apr 29,1:30pm,AUD,red,Trimmed Mean CPI m/m,0.3%,0.3%,0.2%,/Users/datpro/Documents/gitdatpro/ff-transform-data/data/bronze/raw/calendar/2026/04_red.html|/Users/datpro/Documents/gitdatpro/ff-transform-data/data/bronze/raw/calendar/2026/04_orange.html|/Users/datpro/Documents/gitdatpro/ff-transform-data/data/bronze/raw/calendar/2026/04_yellow.html,2026-09-03T07:55:33Z
Apr 29,2:00pm,EUR,yellow,Spanish Flash CPI y/y,3.2%,3.5%,3.3%,/Users/datpro/Documents/gitdatpro/ff-transform-data/data/bronze/raw/calendar/2026/04_red.html|/Users/datpro/Documents/gitdatpro/ff-transform-data/data/bronze/raw/calendar/2026/04_orange.html|/Users/datpro/Documents/gitdatpro/ff-transform-data/data/bronze/raw/calendar/2026/04_yellow.html,2026-09-03T07:55:33Z
Apr 29,3:00pm,CHF,yellow,UBS Economic Expectations,-30.3,N/A,-35.0,/Users/datpro/Documents/gitdatpro/ff-transform-data/data/bronze/raw/calendar/2026/04_red.html|/Users/datpro/Documents/gitdatpro/ff-transform-data/data/bronze/raw/calendar/2026/04_orange.html|/Users/datpro/Documents/gitdatpro/ff-transform-data/data/bronze/raw/calendar/2026/04_yellow.html,2026-09-03T07:55:33Z
Apr 29,3:00pm,EUR,yellow,M3 Money Supply y/y,3.2%,3.1%,3.0%,/Users/datpro/Documents/gitdatpro/ff-transform-data/data/bronze/raw/calendar/2026/04_red.html|/Users/datpro/Documents/gitdatpro/ff-transform-data/data/bronze/raw/calendar/2026/04_orange.html|/Users/datpro/Documents/gitdatpro/ff-transform-data/data/bronze/raw/calendar/2026/04_yellow.html,2026-09-03T07:55:33Z
Apr 29,3:00pm,EUR,yellow,Private Loans y/y,3.0%,3.1%,3.0%,/Users/datpro/Documents/gitdatpro/ff-transform-data/data/bronze/raw/calendar/2026/04_red.html|/Users/datpro/Documents/gitdatpro/ff-transform-data/data/bronze/raw/calendar/2026/04_orange.html|/Users/datpro/Documents/gitdatpro/ff-transform-data/data/bronze/raw/calendar/2026/04_yellow.html,2026-09-03T07:55:33Z
Apr 29,4:17pm,EUR,yellow,Italian 10-y Bond Auction,3.77|1.7,N/A,4.09|1.7,/Users/datpro/Documents/gitdatpro/ff-transform-data/data/bronze/raw/calendar/2026/04_red.html|/Users/datpro/Documents/gitdatpro/ff-transform-data/data/bronze/raw/calendar/2026/04_orange.html|/Users/datpro/Documents/gitdatpro/ff-transform-data/data/bronze/raw/calendar/2026/04_yellow.html,2026-09-03T07:55:33Z
Apr 29,4:32pm,EUR,yellow,German 10-y Bond Auction,3.08|1.5,N/A,2.92|1.2,/Users/datpro/Documents/gitdatpro/ff-transform-data/data/bronze/raw/calendar/2026/04_red.html|/Users/datpro/Documents/gitdatpro/ff-transform-data/data/bronze/raw/calendar/2026/04_orange.html|/Users/datpro/Documents/gitdatpro/ff-transform-data/data/bronze/raw/calendar/2026/04_yellow.html,2026-09-03T07:55:33Z
Apr 29,7:30pm,USD,yellow,Building Permits,1.37M,1.39M,1.54M,/Users/datpro/Documents/gitdatpro/ff-transform-data/data/bronze/raw/calendar/2026/04_red.html|/Users/datpro/Documents/gitdatpro/ff-transform-data/data/bronze/raw/calendar/2026/04_orange.html|/Users/datpro/Documents/gitdatpro/ff-transform-data/data/bronze/raw/calendar/2026/04_yellow.html,2026-09-03T07:55:33Z
Apr 29,7:30pm,USD,yellow,Core Durable Goods Orders m/m,0.9%,0.4%,0.9%,/Users/datpro/Documents/gitdatpro/ff-transform-data/data/bronze/raw/calendar/2026/04_red.html|/Users/datpro/Documents/gitdatpro/ff-transform-data/data/bronze/raw/calendar/2026/04_orange.html|/Users/datpro/Documents/gitdatpro/ff-transform-data/data/bronze/raw/calendar/2026/04_yellow.html,2026-09-03T07:55:33Z
Apr 29,7:30pm,USD,yellow,Durable Goods Orders m/m,0.8%,0.4%,-1.3%,/Users/datpro/Documents/gitdatpro/ff-transform-data/data/bronze/raw/calendar/2026/04_red.html|/Users/datpro/Documents/gitdatpro/ff-transform-data/data/bronze/raw/calendar/2026/04_orange.html|/Users/datpro/Documents/gitdatpro/ff-transform-data/data/bronze/raw/calendar/2026/04_yellow.html,2026-09-03T07:55:33Z
Apr 29,7:30pm,USD,yellow,Goods Trade Balance,-87.9B,-87.5B,-83.5B,/Users/datpro/Documents/gitdatpro/ff-transform-data/data/bronze/raw/calendar/2026/04_red.html|/Users/datpro/Documents/gitdatpro/ff-transform-data/data/bronze/raw/calendar/2026/04_orange.html|/Users/datpro/Documents/gitdatpro/ff-transform-data/data/bronze/raw/calendar/2026/04_yellow.html,2026-09-03T07:55:33Z
Apr 29,7:30pm,USD,yellow,Housing Starts,1.50M,1.38M,1.36M,/Users/datpro/Documents/gitdatpro/ff-transform-data/data/bronze/raw/calendar/2026/04_red.html|/Users/datpro/Documents/gitdatpro/ff-transform-data/data/bronze/raw/calendar/2026/04_orange.html|/Users/datpro/Documents/gitdatpro/ff-transform-data/data/bronze/raw/calendar/2026/04_yellow.html,2026-09-03T07:55:33Z
Apr 29,7:30pm,USD,yellow,Prelim Wholesale Inventories m/m,1.4%,0.4%,0.9%,/Users/datpro/Documents/gitdatpro/ff-transform-data/data/bronze/raw/calendar/2026/04_red.html|/Users/datpro/Documents/gitdatpro/ff-transform-data/data/bronze/raw/calendar/2026/04_orange.html|/Users/datpro/Documents/gitdatpro/ff-transform-data/data/bronze/raw/calendar/2026/04_yellow.html,2026-09-03T07:55:33Z
Apr 29,8:45pm,CAD,red,BOC Monetary Policy Report,N/A,N/A,N/A,/Users/datpro/Documents/gitdatpro/ff-transform-data/data/bronze/raw/calendar/2026/04_red.html|/Users/datpro/Documents/gitdatpro/ff-transform-data/data/bronze/raw/calendar/2026/04_orange.html|/Users/datpro/Documents/gitdatpro/ff-transform-data/data/bronze/raw/calendar/2026/04_yellow.html,2026-09-03T07:55:33Z
Apr 29,8:45pm,CAD,red,BOC Rate Statement,N/A,N/A,N/A,/Users/datpro/Documents/gitdatpro/ff-transform-data/data/bronze/raw/calendar/2026/04_red.html|/Users/datpro/Documents/gitdatpro/ff-transform-data/data/bronze/raw/calendar/2026/04_orange.html|/Users/datpro/Documents/gitdatpro/ff-transform-data/data/bronze/raw/calendar/2026/04_yellow.html,2026-09-03T07:55:33Z
Apr 29,8:45pm,CAD,red,Overnight Rate,2.25%,2.25%,2.25%,/Users/datpro/Documents/gitdatpro/ff-transform-data/data/bronze/raw/calendar/2026/04_red.html|/Users/datpro/Documents/gitdatpro/ff-transform-data/data/bronze/raw/calendar/2026/04_orange.html|/Users/datpro/Documents/gitdatpro/ff-transform-data/data/bronze/raw/calendar/2026/04_yellow.html,2026-09-03T07:55:33Z
Apr 29,9:30pm,CAD,red,BOC Press Conference,N/A,N/A,N/A,/Users/datpro/Documents/gitdatpro/ff-transform-data/data/bronze/raw/calendar/2026/04_red.html|/Users/datpro/Documents/gitdatpro/ff-transform-data/data/bronze/raw/calendar/2026/04_orange.html|/Users/datpro/Documents/gitdatpro/ff-transform-data/data/bronze/raw/calendar/2026/04_yellow.html,2026-09-03T07:55:33Z
Apr 29,9:30pm,USD,yellow,Crude Oil Inventories,-6.2M,0.3M,1.9M,/Users/datpro/Documents/gitdatpro/ff-transform-data/data/bronze/raw/calendar/2026/04_red.html|/Users/datpro/Documents/gitdatpro/ff-transform-data/data/bronze/raw/calendar/2026/04_orange.html|/Users/datpro/Documents/gitdatpro/ff-transform-data/data/bronze/raw/calendar/2026/04_yellow.html,2026-09-03T07:55:33Z
Apr 29,All Day,EUR,orange,German Prelim CPI m/m,0.6%,0.7%,1.1%,/Users/datpro/Documents/gitdatpro/ff-transform-data/data/bronze/raw/calendar/2026/04_red.html|/Users/datpro/Documents/gitdatpro/ff-transform-data/data/bronze/raw/calendar/2026/04_orange.html|/Users/datpro/Documents/gitdatpro/ff-transform-data/data/bronze/raw/calendar/2026/04_yellow.html,2026-09-03T07:55:33Z
Apr 29,Feb Data,USD,yellow,Building Permits,1.54M,N/A,1.39M,/Users/datpro/Documents/gitdatpro/ff-transform-data/data/bronze/raw/calendar/2026/04_red.html|/Users/datpro/Documents/gitdatpro/ff-transform-data/data/bronze/raw/calendar/2026/04_orange.html|/Users/datpro/Documents/gitdatpro/ff-transform-data/data/bronze/raw/calendar/2026/04_yellow.html,2026-09-03T07:55:33Z
Apr 29,Feb Data,USD,yellow,Housing Starts,1.36M,N/A,1.40M,/Users/datpro/Documents/gitdatpro/ff-transform-data/data/bronze/raw/calendar/2026/04_red.html|/Users/datpro/Documents/gitdatpro/ff-transform-data/data/bronze/raw/calendar/2026/04_orange.html|/Users/datpro/Documents/gitdatpro/ff-transform-data/data/bronze/raw/calendar/2026/04_yellow.html,2026-09-03T07:55:33Z
Apr 3,1:45pm,EUR,yellow,French Industrial Production m/m,-0.7%,-0.1%,0.2%,/Users/datpro/Documents/gitdatpro/ff-transform-data/data/bronze/raw/calendar/2026/04_red.html|/Users/datpro/Documents/gitdatpro/ff-transform-data/data/bronze/raw/calendar/2026/04_orange.html|/Users/datpro/Documents/gitdatpro/ff-transform-data/data/bronze/raw/calendar/2026/04_yellow.html,2026-09-03T07:55:33Z
Apr 3,7:30pm,USD,red,Non-Farm Employment Change,178K,65K,-133K,/Users/datpro/Documents/gitdatpro/ff-transform-data/data/bronze/raw/calendar/2026/04_red.html|/Users/datpro/Documents/gitdatpro/ff-transform-data/data/bronze/raw/calendar/2026/04_orange.html|/Users/datpro/Documents/gitdatpro/ff-transform-data/data/bronze/raw/calendar/2026/04_yellow.html,2026-09-03T07:55:33Z
Apr 3,7:30pm,USD,red,Unemployment Rate,4.3%,4.4%,4.4%,/Users/datpro/Documents/gitdatpro/ff-transform-data/data/bronze/raw/calendar/2026/04_red.html|/Users/datpro/Documents/gitdatpro/ff-transform-data/data/bronze/raw/calendar/2026/04_orange.html|/Users/datpro/Documents/gitdatpro/ff-transform-data/data/bronze/raw/calendar/2026/04_yellow.html,2026-09-03T07:55:33Z
Apr 3,8:45pm,USD,yellow,Final Services PMI,49.8,51.1,51.1,/Users/datpro/Documents/gitdatpro/ff-transform-data/data/bronze/raw/calendar/2026/04_red.html|/Users/datpro/Documents/gitdatpro/ff-transform-data/data/bronze/raw/calendar/2026/04_orange.html|/Users/datpro/Documents/gitdatpro/ff-transform-data/data/bronze/raw/calendar/2026/04_yellow.html,2026-09-03T07:55:33Z
Apr 30,12:00pm,JPY,yellow,Consumer Confidence,32.2,32.8,33.3,/Users/datpro/Documents/gitdatpro/ff-transform-data/data/bronze/raw/calendar/2026/04_red.html|/Users/datpro/Documents/gitdatpro/ff-transform-data/data/bronze/raw/calendar/2026/04_orange.html|/Users/datpro/Documents/gitdatpro/ff-transform-data/data/bronze/raw/calendar/2026/04_yellow.html,2026-09-03T07:55:33Z
Apr 30,12:00pm,JPY,yellow,Housing Starts y/y,-29.3%,-28.7%,-4.9%,/Users/datpro/Documents/gitdatpro/ff-transform-data/data/bronze/raw/calendar/2026/04_red.html|/Users/datpro/Documents/gitdatpro/ff-transform-data/data/bronze/raw/calendar/2026/04_orange.html|/Users/datpro/Documents/gitdatpro/ff-transform-data/data/bronze/raw/calendar/2026/04_yellow.html,2026-09-03T07:55:33Z
Apr 30,12:30pm,EUR,yellow,French Consumer Spending m/m,0.7%,0.7%,-1.4%,/Users/datpro/Documents/gitdatpro/ff-transform-data/data/bronze/raw/calendar/2026/04_red.html|/Users/datpro/Documents/gitdatpro/ff-transform-data/data/bronze/raw/calendar/2026/04_orange.html|/Users/datpro/Documents/gitdatpro/ff-transform-data/data/bronze/raw/calendar/2026/04_yellow.html,2026-09-03T07:55:33Z
Apr 30,12:30pm,EUR,yellow,French Flash GDP q/q,0.0%,0.2%,0.2%,/Users/datpro/Documents/gitdatpro/ff-transform-data/data/bronze/raw/calendar/2026/04_red.html|/Users/datpro/Documents/gitdatpro/ff-transform-data/data/bronze/raw/calendar/2026/04_orange.html|/Users/datpro/Documents/gitdatpro/ff-transform-data/data/bronze/raw/calendar/2026/04_yellow.html,2026-09-03T07:55:33Z
Apr 30,1:00pm,EUR,yellow,German Import Prices m/m,3.6%,3.6%,0.3%,/Users/datpro/Documents/gitdatpro/ff-transform-data/data/bronze/raw/calendar/2026/04_red.html|/Users/datpro/Documents/gitdatpro/ff-transform-data/data/bronze/raw/calendar/2026/04_orange.html|/Users/datpro/Documents/gitdatpro/ff-transform-data/data/bronze/raw/calendar/2026/04_yellow.html,2026-09-03T07:55:33Z
Apr 30,1:00pm,EUR,yellow,German Retail Sales m/m,-2.0%,-0.3%,-0.3%,/Users/datpro/Documents/gitdatpro/ff-transform-data/data/bronze/raw/calendar/2026/04_red.html|/Users/datpro/Documents/gitdatpro/ff-transform-data/data/bronze/raw/calendar/2026/04_orange.html|/Users/datpro/Documents/gitdatpro/ff-transform-data/data/bronze/raw/calendar/2026/04_yellow.html,2026-09-03T07:55:33Z
Apr 30,1:30am,USD,red,FOMC Press Conference,N/A,N/A,N/A,/Users/datpro/Documents/gitdatpro/ff-transform-data/data/bronze/raw/calendar/2026/04_red.html|/Users/datpro/Documents/gitdatpro/ff-transform-data/data/bronze/raw/calendar/2026/04_orange.html|/Users/datpro/Documents/gitdatpro/ff-transform-data/data/bronze/raw/calendar/2026/04_yellow.html,2026-09-03T07:55:33Z
Apr 30,1:45pm,EUR,yellow,French Prelim CPI m/m,1.0%,0.9%,1.0%,/Users/datpro/Documents/gitdatpro/ff-transform-data/data/bronze/raw/calendar/2026/04_red.html|/Users/datpro/Documents/gitdatpro/ff-transform-data/data/bronze/raw/calendar/2026/04_orange.html|/Users/datpro/Documents/gitdatpro/ff-transform-data/data/bronze/raw/calendar/2026/04_yellow.html,2026-09-03T07:55:33Z
Apr 30,1:45pm,EUR,yellow,French Prelim Private Payrolls q/q,-0.1%,-0.1%,-0.1%,/Users/datpro/Documents/gitdatpro/ff-transform-data/data/bronze/raw/calendar/2026/04_red.html|/Users/datpro/Documents/gitdatpro/ff-transform-data/data/bronze/raw/calendar/2026/04_orange.html|/Users/datpro/Documents/gitdatpro/ff-transform-data/data/bronze/raw/calendar/2026/04_yellow.html,2026-09-03T07:55:33Z
Apr 30,2:00pm,CHF,yellow,KOF Economic Barometer,97.9,95.8,95.6,/Users/datpro/Documents/gitdatpro/ff-transform-data/data/bronze/raw/calendar/2026/04_red.html|/Users/datpro/Documents/gitdatpro/ff-transform-data/data/bronze/raw/calendar/2026/04_orange.html|/Users/datpro/Documents/gitdatpro/ff-transform-data/data/bronze/raw/calendar/2026/04_yellow.html,2026-09-03T07:55:33Z
Apr 30,2:00pm,EUR,yellow,Spanish Flash GDP q/q,0.6%,0.5%,0.8%,/Users/datpro/Documents/gitdatpro/ff-transform-data/data/bronze/raw/calendar/2026/04_red.html|/Users/datpro/Documents/gitdatpro/ff-transform-data/data/bronze/raw/calendar/2026/04_orange.html|/Users/datpro/Documents/gitdatpro/ff-transform-data/data/bronze/raw/calendar/2026/04_yellow.html,2026-09-03T07:55:33Z
Apr 30,2:55pm,EUR,yellow,German Unemployment Change,20K,4K,3K,/Users/datpro/Documents/gitdatpro/ff-transform-data/data/bronze/raw/calendar/2026/04_red.html|/Users/datpro/Documents/gitdatpro/ff-transform-data/data/bronze/raw/calendar/2026/04_orange.html|/Users/datpro/Documents/gitdatpro/ff-transform-data/data/bronze/raw/calendar/2026/04_yellow.html,2026-09-03T07:55:33Z
Apr 30,3:00pm,EUR,yellow,Italian Prelim GDP q/q,0.2%,0.1%,0.3%,/Users/datpro/Documents/gitdatpro/ff-transform-data/data/bronze/raw/calendar/2026/04_red.html|/Users/datpro/Documents/gitdatpro/ff-transform-data/data/bronze/raw/calendar/2026/04_orange.html|/Users/datpro/Documents/gitdatpro/ff-transform-data/data/bronze/raw/calendar/2026/04_yellow.html,2026-09-03T07:55:33Z
Apr 30,3:30pm,EUR,yellow,Italian Monthly Unemployment Rate,5.2%,5.3%,5.4%,/Users/datpro/Documents/gitdatpro/ff-transform-data/data/bronze/raw/calendar/2026/04_red.html|/Users/datpro/Documents/gitdatpro/ff-transform-data/data/bronze/raw/calendar/2026/04_orange.html|/Users/datpro/Documents/gitdatpro/ff-transform-data/data/bronze/raw/calendar/2026/04_yellow.html,2026-09-03T07:55:33Z
Apr 30,4:00pm,EUR,orange,CPI Flash Estimate y/y,3.0%,3.0%,2.6%,/Users/datpro/Documents/gitdatpro/ff-transform-data/data/bronze/raw/calendar/2026/04_red.html|/Users/datpro/Documents/gitdatpro/ff-transform-data/data/bronze/raw/calendar/2026/04_orange.html|/Users/datpro/Documents/gitdatpro/ff-transform-data/data/bronze/raw/calendar/2026/04_yellow.html,2026-09-03T07:55:33Z
Apr 30,4:00pm,EUR,orange,Core CPI Flash Estimate y/y,2.2%,2.2%,2.3%,/Users/datpro/Documents/gitdatpro/ff-transform-data/data/bronze/raw/calendar/2026/04_red.html|/Users/datpro/Documents/gitdatpro/ff-transform-data/data/bronze/raw/calendar/2026/04_orange.html|/Users/datpro/Documents/gitdatpro/ff-transform-data/data/bronze/raw/calendar/2026/04_yellow.html,2026-09-03T07:55:33Z
Apr 30,4:00pm,EUR,yellow,Italian Prelim CPI m/m,1.2%,0.9%,0.5%,/Users/datpro/Documents/gitdatpro/ff-transform-data/data/bronze/raw/calendar/2026/04_red.html|/Users/datpro/Documents/gitdatpro/ff-transform-data/data/bronze/raw/calendar/2026/04_orange.html|/Users/datpro/Documents/gitdatpro/ff-transform-data/data/bronze/raw/calendar/2026/04_yellow.html,2026-09-03T07:55:33Z
Apr 30,4:00pm,EUR,yellow,Prelim Flash GDP q/q,0.1%,0.2%,0.2%,/Users/datpro/Documents/gitdatpro/ff-transform-data/data/bronze/raw/calendar/2026/04_red.html|/Users/datpro/Documents/gitdatpro/ff-transform-data/data/bronze/raw/calendar/2026/04_orange.html|/Users/datpro/Documents/gitdatpro/ff-transform-data/data/bronze/raw/calendar/2026/04_yellow.html,2026-09-03T07:55:33Z
Apr 30,4:00pm,EUR,yellow,Unemployment Rate,6.2%,6.2%,6.3%,/Users/datpro/Documents/gitdatpro/ff-transform-data/data/bronze/raw/calendar/2026/04_red.html|/Users/datpro/Documents/gitdatpro/ff-transform-data/data/bronze/raw/calendar/2026/04_orange.html|/Users/datpro/Documents/gitdatpro/ff-transform-data/data/bronze/raw/calendar/2026/04_yellow.html,2026-09-03T07:55:33Z
Apr 30,6:00pm,GBP,yellow,BOE Inflation Letter,N/A,N/A,N/A,/Users/datpro/Documents/gitdatpro/ff-transform-data/data/bronze/raw/calendar/2026/04_red.html|/Users/datpro/Documents/gitdatpro/ff-transform-data/data/bronze/raw/calendar/2026/04_orange.html|/Users/datpro/Documents/gitdatpro/ff-transform-data/data/bronze/raw/calendar/2026/04_yellow.html,2026-09-03T07:55:33Z
Apr 30,6:00pm,GBP,red,BOE Monetary Policy Report,N/A,N/A,N/A,/Users/datpro/Documents/gitdatpro/ff-transform-data/data/bronze/raw/calendar/2026/04_red.html|/Users/datpro/Documents/gitdatpro/ff-transform-data/data/bronze/raw/calendar/2026/04_orange.html|/Users/datpro/Documents/gitdatpro/ff-transform-data/data/bronze/raw/calendar/2026/04_yellow.html,2026-09-03T07:55:33Z
Apr 30,6:00pm,GBP,red,MPC Official Bank Rate Votes,1-0-8,1-0-8,0-0-9,/Users/datpro/Documents/gitdatpro/ff-transform-data/data/bronze/raw/calendar/2026/04_red.html|/Users/datpro/Documents/gitdatpro/ff-transform-data/data/bronze/raw/calendar/2026/04_orange.html|/Users/datpro/Documents/gitdatpro/ff-transform-data/data/bronze/raw/calendar/2026/04_yellow.html,2026-09-03T07:55:33Z
Apr 30,6:00pm,GBP,red,Monetary Policy Summary,N/A,N/A,N/A,/Users/datpro/Documents/gitdatpro/ff-transform-data/data/bronze/raw/calendar/2026/04_red.html|/Users/datpro/Documents/gitdatpro/ff-transform-data/data/bronze/raw/calendar/2026/04_orange.html|/Users/datpro/Documents/gitdatpro/ff-transform-data/data/bronze/raw/calendar/2026/04_yellow.html,2026-09-03T07:55:33Z
Apr 30,6:00pm,GBP,red,Official Bank Rate,3.75%,3.75%,3.75%,/Users/datpro/Documents/gitdatpro/ff-transform-data/data/bronze/raw/calendar/2026/04_red.html|/Users/datpro/Documents/gitdatpro/ff-transform-data/data/bronze/raw/calendar/2026/04_orange.html|/Users/datpro/Documents/gitdatpro/ff-transform-data/data/bronze/raw/calendar/2026/04_yellow.html,2026-09-03T07:55:33Z
Apr 30,6:30pm,GBP,red,BOE Gov Bailey Speaks,N/A,N/A,N/A,/Users/datpro/Documents/gitdatpro/ff-transform-data/data/bronze/raw/calendar/2026/04_red.html|/Users/datpro/Documents/gitdatpro/ff-transform-data/data/bronze/raw/calendar/2026/04_orange.html|/Users/datpro/Documents/gitdatpro/ff-transform-data/data/bronze/raw/calendar/2026/04_yellow.html,2026-09-03T07:55:33Z
Apr 30,7:15pm,EUR,red,Main Refinancing Rate,2.15%,2.15%,2.15%,/Users/datpro/Documents/gitdatpro/ff-transform-data/data/bronze/raw/calendar/2026/04_red.html|/Users/datpro/Documents/gitdatpro/ff-transform-data/data/bronze/raw/calendar/2026/04_orange.html|/Users/datpro/Documents/gitdatpro/ff-transform-data/data/bronze/raw/calendar/2026/04_yellow.html,2026-09-03T07:55:33Z
Apr 30,7:15pm,EUR,red,Monetary Policy Statement,N/A,N/A,N/A,/Users/datpro/Documents/gitdatpro/ff-transform-data/data/bronze/raw/calendar/2026/04_red.html|/Users/datpro/Documents/gitdatpro/ff-transform-data/data/bronze/raw/calendar/2026/04_orange.html|/Users/datpro/Documents/gitdatpro/ff-transform-data/data/bronze/raw/calendar/2026/04_yellow.html,2026-09-03T07:55:33Z
Apr 30,7:30pm,CAD,red,GDP m/m,0.2%,0.2%,0.1%,/Users/datpro/Documents/gitdatpro/ff-transform-data/data/bronze/raw/calendar/2026/04_red.html|/Users/datpro/Documents/gitdatpro/ff-transform-data/data/bronze/raw/calendar/2026/04_orange.html|/Users/datpro/Documents/gitdatpro/ff-transform-data/data/bronze/raw/calendar/2026/04_yellow.html,2026-09-03T07:55:33Z
Apr 30,7:30pm,USD,orange,Advance GDP Price Index q/q,3.6%,3.8%,3.7%,/Users/datpro/Documents/gitdatpro/ff-transform-data/data/bronze/raw/calendar/2026/04_red.html|/Users/datpro/Documents/gitdatpro/ff-transform-data/data/bronze/raw/calendar/2026/04_orange.html|/Users/datpro/Documents/gitdatpro/ff-transform-data/data/bronze/raw/calendar/2026/04_yellow.html,2026-09-03T07:55:33Z
Apr 30,7:30pm,USD,red,Advance GDP q/q,2.0%,2.2%,0.5%,/Users/datpro/Documents/gitdatpro/ff-transform-data/data/bronze/raw/calendar/2026/04_red.html|/Users/datpro/Documents/gitdatpro/ff-transform-data/data/bronze/raw/calendar/2026/04_orange.html|/Users/datpro/Documents/gitdatpro/ff-transform-data/data/bronze/raw/calendar/2026/04_yellow.html,2026-09-03T07:55:33Z
Apr 30,7:30pm,USD,red,Core PCE Price Index m/m,0.3%,0.3%,0.4%,/Users/datpro/Documents/gitdatpro/ff-transform-data/data/bronze/raw/calendar/2026/04_red.html|/Users/datpro/Documents/gitdatpro/ff-transform-data/data/bronze/raw/calendar/2026/04_orange.html|/Users/datpro/Documents/gitdatpro/ff-transform-data/data/bronze/raw/calendar/2026/04_yellow.html,2026-09-03T07:55:33Z
Apr 30,7:30pm,USD,red,Employment Cost Index q/q,0.9%,0.8%,0.7%,/Users/datpro/Documents/gitdatpro/ff-transform-data/data/bronze/raw/calendar/2026/04_red.html|/Users/datpro/Documents/gitdatpro/ff-transform-data/data/bronze/raw/calendar/2026/04_orange.html|/Users/datpro/Documents/gitdatpro/ff-transform-data/data/bronze/raw/calendar/2026/04_yellow.html,2026-09-03T07:55:33Z
Apr 30,7:30pm,USD,yellow,Personal Income m/m,0.6%,0.3%,0.0%,/Users/datpro/Documents/gitdatpro/ff-transform-data/data/bronze/raw/calendar/2026/04_red.html|/Users/datpro/Documents/gitdatpro/ff-transform-data/data/bronze/raw/calendar/2026/04_orange.html|/Users/datpro/Documents/gitdatpro/ff-transform-data/data/bronze/raw/calendar/2026/04_yellow.html,2026-09-03T07:55:33Z
Apr 30,7:30pm,USD,yellow,Personal Spending m/m,0.9%,0.9%,0.6%,/Users/datpro/Documents/gitdatpro/ff-transform-data/data/bronze/raw/calendar/2026/04_red.html|/Users/datpro/Documents/gitdatpro/ff-transform-data/data/bronze/raw/calendar/2026/04_orange.html|/Users/datpro/Documents/gitdatpro/ff-transform-data/data/bronze/raw/calendar/2026/04_yellow.html,2026-09-03T07:55:33Z
Apr 30,7:30pm,USD,orange,Unemployment Claims,189K,213K,215K,/Users/datpro/Documents/gitdatpro/ff-transform-data/data/bronze/raw/calendar/2026/04_red.html|/Users/datpro/Documents/gitdatpro/ff-transform-data/data/bronze/raw/calendar/2026/04_orange.html|/Users/datpro/Documents/gitdatpro/ff-transform-data/data/bronze/raw/calendar/2026/04_yellow.html,2026-09-03T07:55:33Z
Apr 30,7:45pm,EUR,red,ECB Press Conference,N/A,N/A,N/A,/Users/datpro/Documents/gitdatpro/ff-transform-data/data/bronze/raw/calendar/2026/04_red.html|/Users/datpro/Documents/gitdatpro/ff-transform-data/data/bronze/raw/calendar/2026/04_orange.html|/Users/datpro/Documents/gitdatpro/ff-transform-data/data/bronze/raw/calendar/2026/04_yellow.html,2026-09-03T07:55:33Z
Apr 30,8:00am,NZD,yellow,ANZ Business Confidence,-10.6,N/A,32.5,/Users/datpro/Documents/gitdatpro/ff-transform-data/data/bronze/raw/calendar/2026/04_red.html|/Users/datpro/Documents/gitdatpro/ff-transform-data/data/bronze/raw/calendar/2026/04_orange.html|/Users/datpro/Documents/gitdatpro/ff-transform-data/data/bronze/raw/calendar/2026/04_yellow.html,2026-09-03T07:55:33Z
Apr 30,8:30am,AUD,yellow,Import Prices q/q,0.1%,0.4%,0.9%,/Users/datpro/Documents/gitdatpro/ff-transform-data/data/bronze/raw/calendar/2026/04_red.html|/Users/datpro/Documents/gitdatpro/ff-transform-data/data/bronze/raw/calendar/2026/04_orange.html|/Users/datpro/Documents/gitdatpro/ff-transform-data/data/bronze/raw/calendar/2026/04_yellow.html,2026-09-03T07:55:33Z
Apr 30,8:30am,AUD,yellow,Private Sector Credit m/m,0.7%,0.6%,0.6%,/Users/datpro/Documents/gitdatpro/ff-transform-data/data/bronze/raw/calendar/2026/04_red.html|/Users/datpro/Documents/gitdatpro/ff-transform-data/data/bronze/raw/calendar/2026/04_orange.html|/Users/datpro/Documents/gitdatpro/ff-transform-data/data/bronze/raw/calendar/2026/04_yellow.html,2026-09-03T07:55:33Z
Apr 30,8:30am,CNY,yellow,Manufacturing PMI,50.3,50.1,50.4,/Users/datpro/Documents/gitdatpro/ff-transform-data/data/bronze/raw/calendar/2026/04_red.html|/Users/datpro/Documents/gitdatpro/ff-transform-data/data/bronze/raw/calendar/2026/04_orange.html|/Users/datpro/Documents/gitdatpro/ff-transform-data/data/bronze/raw/calendar/2026/04_yellow.html,2026-09-03T07:55:33Z
Apr 30,8:30am,CNY,yellow,Non-Manufacturing PMI,49.4,49.9,50.1,/Users/datpro/Documents/gitdatpro/ff-transform-data/data/bronze/raw/calendar/2026/04_red.html|/Users/datpro/Documents/gitdatpro/ff-transform-data/data/bronze/raw/calendar/2026/04_orange.html|/Users/datpro/Documents/gitdatpro/ff-transform-data/data/bronze/raw/calendar/2026/04_yellow.html,2026-09-03T07:55:33Z
Apr 30,8:45am,CNY,yellow,RatingDog Manufacturing PMI,52.2,50.9,50.8,/Users/datpro/Documents/gitdatpro/ff-transform-data/data/bronze/raw/calendar/2026/04_red.html|/Users/datpro/Documents/gitdatpro/ff-transform-data/data/bronze/raw/calendar/2026/04_orange.html|/Users/datpro/Documents/gitdatpro/ff-transform-data/data/bronze/raw/calendar/2026/04_yellow.html,2026-09-03T07:55:33Z
Apr 30,8:45pm,USD,yellow,Chicago PMI,49.2,54.8,52.8,/Users/datpro/Documents/gitdatpro/ff-transform-data/data/bronze/raw/calendar/2026/04_red.html|/Users/datpro/Documents/gitdatpro/ff-transform-data/data/bronze/raw/calendar/2026/04_orange.html|/Users/datpro/Documents/gitdatpro/ff-transform-data/data/bronze/raw/calendar/2026/04_yellow.html,2026-09-03T07:55:33Z
Apr 30,9:00pm,USD,yellow,CB Leading Index m/m,-0.6%,-0.2%,0.3%,/Users/datpro/Documents/gitdatpro/ff-transform-data/data/bronze/raw/calendar/2026/04_red.html|/Users/datpro/Documents/gitdatpro/ff-transform-data/data/bronze/raw/calendar/2026/04_orange.html|/Users/datpro/Documents/gitdatpro/ff-transform-data/data/bronze/raw/calendar/2026/04_yellow.html,2026-09-03T07:55:33Z
Apr 30,9:30pm,JPY,yellow,Retail Sales y/y,1.7%,0.9%,-0.1%,/Users/datpro/Documents/gitdatpro/ff-transform-data/data/bronze/raw/calendar/2026/04_red.html|/Users/datpro/Documents/gitdatpro/ff-transform-data/data/bronze/raw/calendar/2026/04_orange.html|/Users/datpro/Documents/gitdatpro/ff-transform-data/data/bronze/raw/calendar/2026/04_yellow.html,2026-09-03T07:55:33Z
Apr 30,9:30pm,USD,red,FOMC Statement,N/A,N/A,N/A,/Users/datpro/Documents/gitdatpro/ff-transform-data/data/bronze/raw/calendar/2026/04_red.html|/Users/datpro/Documents/gitdatpro/ff-transform-data/data/bronze/raw/calendar/2026/04_orange.html|/Users/datpro/Documents/gitdatpro/ff-transform-data/data/bronze/raw/calendar/2026/04_yellow.html,2026-09-03T07:55:33Z
Apr 30,9:30pm,USD,yellow,Natural Gas Storage,79B,83B,103B,/Users/datpro/Documents/gitdatpro/ff-transform-data/data/bronze/raw/calendar/2026/04_red.html|/Users/datpro/Documents/gitdatpro/ff-transform-data/data/bronze/raw/calendar/2026/04_orange.html|/Users/datpro/Documents/gitdatpro/ff-transform-data/data/bronze/raw/calendar/2026/04_yellow.html,2026-09-03T07:55:33Z
Apr 30,Feb Data,USD,yellow,CB Leading Index m/m,0.3%,N/A,-0.1%,/Users/datpro/Documents/gitdatpro/ff-transform-data/data/bronze/raw/calendar/2026/04_red.html|/Users/datpro/Documents/gitdatpro/ff-transform-data/data/bronze/raw/calendar/2026/04_orange.html|/Users/datpro/Documents/gitdatpro/ff-transform-data/data/bronze/raw/calendar/2026/04_yellow.html,2026-09-03T07:55:33Z
Apr 7,10:35am,JPY,yellow,30-y Bond Auction,3.70|3.1,N/A,3.40|3.7,/Users/datpro/Documents/gitdatpro/ff-transform-data/data/bronze/raw/calendar/2026/04_red.html|/Users/datpro/Documents/gitdatpro/ff-transform-data/data/bronze/raw/calendar/2026/04_orange.html|/Users/datpro/Documents/gitdatpro/ff-transform-data/data/bronze/raw/calendar/2026/04_yellow.html,2026-09-03T07:55:33Z
Apr 7,11:35pm,USD,yellow,FOMC Member Goolsbee Speaks,N/A,N/A,N/A,/Users/datpro/Documents/gitdatpro/ff-transform-data/data/bronze/raw/calendar/2026/04_red.html|/Users/datpro/Documents/gitdatpro/ff-transform-data/data/bronze/raw/calendar/2026/04_orange.html|/Users/datpro/Documents/gitdatpro/ff-transform-data/data/bronze/raw/calendar/2026/04_yellow.html,2026-09-03T07:55:33Z
Apr 7,12:00pm,JPY,yellow,Leading Indicators,112.4%,112.4%,112.1%,/Users/datpro/Documents/gitdatpro/ff-transform-data/data/bronze/raw/calendar/2026/04_red.html|/Users/datpro/Documents/gitdatpro/ff-transform-data/data/bronze/raw/calendar/2026/04_orange.html|/Users/datpro/Documents/gitdatpro/ff-transform-data/data/bronze/raw/calendar/2026/04_yellow.html,2026-09-03T07:55:33Z
Apr 7,2:00pm,CHF,yellow,Foreign Currency Reserves,721B,N/A,710B,/Users/datpro/Documents/gitdatpro/ff-transform-data/data/bronze/raw/calendar/2026/04_red.html|/Users/datpro/Documents/gitdatpro/ff-transform-data/data/bronze/raw/calendar/2026/04_orange.html|/Users/datpro/Documents/gitdatpro/ff-transform-data/data/bronze/raw/calendar/2026/04_yellow.html,2026-09-03T07:55:33Z
Apr 7,2:15pm,EUR,yellow,Spanish Services PMI,53.3,50.7,51.9,/Users/datpro/Documents/gitdatpro/ff-transform-data/data/bronze/raw/calendar/2026/04_red.html|/Users/datpro/Documents/gitdatpro/ff-transform-data/data/bronze/raw/calendar/2026/04_orange.html|/Users/datpro/Documents/gitdatpro/ff-transform-data/data/bronze/raw/calendar/2026/04_yellow.html,2026-09-03T07:55:33Z
Apr 7,2:45pm,EUR,yellow,Italian Services PMI,48.8,51.0,52.3,/Users/datpro/Documents/gitdatpro/ff-transform-data/data/bronze/raw/calendar/2026/04_red.html|/Users/datpro/Documents/gitdatpro/ff-transform-data/data/bronze/raw/calendar/2026/04_orange.html|/Users/datpro/Documents/gitdatpro/ff-transform-data/data/bronze/raw/calendar/2026/04_yellow.html,2026-09-03T07:55:33Z
Apr 7,2:50pm,EUR,yellow,French Final Services PMI,48.8,48.3,48.3,/Users/datpro/Documents/gitdatpro/ff-transform-data/data/bronze/raw/calendar/2026/04_red.html|/Users/datpro/Documents/gitdatpro/ff-transform-data/data/bronze/raw/calendar/2026/04_orange.html|/Users/datpro/Documents/gitdatpro/ff-transform-data/data/bronze/raw/calendar/2026/04_yellow.html,2026-09-03T07:55:33Z
Apr 7,2:55pm,EUR,yellow,German Final Services PMI,50.9,51.2,51.2,/Users/datpro/Documents/gitdatpro/ff-transform-data/data/bronze/raw/calendar/2026/04_red.html|/Users/datpro/Documents/gitdatpro/ff-transform-data/data/bronze/raw/calendar/2026/04_orange.html|/Users/datpro/Documents/gitdatpro/ff-transform-data/data/bronze/raw/calendar/2026/04_yellow.html,2026-09-03T07:55:33Z
Apr 7,3:00pm,EUR,yellow,Final Services PMI,50.2,50.1,50.1,/Users/datpro/Documents/gitdatpro/ff-transform-data/data/bronze/raw/calendar/2026/04_red.html|/Users/datpro/Documents/gitdatpro/ff-transform-data/data/bronze/raw/calendar/2026/04_orange.html|/Users/datpro/Documents/gitdatpro/ff-transform-data/data/bronze/raw/calendar/2026/04_yellow.html,2026-09-03T07:55:33Z
Apr 7,3:30pm,EUR,yellow,Sentix Investor Confidence,-19.2,-7.8,-3.1,/Users/datpro/Documents/gitdatpro/ff-transform-data/data/bronze/raw/calendar/2026/04_red.html|/Users/datpro/Documents/gitdatpro/ff-transform-data/data/bronze/raw/calendar/2026/04_orange.html|/Users/datpro/Documents/gitdatpro/ff-transform-data/data/bronze/raw/calendar/2026/04_yellow.html,2026-09-03T07:55:33Z
Apr 7,3:30pm,GBP,yellow,Final Services PMI,50.5,51.1,51.2,/Users/datpro/Documents/gitdatpro/ff-transform-data/data/bronze/raw/calendar/2026/04_red.html|/Users/datpro/Documents/gitdatpro/ff-transform-data/data/bronze/raw/calendar/2026/04_orange.html|/Users/datpro/Documents/gitdatpro/ff-transform-data/data/bronze/raw/calendar/2026/04_yellow.html,2026-09-03T07:55:33Z
Apr 7,7:15pm,USD,yellow,ADP Weekly Employment Change,26.0K,N/A,15.3K,/Users/datpro/Documents/gitdatpro/ff-transform-data/data/bronze/raw/calendar/2026/04_red.html|/Users/datpro/Documents/gitdatpro/ff-transform-data/data/bronze/raw/calendar/2026/04_orange.html|/Users/datpro/Documents/gitdatpro/ff-transform-data/data/bronze/raw/calendar/2026/04_yellow.html,2026-09-03T07:55:33Z
Apr 7,8:00am,AUD,yellow,MI Inflation Gauge m/m,1.3%,N/A,-0.2%,/Users/datpro/Documents/gitdatpro/ff-transform-data/data/bronze/raw/calendar/2026/04_red.html|/Users/datpro/Documents/gitdatpro/ff-transform-data/data/bronze/raw/calendar/2026/04_orange.html|/Users/datpro/Documents/gitdatpro/ff-transform-data/data/bronze/raw/calendar/2026/04_yellow.html,2026-09-03T07:55:33Z
Apr 7,8:00am,NZD,yellow,ANZ Commodity Prices m/m,4.1%,N/A,4.2%,/Users/datpro/Documents/gitdatpro/ff-transform-data/data/bronze/raw/calendar/2026/04_red.html|/Users/datpro/Documents/gitdatpro/ff-transform-data/data/bronze/raw/calendar/2026/04_orange.html|/Users/datpro/Documents/gitdatpro/ff-transform-data/data/bronze/raw/calendar/2026/04_yellow.html,2026-09-03T07:55:33Z
Apr 7,8:30am,AUD,yellow,ANZ Job Advertisements m/m,-3.1%,N/A,3.2%,/Users/datpro/Documents/gitdatpro/ff-transform-data/data/bronze/raw/calendar/2026/04_red.html|/Users/datpro/Documents/gitdatpro/ff-transform-data/data/bronze/raw/calendar/2026/04_orange.html|/Users/datpro/Documents/gitdatpro/ff-transform-data/data/bronze/raw/calendar/2026/04_yellow.html,2026-09-03T07:55:33Z
Apr 7,8:30am,AUD,yellow,Household Spending m/m,0.3%,0.2%,0.3%,/Users/datpro/Documents/gitdatpro/ff-transform-data/data/bronze/raw/calendar/2026/04_red.html|/Users/datpro/Documents/gitdatpro/ff-transform-data/data/bronze/raw/calendar/2026/04_orange.html|/Users/datpro/Documents/gitdatpro/ff-transform-data/data/bronze/raw/calendar/2026/04_yellow.html,2026-09-03T07:55:33Z
Apr 7,9:00pm,CAD,orange,Ivey PMI,49.7,55.9,56.6,/Users/datpro/Documents/gitdatpro/ff-transform-data/data/bronze/raw/calendar/2026/04_red.html|/Users/datpro/Documents/gitdatpro/ff-transform-data/data/bronze/raw/calendar/2026/04_orange.html|/Users/datpro/Documents/gitdatpro/ff-transform-data/data/bronze/raw/calendar/2026/04_yellow.html,2026-09-03T07:55:33Z
Apr 7,9:01pm,USD,yellow,RCM/TIPP Economic Optimism,42.8,48.1,47.5,/Users/datpro/Documents/gitdatpro/ff-transform-data/data/bronze/raw/calendar/2026/04_red.html|/Users/datpro/Documents/gitdatpro/ff-transform-data/data/bronze/raw/calendar/2026/04_orange.html|/Users/datpro/Documents/gitdatpro/ff-transform-data/data/bronze/raw/calendar/2026/04_yellow.html,2026-09-03T07:55:33Z
Apr 7,9:35pm,NZD,yellow,GDT Price Index,-3.4%,N/A,0.1%,/Users/datpro/Documents/gitdatpro/ff-transform-data/data/bronze/raw/calendar/2026/04_red.html|/Users/datpro/Documents/gitdatpro/ff-transform-data/data/bronze/raw/calendar/2026/04_orange.html|/Users/datpro/Documents/gitdatpro/ff-transform-data/data/bronze/raw/calendar/2026/04_yellow.html,2026-09-03T07:55:33Z
Apr 7,Mar 14th,USD,yellow,ADP Weekly Employment Change,15.3K,N/A,10.0K,/Users/datpro/Documents/gitdatpro/ff-transform-data/data/bronze/raw/calendar/2026/04_red.html|/Users/datpro/Documents/gitdatpro/ff-transform-data/data/bronze/raw/calendar/2026/04_orange.html|/Users/datpro/Documents/gitdatpro/ff-transform-data/data/bronze/raw/calendar/2026/04_yellow.html,2026-09-03T07:55:33Z
Apr 7,N/A,USD,orange,Durable Goods Orders m/m,-1.4%,-1.1%,-0.5%,/Users/datpro/Documents/gitdatpro/ff-transform-data/data/bronze/raw/calendar/2026/04_red.html|/Users/datpro/Documents/gitdatpro/ff-transform-data/data/bronze/raw/calendar/2026/04_orange.html|/Users/datpro/Documents/gitdatpro/ff-transform-data/data/bronze/raw/calendar/2026/04_yellow.html,2026-09-03T07:55:33Z
Apr 8,10:00am,NZD,red,RBNZ Press Conference,N/A,N/A,N/A,/Users/datpro/Documents/gitdatpro/ff-transform-data/data/bronze/raw/calendar/2026/04_red.html|/Users/datpro/Documents/gitdatpro/ff-transform-data/data/bronze/raw/calendar/2026/04_orange.html|/Users/datpro/Documents/gitdatpro/ff-transform-data/data/bronze/raw/calendar/2026/04_yellow.html,2026-09-03T07:55:33Z
Apr 8,12:00pm,JPY,yellow,Economy Watchers Sentiment,42.2,48.0,48.9,/Users/datpro/Documents/gitdatpro/ff-transform-data/data/bronze/raw/calendar/2026/04_red.html|/Users/datpro/Documents/gitdatpro/ff-transform-data/data/bronze/raw/calendar/2026/04_orange.html|/Users/datpro/Documents/gitdatpro/ff-transform-data/data/bronze/raw/calendar/2026/04_yellow.html,2026-09-03T07:55:33Z
Apr 8,1:00pm,EUR,yellow,German Factory Orders m/m,0.9%,3.0%,-11.1%,/Users/datpro/Documents/gitdatpro/ff-transform-data/data/bronze/raw/calendar/2026/04_red.html|/Users/datpro/Documents/gitdatpro/ff-transform-data/data/bronze/raw/calendar/2026/04_orange.html|/Users/datpro/Documents/gitdatpro/ff-transform-data/data/bronze/raw/calendar/2026/04_yellow.html,2026-09-03T07:55:33Z
Apr 8,1:04pm,GBP,yellow,Lloyds HPI m/m,-0.5%,0.2%,0.3%,/Users/datpro/Documents/gitdatpro/ff-transform-data/data/bronze/raw/calendar/2026/04_red.html|/Users/datpro/Documents/gitdatpro/ff-transform-data/data/bronze/raw/calendar/2026/04_orange.html|/Users/datpro/Documents/gitdatpro/ff-transform-data/data/bronze/raw/calendar/2026/04_yellow.html,2026-09-03T07:55:33Z
Apr 8,1:45pm,EUR,yellow,French Trade Balance,-5.8B,-2.4B,-2.0B,/Users/datpro/Documents/gitdatpro/ff-transform-data/data/bronze/raw/calendar/2026/04_red.html|/Users/datpro/Documents/gitdatpro/ff-transform-data/data/bronze/raw/calendar/2026/04_orange.html|/Users/datpro/Documents/gitdatpro/ff-transform-data/data/bronze/raw/calendar/2026/04_yellow.html,2026-09-03T07:55:33Z
Apr 8,2:00pm,CHF,yellow,Unemployment Rate,3.0%,3.0%,3.0%,/Users/datpro/Documents/gitdatpro/ff-transform-data/data/bronze/raw/calendar/2026/04_red.html|/Users/datpro/Documents/gitdatpro/ff-transform-data/data/bronze/raw/calendar/2026/04_orange.html|/Users/datpro/Documents/gitdatpro/ff-transform-data/data/bronze/raw/calendar/2026/04_yellow.html,2026-09-03T07:55:33Z
Apr 8,3:30am,USD,yellow,API Weekly Statistical Bulletin,N/A,N/A,N/A,/Users/datpro/Documents/gitdatpro/ff-transform-data/data/bronze/raw/calendar/2026/04_red.html|/Users/datpro/Documents/gitdatpro/ff-transform-data/data/bronze/raw/calendar/2026/04_orange.html|/Users/datpro/Documents/gitdatpro/ff-transform-data/data/bronze/raw/calendar/2026/04_yellow.html,2026-09-03T07:55:33Z
Apr 8,3:30pm,GBP,yellow,Construction PMI,45.6,43.6,44.5,/Users/datpro/Documents/gitdatpro/ff-transform-data/data/bronze/raw/calendar/2026/04_red.html|/Users/datpro/Documents/gitdatpro/ff-transform-data/data/bronze/raw/calendar/2026/04_orange.html|/Users/datpro/Documents/gitdatpro/ff-transform-data/data/bronze/raw/calendar/2026/04_yellow.html,2026-09-03T07:55:33Z
Apr 8,3:30pm,GBP,yellow,Housing Equity Withdrawal q/q,-13.8B,-9.6B,-11.2B,/Users/datpro/Documents/gitdatpro/ff-transform-data/data/bronze/raw/calendar/2026/04_red.html|/Users/datpro/Documents/gitdatpro/ff-transform-data/data/bronze/raw/calendar/2026/04_orange.html|/Users/datpro/Documents/gitdatpro/ff-transform-data/data/bronze/raw/calendar/2026/04_yellow.html,2026-09-03T07:55:33Z
Apr 8,4:00pm,EUR,yellow,PPI m/m,-0.7%,-0.6%,0.8%,/Users/datpro/Documents/gitdatpro/ff-transform-data/data/bronze/raw/calendar/2026/04_red.html|/Users/datpro/Documents/gitdatpro/ff-transform-data/data/bronze/raw/calendar/2026/04_orange.html|/Users/datpro/Documents/gitdatpro/ff-transform-data/data/bronze/raw/calendar/2026/04_yellow.html,2026-09-03T07:55:33Z
Apr 8,4:00pm,EUR,yellow,Retail Sales m/m,-0.2%,-0.2%,0.0%,/Users/datpro/Documents/gitdatpro/ff-transform-data/data/bronze/raw/calendar/2026/04_red.html|/Users/datpro/Documents/gitdatpro/ff-transform-data/data/bronze/raw/calendar/2026/04_orange.html|/Users/datpro/Documents/gitdatpro/ff-transform-data/data/bronze/raw/calendar/2026/04_yellow.html,2026-09-03T07:55:33Z
Apr 8,4:32pm,EUR,yellow,German 10-y Bond Auction,2.92|1.2,N/A,2.89|1.2,/Users/datpro/Documents/gitdatpro/ff-transform-data/data/bronze/raw/calendar/2026/04_red.html|/Users/datpro/Documents/gitdatpro/ff-transform-data/data/bronze/raw/calendar/2026/04_orange.html|/Users/datpro/Documents/gitdatpro/ff-transform-data/data/bronze/raw/calendar/2026/04_yellow.html,2026-09-03T07:55:33Z
Apr 8,4:50am,USD,yellow,FOMC Member Jefferson Speaks,N/A,N/A,N/A,/Users/datpro/Documents/gitdatpro/ff-transform-data/data/bronze/raw/calendar/2026/04_red.html|/Users/datpro/Documents/gitdatpro/ff-transform-data/data/bronze/raw/calendar/2026/04_orange.html|/Users/datpro/Documents/gitdatpro/ff-transform-data/data/bronze/raw/calendar/2026/04_yellow.html,2026-09-03T07:55:33Z
Apr 8,6:30am,JPY,yellow,Average Cash Earnings y/y,3.3%,2.7%,2.5%,/Users/datpro/Documents/gitdatpro/ff-transform-data/data/bronze/raw/calendar/2026/04_red.html|/Users/datpro/Documents/gitdatpro/ff-transform-data/data/bronze/raw/calendar/2026/04_orange.html|/Users/datpro/Documents/gitdatpro/ff-transform-data/data/bronze/raw/calendar/2026/04_yellow.html,2026-09-03T07:55:33Z
Apr 8,6:50am,JPY,yellow,Current Account,2.71T,2.40T,3.13T,/Users/datpro/Documents/gitdatpro/ff-transform-data/data/bronze/raw/calendar/2026/04_red.html|/Users/datpro/Documents/gitdatpro/ff-transform-data/data/bronze/raw/calendar/2026/04_orange.html|/Users/datpro/Documents/gitdatpro/ff-transform-data/data/bronze/raw/calendar/2026/04_yellow.html,2026-09-03T07:55:33Z
Apr 8,7:30pm,NZD,red,RBNZ Rate Statement,N/A,N/A,N/A,/Users/datpro/Documents/gitdatpro/ff-transform-data/data/bronze/raw/calendar/2026/04_red.html|/Users/datpro/Documents/gitdatpro/ff-transform-data/data/bronze/raw/calendar/2026/04_orange.html|/Users/datpro/Documents/gitdatpro/ff-transform-data/data/bronze/raw/calendar/2026/04_yellow.html,2026-09-03T07:55:33Z
Apr 8,9:30pm,USD,yellow,Crude Oil Inventories,3.1M,-1.0M,5.5M,/Users/datpro/Documents/gitdatpro/ff-transform-data/data/bronze/raw/calendar/2026/04_red.html|/Users/datpro/Documents/gitdatpro/ff-transform-data/data/bronze/raw/calendar/2026/04_orange.html|/Users/datpro/Documents/gitdatpro/ff-transform-data/data/bronze/raw/calendar/2026/04_yellow.html,2026-09-03T07:55:33Z
Apr 9,12:00pm,JPY,yellow,Consumer Confidence,33.3,38.3,40.0,/Users/datpro/Documents/gitdatpro/ff-transform-data/data/bronze/raw/calendar/2026/04_red.html|/Users/datpro/Documents/gitdatpro/ff-transform-data/data/bronze/raw/calendar/2026/04_orange.html|/Users/datpro/Documents/gitdatpro/ff-transform-data/data/bronze/raw/calendar/2026/04_yellow.html,2026-09-03T07:55:33Z
Apr 9,12:05am,USD,yellow,FOMC Member Daly Speaks,N/A,N/A,N/A,/Users/datpro/Documents/gitdatpro/ff-transform-data/data/bronze/raw/calendar/2026/04_red.html|/Users/datpro/Documents/gitdatpro/ff-transform-data/data/bronze/raw/calendar/2026/04_orange.html|/Users/datpro/Documents/gitdatpro/ff-transform-data/data/bronze/raw/calendar/2026/04_yellow.html,2026-09-03T07:55:33Z
Apr 9,1:00pm,EUR,yellow,German Industrial Production m/m,-0.3%,0.6%,0.0%,/Users/datpro/Documents/gitdatpro/ff-transform-data/data/bronze/raw/calendar/2026/04_red.html|/Users/datpro/Documents/gitdatpro/ff-transform-data/data/bronze/raw/calendar/2026/04_orange.html|/Users/datpro/Documents/gitdatpro/ff-transform-data/data/bronze/raw/calendar/2026/04_yellow.html,2026-09-03T07:55:33Z
Apr 9,1:00pm,EUR,yellow,German Trade Balance,19.8B,18.1B,21.4B,/Users/datpro/Documents/gitdatpro/ff-transform-data/data/bronze/raw/calendar/2026/04_red.html|/Users/datpro/Documents/gitdatpro/ff-transform-data/data/bronze/raw/calendar/2026/04_orange.html|/Users/datpro/Documents/gitdatpro/ff-transform-data/data/bronze/raw/calendar/2026/04_yellow.html,2026-09-03T07:55:33Z
Apr 9,1:00pm,JPY,yellow,Prelim Machine Tool Orders y/y,28.1%,N/A,24.2%,/Users/datpro/Documents/gitdatpro/ff-transform-data/data/bronze/raw/calendar/2026/04_red.html|/Users/datpro/Documents/gitdatpro/ff-transform-data/data/bronze/raw/calendar/2026/04_orange.html|/Users/datpro/Documents/gitdatpro/ff-transform-data/data/bronze/raw/calendar/2026/04_yellow.html,2026-09-03T07:55:33Z
Apr 9,3:00pm,CHF,yellow,SNB Chairman Schlegel Speaks,N/A,N/A,N/A,/Users/datpro/Documents/gitdatpro/ff-transform-data/data/bronze/raw/calendar/2026/04_red.html|/Users/datpro/Documents/gitdatpro/ff-transform-data/data/bronze/raw/calendar/2026/04_orange.html|/Users/datpro/Documents/gitdatpro/ff-transform-data/data/bronze/raw/calendar/2026/04_yellow.html,2026-09-03T07:55:33Z
Apr 9,3:30pm,GBP,yellow,BOE Credit Conditions Survey,N/A,N/A,N/A,/Users/datpro/Documents/gitdatpro/ff-transform-data/data/bronze/raw/calendar/2026/04_red.html|/Users/datpro/Documents/gitdatpro/ff-transform-data/data/bronze/raw/calendar/2026/04_orange.html|/Users/datpro/Documents/gitdatpro/ff-transform-data/data/bronze/raw/calendar/2026/04_yellow.html,2026-09-03T07:55:33Z
Apr 9,3:40pm,EUR,yellow,Spanish 10-y Bond Auction,3.44|2.0,N/A,3.48|2.3,/Users/datpro/Documents/gitdatpro/ff-transform-data/data/bronze/raw/calendar/2026/04_red.html|/Users/datpro/Documents/gitdatpro/ff-transform-data/data/bronze/raw/calendar/2026/04_orange.html|/Users/datpro/Documents/gitdatpro/ff-transform-data/data/bronze/raw/calendar/2026/04_yellow.html,2026-09-03T07:55:33Z
Apr 9,6:01am,GBP,yellow,RICS House Price Balance,-23%,-18%,-14%,/Users/datpro/Documents/gitdatpro/ff-transform-data/data/bronze/raw/calendar/2026/04_red.html|/Users/datpro/Documents/gitdatpro/ff-transform-data/data/bronze/raw/calendar/2026/04_orange.html|/Users/datpro/Documents/gitdatpro/ff-transform-data/data/bronze/raw/calendar/2026/04_yellow.html,2026-09-03T07:55:33Z
Apr 9,7:30pm,USD,red,Core PCE Price Index m/m,0.4%,0.4%,0.4%,/Users/datpro/Documents/gitdatpro/ff-transform-data/data/bronze/raw/calendar/2026/04_red.html|/Users/datpro/Documents/gitdatpro/ff-transform-data/data/bronze/raw/calendar/2026/04_orange.html|/Users/datpro/Documents/gitdatpro/ff-transform-data/data/bronze/raw/calendar/2026/04_yellow.html,2026-09-03T07:55:33Z
Apr 9,7:30pm,USD,red,Final GDP q/q,0.5%,0.7%,0.7%,/Users/datpro/Documents/gitdatpro/ff-transform-data/data/bronze/raw/calendar/2026/04_red.html|/Users/datpro/Documents/gitdatpro/ff-transform-data/data/bronze/raw/calendar/2026/04_orange.html|/Users/datpro/Documents/gitdatpro/ff-transform-data/data/bronze/raw/calendar/2026/04_yellow.html,2026-09-03T07:55:33Z
Apr 9,7:30pm,USD,yellow,Personal Income m/m,-0.1%,0.3%,0.4%,/Users/datpro/Documents/gitdatpro/ff-transform-data/data/bronze/raw/calendar/2026/04_red.html|/Users/datpro/Documents/gitdatpro/ff-transform-data/data/bronze/raw/calendar/2026/04_orange.html|/Users/datpro/Documents/gitdatpro/ff-transform-data/data/bronze/raw/calendar/2026/04_yellow.html,2026-09-03T07:55:33Z
Apr 9,7:30pm,USD,yellow,Personal Spending m/m,0.5%,0.6%,0.3%,/Users/datpro/Documents/gitdatpro/ff-transform-data/data/bronze/raw/calendar/2026/04_red.html|/Users/datpro/Documents/gitdatpro/ff-transform-data/data/bronze/raw/calendar/2026/04_orange.html|/Users/datpro/Documents/gitdatpro/ff-transform-data/data/bronze/raw/calendar/2026/04_yellow.html,2026-09-03T07:55:33Z
Apr 9,7:33pm,USD,orange,Final GDP Price Index q/q,3.7%,3.8%,3.8%,/Users/datpro/Documents/gitdatpro/ff-transform-data/data/bronze/raw/calendar/2026/04_red.html|/Users/datpro/Documents/gitdatpro/ff-transform-data/data/bronze/raw/calendar/2026/04_orange.html|/Users/datpro/Documents/gitdatpro/ff-transform-data/data/bronze/raw/calendar/2026/04_yellow.html,2026-09-03T07:55:33Z
Apr 9,9:00pm,USD,yellow,Final Wholesale Inventories m/m,0.8%,-0.1%,-0.5%,/Users/datpro/Documents/gitdatpro/ff-transform-data/data/bronze/raw/calendar/2026/04_red.html|/Users/datpro/Documents/gitdatpro/ff-transform-data/data/bronze/raw/calendar/2026/04_orange.html|/Users/datpro/Documents/gitdatpro/ff-transform-data/data/bronze/raw/calendar/2026/04_yellow.html,2026-09-03T07:55:33Z
Apr 9,9:30pm,USD,yellow,Natural Gas Storage,50B,41B,36B,/Users/datpro/Documents/gitdatpro/ff-transform-data/data/bronze/raw/calendar/2026/04_red.html|/Users/datpro/Documents/gitdatpro/ff-transform-data/data/bronze/raw/calendar/2026/04_orange.html|/Users/datpro/Documents/gitdatpro/ff-transform-data/data/bronze/raw/calendar/2026/04_yellow.html,2026-09-03T07:55:33Z
