date,time,currency,impact,event,actual,forecast,previous,source_file,ingested_at
Mar 10,10:01am,CNY,yellow,USD-Denominated Trade Balance,213.6B,177.4B,114.1B,/Users/datpro/Documents/gitdatpro/ff-transform-data/data/bronze/raw/calendar/2026/03_red.html|/Users/datpro/Documents/gitdatpro/ff-transform-data/data/bronze/raw/calendar/2026/03_orange.html|/Users/datpro/Documents/gitdatpro/ff-transform-data/data/bronze/raw/calendar/2026/03_yellow.html,2026-09-03T07:55:33Z
Mar 10,10:02am,CNY,yellow,Trade Balance,1503B,1250B,809B,/Users/datpro/Documents/gitdatpro/ff-transform-data/data/bronze/raw/calendar/2026/03_red.html|/Users/datpro/Documents/gitdatpro/ff-transform-data/data/bronze/raw/calendar/2026/03_orange.html|/Users/datpro/Documents/gitdatpro/ff-transform-data/data/bronze/raw/calendar/2026/03_yellow.html,2026-09-03T07:55:33Z
Mar 10,1:00pm,JPY,yellow,Prelim Machine Tool Orders y/y,24.2%,N/A,25.3%,/Users/datpro/Documents/gitdatpro/ff-transform-data/data/bronze/raw/calendar/2026/03_red.html|/Users/datpro/Documents/gitdatpro/ff-transform-data/data/bronze/raw/calendar/2026/03_orange.html|/Users/datpro/Documents/gitdatpro/ff-transform-data/data/bronze/raw/calendar/2026/03_yellow.html,2026-09-03T07:55:33Z
Mar 10,2:00pm,EUR,yellow,German Trade Balance,21.2B,15.4B,17.4B,/Users/datpro/Documents/gitdatpro/ff-transform-data/data/bronze/raw/calendar/2026/03_red.html|/Users/datpro/Documents/gitdatpro/ff-transform-data/data/bronze/raw/calendar/2026/03_orange.html|/Users/datpro/Documents/gitdatpro/ff-transform-data/data/bronze/raw/calendar/2026/03_yellow.html,2026-09-03T07:55:33Z
Mar 10,2:45pm,EUR,yellow,French Trade Balance,-1.8B,-5.2B,-4.3B,/Users/datpro/Documents/gitdatpro/ff-transform-data/data/bronze/raw/calendar/2026/03_red.html|/Users/datpro/Documents/gitdatpro/ff-transform-data/data/bronze/raw/calendar/2026/03_orange.html|/Users/datpro/Documents/gitdatpro/ff-transform-data/data/bronze/raw/calendar/2026/03_yellow.html,2026-09-03T07:55:33Z
Mar 10,5:00pm,USD,yellow,NFIB Small Business Index,98.8,99.6,99.3,/Users/datpro/Documents/gitdatpro/ff-transform-data/data/bronze/raw/calendar/2026/03_red.html|/Users/datpro/Documents/gitdatpro/ff-transform-data/data/bronze/raw/calendar/2026/03_orange.html|/Users/datpro/Documents/gitdatpro/ff-transform-data/data/bronze/raw/calendar/2026/03_yellow.html,2026-09-03T07:55:33Z
Mar 10,6:50am,JPY,yellow,Final GDP Price Index y/y,3.4%,3.4%,3.4%,/Users/datpro/Documents/gitdatpro/ff-transform-data/data/bronze/raw/calendar/2026/03_red.html|/Users/datpro/Documents/gitdatpro/ff-transform-data/data/bronze/raw/calendar/2026/03_orange.html|/Users/datpro/Documents/gitdatpro/ff-transform-data/data/bronze/raw/calendar/2026/03_yellow.html,2026-09-03T07:55:33Z
Mar 10,6:50am,JPY,yellow,Final GDP q/q,0.3%,0.3%,0.1%,/Users/datpro/Documents/gitdatpro/ff-transform-data/data/bronze/raw/calendar/2026/03_red.html|/Users/datpro/Documents/gitdatpro/ff-transform-data/data/bronze/raw/calendar/2026/03_orange.html|/Users/datpro/Documents/gitdatpro/ff-transform-data/data/bronze/raw/calendar/2026/03_yellow.html,2026-09-03T07:55:33Z
Mar 10,6:50am,JPY,yellow,M2 Money Stock y/y,1.7%,1.5%,1.6%,/Users/datpro/Documents/gitdatpro/ff-transform-data/data/bronze/raw/calendar/2026/03_red.html|/Users/datpro/Documents/gitdatpro/ff-transform-data/data/bronze/raw/calendar/2026/03_orange.html|/Users/datpro/Documents/gitdatpro/ff-transform-data/data/bronze/raw/calendar/2026/03_yellow.html,2026-09-03T07:55:33Z
Mar 10,7:01am,GBP,yellow,BRC Retail Sales Monitor y/y,0.7%,2.0%,2.3%,/Users/datpro/Documents/gitdatpro/ff-transform-data/data/bronze/raw/calendar/2026/03_red.html|/Users/datpro/Documents/gitdatpro/ff-transform-data/data/bronze/raw/calendar/2026/03_orange.html|/Users/datpro/Documents/gitdatpro/ff-transform-data/data/bronze/raw/calendar/2026/03_yellow.html,2026-09-03T07:55:33Z
Mar 10,7:15pm,USD,yellow,ADP Weekly Employment Change,15.5K,N/A,15.5K,/Users/datpro/Documents/gitdatpro/ff-transform-data/data/bronze/raw/calendar/2026/03_red.html|/Users/datpro/Documents/gitdatpro/ff-transform-data/data/bronze/raw/calendar/2026/03_orange.html|/Users/datpro/Documents/gitdatpro/ff-transform-data/data/bronze/raw/calendar/2026/03_yellow.html,2026-09-03T07:55:33Z
Mar 10,7:30am,AUD,yellow,NAB Business Confidence,-1,N/A,4,/Users/datpro/Documents/gitdatpro/ff-transform-data/data/bronze/raw/calendar/2026/03_red.html|/Users/datpro/Documents/gitdatpro/ff-transform-data/data/bronze/raw/calendar/2026/03_orange.html|/Users/datpro/Documents/gitdatpro/ff-transform-data/data/bronze/raw/calendar/2026/03_yellow.html,2026-09-03T07:55:33Z
Mar 10,9:00pm,USD,yellow,Existing Home Sales,4.09M,3.89M,4.02M,/Users/datpro/Documents/gitdatpro/ff-transform-data/data/bronze/raw/calendar/2026/03_red.html|/Users/datpro/Documents/gitdatpro/ff-transform-data/data/bronze/raw/calendar/2026/03_orange.html|/Users/datpro/Documents/gitdatpro/ff-transform-data/data/bronze/raw/calendar/2026/03_yellow.html,2026-09-03T07:55:33Z
Mar 10,All Day,EUR,yellow,ECOFIN Meetings,N/A,N/A,N/A,/Users/datpro/Documents/gitdatpro/ff-transform-data/data/bronze/raw/calendar/2026/03_red.html|/Users/datpro/Documents/gitdatpro/ff-transform-data/data/bronze/raw/calendar/2026/03_orange.html|/Users/datpro/Documents/gitdatpro/ff-transform-data/data/bronze/raw/calendar/2026/03_yellow.html,2026-09-03T07:55:33Z
Mar 10,All Day,JPY,yellow,Household Spending y/y,-1.0%,2.4%,-2.6%,/Users/datpro/Documents/gitdatpro/ff-transform-data/data/bronze/raw/calendar/2026/03_red.html|/Users/datpro/Documents/gitdatpro/ff-transform-data/data/bronze/raw/calendar/2026/03_orange.html|/Users/datpro/Documents/gitdatpro/ff-transform-data/data/bronze/raw/calendar/2026/03_yellow.html,2026-09-03T07:55:33Z
Mar 10,Feb 14th,USD,yellow,ADP Weekly Employment Change,15.5K,N/A,12.0K,/Users/datpro/Documents/gitdatpro/ff-transform-data/data/bronze/raw/calendar/2026/03_red.html|/Users/datpro/Documents/gitdatpro/ff-transform-data/data/bronze/raw/calendar/2026/03_orange.html|/Users/datpro/Documents/gitdatpro/ff-transform-data/data/bronze/raw/calendar/2026/03_yellow.html,2026-09-03T07:55:33Z
Mar 11,10:00pm,USD,red,CPI m/m,0.3%,0.3%,0.2%,/Users/datpro/Documents/gitdatpro/ff-transform-data/data/bronze/raw/calendar/2026/03_red.html|/Users/datpro/Documents/gitdatpro/ff-transform-data/data/bronze/raw/calendar/2026/03_orange.html|/Users/datpro/Documents/gitdatpro/ff-transform-data/data/bronze/raw/calendar/2026/03_yellow.html,2026-09-03T07:55:33Z
Mar 11,10:00pm,USD,red,CPI y/y,2.4%,2.4%,2.4%,/Users/datpro/Documents/gitdatpro/ff-transform-data/data/bronze/raw/calendar/2026/03_red.html|/Users/datpro/Documents/gitdatpro/ff-transform-data/data/bronze/raw/calendar/2026/03_orange.html|/Users/datpro/Documents/gitdatpro/ff-transform-data/data/bronze/raw/calendar/2026/03_yellow.html,2026-09-03T07:55:33Z
Mar 11,10:00pm,USD,red,Core CPI y/y,2.5%,2.5%,2.5%,/Users/datpro/Documents/gitdatpro/ff-transform-data/data/bronze/raw/calendar/2026/03_red.html|/Users/datpro/Documents/gitdatpro/ff-transform-data/data/bronze/raw/calendar/2026/03_orange.html|/Users/datpro/Documents/gitdatpro/ff-transform-data/data/bronze/raw/calendar/2026/03_yellow.html,2026-09-03T07:55:33Z
Mar 11,2:00pm,EUR,yellow,German Final CPI m/m,0.2%,0.2%,0.2%,/Users/datpro/Documents/gitdatpro/ff-transform-data/data/bronze/raw/calendar/2026/03_red.html|/Users/datpro/Documents/gitdatpro/ff-transform-data/data/bronze/raw/calendar/2026/03_orange.html|/Users/datpro/Documents/gitdatpro/ff-transform-data/data/bronze/raw/calendar/2026/03_yellow.html,2026-09-03T07:55:33Z
Mar 11,5:00pm,GBP,yellow,MPC Member Breeden Speaks,N/A,N/A,N/A,/Users/datpro/Documents/gitdatpro/ff-transform-data/data/bronze/raw/calendar/2026/03_red.html|/Users/datpro/Documents/gitdatpro/ff-transform-data/data/bronze/raw/calendar/2026/03_orange.html|/Users/datpro/Documents/gitdatpro/ff-transform-data/data/bronze/raw/calendar/2026/03_yellow.html,2026-09-03T07:55:33Z
Mar 11,5:33pm,EUR,yellow,German 10-y Bond Auction,2.89|1.2,N/A,2.73|1.5,/Users/datpro/Documents/gitdatpro/ff-transform-data/data/bronze/raw/calendar/2026/03_red.html|/Users/datpro/Documents/gitdatpro/ff-transform-data/data/bronze/raw/calendar/2026/03_orange.html|/Users/datpro/Documents/gitdatpro/ff-transform-data/data/bronze/raw/calendar/2026/03_yellow.html,2026-09-03T07:55:33Z
Mar 11,6:50am,JPY,yellow,PPI y/y,2.0%,2.2%,2.3%,/Users/datpro/Documents/gitdatpro/ff-transform-data/data/bronze/raw/calendar/2026/03_red.html|/Users/datpro/Documents/gitdatpro/ff-transform-data/data/bronze/raw/calendar/2026/03_orange.html|/Users/datpro/Documents/gitdatpro/ff-transform-data/data/bronze/raw/calendar/2026/03_yellow.html,2026-09-03T07:55:33Z
Mar 11,7:30pm,USD,yellow,FOMC Member Bowman Speaks,N/A,N/A,N/A,/Users/datpro/Documents/gitdatpro/ff-transform-data/data/bronze/raw/calendar/2026/03_red.html|/Users/datpro/Documents/gitdatpro/ff-transform-data/data/bronze/raw/calendar/2026/03_orange.html|/Users/datpro/Documents/gitdatpro/ff-transform-data/data/bronze/raw/calendar/2026/03_yellow.html,2026-09-03T07:55:33Z
Mar 11,9:30pm,USD,yellow,Crude Oil Inventories,3.8M,2.8M,3.5M,/Users/datpro/Documents/gitdatpro/ff-transform-data/data/bronze/raw/calendar/2026/03_red.html|/Users/datpro/Documents/gitdatpro/ff-transform-data/data/bronze/raw/calendar/2026/03_orange.html|/Users/datpro/Documents/gitdatpro/ff-transform-data/data/bronze/raw/calendar/2026/03_yellow.html,2026-09-03T07:55:33Z
Mar 12,10:00pm,USD,yellow,FOMC Member Bowman Speaks,N/A,N/A,N/A,/Users/datpro/Documents/gitdatpro/ff-transform-data/data/bronze/raw/calendar/2026/03_red.html|/Users/datpro/Documents/gitdatpro/ff-transform-data/data/bronze/raw/calendar/2026/03_orange.html|/Users/datpro/Documents/gitdatpro/ff-transform-data/data/bronze/raw/calendar/2026/03_yellow.html,2026-09-03T07:55:33Z
Mar 12,1:00am,USD,yellow,Federal Budget Balance,-307.5B,-304.4B,-94.6B,/Users/datpro/Documents/gitdatpro/ff-transform-data/data/bronze/raw/calendar/2026/03_red.html|/Users/datpro/Documents/gitdatpro/ff-transform-data/data/bronze/raw/calendar/2026/03_orange.html|/Users/datpro/Documents/gitdatpro/ff-transform-data/data/bronze/raw/calendar/2026/03_yellow.html,2026-09-03T07:55:33Z
Mar 12,4:00pm,EUR,yellow,Italian Quarterly Unemployment Rate,5.6%,6.1%,6.0%,/Users/datpro/Documents/gitdatpro/ff-transform-data/data/bronze/raw/calendar/2026/03_red.html|/Users/datpro/Documents/gitdatpro/ff-transform-data/data/bronze/raw/calendar/2026/03_orange.html|/Users/datpro/Documents/gitdatpro/ff-transform-data/data/bronze/raw/calendar/2026/03_yellow.html,2026-09-03T07:55:33Z
Mar 12,4:30pm,GBP,orange,BOE Gov Bailey Speaks,N/A,N/A,N/A,/Users/datpro/Documents/gitdatpro/ff-transform-data/data/bronze/raw/calendar/2026/03_red.html|/Users/datpro/Documents/gitdatpro/ff-transform-data/data/bronze/raw/calendar/2026/03_orange.html|/Users/datpro/Documents/gitdatpro/ff-transform-data/data/bronze/raw/calendar/2026/03_yellow.html,2026-09-03T07:55:33Z
Mar 12,4:45am,NZD,yellow,Manufacturing Sales q/q,0.6%,N/A,2.6%,/Users/datpro/Documents/gitdatpro/ff-transform-data/data/bronze/raw/calendar/2026/03_red.html|/Users/datpro/Documents/gitdatpro/ff-transform-data/data/bronze/raw/calendar/2026/03_orange.html|/Users/datpro/Documents/gitdatpro/ff-transform-data/data/bronze/raw/calendar/2026/03_yellow.html,2026-09-03T07:55:33Z
Mar 12,6:50am,JPY,yellow,BSI Manufacturing Index,3.8,5.3,4.7,/Users/datpro/Documents/gitdatpro/ff-transform-data/data/bronze/raw/calendar/2026/03_red.html|/Users/datpro/Documents/gitdatpro/ff-transform-data/data/bronze/raw/calendar/2026/03_orange.html|/Users/datpro/Documents/gitdatpro/ff-transform-data/data/bronze/raw/calendar/2026/03_yellow.html,2026-09-03T07:55:33Z
Mar 12,7:00am,AUD,yellow,MI Inflation Expectations,5.2%,N/A,5.0%,/Users/datpro/Documents/gitdatpro/ff-transform-data/data/bronze/raw/calendar/2026/03_red.html|/Users/datpro/Documents/gitdatpro/ff-transform-data/data/bronze/raw/calendar/2026/03_orange.html|/Users/datpro/Documents/gitdatpro/ff-transform-data/data/bronze/raw/calendar/2026/03_yellow.html,2026-09-03T07:55:33Z
Mar 12,7:01am,GBP,yellow,RICS House Price Balance,-12%,-8%,-10%,/Users/datpro/Documents/gitdatpro/ff-transform-data/data/bronze/raw/calendar/2026/03_red.html|/Users/datpro/Documents/gitdatpro/ff-transform-data/data/bronze/raw/calendar/2026/03_orange.html|/Users/datpro/Documents/gitdatpro/ff-transform-data/data/bronze/raw/calendar/2026/03_yellow.html,2026-09-03T07:55:33Z
Mar 12,7:30pm,CAD,yellow,Building Permits m/m,4.8%,-2.0%,6.1%,/Users/datpro/Documents/gitdatpro/ff-transform-data/data/bronze/raw/calendar/2026/03_red.html|/Users/datpro/Documents/gitdatpro/ff-transform-data/data/bronze/raw/calendar/2026/03_orange.html|/Users/datpro/Documents/gitdatpro/ff-transform-data/data/bronze/raw/calendar/2026/03_yellow.html,2026-09-03T07:55:33Z
Mar 12,7:30pm,CAD,yellow,Trade Balance,-3.6B,-1.1B,-1.3B,/Users/datpro/Documents/gitdatpro/ff-transform-data/data/bronze/raw/calendar/2026/03_red.html|/Users/datpro/Documents/gitdatpro/ff-transform-data/data/bronze/raw/calendar/2026/03_orange.html|/Users/datpro/Documents/gitdatpro/ff-transform-data/data/bronze/raw/calendar/2026/03_yellow.html,2026-09-03T07:55:33Z
Mar 12,7:30pm,CAD,yellow,Wholesale Sales m/m,-1.0%,-0.6%,1.8%,/Users/datpro/Documents/gitdatpro/ff-transform-data/data/bronze/raw/calendar/2026/03_red.html|/Users/datpro/Documents/gitdatpro/ff-transform-data/data/bronze/raw/calendar/2026/03_orange.html|/Users/datpro/Documents/gitdatpro/ff-transform-data/data/bronze/raw/calendar/2026/03_yellow.html,2026-09-03T07:55:33Z
Mar 12,7:30pm,USD,yellow,Building Permits,1.38M,1.42M,1.45M,/Users/datpro/Documents/gitdatpro/ff-transform-data/data/bronze/raw/calendar/2026/03_red.html|/Users/datpro/Documents/gitdatpro/ff-transform-data/data/bronze/raw/calendar/2026/03_orange.html|/Users/datpro/Documents/gitdatpro/ff-transform-data/data/bronze/raw/calendar/2026/03_yellow.html,2026-09-03T07:55:33Z
Mar 12,7:30pm,USD,yellow,Goods Trade Balance,-80.8B,N/A,-98.5B,/Users/datpro/Documents/gitdatpro/ff-transform-data/data/bronze/raw/calendar/2026/03_red.html|/Users/datpro/Documents/gitdatpro/ff-transform-data/data/bronze/raw/calendar/2026/03_orange.html|/Users/datpro/Documents/gitdatpro/ff-transform-data/data/bronze/raw/calendar/2026/03_yellow.html,2026-09-03T07:55:33Z
Mar 12,7:30pm,USD,yellow,Housing Starts,1.49M,1.34M,1.39M,/Users/datpro/Documents/gitdatpro/ff-transform-data/data/bronze/raw/calendar/2026/03_red.html|/Users/datpro/Documents/gitdatpro/ff-transform-data/data/bronze/raw/calendar/2026/03_orange.html|/Users/datpro/Documents/gitdatpro/ff-transform-data/data/bronze/raw/calendar/2026/03_yellow.html,2026-09-03T07:55:33Z
Mar 12,7:30pm,USD,yellow,Trade Balance,-54.5B,-66.6B,-72.9B,/Users/datpro/Documents/gitdatpro/ff-transform-data/data/bronze/raw/calendar/2026/03_red.html|/Users/datpro/Documents/gitdatpro/ff-transform-data/data/bronze/raw/calendar/2026/03_orange.html|/Users/datpro/Documents/gitdatpro/ff-transform-data/data/bronze/raw/calendar/2026/03_yellow.html,2026-09-03T07:55:33Z
Mar 12,8:30pm,GBP,yellow,CB Leading Index m/m,0.0%,N/A,0.0%,/Users/datpro/Documents/gitdatpro/ff-transform-data/data/bronze/raw/calendar/2026/03_red.html|/Users/datpro/Documents/gitdatpro/ff-transform-data/data/bronze/raw/calendar/2026/03_orange.html|/Users/datpro/Documents/gitdatpro/ff-transform-data/data/bronze/raw/calendar/2026/03_yellow.html,2026-09-03T07:55:33Z
Mar 12,9:30pm,USD,yellow,Natural Gas Storage,-38B,-42B,-132B,/Users/datpro/Documents/gitdatpro/ff-transform-data/data/bronze/raw/calendar/2026/03_red.html|/Users/datpro/Documents/gitdatpro/ff-transform-data/data/bronze/raw/calendar/2026/03_orange.html|/Users/datpro/Documents/gitdatpro/ff-transform-data/data/bronze/raw/calendar/2026/03_yellow.html,2026-09-03T07:55:33Z
Mar 13,2:00pm,EUR,yellow,German WPI m/m,0.6%,0.3%,0.9%,/Users/datpro/Documents/gitdatpro/ff-transform-data/data/bronze/raw/calendar/2026/03_red.html|/Users/datpro/Documents/gitdatpro/ff-transform-data/data/bronze/raw/calendar/2026/03_orange.html|/Users/datpro/Documents/gitdatpro/ff-transform-data/data/bronze/raw/calendar/2026/03_yellow.html,2026-09-03T07:55:33Z
Mar 13,2:00pm,GBP,yellow,Construction Output m/m,0.2%,0.0%,-0.5%,/Users/datpro/Documents/gitdatpro/ff-transform-data/data/bronze/raw/calendar/2026/03_red.html|/Users/datpro/Documents/gitdatpro/ff-transform-data/data/bronze/raw/calendar/2026/03_orange.html|/Users/datpro/Documents/gitdatpro/ff-transform-data/data/bronze/raw/calendar/2026/03_yellow.html,2026-09-03T07:55:33Z
Mar 13,2:00pm,GBP,yellow,Goods Trade Balance,-14.4B,-22.2B,-22.7B,/Users/datpro/Documents/gitdatpro/ff-transform-data/data/bronze/raw/calendar/2026/03_red.html|/Users/datpro/Documents/gitdatpro/ff-transform-data/data/bronze/raw/calendar/2026/03_orange.html|/Users/datpro/Documents/gitdatpro/ff-transform-data/data/bronze/raw/calendar/2026/03_yellow.html,2026-09-03T07:55:33Z
Mar 13,2:00pm,GBP,yellow,Index of Services 3m/3m,0.2%,0.3%,0.0%,/Users/datpro/Documents/gitdatpro/ff-transform-data/data/bronze/raw/calendar/2026/03_red.html|/Users/datpro/Documents/gitdatpro/ff-transform-data/data/bronze/raw/calendar/2026/03_orange.html|/Users/datpro/Documents/gitdatpro/ff-transform-data/data/bronze/raw/calendar/2026/03_yellow.html,2026-09-03T07:55:33Z
Mar 13,2:00pm,GBP,yellow,Industrial Production m/m,-0.1%,0.3%,-0.9%,/Users/datpro/Documents/gitdatpro/ff-transform-data/data/bronze/raw/calendar/2026/03_red.html|/Users/datpro/Documents/gitdatpro/ff-transform-data/data/bronze/raw/calendar/2026/03_orange.html|/Users/datpro/Documents/gitdatpro/ff-transform-data/data/bronze/raw/calendar/2026/03_yellow.html,2026-09-03T07:55:33Z
Mar 13,2:00pm,GBP,yellow,Manufacturing Production m/m,0.1%,0.2%,-0.5%,/Users/datpro/Documents/gitdatpro/ff-transform-data/data/bronze/raw/calendar/2026/03_red.html|/Users/datpro/Documents/gitdatpro/ff-transform-data/data/bronze/raw/calendar/2026/03_orange.html|/Users/datpro/Documents/gitdatpro/ff-transform-data/data/bronze/raw/calendar/2026/03_yellow.html,2026-09-03T07:55:33Z
Mar 13,2:45pm,EUR,yellow,French Final CPI m/m,0.6%,0.7%,0.7%,/Users/datpro/Documents/gitdatpro/ff-transform-data/data/bronze/raw/calendar/2026/03_red.html|/Users/datpro/Documents/gitdatpro/ff-transform-data/data/bronze/raw/calendar/2026/03_orange.html|/Users/datpro/Documents/gitdatpro/ff-transform-data/data/bronze/raw/calendar/2026/03_yellow.html,2026-09-03T07:55:33Z
Mar 13,4:00pm,EUR,yellow,Italian Industrial Production m/m,-0.6%,0.4%,-0.5%,/Users/datpro/Documents/gitdatpro/ff-transform-data/data/bronze/raw/calendar/2026/03_red.html|/Users/datpro/Documents/gitdatpro/ff-transform-data/data/bronze/raw/calendar/2026/03_orange.html|/Users/datpro/Documents/gitdatpro/ff-transform-data/data/bronze/raw/calendar/2026/03_yellow.html,2026-09-03T07:55:33Z
Mar 13,4:02pm,CNY,yellow,M2 Money Supply y/y,9.0%,8.9%,9.0%,/Users/datpro/Documents/gitdatpro/ff-transform-data/data/bronze/raw/calendar/2026/03_red.html|/Users/datpro/Documents/gitdatpro/ff-transform-data/data/bronze/raw/calendar/2026/03_orange.html|/Users/datpro/Documents/gitdatpro/ff-transform-data/data/bronze/raw/calendar/2026/03_yellow.html,2026-09-03T07:55:33Z
Mar 13,4:03pm,CNY,yellow,New Loans,900B,865B,4710B,/Users/datpro/Documents/gitdatpro/ff-transform-data/data/bronze/raw/calendar/2026/03_red.html|/Users/datpro/Documents/gitdatpro/ff-transform-data/data/bronze/raw/calendar/2026/03_orange.html|/Users/datpro/Documents/gitdatpro/ff-transform-data/data/bronze/raw/calendar/2026/03_yellow.html,2026-09-03T07:55:33Z
Mar 13,4:30am,NZD,yellow,BusinessNZ Manufacturing Index,55.0,N/A,55.1,/Users/datpro/Documents/gitdatpro/ff-transform-data/data/bronze/raw/calendar/2026/03_red.html|/Users/datpro/Documents/gitdatpro/ff-transform-data/data/bronze/raw/calendar/2026/03_orange.html|/Users/datpro/Documents/gitdatpro/ff-transform-data/data/bronze/raw/calendar/2026/03_yellow.html,2026-09-03T07:55:33Z
Mar 13,4:30pm,GBP,yellow,Consumer Inflation Expectations,3.2%,N/A,3.5%,/Users/datpro/Documents/gitdatpro/ff-transform-data/data/bronze/raw/calendar/2026/03_red.html|/Users/datpro/Documents/gitdatpro/ff-transform-data/data/bronze/raw/calendar/2026/03_orange.html|/Users/datpro/Documents/gitdatpro/ff-transform-data/data/bronze/raw/calendar/2026/03_yellow.html,2026-09-03T07:55:33Z
Mar 13,4:30pm,USD,orange,Durable Goods Orders m/m,0.0%,1.1%,-0.9%,/Users/datpro/Documents/gitdatpro/ff-transform-data/data/bronze/raw/calendar/2026/03_red.html|/Users/datpro/Documents/gitdatpro/ff-transform-data/data/bronze/raw/calendar/2026/03_orange.html|/Users/datpro/Documents/gitdatpro/ff-transform-data/data/bronze/raw/calendar/2026/03_yellow.html,2026-09-03T07:55:33Z
Mar 13,4:30pm,USD,orange,Prelim GDP Price Index q/q,3.8%,3.6%,3.6%,/Users/datpro/Documents/gitdatpro/ff-transform-data/data/bronze/raw/calendar/2026/03_red.html|/Users/datpro/Documents/gitdatpro/ff-transform-data/data/bronze/raw/calendar/2026/03_orange.html|/Users/datpro/Documents/gitdatpro/ff-transform-data/data/bronze/raw/calendar/2026/03_yellow.html,2026-09-03T07:55:33Z
Mar 13,4:45am,NZD,yellow,Visitor Arrivals m/m,0.9%,N/A,1.6%,/Users/datpro/Documents/gitdatpro/ff-transform-data/data/bronze/raw/calendar/2026/03_red.html|/Users/datpro/Documents/gitdatpro/ff-transform-data/data/bronze/raw/calendar/2026/03_orange.html|/Users/datpro/Documents/gitdatpro/ff-transform-data/data/bronze/raw/calendar/2026/03_yellow.html,2026-09-03T07:55:33Z
Mar 13,5:00pm,EUR,yellow,Industrial Production m/m,-1.5%,0.6%,-0.5%,/Users/datpro/Documents/gitdatpro/ff-transform-data/data/bronze/raw/calendar/2026/03_red.html|/Users/datpro/Documents/gitdatpro/ff-transform-data/data/bronze/raw/calendar/2026/03_orange.html|/Users/datpro/Documents/gitdatpro/ff-transform-data/data/bronze/raw/calendar/2026/03_yellow.html,2026-09-03T07:55:33Z
Mar 13,7:30pm,CAD,yellow,Capacity Utilization Rate,78.5%,78.4%,78.9%,/Users/datpro/Documents/gitdatpro/ff-transform-data/data/bronze/raw/calendar/2026/03_red.html|/Users/datpro/Documents/gitdatpro/ff-transform-data/data/bronze/raw/calendar/2026/03_orange.html|/Users/datpro/Documents/gitdatpro/ff-transform-data/data/bronze/raw/calendar/2026/03_yellow.html,2026-09-03T07:55:33Z
Mar 13,7:30pm,CAD,red,Employment Change,-83.9K,10.3K,-24.8K,/Users/datpro/Documents/gitdatpro/ff-transform-data/data/bronze/raw/calendar/2026/03_red.html|/Users/datpro/Documents/gitdatpro/ff-transform-data/data/bronze/raw/calendar/2026/03_orange.html|/Users/datpro/Documents/gitdatpro/ff-transform-data/data/bronze/raw/calendar/2026/03_yellow.html,2026-09-03T07:55:33Z
Mar 13,7:30pm,CAD,yellow,Manufacturing Sales m/m,-3.0%,-3.3%,0.4%,/Users/datpro/Documents/gitdatpro/ff-transform-data/data/bronze/raw/calendar/2026/03_red.html|/Users/datpro/Documents/gitdatpro/ff-transform-data/data/bronze/raw/calendar/2026/03_orange.html|/Users/datpro/Documents/gitdatpro/ff-transform-data/data/bronze/raw/calendar/2026/03_yellow.html,2026-09-03T07:55:33Z
Mar 13,7:30pm,CAD,red,Unemployment Rate,6.7%,6.6%,6.5%,/Users/datpro/Documents/gitdatpro/ff-transform-data/data/bronze/raw/calendar/2026/03_red.html|/Users/datpro/Documents/gitdatpro/ff-transform-data/data/bronze/raw/calendar/2026/03_orange.html|/Users/datpro/Documents/gitdatpro/ff-transform-data/data/bronze/raw/calendar/2026/03_yellow.html,2026-09-03T07:55:33Z
Mar 13,7:30pm,USD,red,Core PCE Price Index m/m,0.4%,0.4%,0.4%,/Users/datpro/Documents/gitdatpro/ff-transform-data/data/bronze/raw/calendar/2026/03_red.html|/Users/datpro/Documents/gitdatpro/ff-transform-data/data/bronze/raw/calendar/2026/03_orange.html|/Users/datpro/Documents/gitdatpro/ff-transform-data/data/bronze/raw/calendar/2026/03_yellow.html,2026-09-03T07:55:33Z
Mar 13,7:30pm,USD,yellow,Personal Income m/m,0.4%,0.5%,0.3%,/Users/datpro/Documents/gitdatpro/ff-transform-data/data/bronze/raw/calendar/2026/03_red.html|/Users/datpro/Documents/gitdatpro/ff-transform-data/data/bronze/raw/calendar/2026/03_orange.html|/Users/datpro/Documents/gitdatpro/ff-transform-data/data/bronze/raw/calendar/2026/03_yellow.html,2026-09-03T07:55:33Z
Mar 13,7:30pm,USD,yellow,Personal Spending m/m,0.4%,0.3%,0.4%,/Users/datpro/Documents/gitdatpro/ff-transform-data/data/bronze/raw/calendar/2026/03_red.html|/Users/datpro/Documents/gitdatpro/ff-transform-data/data/bronze/raw/calendar/2026/03_orange.html|/Users/datpro/Documents/gitdatpro/ff-transform-data/data/bronze/raw/calendar/2026/03_yellow.html,2026-09-03T07:55:33Z
Mar 13,7:30pm,USD,red,Prelim GDP q/q,0.7%,1.4%,1.4%,/Users/datpro/Documents/gitdatpro/ff-transform-data/data/bronze/raw/calendar/2026/03_red.html|/Users/datpro/Documents/gitdatpro/ff-transform-data/data/bronze/raw/calendar/2026/03_orange.html|/Users/datpro/Documents/gitdatpro/ff-transform-data/data/bronze/raw/calendar/2026/03_yellow.html,2026-09-03T07:55:33Z
Mar 13,9:00pm,USD,red,JOLTS Job Openings,6.95M,6.76M,6.55M,/Users/datpro/Documents/gitdatpro/ff-transform-data/data/bronze/raw/calendar/2026/03_red.html|/Users/datpro/Documents/gitdatpro/ff-transform-data/data/bronze/raw/calendar/2026/03_orange.html|/Users/datpro/Documents/gitdatpro/ff-transform-data/data/bronze/raw/calendar/2026/03_yellow.html,2026-09-03T07:55:33Z
Mar 13,9:00pm,USD,orange,Prelim UoM Consumer Sentiment,55.5,55.0,56.6,/Users/datpro/Documents/gitdatpro/ff-transform-data/data/bronze/raw/calendar/2026/03_red.html|/Users/datpro/Documents/gitdatpro/ff-transform-data/data/bronze/raw/calendar/2026/03_orange.html|/Users/datpro/Documents/gitdatpro/ff-transform-data/data/bronze/raw/calendar/2026/03_yellow.html,2026-09-03T07:55:33Z
Mar 13,9:00pm,USD,orange,Prelim UoM Inflation Expectations,3.4%,N/A,3.4%,/Users/datpro/Documents/gitdatpro/ff-transform-data/data/bronze/raw/calendar/2026/03_red.html|/Users/datpro/Documents/gitdatpro/ff-transform-data/data/bronze/raw/calendar/2026/03_orange.html|/Users/datpro/Documents/gitdatpro/ff-transform-data/data/bronze/raw/calendar/2026/03_yellow.html,2026-09-03T07:55:33Z
Mar 16,10:30pm,USD,orange,President Trump Speaks,N/A,N/A,N/A,/Users/datpro/Documents/gitdatpro/ff-transform-data/data/bronze/raw/calendar/2026/03_red.html|/Users/datpro/Documents/gitdatpro/ff-transform-data/data/bronze/raw/calendar/2026/03_orange.html|/Users/datpro/Documents/gitdatpro/ff-transform-data/data/bronze/raw/calendar/2026/03_yellow.html,2026-09-03T07:55:33Z
Mar 16,6:54am,GBP,yellow,Rightmove HPI m/m,0.8%,N/A,0.0%,/Users/datpro/Documents/gitdatpro/ff-transform-data/data/bronze/raw/calendar/2026/03_red.html|/Users/datpro/Documents/gitdatpro/ff-transform-data/data/bronze/raw/calendar/2026/03_orange.html|/Users/datpro/Documents/gitdatpro/ff-transform-data/data/bronze/raw/calendar/2026/03_yellow.html,2026-09-03T07:55:33Z
Mar 16,7:15pm,CAD,yellow,Housing Starts,251K,243K,240K,/Users/datpro/Documents/gitdatpro/ff-transform-data/data/bronze/raw/calendar/2026/03_red.html|/Users/datpro/Documents/gitdatpro/ff-transform-data/data/bronze/raw/calendar/2026/03_orange.html|/Users/datpro/Documents/gitdatpro/ff-transform-data/data/bronze/raw/calendar/2026/03_yellow.html,2026-09-03T07:55:33Z
Mar 16,7:32pm,CAD,yellow,Core CPI m/m,0.4%,N/A,0.2%,/Users/datpro/Documents/gitdatpro/ff-transform-data/data/bronze/raw/calendar/2026/03_red.html|/Users/datpro/Documents/gitdatpro/ff-transform-data/data/bronze/raw/calendar/2026/03_orange.html|/Users/datpro/Documents/gitdatpro/ff-transform-data/data/bronze/raw/calendar/2026/03_yellow.html,2026-09-03T07:55:33Z
Mar 16,8:15pm,USD,yellow,Capacity Utilization Rate,76.3%,76.2%,76.3%,/Users/datpro/Documents/gitdatpro/ff-transform-data/data/bronze/raw/calendar/2026/03_red.html|/Users/datpro/Documents/gitdatpro/ff-transform-data/data/bronze/raw/calendar/2026/03_orange.html|/Users/datpro/Documents/gitdatpro/ff-transform-data/data/bronze/raw/calendar/2026/03_yellow.html,2026-09-03T07:55:33Z
Mar 16,8:15pm,USD,yellow,Industrial Production m/m,0.2%,0.1%,0.7%,/Users/datpro/Documents/gitdatpro/ff-transform-data/data/bronze/raw/calendar/2026/03_red.html|/Users/datpro/Documents/gitdatpro/ff-transform-data/data/bronze/raw/calendar/2026/03_orange.html|/Users/datpro/Documents/gitdatpro/ff-transform-data/data/bronze/raw/calendar/2026/03_yellow.html,2026-09-03T07:55:33Z
Mar 16,8:30am,CNY,yellow,New Home Prices m/m,-0.28%,N/A,-0.37%,/Users/datpro/Documents/gitdatpro/ff-transform-data/data/bronze/raw/calendar/2026/03_red.html|/Users/datpro/Documents/gitdatpro/ff-transform-data/data/bronze/raw/calendar/2026/03_orange.html|/Users/datpro/Documents/gitdatpro/ff-transform-data/data/bronze/raw/calendar/2026/03_yellow.html,2026-09-03T07:55:33Z
Mar 16,9:00am,CNY,yellow,Fixed Asset Investment ytd/y,1.8%,-5.0%,-3.8%,/Users/datpro/Documents/gitdatpro/ff-transform-data/data/bronze/raw/calendar/2026/03_red.html|/Users/datpro/Documents/gitdatpro/ff-transform-data/data/bronze/raw/calendar/2026/03_orange.html|/Users/datpro/Documents/gitdatpro/ff-transform-data/data/bronze/raw/calendar/2026/03_yellow.html,2026-09-03T07:55:33Z
Mar 16,9:00am,CNY,yellow,Industrial Production y/y,6.3%,5.3%,5.2%,/Users/datpro/Documents/gitdatpro/ff-transform-data/data/bronze/raw/calendar/2026/03_red.html|/Users/datpro/Documents/gitdatpro/ff-transform-data/data/bronze/raw/calendar/2026/03_orange.html|/Users/datpro/Documents/gitdatpro/ff-transform-data/data/bronze/raw/calendar/2026/03_yellow.html,2026-09-03T07:55:33Z
Mar 16,9:00am,CNY,yellow,NBS Press Conference,N/A,N/A,N/A,/Users/datpro/Documents/gitdatpro/ff-transform-data/data/bronze/raw/calendar/2026/03_red.html|/Users/datpro/Documents/gitdatpro/ff-transform-data/data/bronze/raw/calendar/2026/03_orange.html|/Users/datpro/Documents/gitdatpro/ff-transform-data/data/bronze/raw/calendar/2026/03_yellow.html,2026-09-03T07:55:33Z
Mar 16,9:00am,CNY,yellow,Retail Sales y/y,2.8%,2.6%,0.9%,/Users/datpro/Documents/gitdatpro/ff-transform-data/data/bronze/raw/calendar/2026/03_red.html|/Users/datpro/Documents/gitdatpro/ff-transform-data/data/bronze/raw/calendar/2026/03_orange.html|/Users/datpro/Documents/gitdatpro/ff-transform-data/data/bronze/raw/calendar/2026/03_yellow.html,2026-09-03T07:55:33Z
Mar 16,9:00am,CNY,yellow,Unemployment Rate,5.3%,5.1%,5.1%,/Users/datpro/Documents/gitdatpro/ff-transform-data/data/bronze/raw/calendar/2026/03_red.html|/Users/datpro/Documents/gitdatpro/ff-transform-data/data/bronze/raw/calendar/2026/03_orange.html|/Users/datpro/Documents/gitdatpro/ff-transform-data/data/bronze/raw/calendar/2026/03_yellow.html,2026-09-03T07:55:33Z
Mar 16,9:00pm,CAD,red,Median CPI y/y,2.3%,2.4%,2.5%,/Users/datpro/Documents/gitdatpro/ff-transform-data/data/bronze/raw/calendar/2026/03_red.html|/Users/datpro/Documents/gitdatpro/ff-transform-data/data/bronze/raw/calendar/2026/03_orange.html|/Users/datpro/Documents/gitdatpro/ff-transform-data/data/bronze/raw/calendar/2026/03_yellow.html,2026-09-03T07:55:33Z
Mar 16,9:00pm,CAD,red,Trimmed CPI y/y,2.3%,2.4%,2.4%,/Users/datpro/Documents/gitdatpro/ff-transform-data/data/bronze/raw/calendar/2026/03_red.html|/Users/datpro/Documents/gitdatpro/ff-transform-data/data/bronze/raw/calendar/2026/03_orange.html|/Users/datpro/Documents/gitdatpro/ff-transform-data/data/bronze/raw/calendar/2026/03_yellow.html,2026-09-03T07:55:33Z
Mar 16,9:00pm,USD,orange,Empire State Manufacturing Index,-0.2,4.0,7.1,/Users/datpro/Documents/gitdatpro/ff-transform-data/data/bronze/raw/calendar/2026/03_red.html|/Users/datpro/Documents/gitdatpro/ff-transform-data/data/bronze/raw/calendar/2026/03_orange.html|/Users/datpro/Documents/gitdatpro/ff-transform-data/data/bronze/raw/calendar/2026/03_yellow.html,2026-09-03T07:55:33Z
Mar 16,9:00pm,USD,yellow,NAHB Housing Market Index,38,37,37,/Users/datpro/Documents/gitdatpro/ff-transform-data/data/bronze/raw/calendar/2026/03_red.html|/Users/datpro/Documents/gitdatpro/ff-transform-data/data/bronze/raw/calendar/2026/03_orange.html|/Users/datpro/Documents/gitdatpro/ff-transform-data/data/bronze/raw/calendar/2026/03_yellow.html,2026-09-03T07:55:33Z
Mar 17,10:15pm,EUR,yellow,German Buba President Nagel Speaks,N/A,N/A,N/A,/Users/datpro/Documents/gitdatpro/ff-transform-data/data/bronze/raw/calendar/2026/03_red.html|/Users/datpro/Documents/gitdatpro/ff-transform-data/data/bronze/raw/calendar/2026/03_orange.html|/Users/datpro/Documents/gitdatpro/ff-transform-data/data/bronze/raw/calendar/2026/03_yellow.html,2026-09-03T07:55:33Z
Mar 17,10:18pm,NZD,yellow,GDT Price Index,0.1%,N/A,5.7%,/Users/datpro/Documents/gitdatpro/ff-transform-data/data/bronze/raw/calendar/2026/03_red.html|/Users/datpro/Documents/gitdatpro/ff-transform-data/data/bronze/raw/calendar/2026/03_orange.html|/Users/datpro/Documents/gitdatpro/ff-transform-data/data/bronze/raw/calendar/2026/03_yellow.html,2026-09-03T07:55:33Z
Mar 17,11:30am,AUD,red,RBA Press Conference,N/A,N/A,N/A,/Users/datpro/Documents/gitdatpro/ff-transform-data/data/bronze/raw/calendar/2026/03_red.html|/Users/datpro/Documents/gitdatpro/ff-transform-data/data/bronze/raw/calendar/2026/03_orange.html|/Users/datpro/Documents/gitdatpro/ff-transform-data/data/bronze/raw/calendar/2026/03_yellow.html,2026-09-03T07:55:33Z
Mar 17,11:30am,JPY,yellow,Tertiary Industry Activity m/m,1.7%,0.9%,-0.8%,/Users/datpro/Documents/gitdatpro/ff-transform-data/data/bronze/raw/calendar/2026/03_red.html|/Users/datpro/Documents/gitdatpro/ff-transform-data/data/bronze/raw/calendar/2026/03_orange.html|/Users/datpro/Documents/gitdatpro/ff-transform-data/data/bronze/raw/calendar/2026/03_yellow.html,2026-09-03T07:55:33Z
Mar 17,2:30pm,CHF,yellow,PPI m/m,-0.3%,0.0%,-0.2%,/Users/datpro/Documents/gitdatpro/ff-transform-data/data/bronze/raw/calendar/2026/03_red.html|/Users/datpro/Documents/gitdatpro/ff-transform-data/data/bronze/raw/calendar/2026/03_orange.html|/Users/datpro/Documents/gitdatpro/ff-transform-data/data/bronze/raw/calendar/2026/03_yellow.html,2026-09-03T07:55:33Z
Mar 17,5:00pm,EUR,yellow,German ZEW Economic Sentiment,-0.5,39.0,58.3,/Users/datpro/Documents/gitdatpro/ff-transform-data/data/bronze/raw/calendar/2026/03_red.html|/Users/datpro/Documents/gitdatpro/ff-transform-data/data/bronze/raw/calendar/2026/03_orange.html|/Users/datpro/Documents/gitdatpro/ff-transform-data/data/bronze/raw/calendar/2026/03_yellow.html,2026-09-03T07:55:33Z
Mar 17,5:00pm,EUR,yellow,ZEW Economic Sentiment,-8.5,26.5,39.4,/Users/datpro/Documents/gitdatpro/ff-transform-data/data/bronze/raw/calendar/2026/03_red.html|/Users/datpro/Documents/gitdatpro/ff-transform-data/data/bronze/raw/calendar/2026/03_orange.html|/Users/datpro/Documents/gitdatpro/ff-transform-data/data/bronze/raw/calendar/2026/03_yellow.html,2026-09-03T07:55:33Z
Mar 17,7:15pm,USD,yellow,ADP Weekly Employment Change,9.0K,N/A,14.8K,/Users/datpro/Documents/gitdatpro/ff-transform-data/data/bronze/raw/calendar/2026/03_red.html|/Users/datpro/Documents/gitdatpro/ff-transform-data/data/bronze/raw/calendar/2026/03_orange.html|/Users/datpro/Documents/gitdatpro/ff-transform-data/data/bronze/raw/calendar/2026/03_yellow.html,2026-09-03T07:55:33Z
Mar 17,9:00pm,AUD,red,RBA Rate Statement,N/A,N/A,N/A,/Users/datpro/Documents/gitdatpro/ff-transform-data/data/bronze/raw/calendar/2026/03_red.html|/Users/datpro/Documents/gitdatpro/ff-transform-data/data/bronze/raw/calendar/2026/03_orange.html|/Users/datpro/Documents/gitdatpro/ff-transform-data/data/bronze/raw/calendar/2026/03_yellow.html,2026-09-03T07:55:33Z
Mar 17,9:25pm,AUD,yellow,CB Leading Index m/m,0.2%,N/A,0.3%,/Users/datpro/Documents/gitdatpro/ff-transform-data/data/bronze/raw/calendar/2026/03_red.html|/Users/datpro/Documents/gitdatpro/ff-transform-data/data/bronze/raw/calendar/2026/03_orange.html|/Users/datpro/Documents/gitdatpro/ff-transform-data/data/bronze/raw/calendar/2026/03_yellow.html,2026-09-03T07:55:33Z
Mar 18,11:30am,USD,red,PPI m/m,0.7%,0.3%,0.5%,/Users/datpro/Documents/gitdatpro/ff-transform-data/data/bronze/raw/calendar/2026/03_red.html|/Users/datpro/Documents/gitdatpro/ff-transform-data/data/bronze/raw/calendar/2026/03_orange.html|/Users/datpro/Documents/gitdatpro/ff-transform-data/data/bronze/raw/calendar/2026/03_yellow.html,2026-09-03T07:55:33Z
Mar 18,3:00pm,CHF,yellow,SECO Economic Forecasts,N/A,N/A,N/A,/Users/datpro/Documents/gitdatpro/ff-transform-data/data/bronze/raw/calendar/2026/03_red.html|/Users/datpro/Documents/gitdatpro/ff-transform-data/data/bronze/raw/calendar/2026/03_orange.html|/Users/datpro/Documents/gitdatpro/ff-transform-data/data/bronze/raw/calendar/2026/03_yellow.html,2026-09-03T07:55:33Z
Mar 18,3:30am,USD,yellow,API Weekly Statistical Bulletin,N/A,N/A,N/A,/Users/datpro/Documents/gitdatpro/ff-transform-data/data/bronze/raw/calendar/2026/03_red.html|/Users/datpro/Documents/gitdatpro/ff-transform-data/data/bronze/raw/calendar/2026/03_orange.html|/Users/datpro/Documents/gitdatpro/ff-transform-data/data/bronze/raw/calendar/2026/03_yellow.html,2026-09-03T07:55:33Z
Mar 18,4:45am,NZD,yellow,Current Account,-5.98B,-4.78B,-8.36B,/Users/datpro/Documents/gitdatpro/ff-transform-data/data/bronze/raw/calendar/2026/03_red.html|/Users/datpro/Documents/gitdatpro/ff-transform-data/data/bronze/raw/calendar/2026/03_orange.html|/Users/datpro/Documents/gitdatpro/ff-transform-data/data/bronze/raw/calendar/2026/03_yellow.html,2026-09-03T07:55:33Z
Mar 18,5:00pm,EUR,yellow,Final CPI y/y,1.9%,1.9%,1.9%,/Users/datpro/Documents/gitdatpro/ff-transform-data/data/bronze/raw/calendar/2026/03_red.html|/Users/datpro/Documents/gitdatpro/ff-transform-data/data/bronze/raw/calendar/2026/03_orange.html|/Users/datpro/Documents/gitdatpro/ff-transform-data/data/bronze/raw/calendar/2026/03_yellow.html,2026-09-03T07:55:33Z
Mar 18,5:00pm,EUR,yellow,Final Core CPI y/y,2.4%,2.4%,2.4%,/Users/datpro/Documents/gitdatpro/ff-transform-data/data/bronze/raw/calendar/2026/03_red.html|/Users/datpro/Documents/gitdatpro/ff-transform-data/data/bronze/raw/calendar/2026/03_orange.html|/Users/datpro/Documents/gitdatpro/ff-transform-data/data/bronze/raw/calendar/2026/03_yellow.html,2026-09-03T07:55:33Z
Mar 18,5:34pm,EUR,yellow,German 30-y Bond Auction,3.45|1.7,N/A,3.47|1.6,/Users/datpro/Documents/gitdatpro/ff-transform-data/data/bronze/raw/calendar/2026/03_red.html|/Users/datpro/Documents/gitdatpro/ff-transform-data/data/bronze/raw/calendar/2026/03_orange.html|/Users/datpro/Documents/gitdatpro/ff-transform-data/data/bronze/raw/calendar/2026/03_yellow.html,2026-09-03T07:55:33Z
Mar 18,6:30am,AUD,yellow,MI Leading Index m/m,-0.1%,N/A,0.0%,/Users/datpro/Documents/gitdatpro/ff-transform-data/data/bronze/raw/calendar/2026/03_red.html|/Users/datpro/Documents/gitdatpro/ff-transform-data/data/bronze/raw/calendar/2026/03_orange.html|/Users/datpro/Documents/gitdatpro/ff-transform-data/data/bronze/raw/calendar/2026/03_yellow.html,2026-09-03T07:55:33Z
Mar 18,6:50am,JPY,yellow,Trade Balance,-0.37T,-0.62T,0.50T,/Users/datpro/Documents/gitdatpro/ff-transform-data/data/bronze/raw/calendar/2026/03_red.html|/Users/datpro/Documents/gitdatpro/ff-transform-data/data/bronze/raw/calendar/2026/03_orange.html|/Users/datpro/Documents/gitdatpro/ff-transform-data/data/bronze/raw/calendar/2026/03_yellow.html,2026-09-03T07:55:33Z
Mar 18,7:30pm,CAD,yellow,Foreign Securities Purchases,46.73B,4.72B,-5.84B,/Users/datpro/Documents/gitdatpro/ff-transform-data/data/bronze/raw/calendar/2026/03_red.html|/Users/datpro/Documents/gitdatpro/ff-transform-data/data/bronze/raw/calendar/2026/03_orange.html|/Users/datpro/Documents/gitdatpro/ff-transform-data/data/bronze/raw/calendar/2026/03_yellow.html,2026-09-03T07:55:33Z
Mar 18,8:45pm,CAD,red,BOC Rate Statement,N/A,N/A,N/A,/Users/datpro/Documents/gitdatpro/ff-transform-data/data/bronze/raw/calendar/2026/03_red.html|/Users/datpro/Documents/gitdatpro/ff-transform-data/data/bronze/raw/calendar/2026/03_orange.html|/Users/datpro/Documents/gitdatpro/ff-transform-data/data/bronze/raw/calendar/2026/03_yellow.html,2026-09-03T07:55:33Z
Mar 18,8:45pm,CAD,red,Overnight Rate,2.25%,2.25%,2.25%,/Users/datpro/Documents/gitdatpro/ff-transform-data/data/bronze/raw/calendar/2026/03_red.html|/Users/datpro/Documents/gitdatpro/ff-transform-data/data/bronze/raw/calendar/2026/03_orange.html|/Users/datpro/Documents/gitdatpro/ff-transform-data/data/bronze/raw/calendar/2026/03_yellow.html,2026-09-03T07:55:33Z
Mar 18,9:00pm,USD,yellow,Factory Orders m/m,0.1%,0.1%,-0.7%,/Users/datpro/Documents/gitdatpro/ff-transform-data/data/bronze/raw/calendar/2026/03_red.html|/Users/datpro/Documents/gitdatpro/ff-transform-data/data/bronze/raw/calendar/2026/03_orange.html|/Users/datpro/Documents/gitdatpro/ff-transform-data/data/bronze/raw/calendar/2026/03_yellow.html,2026-09-03T07:55:33Z
Mar 18,9:30pm,CAD,red,BOC Press Conference,N/A,N/A,N/A,/Users/datpro/Documents/gitdatpro/ff-transform-data/data/bronze/raw/calendar/2026/03_red.html|/Users/datpro/Documents/gitdatpro/ff-transform-data/data/bronze/raw/calendar/2026/03_orange.html|/Users/datpro/Documents/gitdatpro/ff-transform-data/data/bronze/raw/calendar/2026/03_yellow.html,2026-09-03T07:55:33Z
Mar 18,9:30pm,USD,yellow,Crude Oil Inventories,6.2M,-1.5M,3.8M,/Users/datpro/Documents/gitdatpro/ff-transform-data/data/bronze/raw/calendar/2026/03_red.html|/Users/datpro/Documents/gitdatpro/ff-transform-data/data/bronze/raw/calendar/2026/03_orange.html|/Users/datpro/Documents/gitdatpro/ff-transform-data/data/bronze/raw/calendar/2026/03_yellow.html,2026-09-03T07:55:33Z
Mar 19,11:30am,JPY,yellow,Revised Industrial Production m/m,4.3%,2.2%,2.2%,/Users/datpro/Documents/gitdatpro/ff-transform-data/data/bronze/raw/calendar/2026/03_red.html|/Users/datpro/Documents/gitdatpro/ff-transform-data/data/bronze/raw/calendar/2026/03_orange.html|/Users/datpro/Documents/gitdatpro/ff-transform-data/data/bronze/raw/calendar/2026/03_yellow.html,2026-09-03T07:55:33Z
Mar 19,1:30am,USD,red,FOMC Press Conference,N/A,N/A,N/A,/Users/datpro/Documents/gitdatpro/ff-transform-data/data/bronze/raw/calendar/2026/03_red.html|/Users/datpro/Documents/gitdatpro/ff-transform-data/data/bronze/raw/calendar/2026/03_orange.html|/Users/datpro/Documents/gitdatpro/ff-transform-data/data/bronze/raw/calendar/2026/03_yellow.html,2026-09-03T07:55:33Z
Mar 19,1:30pm,JPY,red,BOJ Press Conference,N/A,N/A,N/A,/Users/datpro/Documents/gitdatpro/ff-transform-data/data/bronze/raw/calendar/2026/03_red.html|/Users/datpro/Documents/gitdatpro/ff-transform-data/data/bronze/raw/calendar/2026/03_orange.html|/Users/datpro/Documents/gitdatpro/ff-transform-data/data/bronze/raw/calendar/2026/03_yellow.html,2026-09-03T07:55:33Z
Mar 19,2:00pm,GBP,red,Claimant Count Change,24.7K,25.8K,4.7K,/Users/datpro/Documents/gitdatpro/ff-transform-data/data/bronze/raw/calendar/2026/03_red.html|/Users/datpro/Documents/gitdatpro/ff-transform-data/data/bronze/raw/calendar/2026/03_orange.html|/Users/datpro/Documents/gitdatpro/ff-transform-data/data/bronze/raw/calendar/2026/03_yellow.html,2026-09-03T07:55:33Z
Mar 19,2:00pm,GBP,yellow,Unemployment Rate,5.2%,5.3%,5.2%,/Users/datpro/Documents/gitdatpro/ff-transform-data/data/bronze/raw/calendar/2026/03_red.html|/Users/datpro/Documents/gitdatpro/ff-transform-data/data/bronze/raw/calendar/2026/03_orange.html|/Users/datpro/Documents/gitdatpro/ff-transform-data/data/bronze/raw/calendar/2026/03_yellow.html,2026-09-03T07:55:33Z
Mar 19,3:30pm,CHF,red,SNB Monetary Policy Assessment,N/A,N/A,N/A,/Users/datpro/Documents/gitdatpro/ff-transform-data/data/bronze/raw/calendar/2026/03_red.html|/Users/datpro/Documents/gitdatpro/ff-transform-data/data/bronze/raw/calendar/2026/03_orange.html|/Users/datpro/Documents/gitdatpro/ff-transform-data/data/bronze/raw/calendar/2026/03_yellow.html,2026-09-03T07:55:33Z
Mar 19,3:30pm,CHF,red,SNB Policy Rate,0.00%,0.00%,0.00%,/Users/datpro/Documents/gitdatpro/ff-transform-data/data/bronze/raw/calendar/2026/03_red.html|/Users/datpro/Documents/gitdatpro/ff-transform-data/data/bronze/raw/calendar/2026/03_orange.html|/Users/datpro/Documents/gitdatpro/ff-transform-data/data/bronze/raw/calendar/2026/03_yellow.html,2026-09-03T07:55:33Z
Mar 19,4:00pm,CHF,red,SNB Press Conference,N/A,N/A,N/A,/Users/datpro/Documents/gitdatpro/ff-transform-data/data/bronze/raw/calendar/2026/03_red.html|/Users/datpro/Documents/gitdatpro/ff-transform-data/data/bronze/raw/calendar/2026/03_orange.html|/Users/datpro/Documents/gitdatpro/ff-transform-data/data/bronze/raw/calendar/2026/03_yellow.html,2026-09-03T07:55:33Z
Mar 19,4:44pm,EUR,yellow,Spanish 10-y Bond Auction,3.48|2.3,N/A,3.17|2.5,/Users/datpro/Documents/gitdatpro/ff-transform-data/data/bronze/raw/calendar/2026/03_red.html|/Users/datpro/Documents/gitdatpro/ff-transform-data/data/bronze/raw/calendar/2026/03_orange.html|/Users/datpro/Documents/gitdatpro/ff-transform-data/data/bronze/raw/calendar/2026/03_yellow.html,2026-09-03T07:55:33Z
Mar 19,4:45am,NZD,red,GDP q/q,0.2%,0.5%,0.9%,/Users/datpro/Documents/gitdatpro/ff-transform-data/data/bronze/raw/calendar/2026/03_red.html|/Users/datpro/Documents/gitdatpro/ff-transform-data/data/bronze/raw/calendar/2026/03_orange.html|/Users/datpro/Documents/gitdatpro/ff-transform-data/data/bronze/raw/calendar/2026/03_yellow.html,2026-09-03T07:55:33Z
Mar 19,6:50am,JPY,yellow,Core Machinery Orders m/m,-5.5%,-9.6%,19.1%,/Users/datpro/Documents/gitdatpro/ff-transform-data/data/bronze/raw/calendar/2026/03_red.html|/Users/datpro/Documents/gitdatpro/ff-transform-data/data/bronze/raw/calendar/2026/03_orange.html|/Users/datpro/Documents/gitdatpro/ff-transform-data/data/bronze/raw/calendar/2026/03_yellow.html,2026-09-03T07:55:33Z
Mar 19,7:00pm,GBP,red,MPC Official Bank Rate Votes,0-0-9,0-2-7,0-4-5,/Users/datpro/Documents/gitdatpro/ff-transform-data/data/bronze/raw/calendar/2026/03_red.html|/Users/datpro/Documents/gitdatpro/ff-transform-data/data/bronze/raw/calendar/2026/03_orange.html|/Users/datpro/Documents/gitdatpro/ff-transform-data/data/bronze/raw/calendar/2026/03_yellow.html,2026-09-03T07:55:33Z
Mar 19,7:00pm,GBP,red,Monetary Policy Summary,N/A,N/A,N/A,/Users/datpro/Documents/gitdatpro/ff-transform-data/data/bronze/raw/calendar/2026/03_red.html|/Users/datpro/Documents/gitdatpro/ff-transform-data/data/bronze/raw/calendar/2026/03_orange.html|/Users/datpro/Documents/gitdatpro/ff-transform-data/data/bronze/raw/calendar/2026/03_yellow.html,2026-09-03T07:55:33Z
Mar 19,7:00pm,GBP,red,Official Bank Rate,3.75%,3.75%,3.75%,/Users/datpro/Documents/gitdatpro/ff-transform-data/data/bronze/raw/calendar/2026/03_red.html|/Users/datpro/Documents/gitdatpro/ff-transform-data/data/bronze/raw/calendar/2026/03_orange.html|/Users/datpro/Documents/gitdatpro/ff-transform-data/data/bronze/raw/calendar/2026/03_yellow.html,2026-09-03T07:55:33Z
Mar 19,7:30am,AUD,red,Employment Change,48.9K,20.8K,26.1K,/Users/datpro/Documents/gitdatpro/ff-transform-data/data/bronze/raw/calendar/2026/03_red.html|/Users/datpro/Documents/gitdatpro/ff-transform-data/data/bronze/raw/calendar/2026/03_orange.html|/Users/datpro/Documents/gitdatpro/ff-transform-data/data/bronze/raw/calendar/2026/03_yellow.html,2026-09-03T07:55:33Z
Mar 19,7:30am,AUD,yellow,RBA Financial Stability Review,N/A,N/A,N/A,/Users/datpro/Documents/gitdatpro/ff-transform-data/data/bronze/raw/calendar/2026/03_red.html|/Users/datpro/Documents/gitdatpro/ff-transform-data/data/bronze/raw/calendar/2026/03_orange.html|/Users/datpro/Documents/gitdatpro/ff-transform-data/data/bronze/raw/calendar/2026/03_yellow.html,2026-09-03T07:55:33Z
Mar 19,7:30am,AUD,red,Unemployment Rate,4.3%,4.1%,4.1%,/Users/datpro/Documents/gitdatpro/ff-transform-data/data/bronze/raw/calendar/2026/03_red.html|/Users/datpro/Documents/gitdatpro/ff-transform-data/data/bronze/raw/calendar/2026/03_orange.html|/Users/datpro/Documents/gitdatpro/ff-transform-data/data/bronze/raw/calendar/2026/03_yellow.html,2026-09-03T07:55:33Z
Mar 19,7:30pm,USD,orange,Philly Fed Manufacturing Index,18.1,8.3,16.3,/Users/datpro/Documents/gitdatpro/ff-transform-data/data/bronze/raw/calendar/2026/03_red.html|/Users/datpro/Documents/gitdatpro/ff-transform-data/data/bronze/raw/calendar/2026/03_orange.html|/Users/datpro/Documents/gitdatpro/ff-transform-data/data/bronze/raw/calendar/2026/03_yellow.html,2026-09-03T07:55:33Z
Mar 19,7:30pm,USD,red,Unemployment Claims,205K,215K,213K,/Users/datpro/Documents/gitdatpro/ff-transform-data/data/bronze/raw/calendar/2026/03_red.html|/Users/datpro/Documents/gitdatpro/ff-transform-data/data/bronze/raw/calendar/2026/03_orange.html|/Users/datpro/Documents/gitdatpro/ff-transform-data/data/bronze/raw/calendar/2026/03_yellow.html,2026-09-03T07:55:33Z
Mar 19,8:15pm,EUR,red,Main Refinancing Rate,2.15%,2.15%,2.15%,/Users/datpro/Documents/gitdatpro/ff-transform-data/data/bronze/raw/calendar/2026/03_red.html|/Users/datpro/Documents/gitdatpro/ff-transform-data/data/bronze/raw/calendar/2026/03_orange.html|/Users/datpro/Documents/gitdatpro/ff-transform-data/data/bronze/raw/calendar/2026/03_yellow.html,2026-09-03T07:55:33Z
Mar 19,8:15pm,EUR,red,Monetary Policy Statement,N/A,N/A,N/A,/Users/datpro/Documents/gitdatpro/ff-transform-data/data/bronze/raw/calendar/2026/03_red.html|/Users/datpro/Documents/gitdatpro/ff-transform-data/data/bronze/raw/calendar/2026/03_orange.html|/Users/datpro/Documents/gitdatpro/ff-transform-data/data/bronze/raw/calendar/2026/03_yellow.html,2026-09-03T07:55:33Z
Mar 19,8:45pm,EUR,red,ECB Press Conference,N/A,N/A,N/A,/Users/datpro/Documents/gitdatpro/ff-transform-data/data/bronze/raw/calendar/2026/03_red.html|/Users/datpro/Documents/gitdatpro/ff-transform-data/data/bronze/raw/calendar/2026/03_orange.html|/Users/datpro/Documents/gitdatpro/ff-transform-data/data/bronze/raw/calendar/2026/03_yellow.html,2026-09-03T07:55:33Z
Mar 19,9:00pm,USD,yellow,CB Leading Index m/m,-0.1%,-0.1%,-0.2%,/Users/datpro/Documents/gitdatpro/ff-transform-data/data/bronze/raw/calendar/2026/03_red.html|/Users/datpro/Documents/gitdatpro/ff-transform-data/data/bronze/raw/calendar/2026/03_orange.html|/Users/datpro/Documents/gitdatpro/ff-transform-data/data/bronze/raw/calendar/2026/03_yellow.html,2026-09-03T07:55:33Z
Mar 19,9:00pm,USD,yellow,Final Wholesale Inventories m/m,-0.5%,0.2%,0.2%,/Users/datpro/Documents/gitdatpro/ff-transform-data/data/bronze/raw/calendar/2026/03_red.html|/Users/datpro/Documents/gitdatpro/ff-transform-data/data/bronze/raw/calendar/2026/03_orange.html|/Users/datpro/Documents/gitdatpro/ff-transform-data/data/bronze/raw/calendar/2026/03_yellow.html,2026-09-03T07:55:33Z
Mar 19,9:00pm,USD,orange,New Home Sales,587K,722K,712K,/Users/datpro/Documents/gitdatpro/ff-transform-data/data/bronze/raw/calendar/2026/03_red.html|/Users/datpro/Documents/gitdatpro/ff-transform-data/data/bronze/raw/calendar/2026/03_orange.html|/Users/datpro/Documents/gitdatpro/ff-transform-data/data/bronze/raw/calendar/2026/03_yellow.html,2026-09-03T07:55:33Z
Mar 19,9:30pm,USD,red,FOMC Economic Projections,N/A,N/A,N/A,/Users/datpro/Documents/gitdatpro/ff-transform-data/data/bronze/raw/calendar/2026/03_red.html|/Users/datpro/Documents/gitdatpro/ff-transform-data/data/bronze/raw/calendar/2026/03_orange.html|/Users/datpro/Documents/gitdatpro/ff-transform-data/data/bronze/raw/calendar/2026/03_yellow.html,2026-09-03T07:55:33Z
Mar 19,9:30pm,USD,red,FOMC Statement,N/A,N/A,N/A,/Users/datpro/Documents/gitdatpro/ff-transform-data/data/bronze/raw/calendar/2026/03_red.html|/Users/datpro/Documents/gitdatpro/ff-transform-data/data/bronze/raw/calendar/2026/03_orange.html|/Users/datpro/Documents/gitdatpro/ff-transform-data/data/bronze/raw/calendar/2026/03_yellow.html,2026-09-03T07:55:33Z
Mar 19,9:30pm,USD,yellow,Natural Gas Storage,35B,39B,-38B,/Users/datpro/Documents/gitdatpro/ff-transform-data/data/bronze/raw/calendar/2026/03_red.html|/Users/datpro/Documents/gitdatpro/ff-transform-data/data/bronze/raw/calendar/2026/03_orange.html|/Users/datpro/Documents/gitdatpro/ff-transform-data/data/bronze/raw/calendar/2026/03_yellow.html,2026-09-03T07:55:33Z
Mar 19,9:46am,JPY,red,BOJ Policy Rate,<0.75%,<0.75%,<0.75%,/Users/datpro/Documents/gitdatpro/ff-transform-data/data/bronze/raw/calendar/2026/03_red.html|/Users/datpro/Documents/gitdatpro/ff-transform-data/data/bronze/raw/calendar/2026/03_orange.html|/Users/datpro/Documents/gitdatpro/ff-transform-data/data/bronze/raw/calendar/2026/03_yellow.html,2026-09-03T07:55:33Z
Mar 19,9:46am,JPY,red,Monetary Policy Statement,N/A,N/A,N/A,/Users/datpro/Documents/gitdatpro/ff-transform-data/data/bronze/raw/calendar/2026/03_red.html|/Users/datpro/Documents/gitdatpro/ff-transform-data/data/bronze/raw/calendar/2026/03_orange.html|/Users/datpro/Documents/gitdatpro/ff-transform-data/data/bronze/raw/calendar/2026/03_yellow.html,2026-09-03T07:55:33Z
Mar 19,All Day,EUR,yellow,Euro Summit,N/A,N/A,N/A,/Users/datpro/Documents/gitdatpro/ff-transform-data/data/bronze/raw/calendar/2026/03_red.html|/Users/datpro/Documents/gitdatpro/ff-transform-data/data/bronze/raw/calendar/2026/03_orange.html|/Users/datpro/Documents/gitdatpro/ff-transform-data/data/bronze/raw/calendar/2026/03_yellow.html,2026-09-03T07:55:33Z
Mar 2,10:00pm,USD,orange,ISM Manufacturing Prices,70.5,60.6,59.0,/Users/datpro/Documents/gitdatpro/ff-transform-data/data/bronze/raw/calendar/2026/03_red.html|/Users/datpro/Documents/gitdatpro/ff-transform-data/data/bronze/raw/calendar/2026/03_orange.html|/Users/datpro/Documents/gitdatpro/ff-transform-data/data/bronze/raw/calendar/2026/03_yellow.html,2026-09-03T07:55:33Z
Mar 2,10:30pm,GBP,yellow,MPC Member Ramsden Speaks,N/A,N/A,N/A,/Users/datpro/Documents/gitdatpro/ff-transform-data/data/bronze/raw/calendar/2026/03_red.html|/Users/datpro/Documents/gitdatpro/ff-transform-data/data/bronze/raw/calendar/2026/03_orange.html|/Users/datpro/Documents/gitdatpro/ff-transform-data/data/bronze/raw/calendar/2026/03_yellow.html,2026-09-03T07:55:33Z
Mar 2,11:00pm,USD,orange,President Trump Speaks,N/A,N/A,N/A,/Users/datpro/Documents/gitdatpro/ff-transform-data/data/bronze/raw/calendar/2026/03_red.html|/Users/datpro/Documents/gitdatpro/ff-transform-data/data/bronze/raw/calendar/2026/03_orange.html|/Users/datpro/Documents/gitdatpro/ff-transform-data/data/bronze/raw/calendar/2026/03_yellow.html,2026-09-03T07:55:33Z
Mar 2,12:30pm,AUD,yellow,Commodity Prices y/y,3.4%,N/A,2.8%,/Users/datpro/Documents/gitdatpro/ff-transform-data/data/bronze/raw/calendar/2026/03_red.html|/Users/datpro/Documents/gitdatpro/ff-transform-data/data/bronze/raw/calendar/2026/03_orange.html|/Users/datpro/Documents/gitdatpro/ff-transform-data/data/bronze/raw/calendar/2026/03_yellow.html,2026-09-03T07:55:33Z
Mar 2,2:00pm,EUR,yellow,German Retail Sales m/m,-0.9%,0.0%,1.2%,/Users/datpro/Documents/gitdatpro/ff-transform-data/data/bronze/raw/calendar/2026/03_red.html|/Users/datpro/Documents/gitdatpro/ff-transform-data/data/bronze/raw/calendar/2026/03_orange.html|/Users/datpro/Documents/gitdatpro/ff-transform-data/data/bronze/raw/calendar/2026/03_yellow.html,2026-09-03T07:55:33Z
Mar 2,2:00pm,GBP,yellow,Nationwide HPI m/m,0.3%,0.2%,0.3%,/Users/datpro/Documents/gitdatpro/ff-transform-data/data/bronze/raw/calendar/2026/03_red.html|/Users/datpro/Documents/gitdatpro/ff-transform-data/data/bronze/raw/calendar/2026/03_orange.html|/Users/datpro/Documents/gitdatpro/ff-transform-data/data/bronze/raw/calendar/2026/03_yellow.html,2026-09-03T07:55:33Z
Mar 2,2:30pm,CHF,yellow,Retail Sales y/y,-1.1%,2.7%,2.8%,/Users/datpro/Documents/gitdatpro/ff-transform-data/data/bronze/raw/calendar/2026/03_red.html|/Users/datpro/Documents/gitdatpro/ff-transform-data/data/bronze/raw/calendar/2026/03_orange.html|/Users/datpro/Documents/gitdatpro/ff-transform-data/data/bronze/raw/calendar/2026/03_yellow.html,2026-09-03T07:55:33Z
Mar 2,3:15pm,EUR,yellow,Spanish Manufacturing PMI,50.0,49.9,49.2,/Users/datpro/Documents/gitdatpro/ff-transform-data/data/bronze/raw/calendar/2026/03_red.html|/Users/datpro/Documents/gitdatpro/ff-transform-data/data/bronze/raw/calendar/2026/03_orange.html|/Users/datpro/Documents/gitdatpro/ff-transform-data/data/bronze/raw/calendar/2026/03_yellow.html,2026-09-03T07:55:33Z
Mar 2,3:30pm,CHF,yellow,Manufacturing PMI,47.4,49.8,48.8,/Users/datpro/Documents/gitdatpro/ff-transform-data/data/bronze/raw/calendar/2026/03_red.html|/Users/datpro/Documents/gitdatpro/ff-transform-data/data/bronze/raw/calendar/2026/03_orange.html|/Users/datpro/Documents/gitdatpro/ff-transform-data/data/bronze/raw/calendar/2026/03_yellow.html,2026-09-03T07:55:33Z
Mar 2,3:45pm,EUR,yellow,Italian Manufacturing PMI,50.6,49.1,48.1,/Users/datpro/Documents/gitdatpro/ff-transform-data/data/bronze/raw/calendar/2026/03_red.html|/Users/datpro/Documents/gitdatpro/ff-transform-data/data/bronze/raw/calendar/2026/03_orange.html|/Users/datpro/Documents/gitdatpro/ff-transform-data/data/bronze/raw/calendar/2026/03_yellow.html,2026-09-03T07:55:33Z
Mar 2,3:50pm,EUR,yellow,French Final Manufacturing PMI,50.1,49.9,49.9,/Users/datpro/Documents/gitdatpro/ff-transform-data/data/bronze/raw/calendar/2026/03_red.html|/Users/datpro/Documents/gitdatpro/ff-transform-data/data/bronze/raw/calendar/2026/03_orange.html|/Users/datpro/Documents/gitdatpro/ff-transform-data/data/bronze/raw/calendar/2026/03_yellow.html,2026-09-03T07:55:33Z
Mar 2,3:55pm,EUR,yellow,German Final Manufacturing PMI,50.9,50.7,50.7,/Users/datpro/Documents/gitdatpro/ff-transform-data/data/bronze/raw/calendar/2026/03_red.html|/Users/datpro/Documents/gitdatpro/ff-transform-data/data/bronze/raw/calendar/2026/03_orange.html|/Users/datpro/Documents/gitdatpro/ff-transform-data/data/bronze/raw/calendar/2026/03_yellow.html,2026-09-03T07:55:33Z
Mar 2,4:00pm,EUR,yellow,Final Manufacturing PMI,50.8,50.8,50.8,/Users/datpro/Documents/gitdatpro/ff-transform-data/data/bronze/raw/calendar/2026/03_red.html|/Users/datpro/Documents/gitdatpro/ff-transform-data/data/bronze/raw/calendar/2026/03_orange.html|/Users/datpro/Documents/gitdatpro/ff-transform-data/data/bronze/raw/calendar/2026/03_yellow.html,2026-09-03T07:55:33Z
Mar 2,4:30pm,GBP,yellow,Final Manufacturing PMI,51.7,52.0,52.0,/Users/datpro/Documents/gitdatpro/ff-transform-data/data/bronze/raw/calendar/2026/03_red.html|/Users/datpro/Documents/gitdatpro/ff-transform-data/data/bronze/raw/calendar/2026/03_orange.html|/Users/datpro/Documents/gitdatpro/ff-transform-data/data/bronze/raw/calendar/2026/03_yellow.html,2026-09-03T07:55:33Z
Mar 2,4:30pm,GBP,yellow,M4 Money Supply m/m,-0.1%,0.2%,0.4%,/Users/datpro/Documents/gitdatpro/ff-transform-data/data/bronze/raw/calendar/2026/03_red.html|/Users/datpro/Documents/gitdatpro/ff-transform-data/data/bronze/raw/calendar/2026/03_orange.html|/Users/datpro/Documents/gitdatpro/ff-transform-data/data/bronze/raw/calendar/2026/03_yellow.html,2026-09-03T07:55:33Z
Mar 2,4:30pm,GBP,yellow,Mortgage Approvals,60K,62K,61K,/Users/datpro/Documents/gitdatpro/ff-transform-data/data/bronze/raw/calendar/2026/03_red.html|/Users/datpro/Documents/gitdatpro/ff-transform-data/data/bronze/raw/calendar/2026/03_orange.html|/Users/datpro/Documents/gitdatpro/ff-transform-data/data/bronze/raw/calendar/2026/03_yellow.html,2026-09-03T07:55:33Z
Mar 2,4:30pm,GBP,yellow,Net Lending to Individuals m/m,5.9B,6.2B,6.1B,/Users/datpro/Documents/gitdatpro/ff-transform-data/data/bronze/raw/calendar/2026/03_red.html|/Users/datpro/Documents/gitdatpro/ff-transform-data/data/bronze/raw/calendar/2026/03_orange.html|/Users/datpro/Documents/gitdatpro/ff-transform-data/data/bronze/raw/calendar/2026/03_yellow.html,2026-09-03T07:55:33Z
Mar 2,7:30am,AUD,yellow,ANZ Job Advertisements m/m,3.2%,N/A,5.2%,/Users/datpro/Documents/gitdatpro/ff-transform-data/data/bronze/raw/calendar/2026/03_red.html|/Users/datpro/Documents/gitdatpro/ff-transform-data/data/bronze/raw/calendar/2026/03_orange.html|/Users/datpro/Documents/gitdatpro/ff-transform-data/data/bronze/raw/calendar/2026/03_yellow.html,2026-09-03T07:55:33Z
Mar 2,7:30am,AUD,yellow,Company Operating Profits q/q,5.8%,1.8%,1.5%,/Users/datpro/Documents/gitdatpro/ff-transform-data/data/bronze/raw/calendar/2026/03_red.html|/Users/datpro/Documents/gitdatpro/ff-transform-data/data/bronze/raw/calendar/2026/03_orange.html|/Users/datpro/Documents/gitdatpro/ff-transform-data/data/bronze/raw/calendar/2026/03_yellow.html,2026-09-03T07:55:33Z
Mar 2,7:30am,JPY,yellow,Final Manufacturing PMI,53.0,52.8,52.8,/Users/datpro/Documents/gitdatpro/ff-transform-data/data/bronze/raw/calendar/2026/03_red.html|/Users/datpro/Documents/gitdatpro/ff-transform-data/data/bronze/raw/calendar/2026/03_orange.html|/Users/datpro/Documents/gitdatpro/ff-transform-data/data/bronze/raw/calendar/2026/03_yellow.html,2026-09-03T07:55:33Z
Mar 2,7:30pm,AUD,yellow,RBA Assist Gov Hunter Speaks,N/A,N/A,N/A,/Users/datpro/Documents/gitdatpro/ff-transform-data/data/bronze/raw/calendar/2026/03_red.html|/Users/datpro/Documents/gitdatpro/ff-transform-data/data/bronze/raw/calendar/2026/03_orange.html|/Users/datpro/Documents/gitdatpro/ff-transform-data/data/bronze/raw/calendar/2026/03_yellow.html,2026-09-03T07:55:33Z
Mar 2,7:30pm,GBP,yellow,MPC Member Taylor Speaks,N/A,N/A,N/A,/Users/datpro/Documents/gitdatpro/ff-transform-data/data/bronze/raw/calendar/2026/03_red.html|/Users/datpro/Documents/gitdatpro/ff-transform-data/data/bronze/raw/calendar/2026/03_orange.html|/Users/datpro/Documents/gitdatpro/ff-transform-data/data/bronze/raw/calendar/2026/03_yellow.html,2026-09-03T07:55:33Z
Mar 2,9:00pm,CAD,yellow,Gov Council Member Kozicki Speaks,N/A,N/A,N/A,/Users/datpro/Documents/gitdatpro/ff-transform-data/data/bronze/raw/calendar/2026/03_red.html|/Users/datpro/Documents/gitdatpro/ff-transform-data/data/bronze/raw/calendar/2026/03_orange.html|/Users/datpro/Documents/gitdatpro/ff-transform-data/data/bronze/raw/calendar/2026/03_yellow.html,2026-09-03T07:55:33Z
Mar 2,9:10pm,EUR,yellow,German Buba President Nagel Speaks,N/A,N/A,N/A,/Users/datpro/Documents/gitdatpro/ff-transform-data/data/bronze/raw/calendar/2026/03_red.html|/Users/datpro/Documents/gitdatpro/ff-transform-data/data/bronze/raw/calendar/2026/03_orange.html|/Users/datpro/Documents/gitdatpro/ff-transform-data/data/bronze/raw/calendar/2026/03_yellow.html,2026-09-03T07:55:33Z
Mar 2,9:30pm,CAD,orange,Manufacturing PMI,51.0,N/A,50.4,/Users/datpro/Documents/gitdatpro/ff-transform-data/data/bronze/raw/calendar/2026/03_red.html|/Users/datpro/Documents/gitdatpro/ff-transform-data/data/bronze/raw/calendar/2026/03_orange.html|/Users/datpro/Documents/gitdatpro/ff-transform-data/data/bronze/raw/calendar/2026/03_yellow.html,2026-09-03T07:55:33Z
Mar 2,9:45pm,USD,yellow,Final Manufacturing PMI,51.6,51.2,51.2,/Users/datpro/Documents/gitdatpro/ff-transform-data/data/bronze/raw/calendar/2026/03_red.html|/Users/datpro/Documents/gitdatpro/ff-transform-data/data/bronze/raw/calendar/2026/03_orange.html|/Users/datpro/Documents/gitdatpro/ff-transform-data/data/bronze/raw/calendar/2026/03_yellow.html,2026-09-03T07:55:33Z
Mar 20,2:00pm,EUR,yellow,German PPI m/m,-0.5%,0.3%,-0.6%,/Users/datpro/Documents/gitdatpro/ff-transform-data/data/bronze/raw/calendar/2026/03_red.html|/Users/datpro/Documents/gitdatpro/ff-transform-data/data/bronze/raw/calendar/2026/03_orange.html|/Users/datpro/Documents/gitdatpro/ff-transform-data/data/bronze/raw/calendar/2026/03_yellow.html,2026-09-03T07:55:33Z
Mar 20,2:00pm,GBP,yellow,Public Sector Net Borrowing,14.3B,8.7B,-31.9B,/Users/datpro/Documents/gitdatpro/ff-transform-data/data/bronze/raw/calendar/2026/03_red.html|/Users/datpro/Documents/gitdatpro/ff-transform-data/data/bronze/raw/calendar/2026/03_orange.html|/Users/datpro/Documents/gitdatpro/ff-transform-data/data/bronze/raw/calendar/2026/03_yellow.html,2026-09-03T07:55:33Z
Mar 20,4:00pm,EUR,yellow,Current Account,37.9B,17.2B,13.3B,/Users/datpro/Documents/gitdatpro/ff-transform-data/data/bronze/raw/calendar/2026/03_red.html|/Users/datpro/Documents/gitdatpro/ff-transform-data/data/bronze/raw/calendar/2026/03_orange.html|/Users/datpro/Documents/gitdatpro/ff-transform-data/data/bronze/raw/calendar/2026/03_yellow.html,2026-09-03T07:55:33Z
Mar 20,4:00pm,EUR,yellow,Italian Trade Balance,1.09B,5.65B,5.99B,/Users/datpro/Documents/gitdatpro/ff-transform-data/data/bronze/raw/calendar/2026/03_red.html|/Users/datpro/Documents/gitdatpro/ff-transform-data/data/bronze/raw/calendar/2026/03_orange.html|/Users/datpro/Documents/gitdatpro/ff-transform-data/data/bronze/raw/calendar/2026/03_yellow.html,2026-09-03T07:55:33Z
Mar 20,4:06pm,CNY,yellow,Foreign Direct Investment ytd/y,-5.7%,N/A,-5.7%,/Users/datpro/Documents/gitdatpro/ff-transform-data/data/bronze/raw/calendar/2026/03_red.html|/Users/datpro/Documents/gitdatpro/ff-transform-data/data/bronze/raw/calendar/2026/03_orange.html|/Users/datpro/Documents/gitdatpro/ff-transform-data/data/bronze/raw/calendar/2026/03_yellow.html,2026-09-03T07:55:33Z
Mar 20,5:00pm,EUR,yellow,Trade Balance,12.1B,12.8B,10.3B,/Users/datpro/Documents/gitdatpro/ff-transform-data/data/bronze/raw/calendar/2026/03_red.html|/Users/datpro/Documents/gitdatpro/ff-transform-data/data/bronze/raw/calendar/2026/03_orange.html|/Users/datpro/Documents/gitdatpro/ff-transform-data/data/bronze/raw/calendar/2026/03_yellow.html,2026-09-03T07:55:33Z
Mar 20,6:00pm,GBP,yellow,CBI Industrial Order Expectations,-27,-30,-28,/Users/datpro/Documents/gitdatpro/ff-transform-data/data/bronze/raw/calendar/2026/03_red.html|/Users/datpro/Documents/gitdatpro/ff-transform-data/data/bronze/raw/calendar/2026/03_orange.html|/Users/datpro/Documents/gitdatpro/ff-transform-data/data/bronze/raw/calendar/2026/03_yellow.html,2026-09-03T07:55:33Z
Mar 20,7:30pm,CAD,yellow,IPPI m/m,0.4%,1.1%,2.8%,/Users/datpro/Documents/gitdatpro/ff-transform-data/data/bronze/raw/calendar/2026/03_red.html|/Users/datpro/Documents/gitdatpro/ff-transform-data/data/bronze/raw/calendar/2026/03_orange.html|/Users/datpro/Documents/gitdatpro/ff-transform-data/data/bronze/raw/calendar/2026/03_yellow.html,2026-09-03T07:55:33Z
Mar 20,7:30pm,CAD,yellow,NHPI m/m,0.3%,-0.2%,-0.4%,/Users/datpro/Documents/gitdatpro/ff-transform-data/data/bronze/raw/calendar/2026/03_red.html|/Users/datpro/Documents/gitdatpro/ff-transform-data/data/bronze/raw/calendar/2026/03_orange.html|/Users/datpro/Documents/gitdatpro/ff-transform-data/data/bronze/raw/calendar/2026/03_yellow.html,2026-09-03T07:55:33Z
Mar 20,7:30pm,CAD,yellow,RMPI m/m,0.6%,2.4%,7.7%,/Users/datpro/Documents/gitdatpro/ff-transform-data/data/bronze/raw/calendar/2026/03_red.html|/Users/datpro/Documents/gitdatpro/ff-transform-data/data/bronze/raw/calendar/2026/03_orange.html|/Users/datpro/Documents/gitdatpro/ff-transform-data/data/bronze/raw/calendar/2026/03_yellow.html,2026-09-03T07:55:33Z
Mar 20,8:00am,CNY,yellow,1-y Loan Prime Rate,3.00%,3.00%,3.00%,/Users/datpro/Documents/gitdatpro/ff-transform-data/data/bronze/raw/calendar/2026/03_red.html|/Users/datpro/Documents/gitdatpro/ff-transform-data/data/bronze/raw/calendar/2026/03_orange.html|/Users/datpro/Documents/gitdatpro/ff-transform-data/data/bronze/raw/calendar/2026/03_yellow.html,2026-09-03T07:55:33Z
Mar 20,8:00am,CNY,yellow,5-y Loan Prime Rate,3.50%,3.50%,3.50%,/Users/datpro/Documents/gitdatpro/ff-transform-data/data/bronze/raw/calendar/2026/03_red.html|/Users/datpro/Documents/gitdatpro/ff-transform-data/data/bronze/raw/calendar/2026/03_orange.html|/Users/datpro/Documents/gitdatpro/ff-transform-data/data/bronze/raw/calendar/2026/03_yellow.html,2026-09-03T07:55:33Z
Mar 20,9:00am,NZD,yellow,Credit Card Spending y/y,-1.1%,N/A,0.9%,/Users/datpro/Documents/gitdatpro/ff-transform-data/data/bronze/raw/calendar/2026/03_red.html|/Users/datpro/Documents/gitdatpro/ff-transform-data/data/bronze/raw/calendar/2026/03_orange.html|/Users/datpro/Documents/gitdatpro/ff-transform-data/data/bronze/raw/calendar/2026/03_yellow.html,2026-09-03T07:55:33Z
Mar 20,9:00pm,CAD,orange,Retail Sales m/m,1.1%,1.4%,-0.4%,/Users/datpro/Documents/gitdatpro/ff-transform-data/data/bronze/raw/calendar/2026/03_red.html|/Users/datpro/Documents/gitdatpro/ff-transform-data/data/bronze/raw/calendar/2026/03_orange.html|/Users/datpro/Documents/gitdatpro/ff-transform-data/data/bronze/raw/calendar/2026/03_yellow.html,2026-09-03T07:55:33Z
Mar 23,10:00pm,EUR,yellow,Consumer Confidence,-16,-15,-12,/Users/datpro/Documents/gitdatpro/ff-transform-data/data/bronze/raw/calendar/2026/03_red.html|/Users/datpro/Documents/gitdatpro/ff-transform-data/data/bronze/raw/calendar/2026/03_orange.html|/Users/datpro/Documents/gitdatpro/ff-transform-data/data/bronze/raw/calendar/2026/03_yellow.html,2026-09-03T07:55:33Z
Mar 23,9:00pm,USD,yellow,Construction Spending m/m,-0.3%,0.1%,0.8%,/Users/datpro/Documents/gitdatpro/ff-transform-data/data/bronze/raw/calendar/2026/03_red.html|/Users/datpro/Documents/gitdatpro/ff-transform-data/data/bronze/raw/calendar/2026/03_orange.html|/Users/datpro/Documents/gitdatpro/ff-transform-data/data/bronze/raw/calendar/2026/03_yellow.html,2026-09-03T07:55:33Z
Mar 24,10:00pm,AUD,yellow,Flash Services PMI,46.6,N/A,52.8,/Users/datpro/Documents/gitdatpro/ff-transform-data/data/bronze/raw/calendar/2026/03_red.html|/Users/datpro/Documents/gitdatpro/ff-transform-data/data/bronze/raw/calendar/2026/03_orange.html|/Users/datpro/Documents/gitdatpro/ff-transform-data/data/bronze/raw/calendar/2026/03_yellow.html,2026-09-03T07:55:33Z
Mar 24,10:00pm,EUR,yellow,German Buba President Nagel Speaks,N/A,N/A,N/A,/Users/datpro/Documents/gitdatpro/ff-transform-data/data/bronze/raw/calendar/2026/03_red.html|/Users/datpro/Documents/gitdatpro/ff-transform-data/data/bronze/raw/calendar/2026/03_orange.html|/Users/datpro/Documents/gitdatpro/ff-transform-data/data/bronze/raw/calendar/2026/03_yellow.html,2026-09-03T07:55:33Z
Mar 24,10:15pm,CHF,yellow,Gov Board Member Tschudin Speaks,N/A,N/A,N/A,/Users/datpro/Documents/gitdatpro/ff-transform-data/data/bronze/raw/calendar/2026/03_red.html|/Users/datpro/Documents/gitdatpro/ff-transform-data/data/bronze/raw/calendar/2026/03_orange.html|/Users/datpro/Documents/gitdatpro/ff-transform-data/data/bronze/raw/calendar/2026/03_yellow.html,2026-09-03T07:55:33Z
Mar 24,3:15pm,EUR,orange,French Flash Manufacturing PMI,50.2,49.4,50.1,/Users/datpro/Documents/gitdatpro/ff-transform-data/data/bronze/raw/calendar/2026/03_red.html|/Users/datpro/Documents/gitdatpro/ff-transform-data/data/bronze/raw/calendar/2026/03_orange.html|/Users/datpro/Documents/gitdatpro/ff-transform-data/data/bronze/raw/calendar/2026/03_yellow.html,2026-09-03T07:55:33Z
Mar 24,3:15pm,EUR,orange,French Flash Services PMI,48.3,49.2,49.6,/Users/datpro/Documents/gitdatpro/ff-transform-data/data/bronze/raw/calendar/2026/03_red.html|/Users/datpro/Documents/gitdatpro/ff-transform-data/data/bronze/raw/calendar/2026/03_orange.html|/Users/datpro/Documents/gitdatpro/ff-transform-data/data/bronze/raw/calendar/2026/03_yellow.html,2026-09-03T07:55:33Z
Mar 24,4:00pm,EUR,yellow,Flash Manufacturing PMI,51.4,49.4,50.8,/Users/datpro/Documents/gitdatpro/ff-transform-data/data/bronze/raw/calendar/2026/03_red.html|/Users/datpro/Documents/gitdatpro/ff-transform-data/data/bronze/raw/calendar/2026/03_orange.html|/Users/datpro/Documents/gitdatpro/ff-transform-data/data/bronze/raw/calendar/2026/03_yellow.html,2026-09-03T07:55:33Z
Mar 24,4:00pm,EUR,yellow,Flash Services PMI,50.1,51.1,51.9,/Users/datpro/Documents/gitdatpro/ff-transform-data/data/bronze/raw/calendar/2026/03_red.html|/Users/datpro/Documents/gitdatpro/ff-transform-data/data/bronze/raw/calendar/2026/03_orange.html|/Users/datpro/Documents/gitdatpro/ff-transform-data/data/bronze/raw/calendar/2026/03_yellow.html,2026-09-03T07:55:33Z
Mar 24,4:30pm,GBP,red,Flash Manufacturing PMI,51.4,50.0,51.7,/Users/datpro/Documents/gitdatpro/ff-transform-data/data/bronze/raw/calendar/2026/03_red.html|/Users/datpro/Documents/gitdatpro/ff-transform-data/data/bronze/raw/calendar/2026/03_orange.html|/Users/datpro/Documents/gitdatpro/ff-transform-data/data/bronze/raw/calendar/2026/03_yellow.html,2026-09-03T07:55:33Z
Mar 24,4:30pm,GBP,red,Flash Services PMI,51.2,52.8,53.9,/Users/datpro/Documents/gitdatpro/ff-transform-data/data/bronze/raw/calendar/2026/03_red.html|/Users/datpro/Documents/gitdatpro/ff-transform-data/data/bronze/raw/calendar/2026/03_orange.html|/Users/datpro/Documents/gitdatpro/ff-transform-data/data/bronze/raw/calendar/2026/03_yellow.html,2026-09-03T07:55:33Z
Mar 24,5:02pm,GBP,yellow,10-y Bond Auction,4.91|3.5,N/A,4.59|3.6,/Users/datpro/Documents/gitdatpro/ff-transform-data/data/bronze/raw/calendar/2026/03_red.html|/Users/datpro/Documents/gitdatpro/ff-transform-data/data/bronze/raw/calendar/2026/03_orange.html|/Users/datpro/Documents/gitdatpro/ff-transform-data/data/bronze/raw/calendar/2026/03_yellow.html,2026-09-03T07:55:33Z
Mar 24,6:00pm,GBP,yellow,CBI Realized Sales,-52,-43,-43,/Users/datpro/Documents/gitdatpro/ff-transform-data/data/bronze/raw/calendar/2026/03_red.html|/Users/datpro/Documents/gitdatpro/ff-transform-data/data/bronze/raw/calendar/2026/03_orange.html|/Users/datpro/Documents/gitdatpro/ff-transform-data/data/bronze/raw/calendar/2026/03_yellow.html,2026-09-03T07:55:33Z
Mar 24,6:30am,JPY,yellow,National Core CPI y/y,1.6%,1.7%,2.0%,/Users/datpro/Documents/gitdatpro/ff-transform-data/data/bronze/raw/calendar/2026/03_red.html|/Users/datpro/Documents/gitdatpro/ff-transform-data/data/bronze/raw/calendar/2026/03_orange.html|/Users/datpro/Documents/gitdatpro/ff-transform-data/data/bronze/raw/calendar/2026/03_yellow.html,2026-09-03T07:55:33Z
Mar 24,7:15pm,USD,yellow,ADP Weekly Employment Change,10.0K,N/A,9.0K,/Users/datpro/Documents/gitdatpro/ff-transform-data/data/bronze/raw/calendar/2026/03_red.html|/Users/datpro/Documents/gitdatpro/ff-transform-data/data/bronze/raw/calendar/2026/03_orange.html|/Users/datpro/Documents/gitdatpro/ff-transform-data/data/bronze/raw/calendar/2026/03_yellow.html,2026-09-03T07:55:33Z
Mar 24,7:30am,JPY,yellow,Flash Manufacturing PMI,51.4,53.2,53.0,/Users/datpro/Documents/gitdatpro/ff-transform-data/data/bronze/raw/calendar/2026/03_red.html|/Users/datpro/Documents/gitdatpro/ff-transform-data/data/bronze/raw/calendar/2026/03_orange.html|/Users/datpro/Documents/gitdatpro/ff-transform-data/data/bronze/raw/calendar/2026/03_yellow.html,2026-09-03T07:55:33Z
Mar 24,7:30pm,USD,yellow,Revised Nonfarm Productivity q/q,1.8%,1.9%,2.8%,/Users/datpro/Documents/gitdatpro/ff-transform-data/data/bronze/raw/calendar/2026/03_red.html|/Users/datpro/Documents/gitdatpro/ff-transform-data/data/bronze/raw/calendar/2026/03_orange.html|/Users/datpro/Documents/gitdatpro/ff-transform-data/data/bronze/raw/calendar/2026/03_yellow.html,2026-09-03T07:55:33Z
Mar 24,7:30pm,USD,yellow,Revised Unit Labor Costs q/q,4.4%,3.6%,2.8%,/Users/datpro/Documents/gitdatpro/ff-transform-data/data/bronze/raw/calendar/2026/03_red.html|/Users/datpro/Documents/gitdatpro/ff-transform-data/data/bronze/raw/calendar/2026/03_orange.html|/Users/datpro/Documents/gitdatpro/ff-transform-data/data/bronze/raw/calendar/2026/03_yellow.html,2026-09-03T07:55:33Z
Mar 24,8:25pm,GBP,yellow,MPC Member Pill Speaks,N/A,N/A,N/A,/Users/datpro/Documents/gitdatpro/ff-transform-data/data/bronze/raw/calendar/2026/03_red.html|/Users/datpro/Documents/gitdatpro/ff-transform-data/data/bronze/raw/calendar/2026/03_orange.html|/Users/datpro/Documents/gitdatpro/ff-transform-data/data/bronze/raw/calendar/2026/03_yellow.html,2026-09-03T07:55:33Z
Mar 24,8:45pm,EUR,red,German Flash Services PMI,51.2,52.5,53.5,/Users/datpro/Documents/gitdatpro/ff-transform-data/data/bronze/raw/calendar/2026/03_red.html|/Users/datpro/Documents/gitdatpro/ff-transform-data/data/bronze/raw/calendar/2026/03_orange.html|/Users/datpro/Documents/gitdatpro/ff-transform-data/data/bronze/raw/calendar/2026/03_yellow.html,2026-09-03T07:55:33Z
Mar 24,8:45pm,USD,red,Flash Manufacturing PMI,52.4,51.5,51.6,/Users/datpro/Documents/gitdatpro/ff-transform-data/data/bronze/raw/calendar/2026/03_red.html|/Users/datpro/Documents/gitdatpro/ff-transform-data/data/bronze/raw/calendar/2026/03_orange.html|/Users/datpro/Documents/gitdatpro/ff-transform-data/data/bronze/raw/calendar/2026/03_yellow.html,2026-09-03T07:55:33Z
Mar 24,8:45pm,USD,red,Flash Services PMI,51.1,52.0,51.7,/Users/datpro/Documents/gitdatpro/ff-transform-data/data/bronze/raw/calendar/2026/03_red.html|/Users/datpro/Documents/gitdatpro/ff-transform-data/data/bronze/raw/calendar/2026/03_orange.html|/Users/datpro/Documents/gitdatpro/ff-transform-data/data/bronze/raw/calendar/2026/03_yellow.html,2026-09-03T07:55:33Z
Mar 24,9:00pm,USD,orange,Richmond Manufacturing Index,0,-8,-10,/Users/datpro/Documents/gitdatpro/ff-transform-data/data/bronze/raw/calendar/2026/03_red.html|/Users/datpro/Documents/gitdatpro/ff-transform-data/data/bronze/raw/calendar/2026/03_orange.html|/Users/datpro/Documents/gitdatpro/ff-transform-data/data/bronze/raw/calendar/2026/03_yellow.html,2026-09-03T07:55:33Z
Mar 25,2:00pm,GBP,red,CPI y/y,3.0%,3.0%,3.0%,/Users/datpro/Documents/gitdatpro/ff-transform-data/data/bronze/raw/calendar/2026/03_red.html|/Users/datpro/Documents/gitdatpro/ff-transform-data/data/bronze/raw/calendar/2026/03_orange.html|/Users/datpro/Documents/gitdatpro/ff-transform-data/data/bronze/raw/calendar/2026/03_yellow.html,2026-09-03T07:55:33Z
Mar 25,2:00pm,GBP,yellow,Core CPI y/y,3.2%,3.1%,3.1%,/Users/datpro/Documents/gitdatpro/ff-transform-data/data/bronze/raw/calendar/2026/03_red.html|/Users/datpro/Documents/gitdatpro/ff-transform-data/data/bronze/raw/calendar/2026/03_orange.html|/Users/datpro/Documents/gitdatpro/ff-transform-data/data/bronze/raw/calendar/2026/03_yellow.html,2026-09-03T07:55:33Z
Mar 25,2:00pm,GBP,yellow,PPI Input m/m,0.8%,0.5%,0.3%,/Users/datpro/Documents/gitdatpro/ff-transform-data/data/bronze/raw/calendar/2026/03_red.html|/Users/datpro/Documents/gitdatpro/ff-transform-data/data/bronze/raw/calendar/2026/03_orange.html|/Users/datpro/Documents/gitdatpro/ff-transform-data/data/bronze/raw/calendar/2026/03_yellow.html,2026-09-03T07:55:33Z
Mar 25,2:00pm,GBP,yellow,PPI Output m/m,-0.5%,0.3%,0.0%,/Users/datpro/Documents/gitdatpro/ff-transform-data/data/bronze/raw/calendar/2026/03_red.html|/Users/datpro/Documents/gitdatpro/ff-transform-data/data/bronze/raw/calendar/2026/03_orange.html|/Users/datpro/Documents/gitdatpro/ff-transform-data/data/bronze/raw/calendar/2026/03_yellow.html,2026-09-03T07:55:33Z
Mar 25,2:00pm,GBP,yellow,RPI y/y,3.6%,3.7%,3.8%,/Users/datpro/Documents/gitdatpro/ff-transform-data/data/bronze/raw/calendar/2026/03_red.html|/Users/datpro/Documents/gitdatpro/ff-transform-data/data/bronze/raw/calendar/2026/03_orange.html|/Users/datpro/Documents/gitdatpro/ff-transform-data/data/bronze/raw/calendar/2026/03_yellow.html,2026-09-03T07:55:33Z
Mar 25,3:45pm,EUR,orange,ECB President Lagarde Speaks,N/A,N/A,N/A,/Users/datpro/Documents/gitdatpro/ff-transform-data/data/bronze/raw/calendar/2026/03_red.html|/Users/datpro/Documents/gitdatpro/ff-transform-data/data/bronze/raw/calendar/2026/03_orange.html|/Users/datpro/Documents/gitdatpro/ff-transform-data/data/bronze/raw/calendar/2026/03_yellow.html,2026-09-03T07:55:33Z
Mar 25,4:00pm,CHF,yellow,UBS Economic Expectations,-35.0,N/A,9.8,/Users/datpro/Documents/gitdatpro/ff-transform-data/data/bronze/raw/calendar/2026/03_red.html|/Users/datpro/Documents/gitdatpro/ff-transform-data/data/bronze/raw/calendar/2026/03_orange.html|/Users/datpro/Documents/gitdatpro/ff-transform-data/data/bronze/raw/calendar/2026/03_yellow.html,2026-09-03T07:55:33Z
Mar 25,4:00pm,EUR,yellow,German ifo Business Climate,86.4,86.2,88.4,/Users/datpro/Documents/gitdatpro/ff-transform-data/data/bronze/raw/calendar/2026/03_red.html|/Users/datpro/Documents/gitdatpro/ff-transform-data/data/bronze/raw/calendar/2026/03_orange.html|/Users/datpro/Documents/gitdatpro/ff-transform-data/data/bronze/raw/calendar/2026/03_yellow.html,2026-09-03T07:55:33Z
Mar 25,4:30pm,GBP,yellow,HPI y/y,1.3%,1.7%,1.9%,/Users/datpro/Documents/gitdatpro/ff-transform-data/data/bronze/raw/calendar/2026/03_red.html|/Users/datpro/Documents/gitdatpro/ff-transform-data/data/bronze/raw/calendar/2026/03_orange.html|/Users/datpro/Documents/gitdatpro/ff-transform-data/data/bronze/raw/calendar/2026/03_yellow.html,2026-09-03T07:55:33Z
Mar 25,5:00am,USD,yellow,FOMC Member Goolsbee Speaks,N/A,N/A,N/A,/Users/datpro/Documents/gitdatpro/ff-transform-data/data/bronze/raw/calendar/2026/03_red.html|/Users/datpro/Documents/gitdatpro/ff-transform-data/data/bronze/raw/calendar/2026/03_orange.html|/Users/datpro/Documents/gitdatpro/ff-transform-data/data/bronze/raw/calendar/2026/03_yellow.html,2026-09-03T07:55:33Z
Mar 25,5:30am,USD,yellow,FOMC Member Barr Speaks,N/A,N/A,N/A,/Users/datpro/Documents/gitdatpro/ff-transform-data/data/bronze/raw/calendar/2026/03_red.html|/Users/datpro/Documents/gitdatpro/ff-transform-data/data/bronze/raw/calendar/2026/03_orange.html|/Users/datpro/Documents/gitdatpro/ff-transform-data/data/bronze/raw/calendar/2026/03_yellow.html,2026-09-03T07:55:33Z
Mar 25,6:50am,JPY,yellow,Monetary Policy Meeting Minutes,N/A,N/A,N/A,/Users/datpro/Documents/gitdatpro/ff-transform-data/data/bronze/raw/calendar/2026/03_red.html|/Users/datpro/Documents/gitdatpro/ff-transform-data/data/bronze/raw/calendar/2026/03_orange.html|/Users/datpro/Documents/gitdatpro/ff-transform-data/data/bronze/raw/calendar/2026/03_yellow.html,2026-09-03T07:55:33Z
Mar 25,7:00pm,GBP,yellow,MPC Member Greene Speaks,N/A,N/A,N/A,/Users/datpro/Documents/gitdatpro/ff-transform-data/data/bronze/raw/calendar/2026/03_red.html|/Users/datpro/Documents/gitdatpro/ff-transform-data/data/bronze/raw/calendar/2026/03_orange.html|/Users/datpro/Documents/gitdatpro/ff-transform-data/data/bronze/raw/calendar/2026/03_yellow.html,2026-09-03T07:55:33Z
Mar 25,7:30pm,USD,yellow,Current Account,-191B,-211B,-239B,/Users/datpro/Documents/gitdatpro/ff-transform-data/data/bronze/raw/calendar/2026/03_red.html|/Users/datpro/Documents/gitdatpro/ff-transform-data/data/bronze/raw/calendar/2026/03_orange.html|/Users/datpro/Documents/gitdatpro/ff-transform-data/data/bronze/raw/calendar/2026/03_yellow.html,2026-09-03T07:55:33Z
Mar 25,7:30pm,USD,yellow,Import Prices m/m,1.3%,0.6%,0.6%,/Users/datpro/Documents/gitdatpro/ff-transform-data/data/bronze/raw/calendar/2026/03_red.html|/Users/datpro/Documents/gitdatpro/ff-transform-data/data/bronze/raw/calendar/2026/03_orange.html|/Users/datpro/Documents/gitdatpro/ff-transform-data/data/bronze/raw/calendar/2026/03_yellow.html,2026-09-03T07:55:33Z
Mar 25,8:00pm,CNY,yellow,CB Leading Index m/m,-0.2%,N/A,0.1%,/Users/datpro/Documents/gitdatpro/ff-transform-data/data/bronze/raw/calendar/2026/03_red.html|/Users/datpro/Documents/gitdatpro/ff-transform-data/data/bronze/raw/calendar/2026/03_orange.html|/Users/datpro/Documents/gitdatpro/ff-transform-data/data/bronze/raw/calendar/2026/03_yellow.html,2026-09-03T07:55:33Z
Mar 25,8:28pm,EUR,yellow,Belgian NBB Business Climate,-13.7,-14.8,-13.7,/Users/datpro/Documents/gitdatpro/ff-transform-data/data/bronze/raw/calendar/2026/03_red.html|/Users/datpro/Documents/gitdatpro/ff-transform-data/data/bronze/raw/calendar/2026/03_orange.html|/Users/datpro/Documents/gitdatpro/ff-transform-data/data/bronze/raw/calendar/2026/03_yellow.html,2026-09-03T07:55:33Z
Mar 25,8:45pm,AUD,red,CPI y/y,3.7%,3.8%,3.8%,/Users/datpro/Documents/gitdatpro/ff-transform-data/data/bronze/raw/calendar/2026/03_red.html|/Users/datpro/Documents/gitdatpro/ff-transform-data/data/bronze/raw/calendar/2026/03_orange.html|/Users/datpro/Documents/gitdatpro/ff-transform-data/data/bronze/raw/calendar/2026/03_yellow.html,2026-09-03T07:55:33Z
Mar 25,8:45pm,AUD,red,Trimmed Mean CPI m/m,0.2%,0.3%,0.3%,/Users/datpro/Documents/gitdatpro/ff-transform-data/data/bronze/raw/calendar/2026/03_red.html|/Users/datpro/Documents/gitdatpro/ff-transform-data/data/bronze/raw/calendar/2026/03_orange.html|/Users/datpro/Documents/gitdatpro/ff-transform-data/data/bronze/raw/calendar/2026/03_yellow.html,2026-09-03T07:55:33Z
Mar 25,9:00pm,CHF,yellow,SNB Quarterly Bulletin,N/A,N/A,N/A,/Users/datpro/Documents/gitdatpro/ff-transform-data/data/bronze/raw/calendar/2026/03_red.html|/Users/datpro/Documents/gitdatpro/ff-transform-data/data/bronze/raw/calendar/2026/03_orange.html|/Users/datpro/Documents/gitdatpro/ff-transform-data/data/bronze/raw/calendar/2026/03_yellow.html,2026-09-03T07:55:33Z
Mar 25,9:30pm,USD,yellow,Crude Oil Inventories,6.9M,-1.3M,6.2M,/Users/datpro/Documents/gitdatpro/ff-transform-data/data/bronze/raw/calendar/2026/03_red.html|/Users/datpro/Documents/gitdatpro/ff-transform-data/data/bronze/raw/calendar/2026/03_orange.html|/Users/datpro/Documents/gitdatpro/ff-transform-data/data/bronze/raw/calendar/2026/03_yellow.html,2026-09-03T07:55:33Z
Mar 25,9:40am,AUD,yellow,RBA Assist Gov Jones Speaks,N/A,N/A,N/A,/Users/datpro/Documents/gitdatpro/ff-transform-data/data/bronze/raw/calendar/2026/03_red.html|/Users/datpro/Documents/gitdatpro/ff-transform-data/data/bronze/raw/calendar/2026/03_orange.html|/Users/datpro/Documents/gitdatpro/ff-transform-data/data/bronze/raw/calendar/2026/03_yellow.html,2026-09-03T07:55:33Z
Mar 26,11:00pm,GBP,yellow,MPC Member Taylor Speaks,N/A,N/A,N/A,/Users/datpro/Documents/gitdatpro/ff-transform-data/data/bronze/raw/calendar/2026/03_red.html|/Users/datpro/Documents/gitdatpro/ff-transform-data/data/bronze/raw/calendar/2026/03_orange.html|/Users/datpro/Documents/gitdatpro/ff-transform-data/data/bronze/raw/calendar/2026/03_yellow.html,2026-09-03T07:55:33Z
Mar 26,11:30pm,GBP,yellow,MPC Member Greene Speaks,N/A,N/A,N/A,/Users/datpro/Documents/gitdatpro/ff-transform-data/data/bronze/raw/calendar/2026/03_red.html|/Users/datpro/Documents/gitdatpro/ff-transform-data/data/bronze/raw/calendar/2026/03_orange.html|/Users/datpro/Documents/gitdatpro/ff-transform-data/data/bronze/raw/calendar/2026/03_yellow.html,2026-09-03T07:55:33Z
Mar 26,12:02pm,JPY,yellow,BOJ Core CPI y/y,1.7%,1.6%,1.7%,/Users/datpro/Documents/gitdatpro/ff-transform-data/data/bronze/raw/calendar/2026/03_red.html|/Users/datpro/Documents/gitdatpro/ff-transform-data/data/bronze/raw/calendar/2026/03_orange.html|/Users/datpro/Documents/gitdatpro/ff-transform-data/data/bronze/raw/calendar/2026/03_yellow.html,2026-09-03T07:55:33Z
Mar 26,2:00pm,EUR,yellow,German GfK Consumer Climate,-28.0,-27.3,-24.8,/Users/datpro/Documents/gitdatpro/ff-transform-data/data/bronze/raw/calendar/2026/03_red.html|/Users/datpro/Documents/gitdatpro/ff-transform-data/data/bronze/raw/calendar/2026/03_orange.html|/Users/datpro/Documents/gitdatpro/ff-transform-data/data/bronze/raw/calendar/2026/03_yellow.html,2026-09-03T07:55:33Z
Mar 26,4:00pm,EUR,yellow,M3 Money Supply y/y,3.0%,3.3%,3.2%,/Users/datpro/Documents/gitdatpro/ff-transform-data/data/bronze/raw/calendar/2026/03_red.html|/Users/datpro/Documents/gitdatpro/ff-transform-data/data/bronze/raw/calendar/2026/03_orange.html|/Users/datpro/Documents/gitdatpro/ff-transform-data/data/bronze/raw/calendar/2026/03_yellow.html,2026-09-03T07:55:33Z
Mar 26,4:00pm,EUR,yellow,Private Loans y/y,3.0%,3.1%,3.0%,/Users/datpro/Documents/gitdatpro/ff-transform-data/data/bronze/raw/calendar/2026/03_red.html|/Users/datpro/Documents/gitdatpro/ff-transform-data/data/bronze/raw/calendar/2026/03_orange.html|/Users/datpro/Documents/gitdatpro/ff-transform-data/data/bronze/raw/calendar/2026/03_yellow.html,2026-09-03T07:55:33Z
Mar 26,4:30pm,GBP,yellow,MPC Member Breeden Speaks,N/A,N/A,N/A,/Users/datpro/Documents/gitdatpro/ff-transform-data/data/bronze/raw/calendar/2026/03_red.html|/Users/datpro/Documents/gitdatpro/ff-transform-data/data/bronze/raw/calendar/2026/03_orange.html|/Users/datpro/Documents/gitdatpro/ff-transform-data/data/bronze/raw/calendar/2026/03_yellow.html,2026-09-03T07:55:33Z
Mar 26,5:02pm,GBP,yellow,30-y Bond Auction,5.52|3.8,N/A,5.29|3.2,/Users/datpro/Documents/gitdatpro/ff-transform-data/data/bronze/raw/calendar/2026/03_red.html|/Users/datpro/Documents/gitdatpro/ff-transform-data/data/bronze/raw/calendar/2026/03_orange.html|/Users/datpro/Documents/gitdatpro/ff-transform-data/data/bronze/raw/calendar/2026/03_yellow.html,2026-09-03T07:55:33Z
Mar 26,5:15am,AUD,yellow,RBA Assist Gov Kent Speaks,N/A,N/A,N/A,/Users/datpro/Documents/gitdatpro/ff-transform-data/data/bronze/raw/calendar/2026/03_red.html|/Users/datpro/Documents/gitdatpro/ff-transform-data/data/bronze/raw/calendar/2026/03_orange.html|/Users/datpro/Documents/gitdatpro/ff-transform-data/data/bronze/raw/calendar/2026/03_yellow.html,2026-09-03T07:55:33Z
Mar 26,6:00pm,EUR,yellow,German Buba Monthly Report,N/A,N/A,N/A,/Users/datpro/Documents/gitdatpro/ff-transform-data/data/bronze/raw/calendar/2026/03_red.html|/Users/datpro/Documents/gitdatpro/ff-transform-data/data/bronze/raw/calendar/2026/03_orange.html|/Users/datpro/Documents/gitdatpro/ff-transform-data/data/bronze/raw/calendar/2026/03_yellow.html,2026-09-03T07:55:33Z
Mar 26,6:50am,JPY,yellow,SPPI y/y,2.7%,2.6%,2.6%,/Users/datpro/Documents/gitdatpro/ff-transform-data/data/bronze/raw/calendar/2026/03_red.html|/Users/datpro/Documents/gitdatpro/ff-transform-data/data/bronze/raw/calendar/2026/03_orange.html|/Users/datpro/Documents/gitdatpro/ff-transform-data/data/bronze/raw/calendar/2026/03_yellow.html,2026-09-03T07:55:33Z
Mar 26,7:30am,AUD,yellow,NAB Quarterly Business Confidence,-4,N/A,0,/Users/datpro/Documents/gitdatpro/ff-transform-data/data/bronze/raw/calendar/2026/03_red.html|/Users/datpro/Documents/gitdatpro/ff-transform-data/data/bronze/raw/calendar/2026/03_orange.html|/Users/datpro/Documents/gitdatpro/ff-transform-data/data/bronze/raw/calendar/2026/03_yellow.html,2026-09-03T07:55:33Z
Mar 26,9:30pm,USD,yellow,Natural Gas Storage,-54B,-49B,35B,/Users/datpro/Documents/gitdatpro/ff-transform-data/data/bronze/raw/calendar/2026/03_red.html|/Users/datpro/Documents/gitdatpro/ff-transform-data/data/bronze/raw/calendar/2026/03_orange.html|/Users/datpro/Documents/gitdatpro/ff-transform-data/data/bronze/raw/calendar/2026/03_yellow.html,2026-09-03T07:55:33Z
Mar 27,10:00pm,USD,yellow,FOMC Member Barkin Speaks,N/A,N/A,N/A,/Users/datpro/Documents/gitdatpro/ff-transform-data/data/bronze/raw/calendar/2026/03_red.html|/Users/datpro/Documents/gitdatpro/ff-transform-data/data/bronze/raw/calendar/2026/03_orange.html|/Users/datpro/Documents/gitdatpro/ff-transform-data/data/bronze/raw/calendar/2026/03_yellow.html,2026-09-03T07:55:33Z
Mar 27,10:30pm,USD,yellow,FOMC Member Daly Speaks,N/A,N/A,N/A,/Users/datpro/Documents/gitdatpro/ff-transform-data/data/bronze/raw/calendar/2026/03_red.html|/Users/datpro/Documents/gitdatpro/ff-transform-data/data/bronze/raw/calendar/2026/03_orange.html|/Users/datpro/Documents/gitdatpro/ff-transform-data/data/bronze/raw/calendar/2026/03_yellow.html,2026-09-03T07:55:33Z
Mar 27,10:30pm,USD,yellow,FOMC Member Paulson Speaks,N/A,N/A,N/A,/Users/datpro/Documents/gitdatpro/ff-transform-data/data/bronze/raw/calendar/2026/03_red.html|/Users/datpro/Documents/gitdatpro/ff-transform-data/data/bronze/raw/calendar/2026/03_orange.html|/Users/datpro/Documents/gitdatpro/ff-transform-data/data/bronze/raw/calendar/2026/03_yellow.html,2026-09-03T07:55:33Z
Mar 27,3:00am,USD,yellow,FOMC Member Cook Speaks,N/A,N/A,N/A,/Users/datpro/Documents/gitdatpro/ff-transform-data/data/bronze/raw/calendar/2026/03_red.html|/Users/datpro/Documents/gitdatpro/ff-transform-data/data/bronze/raw/calendar/2026/03_orange.html|/Users/datpro/Documents/gitdatpro/ff-transform-data/data/bronze/raw/calendar/2026/03_yellow.html,2026-09-03T07:55:33Z
Mar 27,3:00pm,EUR,yellow,Spanish Flash CPI y/y,3.3%,3.6%,2.3%,/Users/datpro/Documents/gitdatpro/ff-transform-data/data/bronze/raw/calendar/2026/03_red.html|/Users/datpro/Documents/gitdatpro/ff-transform-data/data/bronze/raw/calendar/2026/03_orange.html|/Users/datpro/Documents/gitdatpro/ff-transform-data/data/bronze/raw/calendar/2026/03_yellow.html,2026-09-03T07:55:33Z
Mar 27,5:04pm,EUR,yellow,Italian 10-y Bond Auction,4.09|1.7,N/A,3.31|1.5,/Users/datpro/Documents/gitdatpro/ff-transform-data/data/bronze/raw/calendar/2026/03_red.html|/Users/datpro/Documents/gitdatpro/ff-transform-data/data/bronze/raw/calendar/2026/03_orange.html|/Users/datpro/Documents/gitdatpro/ff-transform-data/data/bronze/raw/calendar/2026/03_yellow.html,2026-09-03T07:55:33Z
Mar 27,5:30am,USD,yellow,FOMC Member Miran Speaks,N/A,N/A,N/A,/Users/datpro/Documents/gitdatpro/ff-transform-data/data/bronze/raw/calendar/2026/03_red.html|/Users/datpro/Documents/gitdatpro/ff-transform-data/data/bronze/raw/calendar/2026/03_orange.html|/Users/datpro/Documents/gitdatpro/ff-transform-data/data/bronze/raw/calendar/2026/03_yellow.html,2026-09-03T07:55:33Z
Mar 27,6:00am,USD,yellow,FOMC Member Jefferson Speaks,N/A,N/A,N/A,/Users/datpro/Documents/gitdatpro/ff-transform-data/data/bronze/raw/calendar/2026/03_red.html|/Users/datpro/Documents/gitdatpro/ff-transform-data/data/bronze/raw/calendar/2026/03_orange.html|/Users/datpro/Documents/gitdatpro/ff-transform-data/data/bronze/raw/calendar/2026/03_yellow.html,2026-09-03T07:55:33Z
Mar 27,6:10am,USD,yellow,FOMC Member Barr Speaks,N/A,N/A,N/A,/Users/datpro/Documents/gitdatpro/ff-transform-data/data/bronze/raw/calendar/2026/03_red.html|/Users/datpro/Documents/gitdatpro/ff-transform-data/data/bronze/raw/calendar/2026/03_orange.html|/Users/datpro/Documents/gitdatpro/ff-transform-data/data/bronze/raw/calendar/2026/03_yellow.html,2026-09-03T07:55:33Z
Mar 27,7:01am,GBP,yellow,GfK Consumer Confidence,-21,-24,-19,/Users/datpro/Documents/gitdatpro/ff-transform-data/data/bronze/raw/calendar/2026/03_red.html|/Users/datpro/Documents/gitdatpro/ff-transform-data/data/bronze/raw/calendar/2026/03_orange.html|/Users/datpro/Documents/gitdatpro/ff-transform-data/data/bronze/raw/calendar/2026/03_yellow.html,2026-09-03T07:55:33Z
Mar 27,9:00pm,USD,orange,Revised UoM Consumer Sentiment,53.3,53.9,55.5,/Users/datpro/Documents/gitdatpro/ff-transform-data/data/bronze/raw/calendar/2026/03_red.html|/Users/datpro/Documents/gitdatpro/ff-transform-data/data/bronze/raw/calendar/2026/03_orange.html|/Users/datpro/Documents/gitdatpro/ff-transform-data/data/bronze/raw/calendar/2026/03_yellow.html,2026-09-03T07:55:33Z
Mar 27,9:00pm,USD,yellow,Revised UoM Inflation Expectations,3.8%,N/A,3.4%,/Users/datpro/Documents/gitdatpro/ff-transform-data/data/bronze/raw/calendar/2026/03_red.html|/Users/datpro/Documents/gitdatpro/ff-transform-data/data/bronze/raw/calendar/2026/03_orange.html|/Users/datpro/Documents/gitdatpro/ff-transform-data/data/bronze/raw/calendar/2026/03_yellow.html,2026-09-03T07:55:33Z
Mar 27,All Day,EUR,yellow,Eurogroup Meetings,N/A,N/A,N/A,/Users/datpro/Documents/gitdatpro/ff-transform-data/data/bronze/raw/calendar/2026/03_red.html|/Users/datpro/Documents/gitdatpro/ff-transform-data/data/bronze/raw/calendar/2026/03_orange.html|/Users/datpro/Documents/gitdatpro/ff-transform-data/data/bronze/raw/calendar/2026/03_yellow.html,2026-09-03T07:55:33Z
Mar 3,10:01pm,USD,yellow,RCM/TIPP Economic Optimism,47.5,50.1,48.8,/Users/datpro/Documents/gitdatpro/ff-transform-data/data/bronze/raw/calendar/2026/03_red.html|/Users/datpro/Documents/gitdatpro/ff-transform-data/data/bronze/raw/calendar/2026/03_orange.html|/Users/datpro/Documents/gitdatpro/ff-transform-data/data/bronze/raw/calendar/2026/03_yellow.html,2026-09-03T07:55:33Z
Mar 3,10:10pm,USD,yellow,FOMC Member Schmid Speaks,N/A,N/A,N/A,/Users/datpro/Documents/gitdatpro/ff-transform-data/data/bronze/raw/calendar/2026/03_red.html|/Users/datpro/Documents/gitdatpro/ff-transform-data/data/bronze/raw/calendar/2026/03_orange.html|/Users/datpro/Documents/gitdatpro/ff-transform-data/data/bronze/raw/calendar/2026/03_yellow.html,2026-09-03T07:55:33Z
Mar 3,10:26pm,NZD,yellow,GDT Price Index,5.7%,N/A,3.6%,/Users/datpro/Documents/gitdatpro/ff-transform-data/data/bronze/raw/calendar/2026/03_red.html|/Users/datpro/Documents/gitdatpro/ff-transform-data/data/bronze/raw/calendar/2026/03_orange.html|/Users/datpro/Documents/gitdatpro/ff-transform-data/data/bronze/raw/calendar/2026/03_yellow.html,2026-09-03T07:55:33Z
Mar 3,10:35am,JPY,yellow,10-y Bond Auction,2.12|3.3,N/A,2.25|3.0,/Users/datpro/Documents/gitdatpro/ff-transform-data/data/bronze/raw/calendar/2026/03_red.html|/Users/datpro/Documents/gitdatpro/ff-transform-data/data/bronze/raw/calendar/2026/03_orange.html|/Users/datpro/Documents/gitdatpro/ff-transform-data/data/bronze/raw/calendar/2026/03_yellow.html,2026-09-03T07:55:33Z
Mar 3,11:00am,JPY,red,BOJ Gov Ueda Speaks,N/A,N/A,N/A,/Users/datpro/Documents/gitdatpro/ff-transform-data/data/bronze/raw/calendar/2026/03_red.html|/Users/datpro/Documents/gitdatpro/ff-transform-data/data/bronze/raw/calendar/2026/03_orange.html|/Users/datpro/Documents/gitdatpro/ff-transform-data/data/bronze/raw/calendar/2026/03_yellow.html,2026-09-03T07:55:33Z
Mar 3,11:00pm,EUR,orange,CPI Flash Estimate y/y,1.9%,1.7%,1.7%,/Users/datpro/Documents/gitdatpro/ff-transform-data/data/bronze/raw/calendar/2026/03_red.html|/Users/datpro/Documents/gitdatpro/ff-transform-data/data/bronze/raw/calendar/2026/03_orange.html|/Users/datpro/Documents/gitdatpro/ff-transform-data/data/bronze/raw/calendar/2026/03_yellow.html,2026-09-03T07:55:33Z
Mar 3,11:45pm,USD,yellow,FOMC Member Kashkari Speaks,N/A,N/A,N/A,/Users/datpro/Documents/gitdatpro/ff-transform-data/data/bronze/raw/calendar/2026/03_red.html|/Users/datpro/Documents/gitdatpro/ff-transform-data/data/bronze/raw/calendar/2026/03_orange.html|/Users/datpro/Documents/gitdatpro/ff-transform-data/data/bronze/raw/calendar/2026/03_yellow.html,2026-09-03T07:55:33Z
Mar 3,2:45pm,EUR,yellow,French Gov Budget Balance,-9.7B,N/A,-124.7B,/Users/datpro/Documents/gitdatpro/ff-transform-data/data/bronze/raw/calendar/2026/03_red.html|/Users/datpro/Documents/gitdatpro/ff-transform-data/data/bronze/raw/calendar/2026/03_orange.html|/Users/datpro/Documents/gitdatpro/ff-transform-data/data/bronze/raw/calendar/2026/03_yellow.html,2026-09-03T07:55:33Z
Mar 3,3:00pm,EUR,yellow,Spanish Unemployment Change,3.6K,26.7K,30.4K,/Users/datpro/Documents/gitdatpro/ff-transform-data/data/bronze/raw/calendar/2026/03_red.html|/Users/datpro/Documents/gitdatpro/ff-transform-data/data/bronze/raw/calendar/2026/03_orange.html|/Users/datpro/Documents/gitdatpro/ff-transform-data/data/bronze/raw/calendar/2026/03_yellow.html,2026-09-03T07:55:33Z
Mar 3,5:00pm,EUR,yellow,Italian Prelim CPI m/m,0.8%,0.3%,0.4%,/Users/datpro/Documents/gitdatpro/ff-transform-data/data/bronze/raw/calendar/2026/03_red.html|/Users/datpro/Documents/gitdatpro/ff-transform-data/data/bronze/raw/calendar/2026/03_orange.html|/Users/datpro/Documents/gitdatpro/ff-transform-data/data/bronze/raw/calendar/2026/03_yellow.html,2026-09-03T07:55:33Z
Mar 3,6:30am,JPY,yellow,Unemployment Rate,2.7%,2.6%,2.6%,/Users/datpro/Documents/gitdatpro/ff-transform-data/data/bronze/raw/calendar/2026/03_red.html|/Users/datpro/Documents/gitdatpro/ff-transform-data/data/bronze/raw/calendar/2026/03_orange.html|/Users/datpro/Documents/gitdatpro/ff-transform-data/data/bronze/raw/calendar/2026/03_yellow.html,2026-09-03T07:55:33Z
Mar 3,6:50am,JPY,yellow,Capital Spending q/y,6.5%,3.0%,2.9%,/Users/datpro/Documents/gitdatpro/ff-transform-data/data/bronze/raw/calendar/2026/03_red.html|/Users/datpro/Documents/gitdatpro/ff-transform-data/data/bronze/raw/calendar/2026/03_orange.html|/Users/datpro/Documents/gitdatpro/ff-transform-data/data/bronze/raw/calendar/2026/03_yellow.html,2026-09-03T07:55:33Z
Mar 3,6:50am,JPY,yellow,Monetary Base y/y,-10.6%,-9.8%,-9.5%,/Users/datpro/Documents/gitdatpro/ff-transform-data/data/bronze/raw/calendar/2026/03_red.html|/Users/datpro/Documents/gitdatpro/ff-transform-data/data/bronze/raw/calendar/2026/03_orange.html|/Users/datpro/Documents/gitdatpro/ff-transform-data/data/bronze/raw/calendar/2026/03_yellow.html,2026-09-03T07:55:33Z
Mar 3,7:01am,GBP,yellow,BRC Shop Price Index y/y,1.1%,1.4%,1.5%,/Users/datpro/Documents/gitdatpro/ff-transform-data/data/bronze/raw/calendar/2026/03_red.html|/Users/datpro/Documents/gitdatpro/ff-transform-data/data/bronze/raw/calendar/2026/03_orange.html|/Users/datpro/Documents/gitdatpro/ff-transform-data/data/bronze/raw/calendar/2026/03_yellow.html,2026-09-03T07:55:33Z
Mar 3,7:30am,AUD,yellow,Building Approvals m/m,-7.2%,5.4%,-14.9%,/Users/datpro/Documents/gitdatpro/ff-transform-data/data/bronze/raw/calendar/2026/03_red.html|/Users/datpro/Documents/gitdatpro/ff-transform-data/data/bronze/raw/calendar/2026/03_orange.html|/Users/datpro/Documents/gitdatpro/ff-transform-data/data/bronze/raw/calendar/2026/03_yellow.html,2026-09-03T07:55:33Z
Mar 3,7:30am,AUD,yellow,Current Account,-21.1B,-16.8B,-18.3B,/Users/datpro/Documents/gitdatpro/ff-transform-data/data/bronze/raw/calendar/2026/03_red.html|/Users/datpro/Documents/gitdatpro/ff-transform-data/data/bronze/raw/calendar/2026/03_orange.html|/Users/datpro/Documents/gitdatpro/ff-transform-data/data/bronze/raw/calendar/2026/03_yellow.html,2026-09-03T07:55:33Z
Mar 3,7:30pm,GBP,red,Annual Budget Release,N/A,N/A,N/A,/Users/datpro/Documents/gitdatpro/ff-transform-data/data/bronze/raw/calendar/2026/03_red.html|/Users/datpro/Documents/gitdatpro/ff-transform-data/data/bronze/raw/calendar/2026/03_orange.html|/Users/datpro/Documents/gitdatpro/ff-transform-data/data/bronze/raw/calendar/2026/03_yellow.html,2026-09-03T07:55:33Z
Mar 3,8:30pm,USD,yellow,FOMC Member Bowman Speaks,N/A,N/A,N/A,/Users/datpro/Documents/gitdatpro/ff-transform-data/data/bronze/raw/calendar/2026/03_red.html|/Users/datpro/Documents/gitdatpro/ff-transform-data/data/bronze/raw/calendar/2026/03_orange.html|/Users/datpro/Documents/gitdatpro/ff-transform-data/data/bronze/raw/calendar/2026/03_yellow.html,2026-09-03T07:55:33Z
Mar 3,9:55pm,USD,yellow,FOMC Member Williams Speaks,N/A,N/A,N/A,/Users/datpro/Documents/gitdatpro/ff-transform-data/data/bronze/raw/calendar/2026/03_red.html|/Users/datpro/Documents/gitdatpro/ff-transform-data/data/bronze/raw/calendar/2026/03_orange.html|/Users/datpro/Documents/gitdatpro/ff-transform-data/data/bronze/raw/calendar/2026/03_yellow.html,2026-09-03T07:55:33Z
Mar 3,All Day,USD,yellow,Omdia Total Vehicle Sales,15.8M,15.4M,14.9M,/Users/datpro/Documents/gitdatpro/ff-transform-data/data/bronze/raw/calendar/2026/03_red.html|/Users/datpro/Documents/gitdatpro/ff-transform-data/data/bronze/raw/calendar/2026/03_orange.html|/Users/datpro/Documents/gitdatpro/ff-transform-data/data/bronze/raw/calendar/2026/03_yellow.html,2026-09-03T07:55:33Z
Mar 30,2:00pm,CHF,yellow,KOF Economic Barometer,96.1,101.1,103.8,/Users/datpro/Documents/gitdatpro/ff-transform-data/data/bronze/raw/calendar/2026/03_red.html|/Users/datpro/Documents/gitdatpro/ff-transform-data/data/bronze/raw/calendar/2026/03_orange.html|/Users/datpro/Documents/gitdatpro/ff-transform-data/data/bronze/raw/calendar/2026/03_yellow.html,2026-09-03T07:55:33Z
Mar 30,3:30pm,GBP,yellow,M4 Money Supply m/m,0.6%,0.1%,-0.1%,/Users/datpro/Documents/gitdatpro/ff-transform-data/data/bronze/raw/calendar/2026/03_red.html|/Users/datpro/Documents/gitdatpro/ff-transform-data/data/bronze/raw/calendar/2026/03_orange.html|/Users/datpro/Documents/gitdatpro/ff-transform-data/data/bronze/raw/calendar/2026/03_yellow.html,2026-09-03T07:55:33Z
Mar 30,3:30pm,GBP,yellow,Mortgage Approvals,63K,61K,60K,/Users/datpro/Documents/gitdatpro/ff-transform-data/data/bronze/raw/calendar/2026/03_red.html|/Users/datpro/Documents/gitdatpro/ff-transform-data/data/bronze/raw/calendar/2026/03_orange.html|/Users/datpro/Documents/gitdatpro/ff-transform-data/data/bronze/raw/calendar/2026/03_yellow.html,2026-09-03T07:55:33Z
Mar 30,3:30pm,GBP,yellow,Net Lending to Individuals m/m,6.8B,5.6B,6.0B,/Users/datpro/Documents/gitdatpro/ff-transform-data/data/bronze/raw/calendar/2026/03_red.html|/Users/datpro/Documents/gitdatpro/ff-transform-data/data/bronze/raw/calendar/2026/03_orange.html|/Users/datpro/Documents/gitdatpro/ff-transform-data/data/bronze/raw/calendar/2026/03_yellow.html,2026-09-03T07:55:33Z
Mar 31,11:00pm,USD,yellow,FOMC Member Goolsbee Speaks,N/A,N/A,N/A,/Users/datpro/Documents/gitdatpro/ff-transform-data/data/bronze/raw/calendar/2026/03_red.html|/Users/datpro/Documents/gitdatpro/ff-transform-data/data/bronze/raw/calendar/2026/03_orange.html|/Users/datpro/Documents/gitdatpro/ff-transform-data/data/bronze/raw/calendar/2026/03_yellow.html,2026-09-03T07:55:33Z
Mar 31,12:00pm,JPY,yellow,Housing Starts y/y,-4.9%,-4.5%,-0.4%,/Users/datpro/Documents/gitdatpro/ff-transform-data/data/bronze/raw/calendar/2026/03_red.html|/Users/datpro/Documents/gitdatpro/ff-transform-data/data/bronze/raw/calendar/2026/03_orange.html|/Users/datpro/Documents/gitdatpro/ff-transform-data/data/bronze/raw/calendar/2026/03_yellow.html,2026-09-03T07:55:33Z
Mar 31,1:00pm,EUR,yellow,German Import Prices m/m,0.3%,0.7%,1.1%,/Users/datpro/Documents/gitdatpro/ff-transform-data/data/bronze/raw/calendar/2026/03_red.html|/Users/datpro/Documents/gitdatpro/ff-transform-data/data/bronze/raw/calendar/2026/03_orange.html|/Users/datpro/Documents/gitdatpro/ff-transform-data/data/bronze/raw/calendar/2026/03_yellow.html,2026-09-03T07:55:33Z
Mar 31,1:00pm,EUR,yellow,German Retail Sales m/m,-0.6%,0.3%,-1.1%,/Users/datpro/Documents/gitdatpro/ff-transform-data/data/bronze/raw/calendar/2026/03_red.html|/Users/datpro/Documents/gitdatpro/ff-transform-data/data/bronze/raw/calendar/2026/03_orange.html|/Users/datpro/Documents/gitdatpro/ff-transform-data/data/bronze/raw/calendar/2026/03_yellow.html,2026-09-03T07:55:33Z
Mar 31,1:00pm,GBP,yellow,Current Account,-18.4B,-24.0B,-10.7B,/Users/datpro/Documents/gitdatpro/ff-transform-data/data/bronze/raw/calendar/2026/03_red.html|/Users/datpro/Documents/gitdatpro/ff-transform-data/data/bronze/raw/calendar/2026/03_orange.html|/Users/datpro/Documents/gitdatpro/ff-transform-data/data/bronze/raw/calendar/2026/03_yellow.html,2026-09-03T07:55:33Z
Mar 31,1:00pm,GBP,yellow,Final GDP q/q,0.1%,0.1%,0.1%,/Users/datpro/Documents/gitdatpro/ff-transform-data/data/bronze/raw/calendar/2026/03_red.html|/Users/datpro/Documents/gitdatpro/ff-transform-data/data/bronze/raw/calendar/2026/03_orange.html|/Users/datpro/Documents/gitdatpro/ff-transform-data/data/bronze/raw/calendar/2026/03_yellow.html,2026-09-03T07:55:33Z
Mar 31,1:00pm,GBP,yellow,Nationwide HPI m/m,0.9%,0.0%,0.3%,/Users/datpro/Documents/gitdatpro/ff-transform-data/data/bronze/raw/calendar/2026/03_red.html|/Users/datpro/Documents/gitdatpro/ff-transform-data/data/bronze/raw/calendar/2026/03_orange.html|/Users/datpro/Documents/gitdatpro/ff-transform-data/data/bronze/raw/calendar/2026/03_yellow.html,2026-09-03T07:55:33Z
Mar 31,1:00pm,GBP,yellow,Revised Business Investment q/q,-2.5%,-2.7%,-2.7%,/Users/datpro/Documents/gitdatpro/ff-transform-data/data/bronze/raw/calendar/2026/03_red.html|/Users/datpro/Documents/gitdatpro/ff-transform-data/data/bronze/raw/calendar/2026/03_orange.html|/Users/datpro/Documents/gitdatpro/ff-transform-data/data/bronze/raw/calendar/2026/03_yellow.html,2026-09-03T07:55:33Z
Mar 31,1:45pm,EUR,yellow,French Consumer Spending m/m,-1.4%,-0.3%,0.4%,/Users/datpro/Documents/gitdatpro/ff-transform-data/data/bronze/raw/calendar/2026/03_red.html|/Users/datpro/Documents/gitdatpro/ff-transform-data/data/bronze/raw/calendar/2026/03_orange.html|/Users/datpro/Documents/gitdatpro/ff-transform-data/data/bronze/raw/calendar/2026/03_yellow.html,2026-09-03T07:55:33Z
Mar 31,1:45pm,EUR,yellow,French Prelim CPI m/m,0.9%,0.9%,0.6%,/Users/datpro/Documents/gitdatpro/ff-transform-data/data/bronze/raw/calendar/2026/03_red.html|/Users/datpro/Documents/gitdatpro/ff-transform-data/data/bronze/raw/calendar/2026/03_orange.html|/Users/datpro/Documents/gitdatpro/ff-transform-data/data/bronze/raw/calendar/2026/03_yellow.html,2026-09-03T07:55:33Z
Mar 31,2:55pm,EUR,yellow,German Unemployment Change,0K,2K,1K,/Users/datpro/Documents/gitdatpro/ff-transform-data/data/bronze/raw/calendar/2026/03_red.html|/Users/datpro/Documents/gitdatpro/ff-transform-data/data/bronze/raw/calendar/2026/03_orange.html|/Users/datpro/Documents/gitdatpro/ff-transform-data/data/bronze/raw/calendar/2026/03_yellow.html,2026-09-03T07:55:33Z
Mar 31,4:00pm,EUR,orange,CPI Flash Estimate y/y,2.5%,2.6%,1.9%,/Users/datpro/Documents/gitdatpro/ff-transform-data/data/bronze/raw/calendar/2026/03_red.html|/Users/datpro/Documents/gitdatpro/ff-transform-data/data/bronze/raw/calendar/2026/03_orange.html|/Users/datpro/Documents/gitdatpro/ff-transform-data/data/bronze/raw/calendar/2026/03_yellow.html,2026-09-03T07:55:33Z
Mar 31,4:00pm,EUR,orange,Core CPI Flash Estimate y/y,2.3%,2.4%,2.4%,/Users/datpro/Documents/gitdatpro/ff-transform-data/data/bronze/raw/calendar/2026/03_red.html|/Users/datpro/Documents/gitdatpro/ff-transform-data/data/bronze/raw/calendar/2026/03_orange.html|/Users/datpro/Documents/gitdatpro/ff-transform-data/data/bronze/raw/calendar/2026/03_yellow.html,2026-09-03T07:55:33Z
Mar 31,4:00pm,EUR,yellow,Italian Prelim CPI m/m,0.5%,0.6%,0.7%,/Users/datpro/Documents/gitdatpro/ff-transform-data/data/bronze/raw/calendar/2026/03_red.html|/Users/datpro/Documents/gitdatpro/ff-transform-data/data/bronze/raw/calendar/2026/03_orange.html|/Users/datpro/Documents/gitdatpro/ff-transform-data/data/bronze/raw/calendar/2026/03_yellow.html,2026-09-03T07:55:33Z
Mar 31,6:01am,GBP,yellow,BRC Shop Price Index y/y,1.2%,1.2%,1.1%,/Users/datpro/Documents/gitdatpro/ff-transform-data/data/bronze/raw/calendar/2026/03_red.html|/Users/datpro/Documents/gitdatpro/ff-transform-data/data/bronze/raw/calendar/2026/03_orange.html|/Users/datpro/Documents/gitdatpro/ff-transform-data/data/bronze/raw/calendar/2026/03_yellow.html,2026-09-03T07:55:33Z
Mar 31,6:30am,JPY,yellow,Unemployment Rate,2.6%,2.7%,2.7%,/Users/datpro/Documents/gitdatpro/ff-transform-data/data/bronze/raw/calendar/2026/03_red.html|/Users/datpro/Documents/gitdatpro/ff-transform-data/data/bronze/raw/calendar/2026/03_orange.html|/Users/datpro/Documents/gitdatpro/ff-transform-data/data/bronze/raw/calendar/2026/03_yellow.html,2026-09-03T07:55:33Z
Mar 31,6:50am,JPY,yellow,Prelim Industrial Production m/m,-2.1%,-2.1%,4.3%,/Users/datpro/Documents/gitdatpro/ff-transform-data/data/bronze/raw/calendar/2026/03_red.html|/Users/datpro/Documents/gitdatpro/ff-transform-data/data/bronze/raw/calendar/2026/03_orange.html|/Users/datpro/Documents/gitdatpro/ff-transform-data/data/bronze/raw/calendar/2026/03_yellow.html,2026-09-03T07:55:33Z
Mar 31,6:50am,JPY,yellow,Retail Sales y/y,-0.2%,0.9%,1.8%,/Users/datpro/Documents/gitdatpro/ff-transform-data/data/bronze/raw/calendar/2026/03_red.html|/Users/datpro/Documents/gitdatpro/ff-transform-data/data/bronze/raw/calendar/2026/03_orange.html|/Users/datpro/Documents/gitdatpro/ff-transform-data/data/bronze/raw/calendar/2026/03_yellow.html,2026-09-03T07:55:33Z
Mar 31,7:00am,NZD,yellow,ANZ Business Confidence,32.5,N/A,59.2,/Users/datpro/Documents/gitdatpro/ff-transform-data/data/bronze/raw/calendar/2026/03_red.html|/Users/datpro/Documents/gitdatpro/ff-transform-data/data/bronze/raw/calendar/2026/03_orange.html|/Users/datpro/Documents/gitdatpro/ff-transform-data/data/bronze/raw/calendar/2026/03_yellow.html,2026-09-03T07:55:33Z
Mar 31,7:30am,AUD,yellow,Monetary Policy Meeting Minutes,N/A,N/A,N/A,/Users/datpro/Documents/gitdatpro/ff-transform-data/data/bronze/raw/calendar/2026/03_red.html|/Users/datpro/Documents/gitdatpro/ff-transform-data/data/bronze/raw/calendar/2026/03_orange.html|/Users/datpro/Documents/gitdatpro/ff-transform-data/data/bronze/raw/calendar/2026/03_yellow.html,2026-09-03T07:55:33Z
Mar 31,7:30am,AUD,yellow,Private Sector Credit m/m,0.6%,0.6%,0.5%,/Users/datpro/Documents/gitdatpro/ff-transform-data/data/bronze/raw/calendar/2026/03_red.html|/Users/datpro/Documents/gitdatpro/ff-transform-data/data/bronze/raw/calendar/2026/03_orange.html|/Users/datpro/Documents/gitdatpro/ff-transform-data/data/bronze/raw/calendar/2026/03_yellow.html,2026-09-03T07:55:33Z
Mar 31,8:00pm,USD,yellow,HPI m/m,0.1%,0.1%,0.3%,/Users/datpro/Documents/gitdatpro/ff-transform-data/data/bronze/raw/calendar/2026/03_red.html|/Users/datpro/Documents/gitdatpro/ff-transform-data/data/bronze/raw/calendar/2026/03_orange.html|/Users/datpro/Documents/gitdatpro/ff-transform-data/data/bronze/raw/calendar/2026/03_yellow.html,2026-09-03T07:55:33Z
Mar 31,8:00pm,USD,yellow,S&P/CS Composite-20 HPI y/y,1.2%,1.4%,1.4%,/Users/datpro/Documents/gitdatpro/ff-transform-data/data/bronze/raw/calendar/2026/03_red.html|/Users/datpro/Documents/gitdatpro/ff-transform-data/data/bronze/raw/calendar/2026/03_orange.html|/Users/datpro/Documents/gitdatpro/ff-transform-data/data/bronze/raw/calendar/2026/03_yellow.html,2026-09-03T07:55:33Z
Mar 31,8:30am,CNY,yellow,Manufacturing PMI,50.4,50.1,49.0,/Users/datpro/Documents/gitdatpro/ff-transform-data/data/bronze/raw/calendar/2026/03_red.html|/Users/datpro/Documents/gitdatpro/ff-transform-data/data/bronze/raw/calendar/2026/03_orange.html|/Users/datpro/Documents/gitdatpro/ff-transform-data/data/bronze/raw/calendar/2026/03_yellow.html,2026-09-03T07:55:33Z
Mar 31,8:30am,CNY,yellow,Non-Manufacturing PMI,50.1,49.9,49.5,/Users/datpro/Documents/gitdatpro/ff-transform-data/data/bronze/raw/calendar/2026/03_red.html|/Users/datpro/Documents/gitdatpro/ff-transform-data/data/bronze/raw/calendar/2026/03_orange.html|/Users/datpro/Documents/gitdatpro/ff-transform-data/data/bronze/raw/calendar/2026/03_yellow.html,2026-09-03T07:55:33Z
Mar 31,8:45pm,USD,yellow,Chicago PMI,52.8,54.8,57.7,/Users/datpro/Documents/gitdatpro/ff-transform-data/data/bronze/raw/calendar/2026/03_red.html|/Users/datpro/Documents/gitdatpro/ff-transform-data/data/bronze/raw/calendar/2026/03_orange.html|/Users/datpro/Documents/gitdatpro/ff-transform-data/data/bronze/raw/calendar/2026/03_yellow.html,2026-09-03T07:55:33Z
Mar 31,9:00pm,USD,orange,CB Consumer Confidence,91.8,87.8,91.0,/Users/datpro/Documents/gitdatpro/ff-transform-data/data/bronze/raw/calendar/2026/03_red.html|/Users/datpro/Documents/gitdatpro/ff-transform-data/data/bronze/raw/calendar/2026/03_orange.html|/Users/datpro/Documents/gitdatpro/ff-transform-data/data/bronze/raw/calendar/2026/03_yellow.html,2026-09-03T07:55:33Z
Mar 31,9:00pm,USD,red,JOLTS Job Openings,6.88M,6.89M,7.24M,/Users/datpro/Documents/gitdatpro/ff-transform-data/data/bronze/raw/calendar/2026/03_red.html|/Users/datpro/Documents/gitdatpro/ff-transform-data/data/bronze/raw/calendar/2026/03_orange.html|/Users/datpro/Documents/gitdatpro/ff-transform-data/data/bronze/raw/calendar/2026/03_yellow.html,2026-09-03T07:55:33Z
Mar 4,10:00pm,USD,red,ISM Services PMI,56.1,53.5,53.8,/Users/datpro/Documents/gitdatpro/ff-transform-data/data/bronze/raw/calendar/2026/03_red.html|/Users/datpro/Documents/gitdatpro/ff-transform-data/data/bronze/raw/calendar/2026/03_orange.html|/Users/datpro/Documents/gitdatpro/ff-transform-data/data/bronze/raw/calendar/2026/03_yellow.html,2026-09-03T07:55:33Z
Mar 4,10:30pm,CAD,orange,BOC Gov Macklem Speaks,N/A,N/A,N/A,/Users/datpro/Documents/gitdatpro/ff-transform-data/data/bronze/raw/calendar/2026/03_red.html|/Users/datpro/Documents/gitdatpro/ff-transform-data/data/bronze/raw/calendar/2026/03_orange.html|/Users/datpro/Documents/gitdatpro/ff-transform-data/data/bronze/raw/calendar/2026/03_yellow.html,2026-09-03T07:55:33Z
Mar 4,10:30pm,USD,yellow,Crude Oil Inventories,3.5M,3.0M,16.0M,/Users/datpro/Documents/gitdatpro/ff-transform-data/data/bronze/raw/calendar/2026/03_red.html|/Users/datpro/Documents/gitdatpro/ff-transform-data/data/bronze/raw/calendar/2026/03_orange.html|/Users/datpro/Documents/gitdatpro/ff-transform-data/data/bronze/raw/calendar/2026/03_yellow.html,2026-09-03T07:55:33Z
Mar 4,12:00pm,JPY,yellow,Consumer Confidence,40.0,38.2,37.9,/Users/datpro/Documents/gitdatpro/ff-transform-data/data/bronze/raw/calendar/2026/03_red.html|/Users/datpro/Documents/gitdatpro/ff-transform-data/data/bronze/raw/calendar/2026/03_orange.html|/Users/datpro/Documents/gitdatpro/ff-transform-data/data/bronze/raw/calendar/2026/03_yellow.html,2026-09-03T07:55:33Z
Mar 4,3:15pm,EUR,yellow,Spanish Services PMI,51.9,52.9,53.5,/Users/datpro/Documents/gitdatpro/ff-transform-data/data/bronze/raw/calendar/2026/03_red.html|/Users/datpro/Documents/gitdatpro/ff-transform-data/data/bronze/raw/calendar/2026/03_orange.html|/Users/datpro/Documents/gitdatpro/ff-transform-data/data/bronze/raw/calendar/2026/03_yellow.html,2026-09-03T07:55:33Z
Mar 4,3:45pm,EUR,yellow,Italian Services PMI,52.3,52.6,52.9,/Users/datpro/Documents/gitdatpro/ff-transform-data/data/bronze/raw/calendar/2026/03_red.html|/Users/datpro/Documents/gitdatpro/ff-transform-data/data/bronze/raw/calendar/2026/03_orange.html|/Users/datpro/Documents/gitdatpro/ff-transform-data/data/bronze/raw/calendar/2026/03_yellow.html,2026-09-03T07:55:33Z
Mar 4,3:50pm,EUR,yellow,French Final Services PMI,49.6,49.6,49.6,/Users/datpro/Documents/gitdatpro/ff-transform-data/data/bronze/raw/calendar/2026/03_red.html|/Users/datpro/Documents/gitdatpro/ff-transform-data/data/bronze/raw/calendar/2026/03_orange.html|/Users/datpro/Documents/gitdatpro/ff-transform-data/data/bronze/raw/calendar/2026/03_yellow.html,2026-09-03T07:55:33Z
Mar 4,3:55pm,EUR,yellow,German Final Services PMI,53.5,53.4,53.4,/Users/datpro/Documents/gitdatpro/ff-transform-data/data/bronze/raw/calendar/2026/03_red.html|/Users/datpro/Documents/gitdatpro/ff-transform-data/data/bronze/raw/calendar/2026/03_orange.html|/Users/datpro/Documents/gitdatpro/ff-transform-data/data/bronze/raw/calendar/2026/03_yellow.html,2026-09-03T07:55:33Z
Mar 4,4:00pm,CHF,yellow,Gov Board Member Martin Speaks,N/A,N/A,N/A,/Users/datpro/Documents/gitdatpro/ff-transform-data/data/bronze/raw/calendar/2026/03_red.html|/Users/datpro/Documents/gitdatpro/ff-transform-data/data/bronze/raw/calendar/2026/03_orange.html|/Users/datpro/Documents/gitdatpro/ff-transform-data/data/bronze/raw/calendar/2026/03_yellow.html,2026-09-03T07:55:33Z
Mar 4,4:00pm,EUR,yellow,Final Services PMI,51.9,51.8,51.8,/Users/datpro/Documents/gitdatpro/ff-transform-data/data/bronze/raw/calendar/2026/03_red.html|/Users/datpro/Documents/gitdatpro/ff-transform-data/data/bronze/raw/calendar/2026/03_orange.html|/Users/datpro/Documents/gitdatpro/ff-transform-data/data/bronze/raw/calendar/2026/03_yellow.html,2026-09-03T07:55:33Z
Mar 4,4:00pm,EUR,yellow,Italian Monthly Unemployment Rate,5.1%,5.6%,5.5%,/Users/datpro/Documents/gitdatpro/ff-transform-data/data/bronze/raw/calendar/2026/03_red.html|/Users/datpro/Documents/gitdatpro/ff-transform-data/data/bronze/raw/calendar/2026/03_orange.html|/Users/datpro/Documents/gitdatpro/ff-transform-data/data/bronze/raw/calendar/2026/03_yellow.html,2026-09-03T07:55:33Z
Mar 4,4:30pm,GBP,yellow,Final Services PMI,53.9,53.9,53.9,/Users/datpro/Documents/gitdatpro/ff-transform-data/data/bronze/raw/calendar/2026/03_red.html|/Users/datpro/Documents/gitdatpro/ff-transform-data/data/bronze/raw/calendar/2026/03_orange.html|/Users/datpro/Documents/gitdatpro/ff-transform-data/data/bronze/raw/calendar/2026/03_yellow.html,2026-09-03T07:55:33Z
Mar 4,4:45am,NZD,yellow,Overseas Trade Index q/q,3.7%,-0.1%,-2.1%,/Users/datpro/Documents/gitdatpro/ff-transform-data/data/bronze/raw/calendar/2026/03_red.html|/Users/datpro/Documents/gitdatpro/ff-transform-data/data/bronze/raw/calendar/2026/03_orange.html|/Users/datpro/Documents/gitdatpro/ff-transform-data/data/bronze/raw/calendar/2026/03_yellow.html,2026-09-03T07:55:33Z
Mar 4,5:00pm,EUR,yellow,PPI m/m,0.7%,0.2%,-0.3%,/Users/datpro/Documents/gitdatpro/ff-transform-data/data/bronze/raw/calendar/2026/03_red.html|/Users/datpro/Documents/gitdatpro/ff-transform-data/data/bronze/raw/calendar/2026/03_orange.html|/Users/datpro/Documents/gitdatpro/ff-transform-data/data/bronze/raw/calendar/2026/03_yellow.html,2026-09-03T07:55:33Z
Mar 4,5:00pm,EUR,yellow,Unemployment Rate,6.1%,6.2%,6.3%,/Users/datpro/Documents/gitdatpro/ff-transform-data/data/bronze/raw/calendar/2026/03_red.html|/Users/datpro/Documents/gitdatpro/ff-transform-data/data/bronze/raw/calendar/2026/03_orange.html|/Users/datpro/Documents/gitdatpro/ff-transform-data/data/bronze/raw/calendar/2026/03_yellow.html,2026-09-03T07:55:33Z
Mar 4,7:00am,NZD,yellow,ANZ Commodity Prices m/m,4.2%,N/A,2.0%,/Users/datpro/Documents/gitdatpro/ff-transform-data/data/bronze/raw/calendar/2026/03_red.html|/Users/datpro/Documents/gitdatpro/ff-transform-data/data/bronze/raw/calendar/2026/03_orange.html|/Users/datpro/Documents/gitdatpro/ff-transform-data/data/bronze/raw/calendar/2026/03_yellow.html,2026-09-03T07:55:33Z
Mar 4,8:15pm,USD,red,ADP Non-Farm Employment Change,63K,50K,11K,/Users/datpro/Documents/gitdatpro/ff-transform-data/data/bronze/raw/calendar/2026/03_red.html|/Users/datpro/Documents/gitdatpro/ff-transform-data/data/bronze/raw/calendar/2026/03_orange.html|/Users/datpro/Documents/gitdatpro/ff-transform-data/data/bronze/raw/calendar/2026/03_yellow.html,2026-09-03T07:55:33Z
Mar 4,8:30am,CNY,yellow,Manufacturing PMI,49.0,49.2,49.3,/Users/datpro/Documents/gitdatpro/ff-transform-data/data/bronze/raw/calendar/2026/03_red.html|/Users/datpro/Documents/gitdatpro/ff-transform-data/data/bronze/raw/calendar/2026/03_orange.html|/Users/datpro/Documents/gitdatpro/ff-transform-data/data/bronze/raw/calendar/2026/03_yellow.html,2026-09-03T07:55:33Z
Mar 4,8:30am,CNY,yellow,Non-Manufacturing PMI,49.5,49.7,49.4,/Users/datpro/Documents/gitdatpro/ff-transform-data/data/bronze/raw/calendar/2026/03_red.html|/Users/datpro/Documents/gitdatpro/ff-transform-data/data/bronze/raw/calendar/2026/03_orange.html|/Users/datpro/Documents/gitdatpro/ff-transform-data/data/bronze/raw/calendar/2026/03_yellow.html,2026-09-03T07:55:33Z
Mar 4,8:30pm,CAD,yellow,Labor Productivity q/q,-0.1%,-0.1%,1.1%,/Users/datpro/Documents/gitdatpro/ff-transform-data/data/bronze/raw/calendar/2026/03_red.html|/Users/datpro/Documents/gitdatpro/ff-transform-data/data/bronze/raw/calendar/2026/03_orange.html|/Users/datpro/Documents/gitdatpro/ff-transform-data/data/bronze/raw/calendar/2026/03_yellow.html,2026-09-03T07:55:33Z
Mar 4,8:45am,CNY,yellow,RatingDog Manufacturing PMI,52.1,50.1,50.3,/Users/datpro/Documents/gitdatpro/ff-transform-data/data/bronze/raw/calendar/2026/03_red.html|/Users/datpro/Documents/gitdatpro/ff-transform-data/data/bronze/raw/calendar/2026/03_orange.html|/Users/datpro/Documents/gitdatpro/ff-transform-data/data/bronze/raw/calendar/2026/03_yellow.html,2026-09-03T07:55:33Z
Mar 4,8:45am,CNY,yellow,RatingDog Services PMI,56.7,52.3,52.3,/Users/datpro/Documents/gitdatpro/ff-transform-data/data/bronze/raw/calendar/2026/03_red.html|/Users/datpro/Documents/gitdatpro/ff-transform-data/data/bronze/raw/calendar/2026/03_orange.html|/Users/datpro/Documents/gitdatpro/ff-transform-data/data/bronze/raw/calendar/2026/03_yellow.html,2026-09-03T07:55:33Z
Mar 4,9:45pm,USD,yellow,Final Services PMI,51.7,52.4,52.3,/Users/datpro/Documents/gitdatpro/ff-transform-data/data/bronze/raw/calendar/2026/03_red.html|/Users/datpro/Documents/gitdatpro/ff-transform-data/data/bronze/raw/calendar/2026/03_orange.html|/Users/datpro/Documents/gitdatpro/ff-transform-data/data/bronze/raw/calendar/2026/03_yellow.html,2026-09-03T07:55:33Z
Mar 5,10:30pm,USD,yellow,Natural Gas Storage,-132B,-122B,-52B,/Users/datpro/Documents/gitdatpro/ff-transform-data/data/bronze/raw/calendar/2026/03_red.html|/Users/datpro/Documents/gitdatpro/ff-transform-data/data/bronze/raw/calendar/2026/03_orange.html|/Users/datpro/Documents/gitdatpro/ff-transform-data/data/bronze/raw/calendar/2026/03_yellow.html,2026-09-03T07:55:33Z
Mar 5,10:35am,JPY,yellow,30-y Bond Auction,3.40|3.7,N/A,3.62|3.6,/Users/datpro/Documents/gitdatpro/ff-transform-data/data/bronze/raw/calendar/2026/03_red.html|/Users/datpro/Documents/gitdatpro/ff-transform-data/data/bronze/raw/calendar/2026/03_orange.html|/Users/datpro/Documents/gitdatpro/ff-transform-data/data/bronze/raw/calendar/2026/03_yellow.html,2026-09-03T07:55:33Z
Mar 5,2:45pm,EUR,yellow,French Industrial Production m/m,0.5%,0.4%,-0.5%,/Users/datpro/Documents/gitdatpro/ff-transform-data/data/bronze/raw/calendar/2026/03_red.html|/Users/datpro/Documents/gitdatpro/ff-transform-data/data/bronze/raw/calendar/2026/03_orange.html|/Users/datpro/Documents/gitdatpro/ff-transform-data/data/bronze/raw/calendar/2026/03_yellow.html,2026-09-03T07:55:33Z
Mar 5,3:00pm,CHF,yellow,Unemployment Rate,3.0%,2.9%,2.9%,/Users/datpro/Documents/gitdatpro/ff-transform-data/data/bronze/raw/calendar/2026/03_red.html|/Users/datpro/Documents/gitdatpro/ff-transform-data/data/bronze/raw/calendar/2026/03_orange.html|/Users/datpro/Documents/gitdatpro/ff-transform-data/data/bronze/raw/calendar/2026/03_yellow.html,2026-09-03T07:55:33Z
Mar 5,4:00pm,EUR,yellow,Italian Retail Sales m/m,0.6%,-0.1%,-0.7%,/Users/datpro/Documents/gitdatpro/ff-transform-data/data/bronze/raw/calendar/2026/03_red.html|/Users/datpro/Documents/gitdatpro/ff-transform-data/data/bronze/raw/calendar/2026/03_orange.html|/Users/datpro/Documents/gitdatpro/ff-transform-data/data/bronze/raw/calendar/2026/03_yellow.html,2026-09-03T07:55:33Z
Mar 5,4:30pm,GBP,yellow,Construction PMI,44.5,47.0,46.4,/Users/datpro/Documents/gitdatpro/ff-transform-data/data/bronze/raw/calendar/2026/03_red.html|/Users/datpro/Documents/gitdatpro/ff-transform-data/data/bronze/raw/calendar/2026/03_orange.html|/Users/datpro/Documents/gitdatpro/ff-transform-data/data/bronze/raw/calendar/2026/03_yellow.html,2026-09-03T07:55:33Z
Mar 5,4:59pm,EUR,yellow,French 10-y Bond Auction,3.39|2.2,N/A,3.45|2.4,/Users/datpro/Documents/gitdatpro/ff-transform-data/data/bronze/raw/calendar/2026/03_red.html|/Users/datpro/Documents/gitdatpro/ff-transform-data/data/bronze/raw/calendar/2026/03_orange.html|/Users/datpro/Documents/gitdatpro/ff-transform-data/data/bronze/raw/calendar/2026/03_yellow.html,2026-09-03T07:55:33Z
Mar 5,5:00pm,EUR,yellow,German Buba President Nagel Speaks,N/A,N/A,N/A,/Users/datpro/Documents/gitdatpro/ff-transform-data/data/bronze/raw/calendar/2026/03_red.html|/Users/datpro/Documents/gitdatpro/ff-transform-data/data/bronze/raw/calendar/2026/03_orange.html|/Users/datpro/Documents/gitdatpro/ff-transform-data/data/bronze/raw/calendar/2026/03_yellow.html,2026-09-03T07:55:33Z
Mar 5,5:00pm,EUR,yellow,Retail Sales m/m,-0.1%,0.3%,0.1%,/Users/datpro/Documents/gitdatpro/ff-transform-data/data/bronze/raw/calendar/2026/03_red.html|/Users/datpro/Documents/gitdatpro/ff-transform-data/data/bronze/raw/calendar/2026/03_orange.html|/Users/datpro/Documents/gitdatpro/ff-transform-data/data/bronze/raw/calendar/2026/03_yellow.html,2026-09-03T07:55:33Z
Mar 5,7:30am,AUD,yellow,Goods Trade Balance,2.63B,3.78B,3.37B,/Users/datpro/Documents/gitdatpro/ff-transform-data/data/bronze/raw/calendar/2026/03_red.html|/Users/datpro/Documents/gitdatpro/ff-transform-data/data/bronze/raw/calendar/2026/03_orange.html|/Users/datpro/Documents/gitdatpro/ff-transform-data/data/bronze/raw/calendar/2026/03_yellow.html,2026-09-03T07:55:33Z
Mar 5,7:30am,AUD,yellow,Household Spending m/m,0.3%,0.4%,-0.5%,/Users/datpro/Documents/gitdatpro/ff-transform-data/data/bronze/raw/calendar/2026/03_red.html|/Users/datpro/Documents/gitdatpro/ff-transform-data/data/bronze/raw/calendar/2026/03_orange.html|/Users/datpro/Documents/gitdatpro/ff-transform-data/data/bronze/raw/calendar/2026/03_yellow.html,2026-09-03T07:55:33Z
Mar 5,7:30pm,EUR,yellow,ECB Monetary Policy Meeting Accounts,N/A,N/A,N/A,/Users/datpro/Documents/gitdatpro/ff-transform-data/data/bronze/raw/calendar/2026/03_red.html|/Users/datpro/Documents/gitdatpro/ff-transform-data/data/bronze/raw/calendar/2026/03_orange.html|/Users/datpro/Documents/gitdatpro/ff-transform-data/data/bronze/raw/calendar/2026/03_yellow.html,2026-09-03T07:55:33Z
Mar 5,7:30pm,USD,yellow,Challenger Job Cuts y/y,-71.9%,N/A,117.8%,/Users/datpro/Documents/gitdatpro/ff-transform-data/data/bronze/raw/calendar/2026/03_red.html|/Users/datpro/Documents/gitdatpro/ff-transform-data/data/bronze/raw/calendar/2026/03_orange.html|/Users/datpro/Documents/gitdatpro/ff-transform-data/data/bronze/raw/calendar/2026/03_yellow.html,2026-09-03T07:55:33Z
Mar 5,8:30pm,USD,yellow,Import Prices m/m,0.2%,0.3%,0.2%,/Users/datpro/Documents/gitdatpro/ff-transform-data/data/bronze/raw/calendar/2026/03_red.html|/Users/datpro/Documents/gitdatpro/ff-transform-data/data/bronze/raw/calendar/2026/03_orange.html|/Users/datpro/Documents/gitdatpro/ff-transform-data/data/bronze/raw/calendar/2026/03_yellow.html,2026-09-03T07:55:33Z
Mar 5,8:30pm,USD,yellow,Prelim Nonfarm Productivity q/q,2.8%,1.9%,5.2%,/Users/datpro/Documents/gitdatpro/ff-transform-data/data/bronze/raw/calendar/2026/03_red.html|/Users/datpro/Documents/gitdatpro/ff-transform-data/data/bronze/raw/calendar/2026/03_orange.html|/Users/datpro/Documents/gitdatpro/ff-transform-data/data/bronze/raw/calendar/2026/03_yellow.html,2026-09-03T07:55:33Z
Mar 5,8:30pm,USD,yellow,Prelim Unit Labor Costs q/q,2.8%,2.0%,-1.8%,/Users/datpro/Documents/gitdatpro/ff-transform-data/data/bronze/raw/calendar/2026/03_red.html|/Users/datpro/Documents/gitdatpro/ff-transform-data/data/bronze/raw/calendar/2026/03_orange.html|/Users/datpro/Documents/gitdatpro/ff-transform-data/data/bronze/raw/calendar/2026/03_yellow.html,2026-09-03T07:55:33Z
Mar 6,10:00pm,CAD,orange,Ivey PMI,56.6,51.1,50.9,/Users/datpro/Documents/gitdatpro/ff-transform-data/data/bronze/raw/calendar/2026/03_red.html|/Users/datpro/Documents/gitdatpro/ff-transform-data/data/bronze/raw/calendar/2026/03_orange.html|/Users/datpro/Documents/gitdatpro/ff-transform-data/data/bronze/raw/calendar/2026/03_yellow.html,2026-09-03T07:55:33Z
Mar 6,10:00pm,USD,yellow,Business Inventories m/m,0.1%,0.1%,0.0%,/Users/datpro/Documents/gitdatpro/ff-transform-data/data/bronze/raw/calendar/2026/03_red.html|/Users/datpro/Documents/gitdatpro/ff-transform-data/data/bronze/raw/calendar/2026/03_orange.html|/Users/datpro/Documents/gitdatpro/ff-transform-data/data/bronze/raw/calendar/2026/03_yellow.html,2026-09-03T07:55:33Z
Mar 6,10:00pm,USD,red,Core Retail Sales m/m,0.0%,0.1%,0.0%,/Users/datpro/Documents/gitdatpro/ff-transform-data/data/bronze/raw/calendar/2026/03_red.html|/Users/datpro/Documents/gitdatpro/ff-transform-data/data/bronze/raw/calendar/2026/03_orange.html|/Users/datpro/Documents/gitdatpro/ff-transform-data/data/bronze/raw/calendar/2026/03_yellow.html,2026-09-03T07:55:33Z
Mar 6,10:00pm,USD,red,Non-Farm Employment Change,-92K,58K,126K,/Users/datpro/Documents/gitdatpro/ff-transform-data/data/bronze/raw/calendar/2026/03_red.html|/Users/datpro/Documents/gitdatpro/ff-transform-data/data/bronze/raw/calendar/2026/03_orange.html|/Users/datpro/Documents/gitdatpro/ff-transform-data/data/bronze/raw/calendar/2026/03_yellow.html,2026-09-03T07:55:33Z
Mar 6,10:00pm,USD,red,Retail Sales m/m,-0.2%,-0.3%,0.0%,/Users/datpro/Documents/gitdatpro/ff-transform-data/data/bronze/raw/calendar/2026/03_red.html|/Users/datpro/Documents/gitdatpro/ff-transform-data/data/bronze/raw/calendar/2026/03_orange.html|/Users/datpro/Documents/gitdatpro/ff-transform-data/data/bronze/raw/calendar/2026/03_yellow.html,2026-09-03T07:55:33Z
Mar 6,10:00pm,USD,red,Unemployment Rate,4.4%,4.3%,4.3%,/Users/datpro/Documents/gitdatpro/ff-transform-data/data/bronze/raw/calendar/2026/03_red.html|/Users/datpro/Documents/gitdatpro/ff-transform-data/data/bronze/raw/calendar/2026/03_orange.html|/Users/datpro/Documents/gitdatpro/ff-transform-data/data/bronze/raw/calendar/2026/03_yellow.html,2026-09-03T07:55:33Z
Mar 6,10:15pm,USD,yellow,FOMC Member Daly Speaks,N/A,N/A,N/A,/Users/datpro/Documents/gitdatpro/ff-transform-data/data/bronze/raw/calendar/2026/03_red.html|/Users/datpro/Documents/gitdatpro/ff-transform-data/data/bronze/raw/calendar/2026/03_orange.html|/Users/datpro/Documents/gitdatpro/ff-transform-data/data/bronze/raw/calendar/2026/03_yellow.html,2026-09-03T07:55:33Z
Mar 6,10:15pm,USD,yellow,FOMC Member Paulson Speaks,N/A,N/A,N/A,/Users/datpro/Documents/gitdatpro/ff-transform-data/data/bronze/raw/calendar/2026/03_red.html|/Users/datpro/Documents/gitdatpro/ff-transform-data/data/bronze/raw/calendar/2026/03_orange.html|/Users/datpro/Documents/gitdatpro/ff-transform-data/data/bronze/raw/calendar/2026/03_yellow.html,2026-09-03T07:55:33Z
Mar 6,11:30pm,USD,yellow,FOMC Member Miran Speaks,N/A,N/A,N/A,/Users/datpro/Documents/gitdatpro/ff-transform-data/data/bronze/raw/calendar/2026/03_red.html|/Users/datpro/Documents/gitdatpro/ff-transform-data/data/bronze/raw/calendar/2026/03_orange.html|/Users/datpro/Documents/gitdatpro/ff-transform-data/data/bronze/raw/calendar/2026/03_yellow.html,2026-09-03T07:55:33Z
Mar 6,11:30pm,USD,yellow,FOMC Member Schmid Speaks,N/A,N/A,N/A,/Users/datpro/Documents/gitdatpro/ff-transform-data/data/bronze/raw/calendar/2026/03_red.html|/Users/datpro/Documents/gitdatpro/ff-transform-data/data/bronze/raw/calendar/2026/03_orange.html|/Users/datpro/Documents/gitdatpro/ff-transform-data/data/bronze/raw/calendar/2026/03_yellow.html,2026-09-03T07:55:33Z
Mar 6,2:00pm,GBP,yellow,Lloyds HPI m/m,0.3%,0.3%,0.8%,/Users/datpro/Documents/gitdatpro/ff-transform-data/data/bronze/raw/calendar/2026/03_red.html|/Users/datpro/Documents/gitdatpro/ff-transform-data/data/bronze/raw/calendar/2026/03_orange.html|/Users/datpro/Documents/gitdatpro/ff-transform-data/data/bronze/raw/calendar/2026/03_yellow.html,2026-09-03T07:55:33Z
Mar 6,3:00pm,CHF,yellow,Foreign Currency Reserves,710B,N/A,712B,/Users/datpro/Documents/gitdatpro/ff-transform-data/data/bronze/raw/calendar/2026/03_red.html|/Users/datpro/Documents/gitdatpro/ff-transform-data/data/bronze/raw/calendar/2026/03_orange.html|/Users/datpro/Documents/gitdatpro/ff-transform-data/data/bronze/raw/calendar/2026/03_yellow.html,2026-09-03T07:55:33Z
Mar 6,5:00pm,EUR,yellow,Final Employment Change q/q,0.2%,0.2%,0.2%,/Users/datpro/Documents/gitdatpro/ff-transform-data/data/bronze/raw/calendar/2026/03_red.html|/Users/datpro/Documents/gitdatpro/ff-transform-data/data/bronze/raw/calendar/2026/03_orange.html|/Users/datpro/Documents/gitdatpro/ff-transform-data/data/bronze/raw/calendar/2026/03_yellow.html,2026-09-03T07:55:33Z
Mar 6,5:00pm,EUR,yellow,Revised GDP q/q,0.2%,0.3%,0.3%,/Users/datpro/Documents/gitdatpro/ff-transform-data/data/bronze/raw/calendar/2026/03_red.html|/Users/datpro/Documents/gitdatpro/ff-transform-data/data/bronze/raw/calendar/2026/03_orange.html|/Users/datpro/Documents/gitdatpro/ff-transform-data/data/bronze/raw/calendar/2026/03_yellow.html,2026-09-03T07:55:33Z
Mar 6,7:00am,USD,yellow,FOMC Member Goolsbee Speaks,N/A,N/A,N/A,/Users/datpro/Documents/gitdatpro/ff-transform-data/data/bronze/raw/calendar/2026/03_red.html|/Users/datpro/Documents/gitdatpro/ff-transform-data/data/bronze/raw/calendar/2026/03_orange.html|/Users/datpro/Documents/gitdatpro/ff-transform-data/data/bronze/raw/calendar/2026/03_yellow.html,2026-09-03T07:55:33Z
Mar 6,7:30pm,USD,orange,FOMC Member Waller Speaks,N/A,N/A,N/A,/Users/datpro/Documents/gitdatpro/ff-transform-data/data/bronze/raw/calendar/2026/03_red.html|/Users/datpro/Documents/gitdatpro/ff-transform-data/data/bronze/raw/calendar/2026/03_orange.html|/Users/datpro/Documents/gitdatpro/ff-transform-data/data/bronze/raw/calendar/2026/03_yellow.html,2026-09-03T07:55:33Z
Mar 6,8:30pm,USD,yellow,FOMC Member Daly Speaks,N/A,N/A,N/A,/Users/datpro/Documents/gitdatpro/ff-transform-data/data/bronze/raw/calendar/2026/03_red.html|/Users/datpro/Documents/gitdatpro/ff-transform-data/data/bronze/raw/calendar/2026/03_orange.html|/Users/datpro/Documents/gitdatpro/ff-transform-data/data/bronze/raw/calendar/2026/03_yellow.html,2026-09-03T07:55:33Z
Mar 6,9:50pm,USD,yellow,FOMC Member Goolsbee Speaks,N/A,N/A,N/A,/Users/datpro/Documents/gitdatpro/ff-transform-data/data/bronze/raw/calendar/2026/03_red.html|/Users/datpro/Documents/gitdatpro/ff-transform-data/data/bronze/raw/calendar/2026/03_orange.html|/Users/datpro/Documents/gitdatpro/ff-transform-data/data/bronze/raw/calendar/2026/03_yellow.html,2026-09-03T07:55:33Z
Mar 7,1:30am,AUD,yellow,RBA Deputy Gov Hauser Speaks,N/A,N/A,N/A,/Users/datpro/Documents/gitdatpro/ff-transform-data/data/bronze/raw/calendar/2026/03_red.html|/Users/datpro/Documents/gitdatpro/ff-transform-data/data/bronze/raw/calendar/2026/03_orange.html|/Users/datpro/Documents/gitdatpro/ff-transform-data/data/bronze/raw/calendar/2026/03_yellow.html,2026-09-03T07:55:33Z
Mar 7,1:30am,USD,yellow,FOMC Member Hammack Speaks,N/A,N/A,N/A,/Users/datpro/Documents/gitdatpro/ff-transform-data/data/bronze/raw/calendar/2026/03_red.html|/Users/datpro/Documents/gitdatpro/ff-transform-data/data/bronze/raw/calendar/2026/03_orange.html|/Users/datpro/Documents/gitdatpro/ff-transform-data/data/bronze/raw/calendar/2026/03_yellow.html,2026-09-03T07:55:33Z
Mar 7,3:00am,USD,yellow,Consumer Credit m/m,8.0B,12.4B,25.2B,/Users/datpro/Documents/gitdatpro/ff-transform-data/data/bronze/raw/calendar/2026/03_red.html|/Users/datpro/Documents/gitdatpro/ff-transform-data/data/bronze/raw/calendar/2026/03_orange.html|/Users/datpro/Documents/gitdatpro/ff-transform-data/data/bronze/raw/calendar/2026/03_yellow.html,2026-09-03T07:55:33Z
Mar 7,3:10am,USD,yellow,FOMC Member Hammack Speaks,N/A,N/A,N/A,/Users/datpro/Documents/gitdatpro/ff-transform-data/data/bronze/raw/calendar/2026/03_red.html|/Users/datpro/Documents/gitdatpro/ff-transform-data/data/bronze/raw/calendar/2026/03_orange.html|/Users/datpro/Documents/gitdatpro/ff-transform-data/data/bronze/raw/calendar/2026/03_yellow.html,2026-09-03T07:55:33Z
Mar 9,10:00pm,CNY,orange,PPI y/y,-0.9%,-1.1%,-1.4%,/Users/datpro/Documents/gitdatpro/ff-transform-data/data/bronze/raw/calendar/2026/03_red.html|/Users/datpro/Documents/gitdatpro/ff-transform-data/data/bronze/raw/calendar/2026/03_orange.html|/Users/datpro/Documents/gitdatpro/ff-transform-data/data/bronze/raw/calendar/2026/03_yellow.html,2026-09-03T07:55:33Z
Mar 9,12:00pm,JPY,yellow,Leading Indicators,112.4%,113.0%,111.0%,/Users/datpro/Documents/gitdatpro/ff-transform-data/data/bronze/raw/calendar/2026/03_red.html|/Users/datpro/Documents/gitdatpro/ff-transform-data/data/bronze/raw/calendar/2026/03_orange.html|/Users/datpro/Documents/gitdatpro/ff-transform-data/data/bronze/raw/calendar/2026/03_yellow.html,2026-09-03T07:55:33Z
Mar 9,1:00pm,JPY,yellow,Economy Watchers Sentiment,48.9,48.1,47.6,/Users/datpro/Documents/gitdatpro/ff-transform-data/data/bronze/raw/calendar/2026/03_red.html|/Users/datpro/Documents/gitdatpro/ff-transform-data/data/bronze/raw/calendar/2026/03_orange.html|/Users/datpro/Documents/gitdatpro/ff-transform-data/data/bronze/raw/calendar/2026/03_yellow.html,2026-09-03T07:55:33Z
Mar 9,2:00pm,EUR,yellow,German Factory Orders m/m,-11.1%,-4.2%,6.4%,/Users/datpro/Documents/gitdatpro/ff-transform-data/data/bronze/raw/calendar/2026/03_red.html|/Users/datpro/Documents/gitdatpro/ff-transform-data/data/bronze/raw/calendar/2026/03_orange.html|/Users/datpro/Documents/gitdatpro/ff-transform-data/data/bronze/raw/calendar/2026/03_yellow.html,2026-09-03T07:55:33Z
Mar 9,2:00pm,EUR,yellow,German Industrial Production m/m,-0.5%,1.0%,-1.0%,/Users/datpro/Documents/gitdatpro/ff-transform-data/data/bronze/raw/calendar/2026/03_red.html|/Users/datpro/Documents/gitdatpro/ff-transform-data/data/bronze/raw/calendar/2026/03_orange.html|/Users/datpro/Documents/gitdatpro/ff-transform-data/data/bronze/raw/calendar/2026/03_yellow.html,2026-09-03T07:55:33Z
Mar 9,3:00pm,CHF,yellow,SECO Consumer Climate,-30,-29,-30,/Users/datpro/Documents/gitdatpro/ff-transform-data/data/bronze/raw/calendar/2026/03_red.html|/Users/datpro/Documents/gitdatpro/ff-transform-data/data/bronze/raw/calendar/2026/03_orange.html|/Users/datpro/Documents/gitdatpro/ff-transform-data/data/bronze/raw/calendar/2026/03_yellow.html,2026-09-03T07:55:33Z
Mar 9,4:30pm,EUR,yellow,Sentix Investor Confidence,-3.1,-3.1,4.2,/Users/datpro/Documents/gitdatpro/ff-transform-data/data/bronze/raw/calendar/2026/03_red.html|/Users/datpro/Documents/gitdatpro/ff-transform-data/data/bronze/raw/calendar/2026/03_orange.html|/Users/datpro/Documents/gitdatpro/ff-transform-data/data/bronze/raw/calendar/2026/03_yellow.html,2026-09-03T07:55:33Z
Mar 9,6:50am,JPY,yellow,Bank Lending y/y,4.5%,4.4%,4.4%,/Users/datpro/Documents/gitdatpro/ff-transform-data/data/bronze/raw/calendar/2026/03_red.html|/Users/datpro/Documents/gitdatpro/ff-transform-data/data/bronze/raw/calendar/2026/03_orange.html|/Users/datpro/Documents/gitdatpro/ff-transform-data/data/bronze/raw/calendar/2026/03_yellow.html,2026-09-03T07:55:33Z
Mar 9,6:50am,JPY,yellow,Current Account,3.15T,3.19T,2.70T,/Users/datpro/Documents/gitdatpro/ff-transform-data/data/bronze/raw/calendar/2026/03_red.html|/Users/datpro/Documents/gitdatpro/ff-transform-data/data/bronze/raw/calendar/2026/03_orange.html|/Users/datpro/Documents/gitdatpro/ff-transform-data/data/bronze/raw/calendar/2026/03_yellow.html,2026-09-03T07:55:33Z
Mar 9,All Day,EUR,yellow,Eurogroup Meetings,N/A,N/A,N/A,/Users/datpro/Documents/gitdatpro/ff-transform-data/data/bronze/raw/calendar/2026/03_red.html|/Users/datpro/Documents/gitdatpro/ff-transform-data/data/bronze/raw/calendar/2026/03_orange.html|/Users/datpro/Documents/gitdatpro/ff-transform-data/data/bronze/raw/calendar/2026/03_yellow.html,2026-09-03T07:55:33Z
