date,time,currency,impact,event,actual,forecast,previous,source_file,ingested_at
Jan 12,10:00pm,AUD,yellow,Household Spending m/m,1.0%,0.6%,1.4%,/Users/datpro/Documents/gitdatpro/ff-transform-data/data/bronze/raw/calendar/2026/01_red.md|/Users/datpro/Documents/gitdatpro/ff-transform-data/data/bronze/raw/calendar/2026/01_orange.md|/Users/datpro/Documents/gitdatpro/ff-transform-data/data/bronze/raw/calendar/2026/01_yellow.md,2026-09-03T07:55:33Z
Jan 12,3:00pm,CHF,yellow,SECO Consumer Climate,-31,-33,-34,/Users/datpro/Documents/gitdatpro/ff-transform-data/data/bronze/raw/calendar/2026/01_red.md|/Users/datpro/Documents/gitdatpro/ff-transform-data/data/bronze/raw/calendar/2026/01_orange.md|/Users/datpro/Documents/gitdatpro/ff-transform-data/data/bronze/raw/calendar/2026/01_yellow.md,2026-09-03T07:55:33Z
Jan 12,4:30pm,EUR,yellow,Sentix Investor Confidence,-1.8,-5.1,-6.2,/Users/datpro/Documents/gitdatpro/ff-transform-data/data/bronze/raw/calendar/2026/01_red.md|/Users/datpro/Documents/gitdatpro/ff-transform-data/data/bronze/raw/calendar/2026/01_orange.md|/Users/datpro/Documents/gitdatpro/ff-transform-data/data/bronze/raw/calendar/2026/01_yellow.md,2026-09-03T07:55:33Z
Jan 13,10:00pm,USD,red,CPI m/m,0.3%,0.3%,0.3%,/Users/datpro/Documents/gitdatpro/ff-transform-data/data/bronze/raw/calendar/2026/01_red.md|/Users/datpro/Documents/gitdatpro/ff-transform-data/data/bronze/raw/calendar/2026/01_orange.md|/Users/datpro/Documents/gitdatpro/ff-transform-data/data/bronze/raw/calendar/2026/01_yellow.md,2026-09-03T07:55:33Z
Jan 13,10:00pm,USD,red,CPI y/y,2.7%,2.7%,2.7%,/Users/datpro/Documents/gitdatpro/ff-transform-data/data/bronze/raw/calendar/2026/01_red.md|/Users/datpro/Documents/gitdatpro/ff-transform-data/data/bronze/raw/calendar/2026/01_orange.md|/Users/datpro/Documents/gitdatpro/ff-transform-data/data/bronze/raw/calendar/2026/01_yellow.md,2026-09-03T07:55:33Z
Jan 13,10:00pm,USD,red,Core CPI y/y,2.6%,2.7%,2.6%,/Users/datpro/Documents/gitdatpro/ff-transform-data/data/bronze/raw/calendar/2026/01_red.md|/Users/datpro/Documents/gitdatpro/ff-transform-data/data/bronze/raw/calendar/2026/01_orange.md|/Users/datpro/Documents/gitdatpro/ff-transform-data/data/bronze/raw/calendar/2026/01_yellow.md,2026-09-03T07:55:33Z
Jan 13,10:00pm,USD,yellow,FOMC Member Musalem Speaks,N/A,N/A,N/A,/Users/datpro/Documents/gitdatpro/ff-transform-data/data/bronze/raw/calendar/2026/01_red.md|/Users/datpro/Documents/gitdatpro/ff-transform-data/data/bronze/raw/calendar/2026/01_orange.md|/Users/datpro/Documents/gitdatpro/ff-transform-data/data/bronze/raw/calendar/2026/01_yellow.md,2026-09-03T07:55:33Z
Jan 13,10:00pm,USD,orange,New Home Sales,737K,716K,738K,/Users/datpro/Documents/gitdatpro/ff-transform-data/data/bronze/raw/calendar/2026/01_red.md|/Users/datpro/Documents/gitdatpro/ff-transform-data/data/bronze/raw/calendar/2026/01_orange.md|/Users/datpro/Documents/gitdatpro/ff-transform-data/data/bronze/raw/calendar/2026/01_yellow.md,2026-09-03T07:55:33Z
Jan 13,10:03pm,USD,yellow,RCM/TIPP Economic Optimism,47.2,48.2,47.9,/Users/datpro/Documents/gitdatpro/ff-transform-data/data/bronze/raw/calendar/2026/01_red.md|/Users/datpro/Documents/gitdatpro/ff-transform-data/data/bronze/raw/calendar/2026/01_orange.md|/Users/datpro/Documents/gitdatpro/ff-transform-data/data/bronze/raw/calendar/2026/01_yellow.md,2026-09-03T07:55:33Z
Jan 13,12:00pm,JPY,yellow,Economy Watchers Sentiment,48.6,48.7,48.7,/Users/datpro/Documents/gitdatpro/ff-transform-data/data/bronze/raw/calendar/2026/01_red.md|/Users/datpro/Documents/gitdatpro/ff-transform-data/data/bronze/raw/calendar/2026/01_orange.md|/Users/datpro/Documents/gitdatpro/ff-transform-data/data/bronze/raw/calendar/2026/01_yellow.md,2026-09-03T07:55:33Z
Jan 13,1:01am,USD,yellow,10-y Bond Auction,4.17|2.6,N/A,4.18|2.6,/Users/datpro/Documents/gitdatpro/ff-transform-data/data/bronze/raw/calendar/2026/01_red.md|/Users/datpro/Documents/gitdatpro/ff-transform-data/data/bronze/raw/calendar/2026/01_orange.md|/Users/datpro/Documents/gitdatpro/ff-transform-data/data/bronze/raw/calendar/2026/01_yellow.md,2026-09-03T07:55:33Z
Jan 13,3:36pm,EUR,yellow,French Gov Budget Balance,-155.4B,N/A,-136.2B,/Users/datpro/Documents/gitdatpro/ff-transform-data/data/bronze/raw/calendar/2026/01_red.md|/Users/datpro/Documents/gitdatpro/ff-transform-data/data/bronze/raw/calendar/2026/01_orange.md|/Users/datpro/Documents/gitdatpro/ff-transform-data/data/bronze/raw/calendar/2026/01_yellow.md,2026-09-03T07:55:33Z
Jan 13,4:00am,NZD,yellow,NZIER Business Confidence,48,N/A,18,/Users/datpro/Documents/gitdatpro/ff-transform-data/data/bronze/raw/calendar/2026/01_red.md|/Users/datpro/Documents/gitdatpro/ff-transform-data/data/bronze/raw/calendar/2026/01_orange.md|/Users/datpro/Documents/gitdatpro/ff-transform-data/data/bronze/raw/calendar/2026/01_yellow.md,2026-09-03T07:55:33Z
Jan 13,5:50am,AUD,yellow,Westpac Consumer Sentiment,-1.7%,N/A,-9.0%,/Users/datpro/Documents/gitdatpro/ff-transform-data/data/bronze/raw/calendar/2026/01_red.md|/Users/datpro/Documents/gitdatpro/ff-transform-data/data/bronze/raw/calendar/2026/01_orange.md|/Users/datpro/Documents/gitdatpro/ff-transform-data/data/bronze/raw/calendar/2026/01_yellow.md,2026-09-03T07:55:33Z
Jan 13,6:00am,USD,yellow,FOMC Member Williams Speaks,N/A,N/A,N/A,/Users/datpro/Documents/gitdatpro/ff-transform-data/data/bronze/raw/calendar/2026/01_red.md|/Users/datpro/Documents/gitdatpro/ff-transform-data/data/bronze/raw/calendar/2026/01_orange.md|/Users/datpro/Documents/gitdatpro/ff-transform-data/data/bronze/raw/calendar/2026/01_yellow.md,2026-09-03T07:55:33Z
Jan 13,6:00pm,USD,yellow,NFIB Small Business Index,99.5,99.5,99.0,/Users/datpro/Documents/gitdatpro/ff-transform-data/data/bronze/raw/calendar/2026/01_red.md|/Users/datpro/Documents/gitdatpro/ff-transform-data/data/bronze/raw/calendar/2026/01_orange.md|/Users/datpro/Documents/gitdatpro/ff-transform-data/data/bronze/raw/calendar/2026/01_yellow.md,2026-09-03T07:55:33Z
Jan 13,6:50am,JPY,yellow,Bank Lending y/y,4.4%,4.1%,4.1%,/Users/datpro/Documents/gitdatpro/ff-transform-data/data/bronze/raw/calendar/2026/01_red.md|/Users/datpro/Documents/gitdatpro/ff-transform-data/data/bronze/raw/calendar/2026/01_orange.md|/Users/datpro/Documents/gitdatpro/ff-transform-data/data/bronze/raw/calendar/2026/01_yellow.md,2026-09-03T07:55:33Z
Jan 13,6:50am,JPY,yellow,Current Account,3.14T,3.04T,2.48T,/Users/datpro/Documents/gitdatpro/ff-transform-data/data/bronze/raw/calendar/2026/01_red.md|/Users/datpro/Documents/gitdatpro/ff-transform-data/data/bronze/raw/calendar/2026/01_orange.md|/Users/datpro/Documents/gitdatpro/ff-transform-data/data/bronze/raw/calendar/2026/01_yellow.md,2026-09-03T07:55:33Z
Jan 13,7:01am,GBP,yellow,BRC Retail Sales Monitor y/y,1.0%,1.3%,1.2%,/Users/datpro/Documents/gitdatpro/ff-transform-data/data/bronze/raw/calendar/2026/01_red.md|/Users/datpro/Documents/gitdatpro/ff-transform-data/data/bronze/raw/calendar/2026/01_orange.md|/Users/datpro/Documents/gitdatpro/ff-transform-data/data/bronze/raw/calendar/2026/01_yellow.md,2026-09-03T07:55:33Z
Jan 13,8:15pm,USD,orange,ADP Weekly Employment Change,11.8K,N/A,11.0K,/Users/datpro/Documents/gitdatpro/ff-transform-data/data/bronze/raw/calendar/2026/01_red.md|/Users/datpro/Documents/gitdatpro/ff-transform-data/data/bronze/raw/calendar/2026/01_orange.md|/Users/datpro/Documents/gitdatpro/ff-transform-data/data/bronze/raw/calendar/2026/01_yellow.md,2026-09-03T07:55:33Z
Jan 13,8:30pm,CAD,yellow,Building Permits m/m,-13.1%,-5.6%,15.7%,/Users/datpro/Documents/gitdatpro/ff-transform-data/data/bronze/raw/calendar/2026/01_red.md|/Users/datpro/Documents/gitdatpro/ff-transform-data/data/bronze/raw/calendar/2026/01_orange.md|/Users/datpro/Documents/gitdatpro/ff-transform-data/data/bronze/raw/calendar/2026/01_yellow.md,2026-09-03T07:55:33Z
Jan 13,Sep Data,USD,yellow,New Home Sales,738K,N/A,711K,/Users/datpro/Documents/gitdatpro/ff-transform-data/data/bronze/raw/calendar/2026/01_red.md|/Users/datpro/Documents/gitdatpro/ff-transform-data/data/bronze/raw/calendar/2026/01_orange.md|/Users/datpro/Documents/gitdatpro/ff-transform-data/data/bronze/raw/calendar/2026/01_yellow.md,2026-09-03T07:55:33Z
Jan 14,10:00pm,USD,yellow,Business Inventories m/m,0.3%,0.1%,0.3%,/Users/datpro/Documents/gitdatpro/ff-transform-data/data/bronze/raw/calendar/2026/01_red.md|/Users/datpro/Documents/gitdatpro/ff-transform-data/data/bronze/raw/calendar/2026/01_orange.md|/Users/datpro/Documents/gitdatpro/ff-transform-data/data/bronze/raw/calendar/2026/01_yellow.md,2026-09-03T07:55:33Z
Jan 14,10:00pm,USD,red,Core Retail Sales m/m,0.5%,0.4%,0.2%,/Users/datpro/Documents/gitdatpro/ff-transform-data/data/bronze/raw/calendar/2026/01_red.md|/Users/datpro/Documents/gitdatpro/ff-transform-data/data/bronze/raw/calendar/2026/01_orange.md|/Users/datpro/Documents/gitdatpro/ff-transform-data/data/bronze/raw/calendar/2026/01_yellow.md,2026-09-03T07:55:33Z
Jan 14,10:00pm,USD,yellow,Existing Home Sales,4.35M,4.21M,4.14M,/Users/datpro/Documents/gitdatpro/ff-transform-data/data/bronze/raw/calendar/2026/01_red.md|/Users/datpro/Documents/gitdatpro/ff-transform-data/data/bronze/raw/calendar/2026/01_orange.md|/Users/datpro/Documents/gitdatpro/ff-transform-data/data/bronze/raw/calendar/2026/01_yellow.md,2026-09-03T07:55:33Z
Jan 14,10:00pm,USD,red,PPI m/m,0.2%,0.2%,0.1%,/Users/datpro/Documents/gitdatpro/ff-transform-data/data/bronze/raw/calendar/2026/01_red.md|/Users/datpro/Documents/gitdatpro/ff-transform-data/data/bronze/raw/calendar/2026/01_orange.md|/Users/datpro/Documents/gitdatpro/ff-transform-data/data/bronze/raw/calendar/2026/01_yellow.md,2026-09-03T07:55:33Z
Jan 14,10:00pm,USD,red,Retail Sales m/m,0.6%,0.5%,-0.1%,/Users/datpro/Documents/gitdatpro/ff-transform-data/data/bronze/raw/calendar/2026/01_red.md|/Users/datpro/Documents/gitdatpro/ff-transform-data/data/bronze/raw/calendar/2026/01_orange.md|/Users/datpro/Documents/gitdatpro/ff-transform-data/data/bronze/raw/calendar/2026/01_yellow.md,2026-09-03T07:55:33Z
Jan 14,10:30pm,GBP,yellow,MPC Member Ramsden Speaks,N/A,N/A,N/A,/Users/datpro/Documents/gitdatpro/ff-transform-data/data/bronze/raw/calendar/2026/01_red.md|/Users/datpro/Documents/gitdatpro/ff-transform-data/data/bronze/raw/calendar/2026/01_orange.md|/Users/datpro/Documents/gitdatpro/ff-transform-data/data/bronze/raw/calendar/2026/01_yellow.md,2026-09-03T07:55:33Z
Jan 14,10:30pm,USD,yellow,Crude Oil Inventories,3.4M,-1.7M,-3.8M,/Users/datpro/Documents/gitdatpro/ff-transform-data/data/bronze/raw/calendar/2026/01_red.md|/Users/datpro/Documents/gitdatpro/ff-transform-data/data/bronze/raw/calendar/2026/01_orange.md|/Users/datpro/Documents/gitdatpro/ff-transform-data/data/bronze/raw/calendar/2026/01_yellow.md,2026-09-03T07:55:33Z
Jan 14,10:30pm,USD,yellow,FOMC Member Miran Speaks,N/A,N/A,N/A,/Users/datpro/Documents/gitdatpro/ff-transform-data/data/bronze/raw/calendar/2026/01_red.md|/Users/datpro/Documents/gitdatpro/ff-transform-data/data/bronze/raw/calendar/2026/01_orange.md|/Users/datpro/Documents/gitdatpro/ff-transform-data/data/bronze/raw/calendar/2026/01_yellow.md,2026-09-03T07:55:33Z
Jan 14,1:00pm,JPY,yellow,Prelim Machine Tool Orders y/y,10.6%,N/A,14.8%,/Users/datpro/Documents/gitdatpro/ff-transform-data/data/bronze/raw/calendar/2026/01_red.md|/Users/datpro/Documents/gitdatpro/ff-transform-data/data/bronze/raw/calendar/2026/01_orange.md|/Users/datpro/Documents/gitdatpro/ff-transform-data/data/bronze/raw/calendar/2026/01_yellow.md,2026-09-03T07:55:33Z
Jan 14,2:00am,USD,yellow,Federal Budget Balance,-144.7B,-144.5B,-173.3B,/Users/datpro/Documents/gitdatpro/ff-transform-data/data/bronze/raw/calendar/2026/01_red.md|/Users/datpro/Documents/gitdatpro/ff-transform-data/data/bronze/raw/calendar/2026/01_orange.md|/Users/datpro/Documents/gitdatpro/ff-transform-data/data/bronze/raw/calendar/2026/01_yellow.md,2026-09-03T07:55:33Z
Jan 14,3:00pm,GBP,yellow,MPC Member Taylor Speaks,N/A,N/A,N/A,/Users/datpro/Documents/gitdatpro/ff-transform-data/data/bronze/raw/calendar/2026/01_red.md|/Users/datpro/Documents/gitdatpro/ff-transform-data/data/bronze/raw/calendar/2026/01_orange.md|/Users/datpro/Documents/gitdatpro/ff-transform-data/data/bronze/raw/calendar/2026/01_yellow.md,2026-09-03T07:55:33Z
Jan 14,4:00am,USD,yellow,FOMC Member Barkin Speaks,N/A,N/A,N/A,/Users/datpro/Documents/gitdatpro/ff-transform-data/data/bronze/raw/calendar/2026/01_red.md|/Users/datpro/Documents/gitdatpro/ff-transform-data/data/bronze/raw/calendar/2026/01_orange.md|/Users/datpro/Documents/gitdatpro/ff-transform-data/data/bronze/raw/calendar/2026/01_yellow.md,2026-09-03T07:55:33Z
Jan 14,4:30am,USD,yellow,API Weekly Statistical Bulletin,N/A,N/A,N/A,/Users/datpro/Documents/gitdatpro/ff-transform-data/data/bronze/raw/calendar/2026/01_red.md|/Users/datpro/Documents/gitdatpro/ff-transform-data/data/bronze/raw/calendar/2026/01_orange.md|/Users/datpro/Documents/gitdatpro/ff-transform-data/data/bronze/raw/calendar/2026/01_yellow.md,2026-09-03T07:55:33Z
Jan 14,4:45am,NZD,yellow,Building Consents m/m,2.8%,N/A,-0.7%,/Users/datpro/Documents/gitdatpro/ff-transform-data/data/bronze/raw/calendar/2026/01_red.md|/Users/datpro/Documents/gitdatpro/ff-transform-data/data/bronze/raw/calendar/2026/01_orange.md|/Users/datpro/Documents/gitdatpro/ff-transform-data/data/bronze/raw/calendar/2026/01_yellow.md,2026-09-03T07:55:33Z
Jan 14,5:02pm,GBP,yellow,10-y Bond Auction,4.46|3.3,N/A,4.61|3.1,/Users/datpro/Documents/gitdatpro/ff-transform-data/data/bronze/raw/calendar/2026/01_red.md|/Users/datpro/Documents/gitdatpro/ff-transform-data/data/bronze/raw/calendar/2026/01_orange.md|/Users/datpro/Documents/gitdatpro/ff-transform-data/data/bronze/raw/calendar/2026/01_yellow.md,2026-09-03T07:55:33Z
Jan 14,5:36pm,EUR,yellow,German 30-y Bond Auction,3.45|2.1,N/A,3.26|1.3,/Users/datpro/Documents/gitdatpro/ff-transform-data/data/bronze/raw/calendar/2026/01_red.md|/Users/datpro/Documents/gitdatpro/ff-transform-data/data/bronze/raw/calendar/2026/01_orange.md|/Users/datpro/Documents/gitdatpro/ff-transform-data/data/bronze/raw/calendar/2026/01_yellow.md,2026-09-03T07:55:33Z
Jan 14,6:50am,JPY,yellow,M2 Money Stock y/y,1.7%,1.9%,1.7%,/Users/datpro/Documents/gitdatpro/ff-transform-data/data/bronze/raw/calendar/2026/01_red.md|/Users/datpro/Documents/gitdatpro/ff-transform-data/data/bronze/raw/calendar/2026/01_orange.md|/Users/datpro/Documents/gitdatpro/ff-transform-data/data/bronze/raw/calendar/2026/01_yellow.md,2026-09-03T07:55:33Z
Jan 14,7:00am,NZD,yellow,ANZ Commodity Prices m/m,-2.1%,N/A,-1.6%,/Users/datpro/Documents/gitdatpro/ff-transform-data/data/bronze/raw/calendar/2026/01_red.md|/Users/datpro/Documents/gitdatpro/ff-transform-data/data/bronze/raw/calendar/2026/01_orange.md|/Users/datpro/Documents/gitdatpro/ff-transform-data/data/bronze/raw/calendar/2026/01_yellow.md,2026-09-03T07:55:33Z
Jan 14,8:30pm,USD,yellow,Current Account,-226B,-235B,-249B,/Users/datpro/Documents/gitdatpro/ff-transform-data/data/bronze/raw/calendar/2026/01_red.md|/Users/datpro/Documents/gitdatpro/ff-transform-data/data/bronze/raw/calendar/2026/01_orange.md|/Users/datpro/Documents/gitdatpro/ff-transform-data/data/bronze/raw/calendar/2026/01_yellow.md,2026-09-03T07:55:33Z
Jan 14,9:24am,CNY,yellow,Trade Balance,809B,805B,793B,/Users/datpro/Documents/gitdatpro/ff-transform-data/data/bronze/raw/calendar/2026/01_red.md|/Users/datpro/Documents/gitdatpro/ff-transform-data/data/bronze/raw/calendar/2026/01_orange.md|/Users/datpro/Documents/gitdatpro/ff-transform-data/data/bronze/raw/calendar/2026/01_yellow.md,2026-09-03T07:55:33Z
Jan 14,9:24am,CNY,yellow,USD-Denominated Trade Balance,114.1B,114.3B,111.7B,/Users/datpro/Documents/gitdatpro/ff-transform-data/data/bronze/raw/calendar/2026/01_red.md|/Users/datpro/Documents/gitdatpro/ff-transform-data/data/bronze/raw/calendar/2026/01_orange.md|/Users/datpro/Documents/gitdatpro/ff-transform-data/data/bronze/raw/calendar/2026/01_yellow.md,2026-09-03T07:55:33Z
Jan 14,9:50pm,USD,yellow,FOMC Member Paulson Speaks,N/A,N/A,N/A,/Users/datpro/Documents/gitdatpro/ff-transform-data/data/bronze/raw/calendar/2026/01_red.md|/Users/datpro/Documents/gitdatpro/ff-transform-data/data/bronze/raw/calendar/2026/01_orange.md|/Users/datpro/Documents/gitdatpro/ff-transform-data/data/bronze/raw/calendar/2026/01_yellow.md,2026-09-03T07:55:33Z
Jan 14,Oct Data,USD,orange,Core PPI m/m,0.3%,N/A,0.4%,/Users/datpro/Documents/gitdatpro/ff-transform-data/data/bronze/raw/calendar/2026/01_red.md|/Users/datpro/Documents/gitdatpro/ff-transform-data/data/bronze/raw/calendar/2026/01_orange.md|/Users/datpro/Documents/gitdatpro/ff-transform-data/data/bronze/raw/calendar/2026/01_yellow.md,2026-09-03T07:55:33Z
Jan 14,Oct Data,USD,orange,PPI m/m,0.1%,N/A,0.6%,/Users/datpro/Documents/gitdatpro/ff-transform-data/data/bronze/raw/calendar/2026/01_red.md|/Users/datpro/Documents/gitdatpro/ff-transform-data/data/bronze/raw/calendar/2026/01_orange.md|/Users/datpro/Documents/gitdatpro/ff-transform-data/data/bronze/raw/calendar/2026/01_yellow.md,2026-09-03T07:55:33Z
Jan 15,10:30pm,USD,yellow,FOMC Member Kashkari Speaks,N/A,N/A,N/A,/Users/datpro/Documents/gitdatpro/ff-transform-data/data/bronze/raw/calendar/2026/01_red.md|/Users/datpro/Documents/gitdatpro/ff-transform-data/data/bronze/raw/calendar/2026/01_orange.md|/Users/datpro/Documents/gitdatpro/ff-transform-data/data/bronze/raw/calendar/2026/01_yellow.md,2026-09-03T07:55:33Z
Jan 15,10:30pm,USD,yellow,Natural Gas Storage,-71B,-89B,-119B,/Users/datpro/Documents/gitdatpro/ff-transform-data/data/bronze/raw/calendar/2026/01_red.md|/Users/datpro/Documents/gitdatpro/ff-transform-data/data/bronze/raw/calendar/2026/01_orange.md|/Users/datpro/Documents/gitdatpro/ff-transform-data/data/bronze/raw/calendar/2026/01_yellow.md,2026-09-03T07:55:33Z
Jan 15,2:00am,USD,yellow,Beige Book,N/A,N/A,N/A,/Users/datpro/Documents/gitdatpro/ff-transform-data/data/bronze/raw/calendar/2026/01_red.md|/Users/datpro/Documents/gitdatpro/ff-transform-data/data/bronze/raw/calendar/2026/01_orange.md|/Users/datpro/Documents/gitdatpro/ff-transform-data/data/bronze/raw/calendar/2026/01_yellow.md,2026-09-03T07:55:33Z
Jan 15,2:00pm,EUR,yellow,German WPI m/m,-0.2%,0.2%,0.3%,/Users/datpro/Documents/gitdatpro/ff-transform-data/data/bronze/raw/calendar/2026/01_red.md|/Users/datpro/Documents/gitdatpro/ff-transform-data/data/bronze/raw/calendar/2026/01_orange.md|/Users/datpro/Documents/gitdatpro/ff-transform-data/data/bronze/raw/calendar/2026/01_yellow.md,2026-09-03T07:55:33Z
Jan 15,2:00pm,GBP,yellow,Construction Output m/m,-1.3%,-0.3%,-1.2%,/Users/datpro/Documents/gitdatpro/ff-transform-data/data/bronze/raw/calendar/2026/01_red.md|/Users/datpro/Documents/gitdatpro/ff-transform-data/data/bronze/raw/calendar/2026/01_orange.md|/Users/datpro/Documents/gitdatpro/ff-transform-data/data/bronze/raw/calendar/2026/01_yellow.md,2026-09-03T07:55:33Z
Jan 15,2:00pm,GBP,yellow,Goods Trade Balance,-23.7B,-20.3B,-24.2B,/Users/datpro/Documents/gitdatpro/ff-transform-data/data/bronze/raw/calendar/2026/01_red.md|/Users/datpro/Documents/gitdatpro/ff-transform-data/data/bronze/raw/calendar/2026/01_orange.md|/Users/datpro/Documents/gitdatpro/ff-transform-data/data/bronze/raw/calendar/2026/01_yellow.md,2026-09-03T07:55:33Z
Jan 15,2:00pm,GBP,yellow,Index of Services 3m/3m,0.2%,0.0%,0.1%,/Users/datpro/Documents/gitdatpro/ff-transform-data/data/bronze/raw/calendar/2026/01_red.md|/Users/datpro/Documents/gitdatpro/ff-transform-data/data/bronze/raw/calendar/2026/01_orange.md|/Users/datpro/Documents/gitdatpro/ff-transform-data/data/bronze/raw/calendar/2026/01_yellow.md,2026-09-03T07:55:33Z
Jan 15,2:00pm,GBP,yellow,Industrial Production m/m,1.1%,0.2%,1.3%,/Users/datpro/Documents/gitdatpro/ff-transform-data/data/bronze/raw/calendar/2026/01_red.md|/Users/datpro/Documents/gitdatpro/ff-transform-data/data/bronze/raw/calendar/2026/01_orange.md|/Users/datpro/Documents/gitdatpro/ff-transform-data/data/bronze/raw/calendar/2026/01_yellow.md,2026-09-03T07:55:33Z
Jan 15,2:00pm,GBP,yellow,Manufacturing Production m/m,2.1%,0.4%,0.4%,/Users/datpro/Documents/gitdatpro/ff-transform-data/data/bronze/raw/calendar/2026/01_red.md|/Users/datpro/Documents/gitdatpro/ff-transform-data/data/bronze/raw/calendar/2026/01_orange.md|/Users/datpro/Documents/gitdatpro/ff-transform-data/data/bronze/raw/calendar/2026/01_yellow.md,2026-09-03T07:55:33Z
Jan 15,2:02pm,CNY,yellow,M2 Money Supply y/y,8.5%,8.0%,8.0%,/Users/datpro/Documents/gitdatpro/ff-transform-data/data/bronze/raw/calendar/2026/01_red.md|/Users/datpro/Documents/gitdatpro/ff-transform-data/data/bronze/raw/calendar/2026/01_orange.md|/Users/datpro/Documents/gitdatpro/ff-transform-data/data/bronze/raw/calendar/2026/01_yellow.md,2026-09-03T07:55:33Z
Jan 15,2:02pm,CNY,yellow,New Loans,910B,820B,390B,/Users/datpro/Documents/gitdatpro/ff-transform-data/data/bronze/raw/calendar/2026/01_red.md|/Users/datpro/Documents/gitdatpro/ff-transform-data/data/bronze/raw/calendar/2026/01_orange.md|/Users/datpro/Documents/gitdatpro/ff-transform-data/data/bronze/raw/calendar/2026/01_yellow.md,2026-09-03T07:55:33Z
Jan 15,2:10am,USD,yellow,FOMC Member Williams Speaks,N/A,N/A,N/A,/Users/datpro/Documents/gitdatpro/ff-transform-data/data/bronze/raw/calendar/2026/01_red.md|/Users/datpro/Documents/gitdatpro/ff-transform-data/data/bronze/raw/calendar/2026/01_orange.md|/Users/datpro/Documents/gitdatpro/ff-transform-data/data/bronze/raw/calendar/2026/01_yellow.md,2026-09-03T07:55:33Z
Jan 15,2:45pm,EUR,yellow,French Final CPI m/m,0.1%,0.1%,0.1%,/Users/datpro/Documents/gitdatpro/ff-transform-data/data/bronze/raw/calendar/2026/01_red.md|/Users/datpro/Documents/gitdatpro/ff-transform-data/data/bronze/raw/calendar/2026/01_orange.md|/Users/datpro/Documents/gitdatpro/ff-transform-data/data/bronze/raw/calendar/2026/01_yellow.md,2026-09-03T07:55:33Z
Jan 15,4:00pm,EUR,yellow,ECB Economic Bulletin,N/A,N/A,N/A,/Users/datpro/Documents/gitdatpro/ff-transform-data/data/bronze/raw/calendar/2026/01_red.md|/Users/datpro/Documents/gitdatpro/ff-transform-data/data/bronze/raw/calendar/2026/01_orange.md|/Users/datpro/Documents/gitdatpro/ff-transform-data/data/bronze/raw/calendar/2026/01_yellow.md,2026-09-03T07:55:33Z
Jan 15,4:00pm,EUR,yellow,Italian Industrial Production m/m,1.5%,0.6%,-1.0%,/Users/datpro/Documents/gitdatpro/ff-transform-data/data/bronze/raw/calendar/2026/01_red.md|/Users/datpro/Documents/gitdatpro/ff-transform-data/data/bronze/raw/calendar/2026/01_orange.md|/Users/datpro/Documents/gitdatpro/ff-transform-data/data/bronze/raw/calendar/2026/01_yellow.md,2026-09-03T07:55:33Z
Jan 15,4:30pm,GBP,yellow,BOE Credit Conditions Survey,N/A,N/A,N/A,/Users/datpro/Documents/gitdatpro/ff-transform-data/data/bronze/raw/calendar/2026/01_red.md|/Users/datpro/Documents/gitdatpro/ff-transform-data/data/bronze/raw/calendar/2026/01_orange.md|/Users/datpro/Documents/gitdatpro/ff-transform-data/data/bronze/raw/calendar/2026/01_yellow.md,2026-09-03T07:55:33Z
Jan 15,5:00pm,EUR,yellow,Industrial Production m/m,0.7%,0.5%,0.7%,/Users/datpro/Documents/gitdatpro/ff-transform-data/data/bronze/raw/calendar/2026/01_red.md|/Users/datpro/Documents/gitdatpro/ff-transform-data/data/bronze/raw/calendar/2026/01_orange.md|/Users/datpro/Documents/gitdatpro/ff-transform-data/data/bronze/raw/calendar/2026/01_yellow.md,2026-09-03T07:55:33Z
Jan 15,5:00pm,EUR,yellow,Trade Balance,10.7B,14.8B,13.7B,/Users/datpro/Documents/gitdatpro/ff-transform-data/data/bronze/raw/calendar/2026/01_red.md|/Users/datpro/Documents/gitdatpro/ff-transform-data/data/bronze/raw/calendar/2026/01_orange.md|/Users/datpro/Documents/gitdatpro/ff-transform-data/data/bronze/raw/calendar/2026/01_yellow.md,2026-09-03T07:55:33Z
Jan 15,6:00pm,EUR,yellow,Italian Trade Balance,5.08B,5.22B,4.18B,/Users/datpro/Documents/gitdatpro/ff-transform-data/data/bronze/raw/calendar/2026/01_red.md|/Users/datpro/Documents/gitdatpro/ff-transform-data/data/bronze/raw/calendar/2026/01_orange.md|/Users/datpro/Documents/gitdatpro/ff-transform-data/data/bronze/raw/calendar/2026/01_yellow.md,2026-09-03T07:55:33Z
Jan 15,6:50am,JPY,yellow,PPI y/y,2.4%,2.4%,2.7%,/Users/datpro/Documents/gitdatpro/ff-transform-data/data/bronze/raw/calendar/2026/01_red.md|/Users/datpro/Documents/gitdatpro/ff-transform-data/data/bronze/raw/calendar/2026/01_orange.md|/Users/datpro/Documents/gitdatpro/ff-transform-data/data/bronze/raw/calendar/2026/01_yellow.md,2026-09-03T07:55:33Z
Jan 15,7:00am,AUD,yellow,MI Inflation Expectations,4.6%,N/A,4.7%,/Users/datpro/Documents/gitdatpro/ff-transform-data/data/bronze/raw/calendar/2026/01_red.md|/Users/datpro/Documents/gitdatpro/ff-transform-data/data/bronze/raw/calendar/2026/01_orange.md|/Users/datpro/Documents/gitdatpro/ff-transform-data/data/bronze/raw/calendar/2026/01_yellow.md,2026-09-03T07:55:33Z
Jan 15,7:01am,GBP,yellow,RICS House Price Balance,-14%,-17%,-14%,/Users/datpro/Documents/gitdatpro/ff-transform-data/data/bronze/raw/calendar/2026/01_red.md|/Users/datpro/Documents/gitdatpro/ff-transform-data/data/bronze/raw/calendar/2026/01_orange.md|/Users/datpro/Documents/gitdatpro/ff-transform-data/data/bronze/raw/calendar/2026/01_yellow.md,2026-09-03T07:55:33Z
Jan 15,7:30am,AUD,yellow,NAB Quarterly Business Confidence,0,N/A,2,/Users/datpro/Documents/gitdatpro/ff-transform-data/data/bronze/raw/calendar/2026/01_red.md|/Users/datpro/Documents/gitdatpro/ff-transform-data/data/bronze/raw/calendar/2026/01_orange.md|/Users/datpro/Documents/gitdatpro/ff-transform-data/data/bronze/raw/calendar/2026/01_yellow.md,2026-09-03T07:55:33Z
Jan 15,8:30pm,CAD,yellow,Manufacturing Sales m/m,-1.2%,-1.1%,-1.0%,/Users/datpro/Documents/gitdatpro/ff-transform-data/data/bronze/raw/calendar/2026/01_red.md|/Users/datpro/Documents/gitdatpro/ff-transform-data/data/bronze/raw/calendar/2026/01_orange.md|/Users/datpro/Documents/gitdatpro/ff-transform-data/data/bronze/raw/calendar/2026/01_yellow.md,2026-09-03T07:55:33Z
Jan 15,8:30pm,CAD,yellow,Wholesale Sales m/m,-1.8%,0.1%,0.4%,/Users/datpro/Documents/gitdatpro/ff-transform-data/data/bronze/raw/calendar/2026/01_red.md|/Users/datpro/Documents/gitdatpro/ff-transform-data/data/bronze/raw/calendar/2026/01_orange.md|/Users/datpro/Documents/gitdatpro/ff-transform-data/data/bronze/raw/calendar/2026/01_yellow.md,2026-09-03T07:55:33Z
Jan 15,8:30pm,USD,yellow,Import Prices m/m,0.4%,-0.1%,0.0%,/Users/datpro/Documents/gitdatpro/ff-transform-data/data/bronze/raw/calendar/2026/01_red.md|/Users/datpro/Documents/gitdatpro/ff-transform-data/data/bronze/raw/calendar/2026/01_orange.md|/Users/datpro/Documents/gitdatpro/ff-transform-data/data/bronze/raw/calendar/2026/01_yellow.md,2026-09-03T07:55:33Z
Jan 15,8:30pm,USD,red,Unemployment Claims,198K,215K,207K,/Users/datpro/Documents/gitdatpro/ff-transform-data/data/bronze/raw/calendar/2026/01_red.md|/Users/datpro/Documents/gitdatpro/ff-transform-data/data/bronze/raw/calendar/2026/01_orange.md|/Users/datpro/Documents/gitdatpro/ff-transform-data/data/bronze/raw/calendar/2026/01_yellow.md,2026-09-03T07:55:33Z
Jan 15,8:35pm,USD,yellow,FOMC Member Bostic Speaks,N/A,N/A,N/A,/Users/datpro/Documents/gitdatpro/ff-transform-data/data/bronze/raw/calendar/2026/01_red.md|/Users/datpro/Documents/gitdatpro/ff-transform-data/data/bronze/raw/calendar/2026/01_orange.md|/Users/datpro/Documents/gitdatpro/ff-transform-data/data/bronze/raw/calendar/2026/01_yellow.md,2026-09-03T07:55:33Z
Jan 15,9:15pm,USD,yellow,FOMC Member Barr Speaks,N/A,N/A,N/A,/Users/datpro/Documents/gitdatpro/ff-transform-data/data/bronze/raw/calendar/2026/01_red.md|/Users/datpro/Documents/gitdatpro/ff-transform-data/data/bronze/raw/calendar/2026/01_orange.md|/Users/datpro/Documents/gitdatpro/ff-transform-data/data/bronze/raw/calendar/2026/01_yellow.md,2026-09-03T07:55:33Z
Jan 15,Oct Data,USD,orange,Philly Fed Manufacturing Index,12.6,-1.6,-10.2,/Users/datpro/Documents/gitdatpro/ff-transform-data/data/bronze/raw/calendar/2026/01_red.md|/Users/datpro/Documents/gitdatpro/ff-transform-data/data/bronze/raw/calendar/2026/01_orange.md|/Users/datpro/Documents/gitdatpro/ff-transform-data/data/bronze/raw/calendar/2026/01_yellow.md,2026-09-03T07:55:33Z
Jan 16,10:00pm,USD,yellow,NAHB Housing Market Index,37,40,39,/Users/datpro/Documents/gitdatpro/ff-transform-data/data/bronze/raw/calendar/2026/01_red.md|/Users/datpro/Documents/gitdatpro/ff-transform-data/data/bronze/raw/calendar/2026/01_orange.md|/Users/datpro/Documents/gitdatpro/ff-transform-data/data/bronze/raw/calendar/2026/01_yellow.md,2026-09-03T07:55:33Z
Jan 16,10:30pm,AUD,yellow,CB Leading Index m/m,0.2%,N/A,0.4%,/Users/datpro/Documents/gitdatpro/ff-transform-data/data/bronze/raw/calendar/2026/01_red.md|/Users/datpro/Documents/gitdatpro/ff-transform-data/data/bronze/raw/calendar/2026/01_orange.md|/Users/datpro/Documents/gitdatpro/ff-transform-data/data/bronze/raw/calendar/2026/01_yellow.md,2026-09-03T07:55:33Z
Jan 16,10:50pm,USD,yellow,FOMC Member Collins Speaks,N/A,N/A,N/A,/Users/datpro/Documents/gitdatpro/ff-transform-data/data/bronze/raw/calendar/2026/01_red.md|/Users/datpro/Documents/gitdatpro/ff-transform-data/data/bronze/raw/calendar/2026/01_orange.md|/Users/datpro/Documents/gitdatpro/ff-transform-data/data/bronze/raw/calendar/2026/01_yellow.md,2026-09-03T07:55:33Z
Jan 16,11:00pm,USD,yellow,FOMC Member Bowman Speaks,N/A,N/A,N/A,/Users/datpro/Documents/gitdatpro/ff-transform-data/data/bronze/raw/calendar/2026/01_red.md|/Users/datpro/Documents/gitdatpro/ff-transform-data/data/bronze/raw/calendar/2026/01_orange.md|/Users/datpro/Documents/gitdatpro/ff-transform-data/data/bronze/raw/calendar/2026/01_yellow.md,2026-09-03T07:55:33Z
Jan 16,1:30am,USD,yellow,FOMC Member Schmid Speaks,N/A,N/A,N/A,/Users/datpro/Documents/gitdatpro/ff-transform-data/data/bronze/raw/calendar/2026/01_red.md|/Users/datpro/Documents/gitdatpro/ff-transform-data/data/bronze/raw/calendar/2026/01_orange.md|/Users/datpro/Documents/gitdatpro/ff-transform-data/data/bronze/raw/calendar/2026/01_yellow.md,2026-09-03T07:55:33Z
Jan 16,2:00pm,EUR,yellow,German Final CPI m/m,0.0%,0.0%,0.0%,/Users/datpro/Documents/gitdatpro/ff-transform-data/data/bronze/raw/calendar/2026/01_red.md|/Users/datpro/Documents/gitdatpro/ff-transform-data/data/bronze/raw/calendar/2026/01_orange.md|/Users/datpro/Documents/gitdatpro/ff-transform-data/data/bronze/raw/calendar/2026/01_yellow.md,2026-09-03T07:55:33Z
Jan 16,4:00am,USD,yellow,TIC Long-Term Purchases,220.2B,48.7B,30.9B,/Users/datpro/Documents/gitdatpro/ff-transform-data/data/bronze/raw/calendar/2026/01_red.md|/Users/datpro/Documents/gitdatpro/ff-transform-data/data/bronze/raw/calendar/2026/01_orange.md|/Users/datpro/Documents/gitdatpro/ff-transform-data/data/bronze/raw/calendar/2026/01_yellow.md,2026-09-03T07:55:33Z
Jan 16,4:30am,NZD,yellow,BusinessNZ Manufacturing Index,56.1,N/A,51.7,/Users/datpro/Documents/gitdatpro/ff-transform-data/data/bronze/raw/calendar/2026/01_red.md|/Users/datpro/Documents/gitdatpro/ff-transform-data/data/bronze/raw/calendar/2026/01_orange.md|/Users/datpro/Documents/gitdatpro/ff-transform-data/data/bronze/raw/calendar/2026/01_yellow.md,2026-09-03T07:55:33Z
Jan 16,4:45am,NZD,yellow,FPI m/m,-0.3%,N/A,-0.4%,/Users/datpro/Documents/gitdatpro/ff-transform-data/data/bronze/raw/calendar/2026/01_red.md|/Users/datpro/Documents/gitdatpro/ff-transform-data/data/bronze/raw/calendar/2026/01_orange.md|/Users/datpro/Documents/gitdatpro/ff-transform-data/data/bronze/raw/calendar/2026/01_yellow.md,2026-09-03T07:55:33Z
Jan 16,8:15pm,CAD,yellow,Housing Starts,282K,257K,255K,/Users/datpro/Documents/gitdatpro/ff-transform-data/data/bronze/raw/calendar/2026/01_red.md|/Users/datpro/Documents/gitdatpro/ff-transform-data/data/bronze/raw/calendar/2026/01_orange.md|/Users/datpro/Documents/gitdatpro/ff-transform-data/data/bronze/raw/calendar/2026/01_yellow.md,2026-09-03T07:55:33Z
Jan 16,8:30pm,CAD,yellow,Foreign Securities Purchases,16.33B,24.61B,46.62B,/Users/datpro/Documents/gitdatpro/ff-transform-data/data/bronze/raw/calendar/2026/01_red.md|/Users/datpro/Documents/gitdatpro/ff-transform-data/data/bronze/raw/calendar/2026/01_orange.md|/Users/datpro/Documents/gitdatpro/ff-transform-data/data/bronze/raw/calendar/2026/01_yellow.md,2026-09-03T07:55:33Z
Jan 16,9:15pm,USD,yellow,Capacity Utilization Rate,76.3%,76.0%,76.1%,/Users/datpro/Documents/gitdatpro/ff-transform-data/data/bronze/raw/calendar/2026/01_red.md|/Users/datpro/Documents/gitdatpro/ff-transform-data/data/bronze/raw/calendar/2026/01_orange.md|/Users/datpro/Documents/gitdatpro/ff-transform-data/data/bronze/raw/calendar/2026/01_yellow.md,2026-09-03T07:55:33Z
Jan 16,9:15pm,USD,yellow,Industrial Production m/m,0.4%,0.1%,0.4%,/Users/datpro/Documents/gitdatpro/ff-transform-data/data/bronze/raw/calendar/2026/01_red.md|/Users/datpro/Documents/gitdatpro/ff-transform-data/data/bronze/raw/calendar/2026/01_orange.md|/Users/datpro/Documents/gitdatpro/ff-transform-data/data/bronze/raw/calendar/2026/01_yellow.md,2026-09-03T07:55:33Z
Jan 16,9:30pm,GBP,yellow,CB Leading Index m/m,-0.1%,N/A,0.0%,/Users/datpro/Documents/gitdatpro/ff-transform-data/data/bronze/raw/calendar/2026/01_red.md|/Users/datpro/Documents/gitdatpro/ff-transform-data/data/bronze/raw/calendar/2026/01_orange.md|/Users/datpro/Documents/gitdatpro/ff-transform-data/data/bronze/raw/calendar/2026/01_yellow.md,2026-09-03T07:55:33Z
Jan 19,10:30pm,CAD,orange,BOC Business Outlook Survey,N/A,N/A,N/A,/Users/datpro/Documents/gitdatpro/ff-transform-data/data/bronze/raw/calendar/2026/01_red.md|/Users/datpro/Documents/gitdatpro/ff-transform-data/data/bronze/raw/calendar/2026/01_orange.md|/Users/datpro/Documents/gitdatpro/ff-transform-data/data/bronze/raw/calendar/2026/01_yellow.md,2026-09-03T07:55:33Z
Jan 19,11:30am,JPY,yellow,Revised Industrial Production m/m,-2.7%,-2.6%,-2.6%,/Users/datpro/Documents/gitdatpro/ff-transform-data/data/bronze/raw/calendar/2026/01_red.md|/Users/datpro/Documents/gitdatpro/ff-transform-data/data/bronze/raw/calendar/2026/01_orange.md|/Users/datpro/Documents/gitdatpro/ff-transform-data/data/bronze/raw/calendar/2026/01_yellow.md,2026-09-03T07:55:33Z
Jan 19,11:30am,JPY,yellow,Tertiary Industry Activity m/m,-0.2%,0.0%,0.9%,/Users/datpro/Documents/gitdatpro/ff-transform-data/data/bronze/raw/calendar/2026/01_red.md|/Users/datpro/Documents/gitdatpro/ff-transform-data/data/bronze/raw/calendar/2026/01_orange.md|/Users/datpro/Documents/gitdatpro/ff-transform-data/data/bronze/raw/calendar/2026/01_yellow.md,2026-09-03T07:55:33Z
Jan 19,5:00pm,EUR,yellow,Final CPI y/y,1.9%,2.0%,2.0%,/Users/datpro/Documents/gitdatpro/ff-transform-data/data/bronze/raw/calendar/2026/01_red.md|/Users/datpro/Documents/gitdatpro/ff-transform-data/data/bronze/raw/calendar/2026/01_orange.md|/Users/datpro/Documents/gitdatpro/ff-transform-data/data/bronze/raw/calendar/2026/01_yellow.md,2026-09-03T07:55:33Z
Jan 19,5:00pm,EUR,yellow,Final Core CPI y/y,2.3%,2.3%,2.3%,/Users/datpro/Documents/gitdatpro/ff-transform-data/data/bronze/raw/calendar/2026/01_red.md|/Users/datpro/Documents/gitdatpro/ff-transform-data/data/bronze/raw/calendar/2026/01_orange.md|/Users/datpro/Documents/gitdatpro/ff-transform-data/data/bronze/raw/calendar/2026/01_yellow.md,2026-09-03T07:55:33Z
Jan 19,7:00am,AUD,yellow,MI Inflation Gauge m/m,1.0%,N/A,0.3%,/Users/datpro/Documents/gitdatpro/ff-transform-data/data/bronze/raw/calendar/2026/01_red.md|/Users/datpro/Documents/gitdatpro/ff-transform-data/data/bronze/raw/calendar/2026/01_orange.md|/Users/datpro/Documents/gitdatpro/ff-transform-data/data/bronze/raw/calendar/2026/01_yellow.md,2026-09-03T07:55:33Z
Jan 19,7:01am,GBP,yellow,Rightmove HPI m/m,2.8%,N/A,-1.8%,/Users/datpro/Documents/gitdatpro/ff-transform-data/data/bronze/raw/calendar/2026/01_red.md|/Users/datpro/Documents/gitdatpro/ff-transform-data/data/bronze/raw/calendar/2026/01_orange.md|/Users/datpro/Documents/gitdatpro/ff-transform-data/data/bronze/raw/calendar/2026/01_yellow.md,2026-09-03T07:55:33Z
Jan 19,8:30am,CNY,yellow,New Home Prices m/m,-0.37%,N/A,-0.39%,/Users/datpro/Documents/gitdatpro/ff-transform-data/data/bronze/raw/calendar/2026/01_red.md|/Users/datpro/Documents/gitdatpro/ff-transform-data/data/bronze/raw/calendar/2026/01_orange.md|/Users/datpro/Documents/gitdatpro/ff-transform-data/data/bronze/raw/calendar/2026/01_yellow.md,2026-09-03T07:55:33Z
Jan 19,8:30pm,CAD,red,Median CPI y/y,2.5%,2.7%,2.8%,/Users/datpro/Documents/gitdatpro/ff-transform-data/data/bronze/raw/calendar/2026/01_red.md|/Users/datpro/Documents/gitdatpro/ff-transform-data/data/bronze/raw/calendar/2026/01_orange.md|/Users/datpro/Documents/gitdatpro/ff-transform-data/data/bronze/raw/calendar/2026/01_yellow.md,2026-09-03T07:55:33Z
Jan 19,8:30pm,CAD,red,Trimmed CPI y/y,2.7%,2.7%,2.9%,/Users/datpro/Documents/gitdatpro/ff-transform-data/data/bronze/raw/calendar/2026/01_red.md|/Users/datpro/Documents/gitdatpro/ff-transform-data/data/bronze/raw/calendar/2026/01_orange.md|/Users/datpro/Documents/gitdatpro/ff-transform-data/data/bronze/raw/calendar/2026/01_yellow.md,2026-09-03T07:55:33Z
Jan 19,8:32pm,CAD,yellow,Core CPI m/m,-0.4%,N/A,-0.1%,/Users/datpro/Documents/gitdatpro/ff-transform-data/data/bronze/raw/calendar/2026/01_red.md|/Users/datpro/Documents/gitdatpro/ff-transform-data/data/bronze/raw/calendar/2026/01_orange.md|/Users/datpro/Documents/gitdatpro/ff-transform-data/data/bronze/raw/calendar/2026/01_yellow.md,2026-09-03T07:55:33Z
Jan 19,9:00am,CNY,yellow,Fixed Asset Investment ytd/y,-3.8%,-3.1%,-2.6%,/Users/datpro/Documents/gitdatpro/ff-transform-data/data/bronze/raw/calendar/2026/01_red.md|/Users/datpro/Documents/gitdatpro/ff-transform-data/data/bronze/raw/calendar/2026/01_orange.md|/Users/datpro/Documents/gitdatpro/ff-transform-data/data/bronze/raw/calendar/2026/01_yellow.md,2026-09-03T07:55:33Z
Jan 19,9:00am,CNY,yellow,GDP q/y,4.5%,4.5%,4.8%,/Users/datpro/Documents/gitdatpro/ff-transform-data/data/bronze/raw/calendar/2026/01_red.md|/Users/datpro/Documents/gitdatpro/ff-transform-data/data/bronze/raw/calendar/2026/01_orange.md|/Users/datpro/Documents/gitdatpro/ff-transform-data/data/bronze/raw/calendar/2026/01_yellow.md,2026-09-03T07:55:33Z
Jan 19,9:00am,CNY,yellow,Industrial Production y/y,5.2%,5.1%,4.8%,/Users/datpro/Documents/gitdatpro/ff-transform-data/data/bronze/raw/calendar/2026/01_red.md|/Users/datpro/Documents/gitdatpro/ff-transform-data/data/bronze/raw/calendar/2026/01_orange.md|/Users/datpro/Documents/gitdatpro/ff-transform-data/data/bronze/raw/calendar/2026/01_yellow.md,2026-09-03T07:55:33Z
Jan 19,9:00am,CNY,yellow,NBS Press Conference,N/A,N/A,N/A,/Users/datpro/Documents/gitdatpro/ff-transform-data/data/bronze/raw/calendar/2026/01_red.md|/Users/datpro/Documents/gitdatpro/ff-transform-data/data/bronze/raw/calendar/2026/01_orange.md|/Users/datpro/Documents/gitdatpro/ff-transform-data/data/bronze/raw/calendar/2026/01_yellow.md,2026-09-03T07:55:33Z
Jan 19,9:00am,CNY,yellow,Retail Sales y/y,0.9%,1.1%,1.3%,/Users/datpro/Documents/gitdatpro/ff-transform-data/data/bronze/raw/calendar/2026/01_red.md|/Users/datpro/Documents/gitdatpro/ff-transform-data/data/bronze/raw/calendar/2026/01_orange.md|/Users/datpro/Documents/gitdatpro/ff-transform-data/data/bronze/raw/calendar/2026/01_yellow.md,2026-09-03T07:55:33Z
Jan 19,9:00am,CNY,yellow,Unemployment Rate,5.1%,5.2%,5.1%,/Users/datpro/Documents/gitdatpro/ff-transform-data/data/bronze/raw/calendar/2026/01_red.md|/Users/datpro/Documents/gitdatpro/ff-transform-data/data/bronze/raw/calendar/2026/01_orange.md|/Users/datpro/Documents/gitdatpro/ff-transform-data/data/bronze/raw/calendar/2026/01_yellow.md,2026-09-03T07:55:33Z
Jan 19,All Day,EUR,yellow,Eurogroup Meetings,N/A,N/A,N/A,/Users/datpro/Documents/gitdatpro/ff-transform-data/data/bronze/raw/calendar/2026/01_red.md|/Users/datpro/Documents/gitdatpro/ff-transform-data/data/bronze/raw/calendar/2026/01_orange.md|/Users/datpro/Documents/gitdatpro/ff-transform-data/data/bronze/raw/calendar/2026/01_yellow.md,2026-09-03T07:55:33Z
Jan 2,3:15pm,EUR,yellow,Spanish Manufacturing PMI,49.6,51.2,51.5,/Users/datpro/Documents/gitdatpro/ff-transform-data/data/bronze/raw/calendar/2026/01_red.md|/Users/datpro/Documents/gitdatpro/ff-transform-data/data/bronze/raw/calendar/2026/01_orange.md|/Users/datpro/Documents/gitdatpro/ff-transform-data/data/bronze/raw/calendar/2026/01_yellow.md,2026-09-03T07:55:33Z
Jan 2,3:45pm,EUR,yellow,Italian Manufacturing PMI,47.9,50.0,50.6,/Users/datpro/Documents/gitdatpro/ff-transform-data/data/bronze/raw/calendar/2026/01_red.md|/Users/datpro/Documents/gitdatpro/ff-transform-data/data/bronze/raw/calendar/2026/01_orange.md|/Users/datpro/Documents/gitdatpro/ff-transform-data/data/bronze/raw/calendar/2026/01_yellow.md,2026-09-03T07:55:33Z
Jan 2,3:50pm,EUR,yellow,French Final Manufacturing PMI,50.7,50.6,50.6,/Users/datpro/Documents/gitdatpro/ff-transform-data/data/bronze/raw/calendar/2026/01_red.md|/Users/datpro/Documents/gitdatpro/ff-transform-data/data/bronze/raw/calendar/2026/01_orange.md|/Users/datpro/Documents/gitdatpro/ff-transform-data/data/bronze/raw/calendar/2026/01_yellow.md,2026-09-03T07:55:33Z
Jan 2,3:55pm,EUR,yellow,German Final Manufacturing PMI,47.0,47.7,47.7,/Users/datpro/Documents/gitdatpro/ff-transform-data/data/bronze/raw/calendar/2026/01_red.md|/Users/datpro/Documents/gitdatpro/ff-transform-data/data/bronze/raw/calendar/2026/01_orange.md|/Users/datpro/Documents/gitdatpro/ff-transform-data/data/bronze/raw/calendar/2026/01_yellow.md,2026-09-03T07:55:33Z
Jan 2,4:00pm,EUR,yellow,Final Manufacturing PMI,48.8,49.2,49.2,/Users/datpro/Documents/gitdatpro/ff-transform-data/data/bronze/raw/calendar/2026/01_red.md|/Users/datpro/Documents/gitdatpro/ff-transform-data/data/bronze/raw/calendar/2026/01_orange.md|/Users/datpro/Documents/gitdatpro/ff-transform-data/data/bronze/raw/calendar/2026/01_yellow.md,2026-09-03T07:55:33Z
Jan 2,4:00pm,EUR,yellow,M3 Money Supply y/y,3.0%,2.7%,2.8%,/Users/datpro/Documents/gitdatpro/ff-transform-data/data/bronze/raw/calendar/2026/01_red.md|/Users/datpro/Documents/gitdatpro/ff-transform-data/data/bronze/raw/calendar/2026/01_orange.md|/Users/datpro/Documents/gitdatpro/ff-transform-data/data/bronze/raw/calendar/2026/01_yellow.md,2026-09-03T07:55:33Z
Jan 2,4:00pm,EUR,yellow,Private Loans y/y,2.9%,2.8%,2.8%,/Users/datpro/Documents/gitdatpro/ff-transform-data/data/bronze/raw/calendar/2026/01_red.md|/Users/datpro/Documents/gitdatpro/ff-transform-data/data/bronze/raw/calendar/2026/01_orange.md|/Users/datpro/Documents/gitdatpro/ff-transform-data/data/bronze/raw/calendar/2026/01_yellow.md,2026-09-03T07:55:33Z
Jan 2,4:30pm,GBP,yellow,Final Manufacturing PMI,50.6,51.2,51.2,/Users/datpro/Documents/gitdatpro/ff-transform-data/data/bronze/raw/calendar/2026/01_red.md|/Users/datpro/Documents/gitdatpro/ff-transform-data/data/bronze/raw/calendar/2026/01_orange.md|/Users/datpro/Documents/gitdatpro/ff-transform-data/data/bronze/raw/calendar/2026/01_yellow.md,2026-09-03T07:55:33Z
Jan 2,9:30pm,CAD,yellow,Manufacturing PMI,48.6,N/A,48.4,/Users/datpro/Documents/gitdatpro/ff-transform-data/data/bronze/raw/calendar/2026/01_red.md|/Users/datpro/Documents/gitdatpro/ff-transform-data/data/bronze/raw/calendar/2026/01_orange.md|/Users/datpro/Documents/gitdatpro/ff-transform-data/data/bronze/raw/calendar/2026/01_yellow.md,2026-09-03T07:55:33Z
Jan 2,9:45pm,USD,yellow,Final Manufacturing PMI,51.8,51.8,51.8,/Users/datpro/Documents/gitdatpro/ff-transform-data/data/bronze/raw/calendar/2026/01_red.md|/Users/datpro/Documents/gitdatpro/ff-transform-data/data/bronze/raw/calendar/2026/01_orange.md|/Users/datpro/Documents/gitdatpro/ff-transform-data/data/bronze/raw/calendar/2026/01_yellow.md,2026-09-03T07:55:33Z
Jan 20,11:30pm,CHF,orange,SNB Chairman Schlegel Speaks,N/A,N/A,N/A,/Users/datpro/Documents/gitdatpro/ff-transform-data/data/bronze/raw/calendar/2026/01_red.md|/Users/datpro/Documents/gitdatpro/ff-transform-data/data/bronze/raw/calendar/2026/01_orange.md|/Users/datpro/Documents/gitdatpro/ff-transform-data/data/bronze/raw/calendar/2026/01_yellow.md,2026-09-03T07:55:33Z
Jan 20,11:30pm,EUR,yellow,German Buba President Nagel Speaks,N/A,N/A,N/A,/Users/datpro/Documents/gitdatpro/ff-transform-data/data/bronze/raw/calendar/2026/01_red.md|/Users/datpro/Documents/gitdatpro/ff-transform-data/data/bronze/raw/calendar/2026/01_orange.md|/Users/datpro/Documents/gitdatpro/ff-transform-data/data/bronze/raw/calendar/2026/01_yellow.md,2026-09-03T07:55:33Z
Jan 20,2:00pm,EUR,yellow,German PPI m/m,-0.2%,-0.2%,0.0%,/Users/datpro/Documents/gitdatpro/ff-transform-data/data/bronze/raw/calendar/2026/01_red.md|/Users/datpro/Documents/gitdatpro/ff-transform-data/data/bronze/raw/calendar/2026/01_orange.md|/Users/datpro/Documents/gitdatpro/ff-transform-data/data/bronze/raw/calendar/2026/01_yellow.md,2026-09-03T07:55:33Z
Jan 20,2:00pm,GBP,yellow,Unemployment Rate,5.1%,5.1%,5.1%,/Users/datpro/Documents/gitdatpro/ff-transform-data/data/bronze/raw/calendar/2026/01_red.md|/Users/datpro/Documents/gitdatpro/ff-transform-data/data/bronze/raw/calendar/2026/01_orange.md|/Users/datpro/Documents/gitdatpro/ff-transform-data/data/bronze/raw/calendar/2026/01_yellow.md,2026-09-03T07:55:33Z
Jan 20,2:30pm,CHF,yellow,PPI m/m,-0.2%,-0.2%,-0.5%,/Users/datpro/Documents/gitdatpro/ff-transform-data/data/bronze/raw/calendar/2026/01_red.md|/Users/datpro/Documents/gitdatpro/ff-transform-data/data/bronze/raw/calendar/2026/01_orange.md|/Users/datpro/Documents/gitdatpro/ff-transform-data/data/bronze/raw/calendar/2026/01_yellow.md,2026-09-03T07:55:33Z
Jan 20,4:00pm,EUR,yellow,Current Account,8.6B,20.3B,26.7B,/Users/datpro/Documents/gitdatpro/ff-transform-data/data/bronze/raw/calendar/2026/01_red.md|/Users/datpro/Documents/gitdatpro/ff-transform-data/data/bronze/raw/calendar/2026/01_orange.md|/Users/datpro/Documents/gitdatpro/ff-transform-data/data/bronze/raw/calendar/2026/01_yellow.md,2026-09-03T07:55:33Z
Jan 20,4:45pm,GBP,red,BOE Gov Bailey Speaks,N/A,N/A,N/A,/Users/datpro/Documents/gitdatpro/ff-transform-data/data/bronze/raw/calendar/2026/01_red.md|/Users/datpro/Documents/gitdatpro/ff-transform-data/data/bronze/raw/calendar/2026/01_orange.md|/Users/datpro/Documents/gitdatpro/ff-transform-data/data/bronze/raw/calendar/2026/01_yellow.md,2026-09-03T07:55:33Z
Jan 20,5:00pm,EUR,yellow,German ZEW Economic Sentiment,59.6,50.0,45.8,/Users/datpro/Documents/gitdatpro/ff-transform-data/data/bronze/raw/calendar/2026/01_red.md|/Users/datpro/Documents/gitdatpro/ff-transform-data/data/bronze/raw/calendar/2026/01_orange.md|/Users/datpro/Documents/gitdatpro/ff-transform-data/data/bronze/raw/calendar/2026/01_yellow.md,2026-09-03T07:55:33Z
Jan 20,5:00pm,EUR,yellow,ZEW Economic Sentiment,40.8,36.7,33.7,/Users/datpro/Documents/gitdatpro/ff-transform-data/data/bronze/raw/calendar/2026/01_red.md|/Users/datpro/Documents/gitdatpro/ff-transform-data/data/bronze/raw/calendar/2026/01_orange.md|/Users/datpro/Documents/gitdatpro/ff-transform-data/data/bronze/raw/calendar/2026/01_yellow.md,2026-09-03T07:55:33Z
Jan 20,8:00am,CNY,yellow,1-y Loan Prime Rate,3.00%,3.00%,3.00%,/Users/datpro/Documents/gitdatpro/ff-transform-data/data/bronze/raw/calendar/2026/01_red.md|/Users/datpro/Documents/gitdatpro/ff-transform-data/data/bronze/raw/calendar/2026/01_orange.md|/Users/datpro/Documents/gitdatpro/ff-transform-data/data/bronze/raw/calendar/2026/01_yellow.md,2026-09-03T07:55:33Z
Jan 20,8:00am,CNY,yellow,5-y Loan Prime Rate,3.50%,3.50%,3.50%,/Users/datpro/Documents/gitdatpro/ff-transform-data/data/bronze/raw/calendar/2026/01_red.md|/Users/datpro/Documents/gitdatpro/ff-transform-data/data/bronze/raw/calendar/2026/01_orange.md|/Users/datpro/Documents/gitdatpro/ff-transform-data/data/bronze/raw/calendar/2026/01_yellow.md,2026-09-03T07:55:33Z
Jan 20,8:15pm,USD,yellow,ADP Weekly Employment Change,8.0K,N/A,11.3K,/Users/datpro/Documents/gitdatpro/ff-transform-data/data/bronze/raw/calendar/2026/01_red.md|/Users/datpro/Documents/gitdatpro/ff-transform-data/data/bronze/raw/calendar/2026/01_orange.md|/Users/datpro/Documents/gitdatpro/ff-transform-data/data/bronze/raw/calendar/2026/01_yellow.md,2026-09-03T07:55:33Z
Jan 20,9:43pm,NZD,yellow,GDT Price Index,1.5%,N/A,6.3%,/Users/datpro/Documents/gitdatpro/ff-transform-data/data/bronze/raw/calendar/2026/01_red.md|/Users/datpro/Documents/gitdatpro/ff-transform-data/data/bronze/raw/calendar/2026/01_orange.md|/Users/datpro/Documents/gitdatpro/ff-transform-data/data/bronze/raw/calendar/2026/01_yellow.md,2026-09-03T07:55:33Z
Jan 20,All Day,EUR,yellow,ECOFIN Meetings,N/A,N/A,N/A,/Users/datpro/Documents/gitdatpro/ff-transform-data/data/bronze/raw/calendar/2026/01_red.md|/Users/datpro/Documents/gitdatpro/ff-transform-data/data/bronze/raw/calendar/2026/01_orange.md|/Users/datpro/Documents/gitdatpro/ff-transform-data/data/bronze/raw/calendar/2026/01_yellow.md,2026-09-03T07:55:33Z
Jan 21,10:00pm,USD,yellow,Construction Spending m/m,0.5%,0.1%,-0.6%,/Users/datpro/Documents/gitdatpro/ff-transform-data/data/bronze/raw/calendar/2026/01_red.md|/Users/datpro/Documents/gitdatpro/ff-transform-data/data/bronze/raw/calendar/2026/01_orange.md|/Users/datpro/Documents/gitdatpro/ff-transform-data/data/bronze/raw/calendar/2026/01_yellow.md,2026-09-03T07:55:33Z
Jan 21,10:00pm,USD,orange,Pending Home Sales m/m,-9.3%,-0.3%,3.3%,/Users/datpro/Documents/gitdatpro/ff-transform-data/data/bronze/raw/calendar/2026/01_red.md|/Users/datpro/Documents/gitdatpro/ff-transform-data/data/bronze/raw/calendar/2026/01_orange.md|/Users/datpro/Documents/gitdatpro/ff-transform-data/data/bronze/raw/calendar/2026/01_yellow.md,2026-09-03T07:55:33Z
Jan 21,11:45pm,EUR,orange,ECB President Lagarde Speaks,N/A,N/A,N/A,/Users/datpro/Documents/gitdatpro/ff-transform-data/data/bronze/raw/calendar/2026/01_red.md|/Users/datpro/Documents/gitdatpro/ff-transform-data/data/bronze/raw/calendar/2026/01_orange.md|/Users/datpro/Documents/gitdatpro/ff-transform-data/data/bronze/raw/calendar/2026/01_yellow.md,2026-09-03T07:55:33Z
Jan 21,2:00pm,GBP,yellow,Core CPI y/y,3.2%,3.3%,3.2%,/Users/datpro/Documents/gitdatpro/ff-transform-data/data/bronze/raw/calendar/2026/01_red.md|/Users/datpro/Documents/gitdatpro/ff-transform-data/data/bronze/raw/calendar/2026/01_orange.md|/Users/datpro/Documents/gitdatpro/ff-transform-data/data/bronze/raw/calendar/2026/01_yellow.md,2026-09-03T07:55:33Z
Jan 21,2:00pm,GBP,yellow,PPI Input m/m,-0.2%,-0.1%,0.5%,/Users/datpro/Documents/gitdatpro/ff-transform-data/data/bronze/raw/calendar/2026/01_red.md|/Users/datpro/Documents/gitdatpro/ff-transform-data/data/bronze/raw/calendar/2026/01_orange.md|/Users/datpro/Documents/gitdatpro/ff-transform-data/data/bronze/raw/calendar/2026/01_yellow.md,2026-09-03T07:55:33Z
Jan 21,2:00pm,GBP,yellow,PPI Output m/m,0.0%,0.1%,0.1%,/Users/datpro/Documents/gitdatpro/ff-transform-data/data/bronze/raw/calendar/2026/01_red.md|/Users/datpro/Documents/gitdatpro/ff-transform-data/data/bronze/raw/calendar/2026/01_orange.md|/Users/datpro/Documents/gitdatpro/ff-transform-data/data/bronze/raw/calendar/2026/01_yellow.md,2026-09-03T07:55:33Z
Jan 21,2:00pm,GBP,yellow,RPI y/y,4.2%,4.1%,3.8%,/Users/datpro/Documents/gitdatpro/ff-transform-data/data/bronze/raw/calendar/2026/01_red.md|/Users/datpro/Documents/gitdatpro/ff-transform-data/data/bronze/raw/calendar/2026/01_orange.md|/Users/datpro/Documents/gitdatpro/ff-transform-data/data/bronze/raw/calendar/2026/01_yellow.md,2026-09-03T07:55:33Z
Jan 21,2:30pm,EUR,orange,ECB President Lagarde Speaks,N/A,N/A,N/A,/Users/datpro/Documents/gitdatpro/ff-transform-data/data/bronze/raw/calendar/2026/01_red.md|/Users/datpro/Documents/gitdatpro/ff-transform-data/data/bronze/raw/calendar/2026/01_orange.md|/Users/datpro/Documents/gitdatpro/ff-transform-data/data/bronze/raw/calendar/2026/01_yellow.md,2026-09-03T07:55:33Z
Jan 21,4:30pm,GBP,yellow,HPI y/y,2.5%,1.8%,1.9%,/Users/datpro/Documents/gitdatpro/ff-transform-data/data/bronze/raw/calendar/2026/01_red.md|/Users/datpro/Documents/gitdatpro/ff-transform-data/data/bronze/raw/calendar/2026/01_orange.md|/Users/datpro/Documents/gitdatpro/ff-transform-data/data/bronze/raw/calendar/2026/01_yellow.md,2026-09-03T07:55:33Z
Jan 21,5:34pm,EUR,yellow,German 30-y Bond Auction,3.49|2.4,N/A,3.45|2.1,/Users/datpro/Documents/gitdatpro/ff-transform-data/data/bronze/raw/calendar/2026/01_red.md|/Users/datpro/Documents/gitdatpro/ff-transform-data/data/bronze/raw/calendar/2026/01_orange.md|/Users/datpro/Documents/gitdatpro/ff-transform-data/data/bronze/raw/calendar/2026/01_yellow.md,2026-09-03T07:55:33Z
Jan 21,6:00pm,GBP,yellow,CBI Industrial Order Expectations,-30,-33,-32,/Users/datpro/Documents/gitdatpro/ff-transform-data/data/bronze/raw/calendar/2026/01_red.md|/Users/datpro/Documents/gitdatpro/ff-transform-data/data/bronze/raw/calendar/2026/01_orange.md|/Users/datpro/Documents/gitdatpro/ff-transform-data/data/bronze/raw/calendar/2026/01_yellow.md,2026-09-03T07:55:33Z
Jan 21,8:30pm,CAD,yellow,IPPI m/m,-0.6%,0.3%,1.1%,/Users/datpro/Documents/gitdatpro/ff-transform-data/data/bronze/raw/calendar/2026/01_red.md|/Users/datpro/Documents/gitdatpro/ff-transform-data/data/bronze/raw/calendar/2026/01_orange.md|/Users/datpro/Documents/gitdatpro/ff-transform-data/data/bronze/raw/calendar/2026/01_yellow.md,2026-09-03T07:55:33Z
Jan 21,8:30pm,CAD,yellow,RMPI m/m,0.5%,-0.5%,0.6%,/Users/datpro/Documents/gitdatpro/ff-transform-data/data/bronze/raw/calendar/2026/01_red.md|/Users/datpro/Documents/gitdatpro/ff-transform-data/data/bronze/raw/calendar/2026/01_orange.md|/Users/datpro/Documents/gitdatpro/ff-transform-data/data/bronze/raw/calendar/2026/01_yellow.md,2026-09-03T07:55:33Z
Jan 21,8:30pm,USD,red,President Trump Speaks,N/A,N/A,N/A,/Users/datpro/Documents/gitdatpro/ff-transform-data/data/bronze/raw/calendar/2026/01_red.md|/Users/datpro/Documents/gitdatpro/ff-transform-data/data/bronze/raw/calendar/2026/01_orange.md|/Users/datpro/Documents/gitdatpro/ff-transform-data/data/bronze/raw/calendar/2026/01_yellow.md,2026-09-03T07:55:33Z
Jan 21,Sep Data,USD,yellow,Construction Spending m/m,-0.6%,N/A,0.4%,/Users/datpro/Documents/gitdatpro/ff-transform-data/data/bronze/raw/calendar/2026/01_red.md|/Users/datpro/Documents/gitdatpro/ff-transform-data/data/bronze/raw/calendar/2026/01_orange.md|/Users/datpro/Documents/gitdatpro/ff-transform-data/data/bronze/raw/calendar/2026/01_yellow.md,2026-09-03T07:55:33Z
Jan 22,10:00pm,EUR,yellow,Consumer Confidence,-12,-13,-15,/Users/datpro/Documents/gitdatpro/ff-transform-data/data/bronze/raw/calendar/2026/01_red.md|/Users/datpro/Documents/gitdatpro/ff-transform-data/data/bronze/raw/calendar/2026/01_orange.md|/Users/datpro/Documents/gitdatpro/ff-transform-data/data/bronze/raw/calendar/2026/01_yellow.md,2026-09-03T07:55:33Z
Jan 22,10:00pm,USD,red,Core PCE Price Index m/m,0.2%,0.2%,0.2%,/Users/datpro/Documents/gitdatpro/ff-transform-data/data/bronze/raw/calendar/2026/01_red.md|/Users/datpro/Documents/gitdatpro/ff-transform-data/data/bronze/raw/calendar/2026/01_orange.md|/Users/datpro/Documents/gitdatpro/ff-transform-data/data/bronze/raw/calendar/2026/01_yellow.md,2026-09-03T07:55:33Z
Jan 22,10:00pm,USD,yellow,Personal Income m/m,0.3%,0.4%,0.1%,/Users/datpro/Documents/gitdatpro/ff-transform-data/data/bronze/raw/calendar/2026/01_red.md|/Users/datpro/Documents/gitdatpro/ff-transform-data/data/bronze/raw/calendar/2026/01_orange.md|/Users/datpro/Documents/gitdatpro/ff-transform-data/data/bronze/raw/calendar/2026/01_yellow.md,2026-09-03T07:55:33Z
Jan 22,10:00pm,USD,yellow,Personal Spending m/m,0.5%,0.5%,0.5%,/Users/datpro/Documents/gitdatpro/ff-transform-data/data/bronze/raw/calendar/2026/01_red.md|/Users/datpro/Documents/gitdatpro/ff-transform-data/data/bronze/raw/calendar/2026/01_orange.md|/Users/datpro/Documents/gitdatpro/ff-transform-data/data/bronze/raw/calendar/2026/01_yellow.md,2026-09-03T07:55:33Z
Jan 22,10:30pm,USD,yellow,Natural Gas Storage,-120B,-90B,-71B,/Users/datpro/Documents/gitdatpro/ff-transform-data/data/bronze/raw/calendar/2026/01_red.md|/Users/datpro/Documents/gitdatpro/ff-transform-data/data/bronze/raw/calendar/2026/01_orange.md|/Users/datpro/Documents/gitdatpro/ff-transform-data/data/bronze/raw/calendar/2026/01_yellow.md,2026-09-03T07:55:33Z
Jan 22,2:00pm,GBP,yellow,Public Sector Net Borrowing,11.6B,13.4B,10.9B,/Users/datpro/Documents/gitdatpro/ff-transform-data/data/bronze/raw/calendar/2026/01_red.md|/Users/datpro/Documents/gitdatpro/ff-transform-data/data/bronze/raw/calendar/2026/01_orange.md|/Users/datpro/Documents/gitdatpro/ff-transform-data/data/bronze/raw/calendar/2026/01_yellow.md,2026-09-03T07:55:33Z
Jan 22,4:30am,USD,yellow,API Weekly Statistical Bulletin,N/A,N/A,N/A,/Users/datpro/Documents/gitdatpro/ff-transform-data/data/bronze/raw/calendar/2026/01_red.md|/Users/datpro/Documents/gitdatpro/ff-transform-data/data/bronze/raw/calendar/2026/01_orange.md|/Users/datpro/Documents/gitdatpro/ff-transform-data/data/bronze/raw/calendar/2026/01_yellow.md,2026-09-03T07:55:33Z
Jan 22,4:45am,NZD,yellow,Visitor Arrivals m/m,0.8%,N/A,0.7%,/Users/datpro/Documents/gitdatpro/ff-transform-data/data/bronze/raw/calendar/2026/01_red.md|/Users/datpro/Documents/gitdatpro/ff-transform-data/data/bronze/raw/calendar/2026/01_orange.md|/Users/datpro/Documents/gitdatpro/ff-transform-data/data/bronze/raw/calendar/2026/01_yellow.md,2026-09-03T07:55:33Z
Jan 22,6:00pm,EUR,yellow,German Buba Monthly Report,N/A,N/A,N/A,/Users/datpro/Documents/gitdatpro/ff-transform-data/data/bronze/raw/calendar/2026/01_red.md|/Users/datpro/Documents/gitdatpro/ff-transform-data/data/bronze/raw/calendar/2026/01_orange.md|/Users/datpro/Documents/gitdatpro/ff-transform-data/data/bronze/raw/calendar/2026/01_yellow.md,2026-09-03T07:55:33Z
Jan 22,6:00pm,GBP,yellow,CBI Realized Sales,-17,-35,-44,/Users/datpro/Documents/gitdatpro/ff-transform-data/data/bronze/raw/calendar/2026/01_red.md|/Users/datpro/Documents/gitdatpro/ff-transform-data/data/bronze/raw/calendar/2026/01_orange.md|/Users/datpro/Documents/gitdatpro/ff-transform-data/data/bronze/raw/calendar/2026/01_yellow.md,2026-09-03T07:55:33Z
Jan 22,6:50am,JPY,yellow,Trade Balance,-0.21T,-0.06T,0.01T,/Users/datpro/Documents/gitdatpro/ff-transform-data/data/bronze/raw/calendar/2026/01_red.md|/Users/datpro/Documents/gitdatpro/ff-transform-data/data/bronze/raw/calendar/2026/01_orange.md|/Users/datpro/Documents/gitdatpro/ff-transform-data/data/bronze/raw/calendar/2026/01_yellow.md,2026-09-03T07:55:33Z
Jan 22,7:30pm,EUR,yellow,ECB Monetary Policy Meeting Accounts,N/A,N/A,N/A,/Users/datpro/Documents/gitdatpro/ff-transform-data/data/bronze/raw/calendar/2026/01_red.md|/Users/datpro/Documents/gitdatpro/ff-transform-data/data/bronze/raw/calendar/2026/01_orange.md|/Users/datpro/Documents/gitdatpro/ff-transform-data/data/bronze/raw/calendar/2026/01_yellow.md,2026-09-03T07:55:33Z
Jan 22,8:30pm,AUD,red,Unemployment Rate,4.1%,4.4%,4.3%,/Users/datpro/Documents/gitdatpro/ff-transform-data/data/bronze/raw/calendar/2026/01_red.md|/Users/datpro/Documents/gitdatpro/ff-transform-data/data/bronze/raw/calendar/2026/01_orange.md|/Users/datpro/Documents/gitdatpro/ff-transform-data/data/bronze/raw/calendar/2026/01_yellow.md,2026-09-03T07:55:33Z
Jan 22,8:30pm,CAD,yellow,NHPI m/m,-0.2%,-0.2%,0.0%,/Users/datpro/Documents/gitdatpro/ff-transform-data/data/bronze/raw/calendar/2026/01_red.md|/Users/datpro/Documents/gitdatpro/ff-transform-data/data/bronze/raw/calendar/2026/01_orange.md|/Users/datpro/Documents/gitdatpro/ff-transform-data/data/bronze/raw/calendar/2026/01_yellow.md,2026-09-03T07:55:33Z
Jan 22,8:30pm,USD,orange,Final GDP Price Index q/q,3.8%,3.8%,3.8%,/Users/datpro/Documents/gitdatpro/ff-transform-data/data/bronze/raw/calendar/2026/01_red.md|/Users/datpro/Documents/gitdatpro/ff-transform-data/data/bronze/raw/calendar/2026/01_orange.md|/Users/datpro/Documents/gitdatpro/ff-transform-data/data/bronze/raw/calendar/2026/01_yellow.md,2026-09-03T07:55:33Z
Jan 22,8:30pm,USD,red,Final GDP q/q,4.4%,4.3%,4.3%,/Users/datpro/Documents/gitdatpro/ff-transform-data/data/bronze/raw/calendar/2026/01_red.md|/Users/datpro/Documents/gitdatpro/ff-transform-data/data/bronze/raw/calendar/2026/01_orange.md|/Users/datpro/Documents/gitdatpro/ff-transform-data/data/bronze/raw/calendar/2026/01_yellow.md,2026-09-03T07:55:33Z
Jan 22,8:30pm,USD,red,Unemployment Claims,200K,209K,199K,/Users/datpro/Documents/gitdatpro/ff-transform-data/data/bronze/raw/calendar/2026/01_red.md|/Users/datpro/Documents/gitdatpro/ff-transform-data/data/bronze/raw/calendar/2026/01_orange.md|/Users/datpro/Documents/gitdatpro/ff-transform-data/data/bronze/raw/calendar/2026/01_yellow.md,2026-09-03T07:55:33Z
Jan 22,Oct Data,USD,orange,Core PCE Price Index m/m,0.2%,N/A,0.2%,/Users/datpro/Documents/gitdatpro/ff-transform-data/data/bronze/raw/calendar/2026/01_red.md|/Users/datpro/Documents/gitdatpro/ff-transform-data/data/bronze/raw/calendar/2026/01_orange.md|/Users/datpro/Documents/gitdatpro/ff-transform-data/data/bronze/raw/calendar/2026/01_yellow.md,2026-09-03T07:55:33Z
Jan 22,Oct Data,USD,yellow,Personal Income m/m,0.1%,N/A,0.4%,/Users/datpro/Documents/gitdatpro/ff-transform-data/data/bronze/raw/calendar/2026/01_red.md|/Users/datpro/Documents/gitdatpro/ff-transform-data/data/bronze/raw/calendar/2026/01_orange.md|/Users/datpro/Documents/gitdatpro/ff-transform-data/data/bronze/raw/calendar/2026/01_yellow.md,2026-09-03T07:55:33Z
Jan 22,Oct Data,USD,yellow,Personal Spending m/m,0.5%,N/A,0.4%,/Users/datpro/Documents/gitdatpro/ff-transform-data/data/bronze/raw/calendar/2026/01_red.md|/Users/datpro/Documents/gitdatpro/ff-transform-data/data/bronze/raw/calendar/2026/01_orange.md|/Users/datpro/Documents/gitdatpro/ff-transform-data/data/bronze/raw/calendar/2026/01_yellow.md,2026-09-03T07:55:33Z
Jan 23,10:00pm,USD,orange,Revised UoM Consumer Sentiment,56.4,54.0,54.0,/Users/datpro/Documents/gitdatpro/ff-transform-data/data/bronze/raw/calendar/2026/01_red.md|/Users/datpro/Documents/gitdatpro/ff-transform-data/data/bronze/raw/calendar/2026/01_orange.md|/Users/datpro/Documents/gitdatpro/ff-transform-data/data/bronze/raw/calendar/2026/01_yellow.md,2026-09-03T07:55:33Z
Jan 23,10:00pm,USD,yellow,Revised UoM Inflation Expectations,4.0%,N/A,4.2%,/Users/datpro/Documents/gitdatpro/ff-transform-data/data/bronze/raw/calendar/2026/01_red.md|/Users/datpro/Documents/gitdatpro/ff-transform-data/data/bronze/raw/calendar/2026/01_orange.md|/Users/datpro/Documents/gitdatpro/ff-transform-data/data/bronze/raw/calendar/2026/01_yellow.md,2026-09-03T07:55:33Z
Jan 23,10:07am,JPY,red,BOJ Outlook Report,N/A,N/A,N/A,/Users/datpro/Documents/gitdatpro/ff-transform-data/data/bronze/raw/calendar/2026/01_red.md|/Users/datpro/Documents/gitdatpro/ff-transform-data/data/bronze/raw/calendar/2026/01_orange.md|/Users/datpro/Documents/gitdatpro/ff-transform-data/data/bronze/raw/calendar/2026/01_yellow.md,2026-09-03T07:55:33Z
Jan 23,10:07am,JPY,red,BOJ Policy Rate,<0.75%,<0.75%,<0.75%,/Users/datpro/Documents/gitdatpro/ff-transform-data/data/bronze/raw/calendar/2026/01_red.md|/Users/datpro/Documents/gitdatpro/ff-transform-data/data/bronze/raw/calendar/2026/01_orange.md|/Users/datpro/Documents/gitdatpro/ff-transform-data/data/bronze/raw/calendar/2026/01_yellow.md,2026-09-03T07:55:33Z
Jan 23,10:07am,JPY,red,Monetary Policy Statement,N/A,N/A,N/A,/Users/datpro/Documents/gitdatpro/ff-transform-data/data/bronze/raw/calendar/2026/01_red.md|/Users/datpro/Documents/gitdatpro/ff-transform-data/data/bronze/raw/calendar/2026/01_orange.md|/Users/datpro/Documents/gitdatpro/ff-transform-data/data/bronze/raw/calendar/2026/01_yellow.md,2026-09-03T07:55:33Z
Jan 23,10:54pm,USD,yellow,CB Leading Index m/m,-0.3%,-0.2%,-0.1%,/Users/datpro/Documents/gitdatpro/ff-transform-data/data/bronze/raw/calendar/2026/01_red.md|/Users/datpro/Documents/gitdatpro/ff-transform-data/data/bronze/raw/calendar/2026/01_orange.md|/Users/datpro/Documents/gitdatpro/ff-transform-data/data/bronze/raw/calendar/2026/01_yellow.md,2026-09-03T07:55:33Z
Jan 23,1:30pm,JPY,red,BOJ Press Conference,N/A,N/A,N/A,/Users/datpro/Documents/gitdatpro/ff-transform-data/data/bronze/raw/calendar/2026/01_red.md|/Users/datpro/Documents/gitdatpro/ff-transform-data/data/bronze/raw/calendar/2026/01_orange.md|/Users/datpro/Documents/gitdatpro/ff-transform-data/data/bronze/raw/calendar/2026/01_yellow.md,2026-09-03T07:55:33Z
Jan 23,2:00pm,GBP,red,Retail Sales m/m,0.4%,0.0%,-0.1%,/Users/datpro/Documents/gitdatpro/ff-transform-data/data/bronze/raw/calendar/2026/01_red.md|/Users/datpro/Documents/gitdatpro/ff-transform-data/data/bronze/raw/calendar/2026/01_orange.md|/Users/datpro/Documents/gitdatpro/ff-transform-data/data/bronze/raw/calendar/2026/01_yellow.md,2026-09-03T07:55:33Z
Jan 23,3:30pm,EUR,red,German Flash Manufacturing PMI,48.7,47.8,47.0,/Users/datpro/Documents/gitdatpro/ff-transform-data/data/bronze/raw/calendar/2026/01_red.md|/Users/datpro/Documents/gitdatpro/ff-transform-data/data/bronze/raw/calendar/2026/01_orange.md|/Users/datpro/Documents/gitdatpro/ff-transform-data/data/bronze/raw/calendar/2026/01_yellow.md,2026-09-03T07:55:33Z
Jan 23,3:30pm,EUR,red,German Flash Services PMI,53.3,52.6,52.7,/Users/datpro/Documents/gitdatpro/ff-transform-data/data/bronze/raw/calendar/2026/01_red.md|/Users/datpro/Documents/gitdatpro/ff-transform-data/data/bronze/raw/calendar/2026/01_orange.md|/Users/datpro/Documents/gitdatpro/ff-transform-data/data/bronze/raw/calendar/2026/01_yellow.md,2026-09-03T07:55:33Z
Jan 23,4:00pm,EUR,yellow,Flash Manufacturing PMI,49.4,49.1,48.8,/Users/datpro/Documents/gitdatpro/ff-transform-data/data/bronze/raw/calendar/2026/01_red.md|/Users/datpro/Documents/gitdatpro/ff-transform-data/data/bronze/raw/calendar/2026/01_orange.md|/Users/datpro/Documents/gitdatpro/ff-transform-data/data/bronze/raw/calendar/2026/01_yellow.md,2026-09-03T07:55:33Z
Jan 23,4:00pm,EUR,yellow,Flash Services PMI,51.9,52.6,52.4,/Users/datpro/Documents/gitdatpro/ff-transform-data/data/bronze/raw/calendar/2026/01_red.md|/Users/datpro/Documents/gitdatpro/ff-transform-data/data/bronze/raw/calendar/2026/01_orange.md|/Users/datpro/Documents/gitdatpro/ff-transform-data/data/bronze/raw/calendar/2026/01_yellow.md,2026-09-03T07:55:33Z
Jan 23,4:30pm,GBP,red,Flash Manufacturing PMI,51.6,50.6,50.6,/Users/datpro/Documents/gitdatpro/ff-transform-data/data/bronze/raw/calendar/2026/01_red.md|/Users/datpro/Documents/gitdatpro/ff-transform-data/data/bronze/raw/calendar/2026/01_orange.md|/Users/datpro/Documents/gitdatpro/ff-transform-data/data/bronze/raw/calendar/2026/01_yellow.md,2026-09-03T07:55:33Z
Jan 23,4:30pm,GBP,red,Flash Services PMI,54.3,51.7,51.4,/Users/datpro/Documents/gitdatpro/ff-transform-data/data/bronze/raw/calendar/2026/01_red.md|/Users/datpro/Documents/gitdatpro/ff-transform-data/data/bronze/raw/calendar/2026/01_orange.md|/Users/datpro/Documents/gitdatpro/ff-transform-data/data/bronze/raw/calendar/2026/01_yellow.md,2026-09-03T07:55:33Z
Jan 23,4:30pm,GBP,yellow,MPC Member Greene Speaks,N/A,N/A,N/A,/Users/datpro/Documents/gitdatpro/ff-transform-data/data/bronze/raw/calendar/2026/01_red.md|/Users/datpro/Documents/gitdatpro/ff-transform-data/data/bronze/raw/calendar/2026/01_orange.md|/Users/datpro/Documents/gitdatpro/ff-transform-data/data/bronze/raw/calendar/2026/01_yellow.md,2026-09-03T07:55:33Z
Jan 23,5:00am,AUD,yellow,Flash Manufacturing PMI,52.4,N/A,51.6,/Users/datpro/Documents/gitdatpro/ff-transform-data/data/bronze/raw/calendar/2026/01_red.md|/Users/datpro/Documents/gitdatpro/ff-transform-data/data/bronze/raw/calendar/2026/01_orange.md|/Users/datpro/Documents/gitdatpro/ff-transform-data/data/bronze/raw/calendar/2026/01_yellow.md,2026-09-03T07:55:33Z
Jan 23,5:00am,AUD,yellow,Flash Services PMI,56.0,N/A,51.1,/Users/datpro/Documents/gitdatpro/ff-transform-data/data/bronze/raw/calendar/2026/01_red.md|/Users/datpro/Documents/gitdatpro/ff-transform-data/data/bronze/raw/calendar/2026/01_orange.md|/Users/datpro/Documents/gitdatpro/ff-transform-data/data/bronze/raw/calendar/2026/01_yellow.md,2026-09-03T07:55:33Z
Jan 23,5:00pm,EUR,orange,ECB President Lagarde Speaks,N/A,N/A,N/A,/Users/datpro/Documents/gitdatpro/ff-transform-data/data/bronze/raw/calendar/2026/01_red.md|/Users/datpro/Documents/gitdatpro/ff-transform-data/data/bronze/raw/calendar/2026/01_orange.md|/Users/datpro/Documents/gitdatpro/ff-transform-data/data/bronze/raw/calendar/2026/01_yellow.md,2026-09-03T07:55:33Z
Jan 23,6:30am,JPY,yellow,National Core CPI y/y,2.4%,2.4%,3.0%,/Users/datpro/Documents/gitdatpro/ff-transform-data/data/bronze/raw/calendar/2026/01_red.md|/Users/datpro/Documents/gitdatpro/ff-transform-data/data/bronze/raw/calendar/2026/01_orange.md|/Users/datpro/Documents/gitdatpro/ff-transform-data/data/bronze/raw/calendar/2026/01_yellow.md,2026-09-03T07:55:33Z
Jan 23,7:01am,GBP,yellow,GfK Consumer Confidence,-16,-17,-17,/Users/datpro/Documents/gitdatpro/ff-transform-data/data/bronze/raw/calendar/2026/01_red.md|/Users/datpro/Documents/gitdatpro/ff-transform-data/data/bronze/raw/calendar/2026/01_orange.md|/Users/datpro/Documents/gitdatpro/ff-transform-data/data/bronze/raw/calendar/2026/01_yellow.md,2026-09-03T07:55:33Z
Jan 23,7:11pm,CNY,yellow,Foreign Direct Investment ytd/y,-9.5%,N/A,-7.5%,/Users/datpro/Documents/gitdatpro/ff-transform-data/data/bronze/raw/calendar/2026/01_red.md|/Users/datpro/Documents/gitdatpro/ff-transform-data/data/bronze/raw/calendar/2026/01_orange.md|/Users/datpro/Documents/gitdatpro/ff-transform-data/data/bronze/raw/calendar/2026/01_yellow.md,2026-09-03T07:55:33Z
Jan 23,7:30am,JPY,yellow,Flash Manufacturing PMI,51.5,50.1,50.0,/Users/datpro/Documents/gitdatpro/ff-transform-data/data/bronze/raw/calendar/2026/01_red.md|/Users/datpro/Documents/gitdatpro/ff-transform-data/data/bronze/raw/calendar/2026/01_orange.md|/Users/datpro/Documents/gitdatpro/ff-transform-data/data/bronze/raw/calendar/2026/01_yellow.md,2026-09-03T07:55:33Z
Jan 23,8:30pm,CAD,orange,Core Retail Sales m/m,1.7%,1.0%,-0.6%,/Users/datpro/Documents/gitdatpro/ff-transform-data/data/bronze/raw/calendar/2026/01_red.md|/Users/datpro/Documents/gitdatpro/ff-transform-data/data/bronze/raw/calendar/2026/01_orange.md|/Users/datpro/Documents/gitdatpro/ff-transform-data/data/bronze/raw/calendar/2026/01_yellow.md,2026-09-03T07:55:33Z
Jan 23,8:30pm,CAD,orange,Retail Sales m/m,1.3%,1.2%,-0.3%,/Users/datpro/Documents/gitdatpro/ff-transform-data/data/bronze/raw/calendar/2026/01_red.md|/Users/datpro/Documents/gitdatpro/ff-transform-data/data/bronze/raw/calendar/2026/01_orange.md|/Users/datpro/Documents/gitdatpro/ff-transform-data/data/bronze/raw/calendar/2026/01_yellow.md,2026-09-03T07:55:33Z
Jan 23,9:45pm,USD,red,Flash Manufacturing PMI,51.9,51.9,51.8,/Users/datpro/Documents/gitdatpro/ff-transform-data/data/bronze/raw/calendar/2026/01_red.md|/Users/datpro/Documents/gitdatpro/ff-transform-data/data/bronze/raw/calendar/2026/01_orange.md|/Users/datpro/Documents/gitdatpro/ff-transform-data/data/bronze/raw/calendar/2026/01_yellow.md,2026-09-03T07:55:33Z
Jan 23,9:45pm,USD,red,Flash Services PMI,52.5,52.9,52.5,/Users/datpro/Documents/gitdatpro/ff-transform-data/data/bronze/raw/calendar/2026/01_red.md|/Users/datpro/Documents/gitdatpro/ff-transform-data/data/bronze/raw/calendar/2026/01_orange.md|/Users/datpro/Documents/gitdatpro/ff-transform-data/data/bronze/raw/calendar/2026/01_yellow.md,2026-09-03T07:55:33Z
Jan 23,Oct Data,EUR,orange,French Flash Services PMI,47.9,50.3,50.1,/Users/datpro/Documents/gitdatpro/ff-transform-data/data/bronze/raw/calendar/2026/01_red.md|/Users/datpro/Documents/gitdatpro/ff-transform-data/data/bronze/raw/calendar/2026/01_orange.md|/Users/datpro/Documents/gitdatpro/ff-transform-data/data/bronze/raw/calendar/2026/01_yellow.md,2026-09-03T07:55:33Z
Jan 23,Oct Data,USD,yellow,CB Leading Index m/m,-0.1%,N/A,-0.2%,/Users/datpro/Documents/gitdatpro/ff-transform-data/data/bronze/raw/calendar/2026/01_red.md|/Users/datpro/Documents/gitdatpro/ff-transform-data/data/bronze/raw/calendar/2026/01_orange.md|/Users/datpro/Documents/gitdatpro/ff-transform-data/data/bronze/raw/calendar/2026/01_yellow.md,2026-09-03T07:55:33Z
Jan 26,8:30pm,EUR,yellow,German Buba President Nagel Speaks,N/A,N/A,N/A,/Users/datpro/Documents/gitdatpro/ff-transform-data/data/bronze/raw/calendar/2026/01_red.md|/Users/datpro/Documents/gitdatpro/ff-transform-data/data/bronze/raw/calendar/2026/01_orange.md|/Users/datpro/Documents/gitdatpro/ff-transform-data/data/bronze/raw/calendar/2026/01_yellow.md,2026-09-03T07:55:33Z
Jan 26,8:30pm,USD,orange,Core Durable Goods Orders m/m,0.5%,0.3%,0.1%,/Users/datpro/Documents/gitdatpro/ff-transform-data/data/bronze/raw/calendar/2026/01_red.md|/Users/datpro/Documents/gitdatpro/ff-transform-data/data/bronze/raw/calendar/2026/01_orange.md|/Users/datpro/Documents/gitdatpro/ff-transform-data/data/bronze/raw/calendar/2026/01_yellow.md,2026-09-03T07:55:33Z
Jan 26,8:30pm,USD,orange,Durable Goods Orders m/m,5.3%,3.1%,-2.1%,/Users/datpro/Documents/gitdatpro/ff-transform-data/data/bronze/raw/calendar/2026/01_red.md|/Users/datpro/Documents/gitdatpro/ff-transform-data/data/bronze/raw/calendar/2026/01_orange.md|/Users/datpro/Documents/gitdatpro/ff-transform-data/data/bronze/raw/calendar/2026/01_yellow.md,2026-09-03T07:55:33Z
Jan 26,8:33pm,EUR,yellow,Belgian NBB Business Climate,-8.8,-10.2,-11.9,/Users/datpro/Documents/gitdatpro/ff-transform-data/data/bronze/raw/calendar/2026/01_red.md|/Users/datpro/Documents/gitdatpro/ff-transform-data/data/bronze/raw/calendar/2026/01_orange.md|/Users/datpro/Documents/gitdatpro/ff-transform-data/data/bronze/raw/calendar/2026/01_yellow.md,2026-09-03T07:55:33Z
Jan 27,12:00pm,JPY,yellow,BOJ Core CPI y/y,1.9%,2.0%,2.2%,/Users/datpro/Documents/gitdatpro/ff-transform-data/data/bronze/raw/calendar/2026/01_red.md|/Users/datpro/Documents/gitdatpro/ff-transform-data/data/bronze/raw/calendar/2026/01_orange.md|/Users/datpro/Documents/gitdatpro/ff-transform-data/data/bronze/raw/calendar/2026/01_yellow.md,2026-09-03T07:55:33Z
Jan 27,3:00pm,EUR,yellow,Spanish Unemployment Rate,9.9%,10.2%,10.5%,/Users/datpro/Documents/gitdatpro/ff-transform-data/data/bronze/raw/calendar/2026/01_red.md|/Users/datpro/Documents/gitdatpro/ff-transform-data/data/bronze/raw/calendar/2026/01_orange.md|/Users/datpro/Documents/gitdatpro/ff-transform-data/data/bronze/raw/calendar/2026/01_yellow.md,2026-09-03T07:55:33Z
Jan 27,7:01am,GBP,yellow,BRC Shop Price Index y/y,1.5%,0.7%,0.7%,/Users/datpro/Documents/gitdatpro/ff-transform-data/data/bronze/raw/calendar/2026/01_red.md|/Users/datpro/Documents/gitdatpro/ff-transform-data/data/bronze/raw/calendar/2026/01_orange.md|/Users/datpro/Documents/gitdatpro/ff-transform-data/data/bronze/raw/calendar/2026/01_yellow.md,2026-09-03T07:55:33Z
Jan 27,7:30am,AUD,yellow,NAB Business Confidence,3,N/A,2,/Users/datpro/Documents/gitdatpro/ff-transform-data/data/bronze/raw/calendar/2026/01_red.md|/Users/datpro/Documents/gitdatpro/ff-transform-data/data/bronze/raw/calendar/2026/01_orange.md|/Users/datpro/Documents/gitdatpro/ff-transform-data/data/bronze/raw/calendar/2026/01_yellow.md,2026-09-03T07:55:33Z
Jan 27,8:15pm,USD,yellow,ADP Weekly Employment Change,7.8K,N/A,8.0K,/Users/datpro/Documents/gitdatpro/ff-transform-data/data/bronze/raw/calendar/2026/01_red.md|/Users/datpro/Documents/gitdatpro/ff-transform-data/data/bronze/raw/calendar/2026/01_orange.md|/Users/datpro/Documents/gitdatpro/ff-transform-data/data/bronze/raw/calendar/2026/01_yellow.md,2026-09-03T07:55:33Z
Jan 27,8:30pm,USD,orange,Richmond Manufacturing Index,-6,-5,-7,/Users/datpro/Documents/gitdatpro/ff-transform-data/data/bronze/raw/calendar/2026/01_red.md|/Users/datpro/Documents/gitdatpro/ff-transform-data/data/bronze/raw/calendar/2026/01_orange.md|/Users/datpro/Documents/gitdatpro/ff-transform-data/data/bronze/raw/calendar/2026/01_yellow.md,2026-09-03T07:55:33Z
Jan 27,9:00am,NZD,yellow,Credit Card Spending y/y,-0.3%,N/A,4.4%,/Users/datpro/Documents/gitdatpro/ff-transform-data/data/bronze/raw/calendar/2026/01_red.md|/Users/datpro/Documents/gitdatpro/ff-transform-data/data/bronze/raw/calendar/2026/01_orange.md|/Users/datpro/Documents/gitdatpro/ff-transform-data/data/bronze/raw/calendar/2026/01_yellow.md,2026-09-03T07:55:33Z
Jan 27,9:00pm,USD,yellow,HPI m/m,0.6%,0.3%,0.4%,/Users/datpro/Documents/gitdatpro/ff-transform-data/data/bronze/raw/calendar/2026/01_red.md|/Users/datpro/Documents/gitdatpro/ff-transform-data/data/bronze/raw/calendar/2026/01_orange.md|/Users/datpro/Documents/gitdatpro/ff-transform-data/data/bronze/raw/calendar/2026/01_yellow.md,2026-09-03T07:55:33Z
Jan 27,9:00pm,USD,yellow,S&P/CS Composite-20 HPI y/y,1.4%,1.2%,1.3%,/Users/datpro/Documents/gitdatpro/ff-transform-data/data/bronze/raw/calendar/2026/01_red.md|/Users/datpro/Documents/gitdatpro/ff-transform-data/data/bronze/raw/calendar/2026/01_orange.md|/Users/datpro/Documents/gitdatpro/ff-transform-data/data/bronze/raw/calendar/2026/01_yellow.md,2026-09-03T07:55:33Z
Jan 28,10:30pm,CAD,red,BOC Press Conference,N/A,N/A,N/A,/Users/datpro/Documents/gitdatpro/ff-transform-data/data/bronze/raw/calendar/2026/01_red.md|/Users/datpro/Documents/gitdatpro/ff-transform-data/data/bronze/raw/calendar/2026/01_orange.md|/Users/datpro/Documents/gitdatpro/ff-transform-data/data/bronze/raw/calendar/2026/01_yellow.md,2026-09-03T07:55:33Z
Jan 28,10:30pm,USD,yellow,Crude Oil Inventories,-2.3M,-0.2M,3.6M,/Users/datpro/Documents/gitdatpro/ff-transform-data/data/bronze/raw/calendar/2026/01_red.md|/Users/datpro/Documents/gitdatpro/ff-transform-data/data/bronze/raw/calendar/2026/01_orange.md|/Users/datpro/Documents/gitdatpro/ff-transform-data/data/bronze/raw/calendar/2026/01_yellow.md,2026-09-03T07:55:33Z
Jan 28,2:00pm,EUR,yellow,German GfK Consumer Climate,-24.1,-25.5,-26.9,/Users/datpro/Documents/gitdatpro/ff-transform-data/data/bronze/raw/calendar/2026/01_red.md|/Users/datpro/Documents/gitdatpro/ff-transform-data/data/bronze/raw/calendar/2026/01_orange.md|/Users/datpro/Documents/gitdatpro/ff-transform-data/data/bronze/raw/calendar/2026/01_yellow.md,2026-09-03T07:55:33Z
Jan 28,4:00pm,CHF,yellow,UBS Economic Expectations,-4.7,N/A,6.2,/Users/datpro/Documents/gitdatpro/ff-transform-data/data/bronze/raw/calendar/2026/01_red.md|/Users/datpro/Documents/gitdatpro/ff-transform-data/data/bronze/raw/calendar/2026/01_orange.md|/Users/datpro/Documents/gitdatpro/ff-transform-data/data/bronze/raw/calendar/2026/01_yellow.md,2026-09-03T07:55:33Z
Jan 28,4:30am,USD,yellow,API Weekly Statistical Bulletin,N/A,N/A,N/A,/Users/datpro/Documents/gitdatpro/ff-transform-data/data/bronze/raw/calendar/2026/01_red.md|/Users/datpro/Documents/gitdatpro/ff-transform-data/data/bronze/raw/calendar/2026/01_orange.md|/Users/datpro/Documents/gitdatpro/ff-transform-data/data/bronze/raw/calendar/2026/01_yellow.md,2026-09-03T07:55:33Z
Jan 28,5:34pm,EUR,yellow,German 10-y Bond Auction,2.85|1.7,N/A,2.83|1.3,/Users/datpro/Documents/gitdatpro/ff-transform-data/data/bronze/raw/calendar/2026/01_red.md|/Users/datpro/Documents/gitdatpro/ff-transform-data/data/bronze/raw/calendar/2026/01_orange.md|/Users/datpro/Documents/gitdatpro/ff-transform-data/data/bronze/raw/calendar/2026/01_yellow.md,2026-09-03T07:55:33Z
Jan 28,6:50am,JPY,yellow,Monetary Policy Meeting Minutes,N/A,N/A,N/A,/Users/datpro/Documents/gitdatpro/ff-transform-data/data/bronze/raw/calendar/2026/01_red.md|/Users/datpro/Documents/gitdatpro/ff-transform-data/data/bronze/raw/calendar/2026/01_orange.md|/Users/datpro/Documents/gitdatpro/ff-transform-data/data/bronze/raw/calendar/2026/01_yellow.md,2026-09-03T07:55:33Z
Jan 28,9:00pm,CNY,yellow,CB Leading Index m/m,-0.1%,N/A,-0.2%,/Users/datpro/Documents/gitdatpro/ff-transform-data/data/bronze/raw/calendar/2026/01_red.md|/Users/datpro/Documents/gitdatpro/ff-transform-data/data/bronze/raw/calendar/2026/01_orange.md|/Users/datpro/Documents/gitdatpro/ff-transform-data/data/bronze/raw/calendar/2026/01_yellow.md,2026-09-03T07:55:33Z
Jan 28,9:45pm,AUD,red,CPI y/y,3.8%,3.5%,3.4%,/Users/datpro/Documents/gitdatpro/ff-transform-data/data/bronze/raw/calendar/2026/01_red.md|/Users/datpro/Documents/gitdatpro/ff-transform-data/data/bronze/raw/calendar/2026/01_orange.md|/Users/datpro/Documents/gitdatpro/ff-transform-data/data/bronze/raw/calendar/2026/01_yellow.md,2026-09-03T07:55:33Z
Jan 28,9:45pm,AUD,red,Trimmed Mean CPI m/m,0.2%,0.3%,0.3%,/Users/datpro/Documents/gitdatpro/ff-transform-data/data/bronze/raw/calendar/2026/01_red.md|/Users/datpro/Documents/gitdatpro/ff-transform-data/data/bronze/raw/calendar/2026/01_orange.md|/Users/datpro/Documents/gitdatpro/ff-transform-data/data/bronze/raw/calendar/2026/01_yellow.md,2026-09-03T07:55:33Z
Jan 28,9:45pm,CAD,red,BOC Monetary Policy Report,N/A,N/A,N/A,/Users/datpro/Documents/gitdatpro/ff-transform-data/data/bronze/raw/calendar/2026/01_red.md|/Users/datpro/Documents/gitdatpro/ff-transform-data/data/bronze/raw/calendar/2026/01_orange.md|/Users/datpro/Documents/gitdatpro/ff-transform-data/data/bronze/raw/calendar/2026/01_yellow.md,2026-09-03T07:55:33Z
Jan 28,9:45pm,CAD,red,BOC Rate Statement,N/A,N/A,N/A,/Users/datpro/Documents/gitdatpro/ff-transform-data/data/bronze/raw/calendar/2026/01_red.md|/Users/datpro/Documents/gitdatpro/ff-transform-data/data/bronze/raw/calendar/2026/01_orange.md|/Users/datpro/Documents/gitdatpro/ff-transform-data/data/bronze/raw/calendar/2026/01_yellow.md,2026-09-03T07:55:33Z
Jan 28,9:45pm,CAD,red,Overnight Rate,2.25%,2.25%,2.25%,/Users/datpro/Documents/gitdatpro/ff-transform-data/data/bronze/raw/calendar/2026/01_red.md|/Users/datpro/Documents/gitdatpro/ff-transform-data/data/bronze/raw/calendar/2026/01_orange.md|/Users/datpro/Documents/gitdatpro/ff-transform-data/data/bronze/raw/calendar/2026/01_yellow.md,2026-09-03T07:55:33Z
Jan 29,10:00pm,USD,yellow,Factory Orders m/m,2.7%,1.7%,-1.2%,/Users/datpro/Documents/gitdatpro/ff-transform-data/data/bronze/raw/calendar/2026/01_red.md|/Users/datpro/Documents/gitdatpro/ff-transform-data/data/bronze/raw/calendar/2026/01_orange.md|/Users/datpro/Documents/gitdatpro/ff-transform-data/data/bronze/raw/calendar/2026/01_yellow.md,2026-09-03T07:55:33Z
Jan 29,10:00pm,USD,yellow,Final Wholesale Inventories m/m,0.2%,0.2%,0.2%,/Users/datpro/Documents/gitdatpro/ff-transform-data/data/bronze/raw/calendar/2026/01_red.md|/Users/datpro/Documents/gitdatpro/ff-transform-data/data/bronze/raw/calendar/2026/01_orange.md|/Users/datpro/Documents/gitdatpro/ff-transform-data/data/bronze/raw/calendar/2026/01_yellow.md,2026-09-03T07:55:33Z
Jan 29,10:30pm,USD,red,FOMC Statement,N/A,N/A,N/A,/Users/datpro/Documents/gitdatpro/ff-transform-data/data/bronze/raw/calendar/2026/01_red.md|/Users/datpro/Documents/gitdatpro/ff-transform-data/data/bronze/raw/calendar/2026/01_orange.md|/Users/datpro/Documents/gitdatpro/ff-transform-data/data/bronze/raw/calendar/2026/01_yellow.md,2026-09-03T07:55:33Z
Jan 29,10:30pm,USD,yellow,Natural Gas Storage,-242B,-237B,-120B,/Users/datpro/Documents/gitdatpro/ff-transform-data/data/bronze/raw/calendar/2026/01_red.md|/Users/datpro/Documents/gitdatpro/ff-transform-data/data/bronze/raw/calendar/2026/01_orange.md|/Users/datpro/Documents/gitdatpro/ff-transform-data/data/bronze/raw/calendar/2026/01_yellow.md,2026-09-03T07:55:33Z
Jan 29,12:00pm,JPY,yellow,Consumer Confidence,37.9,37.1,37.2,/Users/datpro/Documents/gitdatpro/ff-transform-data/data/bronze/raw/calendar/2026/01_red.md|/Users/datpro/Documents/gitdatpro/ff-transform-data/data/bronze/raw/calendar/2026/01_orange.md|/Users/datpro/Documents/gitdatpro/ff-transform-data/data/bronze/raw/calendar/2026/01_yellow.md,2026-09-03T07:55:33Z
Jan 29,2:30am,USD,red,FOMC Press Conference,N/A,N/A,N/A,/Users/datpro/Documents/gitdatpro/ff-transform-data/data/bronze/raw/calendar/2026/01_red.md|/Users/datpro/Documents/gitdatpro/ff-transform-data/data/bronze/raw/calendar/2026/01_orange.md|/Users/datpro/Documents/gitdatpro/ff-transform-data/data/bronze/raw/calendar/2026/01_yellow.md,2026-09-03T07:55:33Z
Jan 29,4:00pm,EUR,yellow,M3 Money Supply y/y,2.8%,3.0%,3.0%,/Users/datpro/Documents/gitdatpro/ff-transform-data/data/bronze/raw/calendar/2026/01_red.md|/Users/datpro/Documents/gitdatpro/ff-transform-data/data/bronze/raw/calendar/2026/01_orange.md|/Users/datpro/Documents/gitdatpro/ff-transform-data/data/bronze/raw/calendar/2026/01_yellow.md,2026-09-03T07:55:33Z
Jan 29,4:00pm,EUR,yellow,Private Loans y/y,3.0%,2.9%,2.9%,/Users/datpro/Documents/gitdatpro/ff-transform-data/data/bronze/raw/calendar/2026/01_red.md|/Users/datpro/Documents/gitdatpro/ff-transform-data/data/bronze/raw/calendar/2026/01_orange.md|/Users/datpro/Documents/gitdatpro/ff-transform-data/data/bronze/raw/calendar/2026/01_yellow.md,2026-09-03T07:55:33Z
Jan 29,7:00am,NZD,yellow,ANZ Business Confidence,64.1,N/A,73.6,/Users/datpro/Documents/gitdatpro/ff-transform-data/data/bronze/raw/calendar/2026/01_red.md|/Users/datpro/Documents/gitdatpro/ff-transform-data/data/bronze/raw/calendar/2026/01_orange.md|/Users/datpro/Documents/gitdatpro/ff-transform-data/data/bronze/raw/calendar/2026/01_yellow.md,2026-09-03T07:55:33Z
Jan 29,7:30am,AUD,yellow,Import Prices q/q,0.9%,-0.2%,-0.4%,/Users/datpro/Documents/gitdatpro/ff-transform-data/data/bronze/raw/calendar/2026/01_red.md|/Users/datpro/Documents/gitdatpro/ff-transform-data/data/bronze/raw/calendar/2026/01_orange.md|/Users/datpro/Documents/gitdatpro/ff-transform-data/data/bronze/raw/calendar/2026/01_yellow.md,2026-09-03T07:55:33Z
Jan 29,8:30pm,CAD,yellow,Trade Balance,-2.2B,-0.7B,-0.4B,/Users/datpro/Documents/gitdatpro/ff-transform-data/data/bronze/raw/calendar/2026/01_red.md|/Users/datpro/Documents/gitdatpro/ff-transform-data/data/bronze/raw/calendar/2026/01_orange.md|/Users/datpro/Documents/gitdatpro/ff-transform-data/data/bronze/raw/calendar/2026/01_yellow.md,2026-09-03T07:55:33Z
Jan 29,8:30pm,USD,yellow,Goods Trade Balance,-86.9B,N/A,-59.0B,/Users/datpro/Documents/gitdatpro/ff-transform-data/data/bronze/raw/calendar/2026/01_red.md|/Users/datpro/Documents/gitdatpro/ff-transform-data/data/bronze/raw/calendar/2026/01_orange.md|/Users/datpro/Documents/gitdatpro/ff-transform-data/data/bronze/raw/calendar/2026/01_yellow.md,2026-09-03T07:55:33Z
Jan 29,8:30pm,USD,yellow,Revised Nonfarm Productivity q/q,4.9%,4.9%,4.9%,/Users/datpro/Documents/gitdatpro/ff-transform-data/data/bronze/raw/calendar/2026/01_red.md|/Users/datpro/Documents/gitdatpro/ff-transform-data/data/bronze/raw/calendar/2026/01_orange.md|/Users/datpro/Documents/gitdatpro/ff-transform-data/data/bronze/raw/calendar/2026/01_yellow.md,2026-09-03T07:55:33Z
Jan 29,8:30pm,USD,yellow,Revised Unit Labor Costs q/q,-1.9%,-1.9%,-1.9%,/Users/datpro/Documents/gitdatpro/ff-transform-data/data/bronze/raw/calendar/2026/01_red.md|/Users/datpro/Documents/gitdatpro/ff-transform-data/data/bronze/raw/calendar/2026/01_orange.md|/Users/datpro/Documents/gitdatpro/ff-transform-data/data/bronze/raw/calendar/2026/01_yellow.md,2026-09-03T07:55:33Z
Jan 29,8:30pm,USD,yellow,Trade Balance,-56.8B,-43.4B,-29.2B,/Users/datpro/Documents/gitdatpro/ff-transform-data/data/bronze/raw/calendar/2026/01_red.md|/Users/datpro/Documents/gitdatpro/ff-transform-data/data/bronze/raw/calendar/2026/01_orange.md|/Users/datpro/Documents/gitdatpro/ff-transform-data/data/bronze/raw/calendar/2026/01_yellow.md,2026-09-03T07:55:33Z
Jan 29,8:30pm,USD,red,Unemployment Claims,209K,206K,210K,/Users/datpro/Documents/gitdatpro/ff-transform-data/data/bronze/raw/calendar/2026/01_red.md|/Users/datpro/Documents/gitdatpro/ff-transform-data/data/bronze/raw/calendar/2026/01_orange.md|/Users/datpro/Documents/gitdatpro/ff-transform-data/data/bronze/raw/calendar/2026/01_yellow.md,2026-09-03T07:55:33Z
Jan 30,12:00pm,JPY,yellow,Housing Starts y/y,-1.3%,-4.5%,-8.5%,/Users/datpro/Documents/gitdatpro/ff-transform-data/data/bronze/raw/calendar/2026/01_red.md|/Users/datpro/Documents/gitdatpro/ff-transform-data/data/bronze/raw/calendar/2026/01_orange.md|/Users/datpro/Documents/gitdatpro/ff-transform-data/data/bronze/raw/calendar/2026/01_yellow.md,2026-09-03T07:55:33Z
Jan 30,1:30pm,EUR,yellow,French Consumer Spending m/m,-0.6%,-0.4%,-0.3%,/Users/datpro/Documents/gitdatpro/ff-transform-data/data/bronze/raw/calendar/2026/01_red.md|/Users/datpro/Documents/gitdatpro/ff-transform-data/data/bronze/raw/calendar/2026/01_orange.md|/Users/datpro/Documents/gitdatpro/ff-transform-data/data/bronze/raw/calendar/2026/01_yellow.md,2026-09-03T07:55:33Z
Jan 30,1:30pm,EUR,yellow,French Flash GDP q/q,0.2%,0.2%,0.5%,/Users/datpro/Documents/gitdatpro/ff-transform-data/data/bronze/raw/calendar/2026/01_red.md|/Users/datpro/Documents/gitdatpro/ff-transform-data/data/bronze/raw/calendar/2026/01_orange.md|/Users/datpro/Documents/gitdatpro/ff-transform-data/data/bronze/raw/calendar/2026/01_yellow.md,2026-09-03T07:55:33Z
Jan 30,2:00pm,EUR,yellow,German Import Prices m/m,-0.1%,-0.4%,0.5%,/Users/datpro/Documents/gitdatpro/ff-transform-data/data/bronze/raw/calendar/2026/01_red.md|/Users/datpro/Documents/gitdatpro/ff-transform-data/data/bronze/raw/calendar/2026/01_orange.md|/Users/datpro/Documents/gitdatpro/ff-transform-data/data/bronze/raw/calendar/2026/01_yellow.md,2026-09-03T07:55:33Z
Jan 30,2:45pm,EUR,yellow,French Prelim Private Payrolls q/q,-0.1%,0.1%,-0.1%,/Users/datpro/Documents/gitdatpro/ff-transform-data/data/bronze/raw/calendar/2026/01_red.md|/Users/datpro/Documents/gitdatpro/ff-transform-data/data/bronze/raw/calendar/2026/01_orange.md|/Users/datpro/Documents/gitdatpro/ff-transform-data/data/bronze/raw/calendar/2026/01_yellow.md,2026-09-03T07:55:33Z
Jan 30,3:00pm,CHF,yellow,KOF Economic Barometer,102.5,103.1,103.6,/Users/datpro/Documents/gitdatpro/ff-transform-data/data/bronze/raw/calendar/2026/01_red.md|/Users/datpro/Documents/gitdatpro/ff-transform-data/data/bronze/raw/calendar/2026/01_orange.md|/Users/datpro/Documents/gitdatpro/ff-transform-data/data/bronze/raw/calendar/2026/01_yellow.md,2026-09-03T07:55:33Z
Jan 30,3:00pm,EUR,yellow,Spanish Flash CPI y/y,2.4%,2.4%,2.9%,/Users/datpro/Documents/gitdatpro/ff-transform-data/data/bronze/raw/calendar/2026/01_red.md|/Users/datpro/Documents/gitdatpro/ff-transform-data/data/bronze/raw/calendar/2026/01_orange.md|/Users/datpro/Documents/gitdatpro/ff-transform-data/data/bronze/raw/calendar/2026/01_yellow.md,2026-09-03T07:55:33Z
Jan 30,3:00pm,EUR,yellow,Spanish Flash GDP q/q,0.8%,0.6%,0.6%,/Users/datpro/Documents/gitdatpro/ff-transform-data/data/bronze/raw/calendar/2026/01_red.md|/Users/datpro/Documents/gitdatpro/ff-transform-data/data/bronze/raw/calendar/2026/01_orange.md|/Users/datpro/Documents/gitdatpro/ff-transform-data/data/bronze/raw/calendar/2026/01_yellow.md,2026-09-03T07:55:33Z
Jan 30,3:55pm,EUR,yellow,German Unemployment Change,0K,4K,3K,/Users/datpro/Documents/gitdatpro/ff-transform-data/data/bronze/raw/calendar/2026/01_red.md|/Users/datpro/Documents/gitdatpro/ff-transform-data/data/bronze/raw/calendar/2026/01_orange.md|/Users/datpro/Documents/gitdatpro/ff-transform-data/data/bronze/raw/calendar/2026/01_yellow.md,2026-09-03T07:55:33Z
Jan 30,4:00pm,EUR,orange,German Prelim GDP q/q,0.3%,0.2%,0.0%,/Users/datpro/Documents/gitdatpro/ff-transform-data/data/bronze/raw/calendar/2026/01_red.md|/Users/datpro/Documents/gitdatpro/ff-transform-data/data/bronze/raw/calendar/2026/01_orange.md|/Users/datpro/Documents/gitdatpro/ff-transform-data/data/bronze/raw/calendar/2026/01_yellow.md,2026-09-03T07:55:33Z
Jan 30,4:00pm,EUR,yellow,Italian Prelim GDP q/q,0.3%,0.2%,0.1%,/Users/datpro/Documents/gitdatpro/ff-transform-data/data/bronze/raw/calendar/2026/01_red.md|/Users/datpro/Documents/gitdatpro/ff-transform-data/data/bronze/raw/calendar/2026/01_orange.md|/Users/datpro/Documents/gitdatpro/ff-transform-data/data/bronze/raw/calendar/2026/01_yellow.md,2026-09-03T07:55:33Z
Jan 30,4:30am,USD,orange,President Trump Speaks,N/A,N/A,N/A,/Users/datpro/Documents/gitdatpro/ff-transform-data/data/bronze/raw/calendar/2026/01_red.md|/Users/datpro/Documents/gitdatpro/ff-transform-data/data/bronze/raw/calendar/2026/01_orange.md|/Users/datpro/Documents/gitdatpro/ff-transform-data/data/bronze/raw/calendar/2026/01_yellow.md,2026-09-03T07:55:33Z
Jan 30,4:30pm,GBP,yellow,M4 Money Supply m/m,0.3%,0.3%,0.8%,/Users/datpro/Documents/gitdatpro/ff-transform-data/data/bronze/raw/calendar/2026/01_red.md|/Users/datpro/Documents/gitdatpro/ff-transform-data/data/bronze/raw/calendar/2026/01_orange.md|/Users/datpro/Documents/gitdatpro/ff-transform-data/data/bronze/raw/calendar/2026/01_yellow.md,2026-09-03T07:55:33Z
Jan 30,4:30pm,GBP,yellow,Mortgage Approvals,61K,65K,64K,/Users/datpro/Documents/gitdatpro/ff-transform-data/data/bronze/raw/calendar/2026/01_red.md|/Users/datpro/Documents/gitdatpro/ff-transform-data/data/bronze/raw/calendar/2026/01_orange.md|/Users/datpro/Documents/gitdatpro/ff-transform-data/data/bronze/raw/calendar/2026/01_yellow.md,2026-09-03T07:55:33Z
Jan 30,4:30pm,GBP,yellow,Net Lending to Individuals m/m,6.1B,6.1B,6.7B,/Users/datpro/Documents/gitdatpro/ff-transform-data/data/bronze/raw/calendar/2026/01_red.md|/Users/datpro/Documents/gitdatpro/ff-transform-data/data/bronze/raw/calendar/2026/01_orange.md|/Users/datpro/Documents/gitdatpro/ff-transform-data/data/bronze/raw/calendar/2026/01_yellow.md,2026-09-03T07:55:33Z
Jan 30,5:00pm,EUR,yellow,Italian Monthly Unemployment Rate,5.6%,5.8%,5.6%,/Users/datpro/Documents/gitdatpro/ff-transform-data/data/bronze/raw/calendar/2026/01_red.md|/Users/datpro/Documents/gitdatpro/ff-transform-data/data/bronze/raw/calendar/2026/01_orange.md|/Users/datpro/Documents/gitdatpro/ff-transform-data/data/bronze/raw/calendar/2026/01_yellow.md,2026-09-03T07:55:33Z
Jan 30,5:00pm,EUR,yellow,Prelim Flash GDP q/q,0.3%,0.2%,0.3%,/Users/datpro/Documents/gitdatpro/ff-transform-data/data/bronze/raw/calendar/2026/01_red.md|/Users/datpro/Documents/gitdatpro/ff-transform-data/data/bronze/raw/calendar/2026/01_orange.md|/Users/datpro/Documents/gitdatpro/ff-transform-data/data/bronze/raw/calendar/2026/01_yellow.md,2026-09-03T07:55:33Z
Jan 30,5:00pm,EUR,yellow,Unemployment Rate,6.2%,6.3%,6.3%,/Users/datpro/Documents/gitdatpro/ff-transform-data/data/bronze/raw/calendar/2026/01_red.md|/Users/datpro/Documents/gitdatpro/ff-transform-data/data/bronze/raw/calendar/2026/01_orange.md|/Users/datpro/Documents/gitdatpro/ff-transform-data/data/bronze/raw/calendar/2026/01_yellow.md,2026-09-03T07:55:33Z
Jan 30,6:30am,JPY,orange,Tokyo Core CPI y/y,2.0%,2.2%,2.3%,/Users/datpro/Documents/gitdatpro/ff-transform-data/data/bronze/raw/calendar/2026/01_red.md|/Users/datpro/Documents/gitdatpro/ff-transform-data/data/bronze/raw/calendar/2026/01_orange.md|/Users/datpro/Documents/gitdatpro/ff-transform-data/data/bronze/raw/calendar/2026/01_yellow.md,2026-09-03T07:55:33Z
Jan 30,6:50am,JPY,yellow,Prelim Industrial Production m/m,-0.1%,-0.4%,-2.7%,/Users/datpro/Documents/gitdatpro/ff-transform-data/data/bronze/raw/calendar/2026/01_red.md|/Users/datpro/Documents/gitdatpro/ff-transform-data/data/bronze/raw/calendar/2026/01_orange.md|/Users/datpro/Documents/gitdatpro/ff-transform-data/data/bronze/raw/calendar/2026/01_yellow.md,2026-09-03T07:55:33Z
Jan 30,6:50am,JPY,yellow,Retail Sales y/y,-0.9%,0.7%,1.1%,/Users/datpro/Documents/gitdatpro/ff-transform-data/data/bronze/raw/calendar/2026/01_red.md|/Users/datpro/Documents/gitdatpro/ff-transform-data/data/bronze/raw/calendar/2026/01_orange.md|/Users/datpro/Documents/gitdatpro/ff-transform-data/data/bronze/raw/calendar/2026/01_yellow.md,2026-09-03T07:55:33Z
Jan 30,7:30am,AUD,yellow,PPI q/q,0.8%,1.1%,1.0%,/Users/datpro/Documents/gitdatpro/ff-transform-data/data/bronze/raw/calendar/2026/01_red.md|/Users/datpro/Documents/gitdatpro/ff-transform-data/data/bronze/raw/calendar/2026/01_orange.md|/Users/datpro/Documents/gitdatpro/ff-transform-data/data/bronze/raw/calendar/2026/01_yellow.md,2026-09-03T07:55:33Z
Jan 30,7:30am,AUD,yellow,Private Sector Credit m/m,0.8%,0.6%,0.6%,/Users/datpro/Documents/gitdatpro/ff-transform-data/data/bronze/raw/calendar/2026/01_red.md|/Users/datpro/Documents/gitdatpro/ff-transform-data/data/bronze/raw/calendar/2026/01_orange.md|/Users/datpro/Documents/gitdatpro/ff-transform-data/data/bronze/raw/calendar/2026/01_yellow.md,2026-09-03T07:55:33Z
Jan 30,8:30pm,USD,red,Core PPI m/m,0.7%,0.2%,0.0%,/Users/datpro/Documents/gitdatpro/ff-transform-data/data/bronze/raw/calendar/2026/01_red.md|/Users/datpro/Documents/gitdatpro/ff-transform-data/data/bronze/raw/calendar/2026/01_orange.md|/Users/datpro/Documents/gitdatpro/ff-transform-data/data/bronze/raw/calendar/2026/01_yellow.md,2026-09-03T07:55:33Z
Jan 30,8:30pm,USD,red,PPI m/m,0.5%,0.2%,0.2%,/Users/datpro/Documents/gitdatpro/ff-transform-data/data/bronze/raw/calendar/2026/01_red.md|/Users/datpro/Documents/gitdatpro/ff-transform-data/data/bronze/raw/calendar/2026/01_orange.md|/Users/datpro/Documents/gitdatpro/ff-transform-data/data/bronze/raw/calendar/2026/01_yellow.md,2026-09-03T07:55:33Z
Jan 30,9:45pm,USD,yellow,Chicago PMI,54.0,43.5,43.5,/Users/datpro/Documents/gitdatpro/ff-transform-data/data/bronze/raw/calendar/2026/01_red.md|/Users/datpro/Documents/gitdatpro/ff-transform-data/data/bronze/raw/calendar/2026/01_orange.md|/Users/datpro/Documents/gitdatpro/ff-transform-data/data/bronze/raw/calendar/2026/01_yellow.md,2026-09-03T07:55:33Z
Jan 30,All Day,EUR,orange,German Prelim CPI m/m,0.1%,0.0%,0.0%,/Users/datpro/Documents/gitdatpro/ff-transform-data/data/bronze/raw/calendar/2026/01_red.md|/Users/datpro/Documents/gitdatpro/ff-transform-data/data/bronze/raw/calendar/2026/01_orange.md|/Users/datpro/Documents/gitdatpro/ff-transform-data/data/bronze/raw/calendar/2026/01_yellow.md,2026-09-03T07:55:33Z
Jan 31,5:00am,USD,yellow,FOMC Member Bowman Speaks,N/A,N/A,N/A,/Users/datpro/Documents/gitdatpro/ff-transform-data/data/bronze/raw/calendar/2026/01_red.md|/Users/datpro/Documents/gitdatpro/ff-transform-data/data/bronze/raw/calendar/2026/01_orange.md|/Users/datpro/Documents/gitdatpro/ff-transform-data/data/bronze/raw/calendar/2026/01_yellow.md,2026-09-03T07:55:33Z
Jan 31,8:30am,CNY,yellow,Non-Manufacturing PMI,49.4,50.3,50.2,/Users/datpro/Documents/gitdatpro/ff-transform-data/data/bronze/raw/calendar/2026/01_red.md|/Users/datpro/Documents/gitdatpro/ff-transform-data/data/bronze/raw/calendar/2026/01_orange.md|/Users/datpro/Documents/gitdatpro/ff-transform-data/data/bronze/raw/calendar/2026/01_yellow.md,2026-09-03T07:55:33Z
Jan 5,2:30pm,CHF,yellow,Retail Sales y/y,2.3%,2.5%,2.2%,/Users/datpro/Documents/gitdatpro/ff-transform-data/data/bronze/raw/calendar/2026/01_red.md|/Users/datpro/Documents/gitdatpro/ff-transform-data/data/bronze/raw/calendar/2026/01_orange.md|/Users/datpro/Documents/gitdatpro/ff-transform-data/data/bronze/raw/calendar/2026/01_yellow.md,2026-09-03T07:55:33Z
Jan 5,3:00pm,EUR,yellow,Spanish Unemployment Change,-16.3K,5.7K,-18.8K,/Users/datpro/Documents/gitdatpro/ff-transform-data/data/bronze/raw/calendar/2026/01_red.md|/Users/datpro/Documents/gitdatpro/ff-transform-data/data/bronze/raw/calendar/2026/01_orange.md|/Users/datpro/Documents/gitdatpro/ff-transform-data/data/bronze/raw/calendar/2026/01_yellow.md,2026-09-03T07:55:33Z
Jan 5,3:30pm,CHF,yellow,Manufacturing PMI,45.8,49.7,49.7,/Users/datpro/Documents/gitdatpro/ff-transform-data/data/bronze/raw/calendar/2026/01_red.md|/Users/datpro/Documents/gitdatpro/ff-transform-data/data/bronze/raw/calendar/2026/01_orange.md|/Users/datpro/Documents/gitdatpro/ff-transform-data/data/bronze/raw/calendar/2026/01_yellow.md,2026-09-03T07:55:33Z
Jan 5,4:30pm,GBP,yellow,M4 Money Supply m/m,0.8%,-0.1%,-0.2%,/Users/datpro/Documents/gitdatpro/ff-transform-data/data/bronze/raw/calendar/2026/01_red.md|/Users/datpro/Documents/gitdatpro/ff-transform-data/data/bronze/raw/calendar/2026/01_orange.md|/Users/datpro/Documents/gitdatpro/ff-transform-data/data/bronze/raw/calendar/2026/01_yellow.md,2026-09-03T07:55:33Z
Jan 5,4:30pm,GBP,yellow,Mortgage Approvals,65K,64K,65K,/Users/datpro/Documents/gitdatpro/ff-transform-data/data/bronze/raw/calendar/2026/01_red.md|/Users/datpro/Documents/gitdatpro/ff-transform-data/data/bronze/raw/calendar/2026/01_orange.md|/Users/datpro/Documents/gitdatpro/ff-transform-data/data/bronze/raw/calendar/2026/01_yellow.md,2026-09-03T07:55:33Z
Jan 5,4:30pm,GBP,yellow,Net Lending to Individuals m/m,6.6B,5.2B,5.9B,/Users/datpro/Documents/gitdatpro/ff-transform-data/data/bronze/raw/calendar/2026/01_red.md|/Users/datpro/Documents/gitdatpro/ff-transform-data/data/bronze/raw/calendar/2026/01_orange.md|/Users/datpro/Documents/gitdatpro/ff-transform-data/data/bronze/raw/calendar/2026/01_yellow.md,2026-09-03T07:55:33Z
Jan 5,7:30am,JPY,yellow,Final Manufacturing PMI,50.0,49.8,49.7,/Users/datpro/Documents/gitdatpro/ff-transform-data/data/bronze/raw/calendar/2026/01_red.md|/Users/datpro/Documents/gitdatpro/ff-transform-data/data/bronze/raw/calendar/2026/01_orange.md|/Users/datpro/Documents/gitdatpro/ff-transform-data/data/bronze/raw/calendar/2026/01_yellow.md,2026-09-03T07:55:33Z
Jan 5,8:45am,CNY,yellow,RatingDog Services PMI,52.0,52.0,52.1,/Users/datpro/Documents/gitdatpro/ff-transform-data/data/bronze/raw/calendar/2026/01_red.md|/Users/datpro/Documents/gitdatpro/ff-transform-data/data/bronze/raw/calendar/2026/01_orange.md|/Users/datpro/Documents/gitdatpro/ff-transform-data/data/bronze/raw/calendar/2026/01_yellow.md,2026-09-03T07:55:33Z
Jan 5,All Day,USD,yellow,Omdia Total Vehicle Sales,16.0M,15.7M,15.6M,/Users/datpro/Documents/gitdatpro/ff-transform-data/data/bronze/raw/calendar/2026/01_red.md|/Users/datpro/Documents/gitdatpro/ff-transform-data/data/bronze/raw/calendar/2026/01_orange.md|/Users/datpro/Documents/gitdatpro/ff-transform-data/data/bronze/raw/calendar/2026/01_yellow.md,2026-09-03T07:55:33Z
Jan 6,10:35am,JPY,yellow,10-y Bond Auction,2.10|3.3,N/A,1.87|3.6,/Users/datpro/Documents/gitdatpro/ff-transform-data/data/bronze/raw/calendar/2026/01_red.md|/Users/datpro/Documents/gitdatpro/ff-transform-data/data/bronze/raw/calendar/2026/01_orange.md|/Users/datpro/Documents/gitdatpro/ff-transform-data/data/bronze/raw/calendar/2026/01_yellow.md,2026-09-03T07:55:33Z
Jan 6,10:54pm,NZD,yellow,GDT Price Index,6.3%,N/A,-4.4%,/Users/datpro/Documents/gitdatpro/ff-transform-data/data/bronze/raw/calendar/2026/01_red.md|/Users/datpro/Documents/gitdatpro/ff-transform-data/data/bronze/raw/calendar/2026/01_orange.md|/Users/datpro/Documents/gitdatpro/ff-transform-data/data/bronze/raw/calendar/2026/01_yellow.md,2026-09-03T07:55:33Z
Jan 6,2:45pm,EUR,yellow,French Prelim CPI m/m,0.1%,0.2%,-0.2%,/Users/datpro/Documents/gitdatpro/ff-transform-data/data/bronze/raw/calendar/2026/01_red.md|/Users/datpro/Documents/gitdatpro/ff-transform-data/data/bronze/raw/calendar/2026/01_orange.md|/Users/datpro/Documents/gitdatpro/ff-transform-data/data/bronze/raw/calendar/2026/01_yellow.md,2026-09-03T07:55:33Z
Jan 6,3:15pm,EUR,yellow,Spanish Services PMI,57.1,54.8,55.6,/Users/datpro/Documents/gitdatpro/ff-transform-data/data/bronze/raw/calendar/2026/01_red.md|/Users/datpro/Documents/gitdatpro/ff-transform-data/data/bronze/raw/calendar/2026/01_orange.md|/Users/datpro/Documents/gitdatpro/ff-transform-data/data/bronze/raw/calendar/2026/01_yellow.md,2026-09-03T07:55:33Z
Jan 6,3:45pm,EUR,yellow,Italian Services PMI,51.5,54.2,55.0,/Users/datpro/Documents/gitdatpro/ff-transform-data/data/bronze/raw/calendar/2026/01_red.md|/Users/datpro/Documents/gitdatpro/ff-transform-data/data/bronze/raw/calendar/2026/01_orange.md|/Users/datpro/Documents/gitdatpro/ff-transform-data/data/bronze/raw/calendar/2026/01_yellow.md,2026-09-03T07:55:33Z
Jan 6,3:50pm,EUR,yellow,French Final Services PMI,50.1,50.3,50.2,/Users/datpro/Documents/gitdatpro/ff-transform-data/data/bronze/raw/calendar/2026/01_red.md|/Users/datpro/Documents/gitdatpro/ff-transform-data/data/bronze/raw/calendar/2026/01_orange.md|/Users/datpro/Documents/gitdatpro/ff-transform-data/data/bronze/raw/calendar/2026/01_yellow.md,2026-09-03T07:55:33Z
Jan 6,3:55pm,EUR,yellow,German Final Services PMI,52.7,52.6,52.6,/Users/datpro/Documents/gitdatpro/ff-transform-data/data/bronze/raw/calendar/2026/01_red.md|/Users/datpro/Documents/gitdatpro/ff-transform-data/data/bronze/raw/calendar/2026/01_orange.md|/Users/datpro/Documents/gitdatpro/ff-transform-data/data/bronze/raw/calendar/2026/01_yellow.md,2026-09-03T07:55:33Z
Jan 6,4:00pm,EUR,yellow,Final Services PMI,52.4,52.6,52.6,/Users/datpro/Documents/gitdatpro/ff-transform-data/data/bronze/raw/calendar/2026/01_red.md|/Users/datpro/Documents/gitdatpro/ff-transform-data/data/bronze/raw/calendar/2026/01_orange.md|/Users/datpro/Documents/gitdatpro/ff-transform-data/data/bronze/raw/calendar/2026/01_yellow.md,2026-09-03T07:55:33Z
Jan 6,4:30pm,GBP,yellow,Final Services PMI,51.4,52.1,52.1,/Users/datpro/Documents/gitdatpro/ff-transform-data/data/bronze/raw/calendar/2026/01_red.md|/Users/datpro/Documents/gitdatpro/ff-transform-data/data/bronze/raw/calendar/2026/01_orange.md|/Users/datpro/Documents/gitdatpro/ff-transform-data/data/bronze/raw/calendar/2026/01_yellow.md,2026-09-03T07:55:33Z
Jan 6,7:01am,GBP,yellow,BRC Shop Price Index y/y,0.7%,0.6%,0.6%,/Users/datpro/Documents/gitdatpro/ff-transform-data/data/bronze/raw/calendar/2026/01_red.md|/Users/datpro/Documents/gitdatpro/ff-transform-data/data/bronze/raw/calendar/2026/01_orange.md|/Users/datpro/Documents/gitdatpro/ff-transform-data/data/bronze/raw/calendar/2026/01_yellow.md,2026-09-03T07:55:33Z
Jan 6,8:00pm,USD,yellow,FOMC Member Barkin Speaks,N/A,N/A,N/A,/Users/datpro/Documents/gitdatpro/ff-transform-data/data/bronze/raw/calendar/2026/01_red.md|/Users/datpro/Documents/gitdatpro/ff-transform-data/data/bronze/raw/calendar/2026/01_orange.md|/Users/datpro/Documents/gitdatpro/ff-transform-data/data/bronze/raw/calendar/2026/01_yellow.md,2026-09-03T07:55:33Z
Jan 6,9:45pm,USD,yellow,Final Services PMI,52.5,52.9,52.9,/Users/datpro/Documents/gitdatpro/ff-transform-data/data/bronze/raw/calendar/2026/01_red.md|/Users/datpro/Documents/gitdatpro/ff-transform-data/data/bronze/raw/calendar/2026/01_orange.md|/Users/datpro/Documents/gitdatpro/ff-transform-data/data/bronze/raw/calendar/2026/01_yellow.md,2026-09-03T07:55:33Z
Jan 7,10:00pm,CAD,orange,Ivey PMI,51.9,49.5,48.4,/Users/datpro/Documents/gitdatpro/ff-transform-data/data/bronze/raw/calendar/2026/01_red.md|/Users/datpro/Documents/gitdatpro/ff-transform-data/data/bronze/raw/calendar/2026/01_orange.md|/Users/datpro/Documents/gitdatpro/ff-transform-data/data/bronze/raw/calendar/2026/01_yellow.md,2026-09-03T07:55:33Z
Jan 7,10:00pm,USD,yellow,Factory Orders m/m,-1.3%,-1.1%,0.2%,/Users/datpro/Documents/gitdatpro/ff-transform-data/data/bronze/raw/calendar/2026/01_red.md|/Users/datpro/Documents/gitdatpro/ff-transform-data/data/bronze/raw/calendar/2026/01_orange.md|/Users/datpro/Documents/gitdatpro/ff-transform-data/data/bronze/raw/calendar/2026/01_yellow.md,2026-09-03T07:55:33Z
Jan 7,10:00pm,USD,red,ISM Services PMI,54.4,52.2,52.6,/Users/datpro/Documents/gitdatpro/ff-transform-data/data/bronze/raw/calendar/2026/01_red.md|/Users/datpro/Documents/gitdatpro/ff-transform-data/data/bronze/raw/calendar/2026/01_orange.md|/Users/datpro/Documents/gitdatpro/ff-transform-data/data/bronze/raw/calendar/2026/01_yellow.md,2026-09-03T07:55:33Z
Jan 7,10:00pm,USD,red,JOLTS Job Openings,7.15M,7.61M,7.45M,/Users/datpro/Documents/gitdatpro/ff-transform-data/data/bronze/raw/calendar/2026/01_red.md|/Users/datpro/Documents/gitdatpro/ff-transform-data/data/bronze/raw/calendar/2026/01_orange.md|/Users/datpro/Documents/gitdatpro/ff-transform-data/data/bronze/raw/calendar/2026/01_yellow.md,2026-09-03T07:55:33Z
Jan 7,10:30pm,USD,yellow,Crude Oil Inventories,-3.8M,-1.2M,-1.9M,/Users/datpro/Documents/gitdatpro/ff-transform-data/data/bronze/raw/calendar/2026/01_red.md|/Users/datpro/Documents/gitdatpro/ff-transform-data/data/bronze/raw/calendar/2026/01_orange.md|/Users/datpro/Documents/gitdatpro/ff-transform-data/data/bronze/raw/calendar/2026/01_yellow.md,2026-09-03T07:55:33Z
Jan 7,2:00pm,EUR,yellow,German Retail Sales m/m,-0.6%,0.2%,0.3%,/Users/datpro/Documents/gitdatpro/ff-transform-data/data/bronze/raw/calendar/2026/01_red.md|/Users/datpro/Documents/gitdatpro/ff-transform-data/data/bronze/raw/calendar/2026/01_orange.md|/Users/datpro/Documents/gitdatpro/ff-transform-data/data/bronze/raw/calendar/2026/01_yellow.md,2026-09-03T07:55:33Z
Jan 7,3:55pm,EUR,yellow,German Unemployment Change,3K,5K,1K,/Users/datpro/Documents/gitdatpro/ff-transform-data/data/bronze/raw/calendar/2026/01_red.md|/Users/datpro/Documents/gitdatpro/ff-transform-data/data/bronze/raw/calendar/2026/01_orange.md|/Users/datpro/Documents/gitdatpro/ff-transform-data/data/bronze/raw/calendar/2026/01_yellow.md,2026-09-03T07:55:33Z
Jan 7,4:30pm,GBP,yellow,Construction PMI,40.1,42.4,39.4,/Users/datpro/Documents/gitdatpro/ff-transform-data/data/bronze/raw/calendar/2026/01_red.md|/Users/datpro/Documents/gitdatpro/ff-transform-data/data/bronze/raw/calendar/2026/01_orange.md|/Users/datpro/Documents/gitdatpro/ff-transform-data/data/bronze/raw/calendar/2026/01_yellow.md,2026-09-03T07:55:33Z
Jan 7,4:30pm,GBP,yellow,Housing Equity Withdrawal q/q,-10.9B,-8.7B,-17.9B,/Users/datpro/Documents/gitdatpro/ff-transform-data/data/bronze/raw/calendar/2026/01_red.md|/Users/datpro/Documents/gitdatpro/ff-transform-data/data/bronze/raw/calendar/2026/01_orange.md|/Users/datpro/Documents/gitdatpro/ff-transform-data/data/bronze/raw/calendar/2026/01_yellow.md,2026-09-03T07:55:33Z
Jan 7,5:00pm,EUR,orange,CPI Flash Estimate y/y,2.0%,2.0%,2.1%,/Users/datpro/Documents/gitdatpro/ff-transform-data/data/bronze/raw/calendar/2026/01_red.md|/Users/datpro/Documents/gitdatpro/ff-transform-data/data/bronze/raw/calendar/2026/01_orange.md|/Users/datpro/Documents/gitdatpro/ff-transform-data/data/bronze/raw/calendar/2026/01_yellow.md,2026-09-03T07:55:33Z
Jan 7,5:00pm,EUR,orange,Core CPI Flash Estimate y/y,2.3%,2.4%,2.4%,/Users/datpro/Documents/gitdatpro/ff-transform-data/data/bronze/raw/calendar/2026/01_red.md|/Users/datpro/Documents/gitdatpro/ff-transform-data/data/bronze/raw/calendar/2026/01_orange.md|/Users/datpro/Documents/gitdatpro/ff-transform-data/data/bronze/raw/calendar/2026/01_yellow.md,2026-09-03T07:55:33Z
Jan 7,5:00pm,EUR,yellow,Italian Prelim CPI m/m,0.2%,0.2%,-0.2%,/Users/datpro/Documents/gitdatpro/ff-transform-data/data/bronze/raw/calendar/2026/01_red.md|/Users/datpro/Documents/gitdatpro/ff-transform-data/data/bronze/raw/calendar/2026/01_orange.md|/Users/datpro/Documents/gitdatpro/ff-transform-data/data/bronze/raw/calendar/2026/01_yellow.md,2026-09-03T07:55:33Z
Jan 7,5:34pm,EUR,yellow,German 10-y Bond Auction,2.83|1.3,N/A,2.67|2.0,/Users/datpro/Documents/gitdatpro/ff-transform-data/data/bronze/raw/calendar/2026/01_red.md|/Users/datpro/Documents/gitdatpro/ff-transform-data/data/bronze/raw/calendar/2026/01_orange.md|/Users/datpro/Documents/gitdatpro/ff-transform-data/data/bronze/raw/calendar/2026/01_yellow.md,2026-09-03T07:55:33Z
Jan 7,7:30am,AUD,yellow,Building Approvals m/m,15.2%,1.9%,-6.1%,/Users/datpro/Documents/gitdatpro/ff-transform-data/data/bronze/raw/calendar/2026/01_red.md|/Users/datpro/Documents/gitdatpro/ff-transform-data/data/bronze/raw/calendar/2026/01_orange.md|/Users/datpro/Documents/gitdatpro/ff-transform-data/data/bronze/raw/calendar/2026/01_yellow.md,2026-09-03T07:55:33Z
Jan 7,8:15pm,USD,red,ADP Non-Farm Employment Change,41K,49K,-29K,/Users/datpro/Documents/gitdatpro/ff-transform-data/data/bronze/raw/calendar/2026/01_red.md|/Users/datpro/Documents/gitdatpro/ff-transform-data/data/bronze/raw/calendar/2026/01_orange.md|/Users/datpro/Documents/gitdatpro/ff-transform-data/data/bronze/raw/calendar/2026/01_yellow.md,2026-09-03T07:55:33Z
Jan 7,N/A,AUD,red,CPI y/y,3.4%,3.6%,3.8%,/Users/datpro/Documents/gitdatpro/ff-transform-data/data/bronze/raw/calendar/2026/01_red.md|/Users/datpro/Documents/gitdatpro/ff-transform-data/data/bronze/raw/calendar/2026/01_orange.md|/Users/datpro/Documents/gitdatpro/ff-transform-data/data/bronze/raw/calendar/2026/01_yellow.md,2026-09-03T07:55:33Z
Jan 7,N/A,AUD,red,Trimmed Mean CPI m/m,0.3%,0.2%,0.3%,/Users/datpro/Documents/gitdatpro/ff-transform-data/data/bronze/raw/calendar/2026/01_red.md|/Users/datpro/Documents/gitdatpro/ff-transform-data/data/bronze/raw/calendar/2026/01_orange.md|/Users/datpro/Documents/gitdatpro/ff-transform-data/data/bronze/raw/calendar/2026/01_yellow.md,2026-09-03T07:55:33Z
Jan 8,10:00pm,USD,yellow,Final Wholesale Inventories m/m,0.2%,0.2%,0.5%,/Users/datpro/Documents/gitdatpro/ff-transform-data/data/bronze/raw/calendar/2026/01_red.md|/Users/datpro/Documents/gitdatpro/ff-transform-data/data/bronze/raw/calendar/2026/01_orange.md|/Users/datpro/Documents/gitdatpro/ff-transform-data/data/bronze/raw/calendar/2026/01_yellow.md,2026-09-03T07:55:33Z
Jan 8,10:30pm,USD,yellow,Natural Gas Storage,-119B,-109B,-38B,/Users/datpro/Documents/gitdatpro/ff-transform-data/data/bronze/raw/calendar/2026/01_red.md|/Users/datpro/Documents/gitdatpro/ff-transform-data/data/bronze/raw/calendar/2026/01_orange.md|/Users/datpro/Documents/gitdatpro/ff-transform-data/data/bronze/raw/calendar/2026/01_yellow.md,2026-09-03T07:55:33Z
Jan 8,10:35am,JPY,yellow,30-y Bond Auction,3.45|3.1,N/A,3.43|4.0,/Users/datpro/Documents/gitdatpro/ff-transform-data/data/bronze/raw/calendar/2026/01_red.md|/Users/datpro/Documents/gitdatpro/ff-transform-data/data/bronze/raw/calendar/2026/01_orange.md|/Users/datpro/Documents/gitdatpro/ff-transform-data/data/bronze/raw/calendar/2026/01_yellow.md,2026-09-03T07:55:33Z
Jan 8,12:00pm,JPY,yellow,Consumer Confidence,37.2,37.8,37.5,/Users/datpro/Documents/gitdatpro/ff-transform-data/data/bronze/raw/calendar/2026/01_red.md|/Users/datpro/Documents/gitdatpro/ff-transform-data/data/bronze/raw/calendar/2026/01_orange.md|/Users/datpro/Documents/gitdatpro/ff-transform-data/data/bronze/raw/calendar/2026/01_yellow.md,2026-09-03T07:55:33Z
Jan 8,2:00pm,EUR,yellow,German Factory Orders m/m,5.6%,-0.9%,1.6%,/Users/datpro/Documents/gitdatpro/ff-transform-data/data/bronze/raw/calendar/2026/01_red.md|/Users/datpro/Documents/gitdatpro/ff-transform-data/data/bronze/raw/calendar/2026/01_orange.md|/Users/datpro/Documents/gitdatpro/ff-transform-data/data/bronze/raw/calendar/2026/01_yellow.md,2026-09-03T07:55:33Z
Jan 8,2:02pm,GBP,yellow,Lloyds HPI m/m,-0.6%,0.1%,-0.1%,/Users/datpro/Documents/gitdatpro/ff-transform-data/data/bronze/raw/calendar/2026/01_red.md|/Users/datpro/Documents/gitdatpro/ff-transform-data/data/bronze/raw/calendar/2026/01_orange.md|/Users/datpro/Documents/gitdatpro/ff-transform-data/data/bronze/raw/calendar/2026/01_yellow.md,2026-09-03T07:55:33Z
Jan 8,2:45pm,EUR,yellow,French Trade Balance,-4.2B,-4.3B,-3.5B,/Users/datpro/Documents/gitdatpro/ff-transform-data/data/bronze/raw/calendar/2026/01_red.md|/Users/datpro/Documents/gitdatpro/ff-transform-data/data/bronze/raw/calendar/2026/01_orange.md|/Users/datpro/Documents/gitdatpro/ff-transform-data/data/bronze/raw/calendar/2026/01_yellow.md,2026-09-03T07:55:33Z
Jan 8,3:30pm,CHF,yellow,Summary of Monetary Policy Discussions,N/A,N/A,N/A,/Users/datpro/Documents/gitdatpro/ff-transform-data/data/bronze/raw/calendar/2026/01_red.md|/Users/datpro/Documents/gitdatpro/ff-transform-data/data/bronze/raw/calendar/2026/01_orange.md|/Users/datpro/Documents/gitdatpro/ff-transform-data/data/bronze/raw/calendar/2026/01_yellow.md,2026-09-03T07:55:33Z
Jan 8,4:00pm,EUR,yellow,Italian Monthly Unemployment Rate,5.7%,6.0%,5.8%,/Users/datpro/Documents/gitdatpro/ff-transform-data/data/bronze/raw/calendar/2026/01_red.md|/Users/datpro/Documents/gitdatpro/ff-transform-data/data/bronze/raw/calendar/2026/01_orange.md|/Users/datpro/Documents/gitdatpro/ff-transform-data/data/bronze/raw/calendar/2026/01_yellow.md,2026-09-03T07:55:33Z
Jan 8,4:59pm,EUR,yellow,French 10-y Bond Auction,3.53|2.0,N/A,3.38|2.3,/Users/datpro/Documents/gitdatpro/ff-transform-data/data/bronze/raw/calendar/2026/01_red.md|/Users/datpro/Documents/gitdatpro/ff-transform-data/data/bronze/raw/calendar/2026/01_orange.md|/Users/datpro/Documents/gitdatpro/ff-transform-data/data/bronze/raw/calendar/2026/01_yellow.md,2026-09-03T07:55:33Z
Jan 8,5:00pm,EUR,yellow,PPI m/m,0.5%,0.4%,0.1%,/Users/datpro/Documents/gitdatpro/ff-transform-data/data/bronze/raw/calendar/2026/01_red.md|/Users/datpro/Documents/gitdatpro/ff-transform-data/data/bronze/raw/calendar/2026/01_orange.md|/Users/datpro/Documents/gitdatpro/ff-transform-data/data/bronze/raw/calendar/2026/01_yellow.md,2026-09-03T07:55:33Z
Jan 8,5:00pm,EUR,yellow,Unemployment Rate,6.3%,6.4%,6.4%,/Users/datpro/Documents/gitdatpro/ff-transform-data/data/bronze/raw/calendar/2026/01_red.md|/Users/datpro/Documents/gitdatpro/ff-transform-data/data/bronze/raw/calendar/2026/01_orange.md|/Users/datpro/Documents/gitdatpro/ff-transform-data/data/bronze/raw/calendar/2026/01_yellow.md,2026-09-03T07:55:33Z
Jan 8,5:30pm,USD,yellow,Challenger Job Cuts y/y,-8.3%,N/A,23.5%,/Users/datpro/Documents/gitdatpro/ff-transform-data/data/bronze/raw/calendar/2026/01_red.md|/Users/datpro/Documents/gitdatpro/ff-transform-data/data/bronze/raw/calendar/2026/01_orange.md|/Users/datpro/Documents/gitdatpro/ff-transform-data/data/bronze/raw/calendar/2026/01_yellow.md,2026-09-03T07:55:33Z
Jan 8,6:30am,JPY,yellow,Average Cash Earnings y/y,0.5%,2.3%,2.5%,/Users/datpro/Documents/gitdatpro/ff-transform-data/data/bronze/raw/calendar/2026/01_red.md|/Users/datpro/Documents/gitdatpro/ff-transform-data/data/bronze/raw/calendar/2026/01_orange.md|/Users/datpro/Documents/gitdatpro/ff-transform-data/data/bronze/raw/calendar/2026/01_yellow.md,2026-09-03T07:55:33Z
Jan 8,7:30am,AUD,yellow,Goods Trade Balance,2.94B,5.14B,4.35B,/Users/datpro/Documents/gitdatpro/ff-transform-data/data/bronze/raw/calendar/2026/01_red.md|/Users/datpro/Documents/gitdatpro/ff-transform-data/data/bronze/raw/calendar/2026/01_orange.md|/Users/datpro/Documents/gitdatpro/ff-transform-data/data/bronze/raw/calendar/2026/01_yellow.md,2026-09-03T07:55:33Z
Jan 8,8:00pm,USD,yellow,FOMC Member Miran Speaks,N/A,N/A,N/A,/Users/datpro/Documents/gitdatpro/ff-transform-data/data/bronze/raw/calendar/2026/01_red.md|/Users/datpro/Documents/gitdatpro/ff-transform-data/data/bronze/raw/calendar/2026/01_orange.md|/Users/datpro/Documents/gitdatpro/ff-transform-data/data/bronze/raw/calendar/2026/01_yellow.md,2026-09-03T07:55:33Z
Jan 8,8:30pm,CAD,yellow,Trade Balance,-0.6B,-1.4B,0.2B,/Users/datpro/Documents/gitdatpro/ff-transform-data/data/bronze/raw/calendar/2026/01_red.md|/Users/datpro/Documents/gitdatpro/ff-transform-data/data/bronze/raw/calendar/2026/01_orange.md|/Users/datpro/Documents/gitdatpro/ff-transform-data/data/bronze/raw/calendar/2026/01_yellow.md,2026-09-03T07:55:33Z
Jan 8,8:30pm,USD,yellow,Goods Trade Balance,-59.1B,N/A,-78.3B,/Users/datpro/Documents/gitdatpro/ff-transform-data/data/bronze/raw/calendar/2026/01_red.md|/Users/datpro/Documents/gitdatpro/ff-transform-data/data/bronze/raw/calendar/2026/01_orange.md|/Users/datpro/Documents/gitdatpro/ff-transform-data/data/bronze/raw/calendar/2026/01_yellow.md,2026-09-03T07:55:33Z
Jan 8,8:30pm,USD,yellow,Prelim Nonfarm Productivity q/q,4.9%,4.9%,3.3%,/Users/datpro/Documents/gitdatpro/ff-transform-data/data/bronze/raw/calendar/2026/01_red.md|/Users/datpro/Documents/gitdatpro/ff-transform-data/data/bronze/raw/calendar/2026/01_orange.md|/Users/datpro/Documents/gitdatpro/ff-transform-data/data/bronze/raw/calendar/2026/01_yellow.md,2026-09-03T07:55:33Z
Jan 8,8:30pm,USD,yellow,Prelim Unit Labor Costs q/q,-1.9%,0.0%,1.0%,/Users/datpro/Documents/gitdatpro/ff-transform-data/data/bronze/raw/calendar/2026/01_red.md|/Users/datpro/Documents/gitdatpro/ff-transform-data/data/bronze/raw/calendar/2026/01_orange.md|/Users/datpro/Documents/gitdatpro/ff-transform-data/data/bronze/raw/calendar/2026/01_yellow.md,2026-09-03T07:55:33Z
Jan 8,8:30pm,USD,yellow,Trade Balance,-29.4B,-58.1B,-48.1B,/Users/datpro/Documents/gitdatpro/ff-transform-data/data/bronze/raw/calendar/2026/01_red.md|/Users/datpro/Documents/gitdatpro/ff-transform-data/data/bronze/raw/calendar/2026/01_orange.md|/Users/datpro/Documents/gitdatpro/ff-transform-data/data/bronze/raw/calendar/2026/01_yellow.md,2026-09-03T07:55:33Z
Jan 8,8:30pm,USD,red,Unemployment Claims,208K,213K,200K,/Users/datpro/Documents/gitdatpro/ff-transform-data/data/bronze/raw/calendar/2026/01_red.md|/Users/datpro/Documents/gitdatpro/ff-transform-data/data/bronze/raw/calendar/2026/01_orange.md|/Users/datpro/Documents/gitdatpro/ff-transform-data/data/bronze/raw/calendar/2026/01_yellow.md,2026-09-03T07:55:33Z
Jan 9,10:00pm,CNY,orange,PPI y/y,-1.9%,-2.0%,-2.2%,/Users/datpro/Documents/gitdatpro/ff-transform-data/data/bronze/raw/calendar/2026/01_red.md|/Users/datpro/Documents/gitdatpro/ff-transform-data/data/bronze/raw/calendar/2026/01_orange.md|/Users/datpro/Documents/gitdatpro/ff-transform-data/data/bronze/raw/calendar/2026/01_yellow.md,2026-09-03T07:55:33Z
Jan 9,10:00pm,USD,yellow,FOMC Member Kashkari Speaks,N/A,N/A,N/A,/Users/datpro/Documents/gitdatpro/ff-transform-data/data/bronze/raw/calendar/2026/01_red.md|/Users/datpro/Documents/gitdatpro/ff-transform-data/data/bronze/raw/calendar/2026/01_orange.md|/Users/datpro/Documents/gitdatpro/ff-transform-data/data/bronze/raw/calendar/2026/01_yellow.md,2026-09-03T07:55:33Z
Jan 9,10:00pm,USD,red,Prelim UoM Consumer Sentiment,54.0,53.5,52.9,/Users/datpro/Documents/gitdatpro/ff-transform-data/data/bronze/raw/calendar/2026/01_red.md|/Users/datpro/Documents/gitdatpro/ff-transform-data/data/bronze/raw/calendar/2026/01_orange.md|/Users/datpro/Documents/gitdatpro/ff-transform-data/data/bronze/raw/calendar/2026/01_yellow.md,2026-09-03T07:55:33Z
Jan 9,10:00pm,USD,red,Prelim UoM Inflation Expectations,4.2%,N/A,4.2%,/Users/datpro/Documents/gitdatpro/ff-transform-data/data/bronze/raw/calendar/2026/01_red.md|/Users/datpro/Documents/gitdatpro/ff-transform-data/data/bronze/raw/calendar/2026/01_orange.md|/Users/datpro/Documents/gitdatpro/ff-transform-data/data/bronze/raw/calendar/2026/01_yellow.md,2026-09-03T07:55:33Z
Jan 9,12:00pm,JPY,yellow,Leading Indicators,110.5%,110.4%,109.8%,/Users/datpro/Documents/gitdatpro/ff-transform-data/data/bronze/raw/calendar/2026/01_red.md|/Users/datpro/Documents/gitdatpro/ff-transform-data/data/bronze/raw/calendar/2026/01_orange.md|/Users/datpro/Documents/gitdatpro/ff-transform-data/data/bronze/raw/calendar/2026/01_yellow.md,2026-09-03T07:55:33Z
Jan 9,2:00pm,EUR,yellow,German Industrial Production m/m,0.8%,-0.6%,2.0%,/Users/datpro/Documents/gitdatpro/ff-transform-data/data/bronze/raw/calendar/2026/01_red.md|/Users/datpro/Documents/gitdatpro/ff-transform-data/data/bronze/raw/calendar/2026/01_orange.md|/Users/datpro/Documents/gitdatpro/ff-transform-data/data/bronze/raw/calendar/2026/01_yellow.md,2026-09-03T07:55:33Z
Jan 9,2:00pm,EUR,yellow,German Trade Balance,13.1B,16.3B,17.2B,/Users/datpro/Documents/gitdatpro/ff-transform-data/data/bronze/raw/calendar/2026/01_red.md|/Users/datpro/Documents/gitdatpro/ff-transform-data/data/bronze/raw/calendar/2026/01_orange.md|/Users/datpro/Documents/gitdatpro/ff-transform-data/data/bronze/raw/calendar/2026/01_yellow.md,2026-09-03T07:55:33Z
Jan 9,2:45pm,EUR,yellow,French Consumer Spending m/m,-0.3%,-0.1%,0.5%,/Users/datpro/Documents/gitdatpro/ff-transform-data/data/bronze/raw/calendar/2026/01_red.md|/Users/datpro/Documents/gitdatpro/ff-transform-data/data/bronze/raw/calendar/2026/01_orange.md|/Users/datpro/Documents/gitdatpro/ff-transform-data/data/bronze/raw/calendar/2026/01_yellow.md,2026-09-03T07:55:33Z
Jan 9,2:45pm,EUR,yellow,French Industrial Production m/m,-0.1%,-0.2%,0.2%,/Users/datpro/Documents/gitdatpro/ff-transform-data/data/bronze/raw/calendar/2026/01_red.md|/Users/datpro/Documents/gitdatpro/ff-transform-data/data/bronze/raw/calendar/2026/01_orange.md|/Users/datpro/Documents/gitdatpro/ff-transform-data/data/bronze/raw/calendar/2026/01_yellow.md,2026-09-03T07:55:33Z
Jan 9,3:00pm,CHF,yellow,Foreign Currency Reserves,725B,N/A,727B,/Users/datpro/Documents/gitdatpro/ff-transform-data/data/bronze/raw/calendar/2026/01_red.md|/Users/datpro/Documents/gitdatpro/ff-transform-data/data/bronze/raw/calendar/2026/01_orange.md|/Users/datpro/Documents/gitdatpro/ff-transform-data/data/bronze/raw/calendar/2026/01_yellow.md,2026-09-03T07:55:33Z
Jan 9,3:00pm,CHF,yellow,Unemployment Rate,3.0%,3.0%,3.0%,/Users/datpro/Documents/gitdatpro/ff-transform-data/data/bronze/raw/calendar/2026/01_red.md|/Users/datpro/Documents/gitdatpro/ff-transform-data/data/bronze/raw/calendar/2026/01_orange.md|/Users/datpro/Documents/gitdatpro/ff-transform-data/data/bronze/raw/calendar/2026/01_yellow.md,2026-09-03T07:55:33Z
Jan 9,4:00pm,EUR,yellow,Italian Retail Sales m/m,0.5%,0.3%,0.5%,/Users/datpro/Documents/gitdatpro/ff-transform-data/data/bronze/raw/calendar/2026/01_red.md|/Users/datpro/Documents/gitdatpro/ff-transform-data/data/bronze/raw/calendar/2026/01_orange.md|/Users/datpro/Documents/gitdatpro/ff-transform-data/data/bronze/raw/calendar/2026/01_yellow.md,2026-09-03T07:55:33Z
Jan 9,5:00pm,EUR,yellow,Retail Sales m/m,0.2%,0.1%,0.0%,/Users/datpro/Documents/gitdatpro/ff-transform-data/data/bronze/raw/calendar/2026/01_red.md|/Users/datpro/Documents/gitdatpro/ff-transform-data/data/bronze/raw/calendar/2026/01_orange.md|/Users/datpro/Documents/gitdatpro/ff-transform-data/data/bronze/raw/calendar/2026/01_yellow.md,2026-09-03T07:55:33Z
Jan 9,6:30am,JPY,yellow,Household Spending y/y,2.9%,-1.0%,-3.0%,/Users/datpro/Documents/gitdatpro/ff-transform-data/data/bronze/raw/calendar/2026/01_red.md|/Users/datpro/Documents/gitdatpro/ff-transform-data/data/bronze/raw/calendar/2026/01_orange.md|/Users/datpro/Documents/gitdatpro/ff-transform-data/data/bronze/raw/calendar/2026/01_yellow.md,2026-09-03T07:55:33Z
Jan 9,8:30pm,CAD,red,Unemployment Rate,6.8%,6.7%,6.5%,/Users/datpro/Documents/gitdatpro/ff-transform-data/data/bronze/raw/calendar/2026/01_red.md|/Users/datpro/Documents/gitdatpro/ff-transform-data/data/bronze/raw/calendar/2026/01_orange.md|/Users/datpro/Documents/gitdatpro/ff-transform-data/data/bronze/raw/calendar/2026/01_yellow.md,2026-09-03T07:55:33Z
Jan 9,8:30pm,USD,red,Average Hourly Earnings m/m,0.3%,0.3%,0.1%,/Users/datpro/Documents/gitdatpro/ff-transform-data/data/bronze/raw/calendar/2026/01_red.md|/Users/datpro/Documents/gitdatpro/ff-transform-data/data/bronze/raw/calendar/2026/01_orange.md|/Users/datpro/Documents/gitdatpro/ff-transform-data/data/bronze/raw/calendar/2026/01_yellow.md,2026-09-03T07:55:33Z
Jan 9,8:30pm,USD,yellow,Building Permits,1.41M,1.35M,1.42M,/Users/datpro/Documents/gitdatpro/ff-transform-data/data/bronze/raw/calendar/2026/01_red.md|/Users/datpro/Documents/gitdatpro/ff-transform-data/data/bronze/raw/calendar/2026/01_orange.md|/Users/datpro/Documents/gitdatpro/ff-transform-data/data/bronze/raw/calendar/2026/01_yellow.md,2026-09-03T07:55:33Z
Jan 9,8:30pm,USD,yellow,Housing Starts,1.25M,1.33M,1.31M,/Users/datpro/Documents/gitdatpro/ff-transform-data/data/bronze/raw/calendar/2026/01_red.md|/Users/datpro/Documents/gitdatpro/ff-transform-data/data/bronze/raw/calendar/2026/01_orange.md|/Users/datpro/Documents/gitdatpro/ff-transform-data/data/bronze/raw/calendar/2026/01_yellow.md,2026-09-03T07:55:33Z
Jan 9,8:30pm,USD,red,Non-Farm Employment Change,50K,66K,56K,/Users/datpro/Documents/gitdatpro/ff-transform-data/data/bronze/raw/calendar/2026/01_red.md|/Users/datpro/Documents/gitdatpro/ff-transform-data/data/bronze/raw/calendar/2026/01_orange.md|/Users/datpro/Documents/gitdatpro/ff-transform-data/data/bronze/raw/calendar/2026/01_yellow.md,2026-09-03T07:55:33Z
Jan 9,8:30pm,USD,red,Unemployment Rate,4.4%,4.5%,4.6%,/Users/datpro/Documents/gitdatpro/ff-transform-data/data/bronze/raw/calendar/2026/01_red.md|/Users/datpro/Documents/gitdatpro/ff-transform-data/data/bronze/raw/calendar/2026/01_orange.md|/Users/datpro/Documents/gitdatpro/ff-transform-data/data/bronze/raw/calendar/2026/01_yellow.md,2026-09-03T07:55:33Z
Jan 9,Sep Data,USD,yellow,Building Permits,1.42M,1.33M,1.31M,/Users/datpro/Documents/gitdatpro/ff-transform-data/data/bronze/raw/calendar/2026/01_red.md|/Users/datpro/Documents/gitdatpro/ff-transform-data/data/bronze/raw/calendar/2026/01_orange.md|/Users/datpro/Documents/gitdatpro/ff-transform-data/data/bronze/raw/calendar/2026/01_yellow.md,2026-09-03T07:55:33Z
Jan 9,Sep Data,USD,yellow,Housing Starts,1.31M,1.29M,1.31M,/Users/datpro/Documents/gitdatpro/ff-transform-data/data/bronze/raw/calendar/2026/01_red.md|/Users/datpro/Documents/gitdatpro/ff-transform-data/data/bronze/raw/calendar/2026/01_orange.md|/Users/datpro/Documents/gitdatpro/ff-transform-data/data/bronze/raw/calendar/2026/01_yellow.md,2026-09-03T07:55:33Z
