date,time,currency,impact,event,actual,forecast,previous,source_file,ingested_at
Aug 10,11:45pm,JPY,yellow,BOJ Summary of Opinions,N/A,N/A,N/A,/Users/datpro/Documents/gitdatpro/ff-transform-data/data/bronze/raw/calendar/2026/08_red.html|/Users/datpro/Documents/gitdatpro/ff-transform-data/data/bronze/raw/calendar/2026/08_orange.html|/Users/datpro/Documents/gitdatpro/ff-transform-data/data/bronze/raw/calendar/2026/08_yellow.html,2026-09-03T06:58:48Z
Aug 10,11:45pm,JPY,yellow,Current Account,1.40T,2.50T,3.06T,/Users/datpro/Documents/gitdatpro/ff-transform-data/data/bronze/raw/calendar/2026/08_red.html|/Users/datpro/Documents/gitdatpro/ff-transform-data/data/bronze/raw/calendar/2026/08_orange.html|/Users/datpro/Documents/gitdatpro/ff-transform-data/data/bronze/raw/calendar/2026/08_yellow.html,2026-09-03T06:58:48Z
Aug 10,12:00pm,JPY,yellow,Economy Watchers Sentiment,45.7,44.6,44.0,/Users/datpro/Documents/gitdatpro/ff-transform-data/data/bronze/raw/calendar/2026/08_red.html|/Users/datpro/Documents/gitdatpro/ff-transform-data/data/bronze/raw/calendar/2026/08_orange.html|/Users/datpro/Documents/gitdatpro/ff-transform-data/data/bronze/raw/calendar/2026/08_yellow.html,2026-09-03T06:58:48Z
Aug 10,3:30pm,EUR,yellow,Sentix Investor Confidence,0.9,-0.7,-3.1,/Users/datpro/Documents/gitdatpro/ff-transform-data/data/bronze/raw/calendar/2026/08_red.html|/Users/datpro/Documents/gitdatpro/ff-transform-data/data/bronze/raw/calendar/2026/08_orange.html|/Users/datpro/Documents/gitdatpro/ff-transform-data/data/bronze/raw/calendar/2026/08_yellow.html,2026-09-03T06:58:48Z
Aug 10,8:45pm,USD,yellow,Cleveland Fed Inflation Expectations,3.3%,N/A,3.7%,/Users/datpro/Documents/gitdatpro/ff-transform-data/data/bronze/raw/calendar/2026/08_red.html|/Users/datpro/Documents/gitdatpro/ff-transform-data/data/bronze/raw/calendar/2026/08_orange.html|/Users/datpro/Documents/gitdatpro/ff-transform-data/data/bronze/raw/calendar/2026/08_yellow.html,2026-09-03T06:58:48Z
Aug 11,12:30pm,AUD,red,RBA Press Conference,N/A,N/A,N/A,/Users/datpro/Documents/gitdatpro/ff-transform-data/data/bronze/raw/calendar/2026/08_red.html|/Users/datpro/Documents/gitdatpro/ff-transform-data/data/bronze/raw/calendar/2026/08_orange.html|/Users/datpro/Documents/gitdatpro/ff-transform-data/data/bronze/raw/calendar/2026/08_yellow.html,2026-09-03T06:58:48Z
Aug 11,3:00pm,EUR,yellow,Italian Trade Balance,4.23B,4.74B,4.79B,/Users/datpro/Documents/gitdatpro/ff-transform-data/data/bronze/raw/calendar/2026/08_red.html|/Users/datpro/Documents/gitdatpro/ff-transform-data/data/bronze/raw/calendar/2026/08_orange.html|/Users/datpro/Documents/gitdatpro/ff-transform-data/data/bronze/raw/calendar/2026/08_yellow.html,2026-09-03T06:58:48Z
Aug 11,5:00pm,USD,yellow,NFIB Small Business Index,99.8,97.5,97.4,/Users/datpro/Documents/gitdatpro/ff-transform-data/data/bronze/raw/calendar/2026/08_red.html|/Users/datpro/Documents/gitdatpro/ff-transform-data/data/bronze/raw/calendar/2026/08_orange.html|/Users/datpro/Documents/gitdatpro/ff-transform-data/data/bronze/raw/calendar/2026/08_yellow.html,2026-09-03T06:58:48Z
Aug 11,6:01am,GBP,yellow,BRC Retail Sales Monitor y/y,1.0%,1.6%,1.7%,/Users/datpro/Documents/gitdatpro/ff-transform-data/data/bronze/raw/calendar/2026/08_red.html|/Users/datpro/Documents/gitdatpro/ff-transform-data/data/bronze/raw/calendar/2026/08_orange.html|/Users/datpro/Documents/gitdatpro/ff-transform-data/data/bronze/raw/calendar/2026/08_yellow.html,2026-09-03T06:58:48Z
Aug 11,7:15pm,USD,yellow,ADP Weekly Employment Change,8.3K,N/A,11.0K,/Users/datpro/Documents/gitdatpro/ff-transform-data/data/bronze/raw/calendar/2026/08_red.html|/Users/datpro/Documents/gitdatpro/ff-transform-data/data/bronze/raw/calendar/2026/08_orange.html|/Users/datpro/Documents/gitdatpro/ff-transform-data/data/bronze/raw/calendar/2026/08_yellow.html,2026-09-03T06:58:48Z
Aug 11,8:30am,AUD,yellow,NAB Business Confidence,-6,N/A,-6,/Users/datpro/Documents/gitdatpro/ff-transform-data/data/bronze/raw/calendar/2026/08_red.html|/Users/datpro/Documents/gitdatpro/ff-transform-data/data/bronze/raw/calendar/2026/08_orange.html|/Users/datpro/Documents/gitdatpro/ff-transform-data/data/bronze/raw/calendar/2026/08_yellow.html,2026-09-03T06:58:48Z
Aug 11,9:00pm,USD,yellow,Existing Home Sales,4.06M,4.05M,4.13M,/Users/datpro/Documents/gitdatpro/ff-transform-data/data/bronze/raw/calendar/2026/08_red.html|/Users/datpro/Documents/gitdatpro/ff-transform-data/data/bronze/raw/calendar/2026/08_orange.html|/Users/datpro/Documents/gitdatpro/ff-transform-data/data/bronze/raw/calendar/2026/08_yellow.html,2026-09-03T06:58:48Z
Aug 11,Jul 18th,USD,yellow,ADP Weekly Employment Change,11.0K,N/A,14.5K,/Users/datpro/Documents/gitdatpro/ff-transform-data/data/bronze/raw/calendar/2026/08_red.html|/Users/datpro/Documents/gitdatpro/ff-transform-data/data/bronze/raw/calendar/2026/08_orange.html|/Users/datpro/Documents/gitdatpro/ff-transform-data/data/bronze/raw/calendar/2026/08_yellow.html,2026-09-03T06:58:48Z
Aug 11,N/A,AUD,red,RBA Monetary Policy Statement,N/A,N/A,N/A,/Users/datpro/Documents/gitdatpro/ff-transform-data/data/bronze/raw/calendar/2026/08_red.html|/Users/datpro/Documents/gitdatpro/ff-transform-data/data/bronze/raw/calendar/2026/08_orange.html|/Users/datpro/Documents/gitdatpro/ff-transform-data/data/bronze/raw/calendar/2026/08_yellow.html,2026-09-03T06:58:48Z
Aug 11,N/A,AUD,red,RBA Rate Statement,N/A,N/A,N/A,/Users/datpro/Documents/gitdatpro/ff-transform-data/data/bronze/raw/calendar/2026/08_red.html|/Users/datpro/Documents/gitdatpro/ff-transform-data/data/bronze/raw/calendar/2026/08_orange.html|/Users/datpro/Documents/gitdatpro/ff-transform-data/data/bronze/raw/calendar/2026/08_yellow.html,2026-09-03T06:58:48Z
Aug 12,12:30pm,USD,red,CPI m/m,0.1%,0.1%,-0.4%,/Users/datpro/Documents/gitdatpro/ff-transform-data/data/bronze/raw/calendar/2026/08_red.html|/Users/datpro/Documents/gitdatpro/ff-transform-data/data/bronze/raw/calendar/2026/08_orange.html|/Users/datpro/Documents/gitdatpro/ff-transform-data/data/bronze/raw/calendar/2026/08_yellow.html,2026-09-03T06:58:48Z
Aug 12,12:30pm,USD,red,CPI y/y,3.4%,3.4%,3.5%,/Users/datpro/Documents/gitdatpro/ff-transform-data/data/bronze/raw/calendar/2026/08_red.html|/Users/datpro/Documents/gitdatpro/ff-transform-data/data/bronze/raw/calendar/2026/08_orange.html|/Users/datpro/Documents/gitdatpro/ff-transform-data/data/bronze/raw/calendar/2026/08_yellow.html,2026-09-03T06:58:48Z
Aug 12,12:30pm,USD,red,Core CPI y/y,2.5%,2.5%,2.6%,/Users/datpro/Documents/gitdatpro/ff-transform-data/data/bronze/raw/calendar/2026/08_red.html|/Users/datpro/Documents/gitdatpro/ff-transform-data/data/bronze/raw/calendar/2026/08_orange.html|/Users/datpro/Documents/gitdatpro/ff-transform-data/data/bronze/raw/calendar/2026/08_yellow.html,2026-09-03T06:58:48Z
Aug 12,1:00pm,EUR,yellow,German Final CPI m/m,0.8%,0.8%,0.8%,/Users/datpro/Documents/gitdatpro/ff-transform-data/data/bronze/raw/calendar/2026/08_red.html|/Users/datpro/Documents/gitdatpro/ff-transform-data/data/bronze/raw/calendar/2026/08_orange.html|/Users/datpro/Documents/gitdatpro/ff-transform-data/data/bronze/raw/calendar/2026/08_yellow.html,2026-09-03T06:58:48Z
Aug 12,1:00pm,JPY,yellow,Prelim Machine Tool Orders y/y,50.4%,N/A,52.7%,/Users/datpro/Documents/gitdatpro/ff-transform-data/data/bronze/raw/calendar/2026/08_red.html|/Users/datpro/Documents/gitdatpro/ff-transform-data/data/bronze/raw/calendar/2026/08_orange.html|/Users/datpro/Documents/gitdatpro/ff-transform-data/data/bronze/raw/calendar/2026/08_yellow.html,2026-09-03T06:58:48Z
Aug 12,4:33pm,EUR,yellow,German 30-y Bond Auction,3.65|1.3,N/A,3.64|2.9,/Users/datpro/Documents/gitdatpro/ff-transform-data/data/bronze/raw/calendar/2026/08_red.html|/Users/datpro/Documents/gitdatpro/ff-transform-data/data/bronze/raw/calendar/2026/08_orange.html|/Users/datpro/Documents/gitdatpro/ff-transform-data/data/bronze/raw/calendar/2026/08_yellow.html,2026-09-03T06:58:48Z
Aug 12,6:50am,JPY,yellow,M2 Money Stock y/y,2.2%,2.1%,2.2%,/Users/datpro/Documents/gitdatpro/ff-transform-data/data/bronze/raw/calendar/2026/08_red.html|/Users/datpro/Documents/gitdatpro/ff-transform-data/data/bronze/raw/calendar/2026/08_orange.html|/Users/datpro/Documents/gitdatpro/ff-transform-data/data/bronze/raw/calendar/2026/08_yellow.html,2026-09-03T06:58:48Z
Aug 12,7:30pm,CAD,yellow,Building Permits m/m,18.5%,0.8%,-3.0%,/Users/datpro/Documents/gitdatpro/ff-transform-data/data/bronze/raw/calendar/2026/08_red.html|/Users/datpro/Documents/gitdatpro/ff-transform-data/data/bronze/raw/calendar/2026/08_orange.html|/Users/datpro/Documents/gitdatpro/ff-transform-data/data/bronze/raw/calendar/2026/08_yellow.html,2026-09-03T06:58:48Z
Aug 12,9:30pm,USD,yellow,Crude Oil Inventories,17.4M,-1.7M,2.5M,/Users/datpro/Documents/gitdatpro/ff-transform-data/data/bronze/raw/calendar/2026/08_red.html|/Users/datpro/Documents/gitdatpro/ff-transform-data/data/bronze/raw/calendar/2026/08_orange.html|/Users/datpro/Documents/gitdatpro/ff-transform-data/data/bronze/raw/calendar/2026/08_yellow.html,2026-09-03T06:58:48Z
Aug 13,12:58am,USD,yellow,Federal Budget Balance,-432.3B,-348.3B,-120.3B,/Users/datpro/Documents/gitdatpro/ff-transform-data/data/bronze/raw/calendar/2026/08_red.html|/Users/datpro/Documents/gitdatpro/ff-transform-data/data/bronze/raw/calendar/2026/08_orange.html|/Users/datpro/Documents/gitdatpro/ff-transform-data/data/bronze/raw/calendar/2026/08_yellow.html,2026-09-03T06:58:48Z
Aug 13,1:00pm,GBP,yellow,Construction Output m/m,-0.1%,-0.3%,-0.8%,/Users/datpro/Documents/gitdatpro/ff-transform-data/data/bronze/raw/calendar/2026/08_red.html|/Users/datpro/Documents/gitdatpro/ff-transform-data/data/bronze/raw/calendar/2026/08_orange.html|/Users/datpro/Documents/gitdatpro/ff-transform-data/data/bronze/raw/calendar/2026/08_yellow.html,2026-09-03T06:58:48Z
Aug 13,1:00pm,GBP,yellow,Goods Trade Balance,-23.0B,-20.6B,-21.1B,/Users/datpro/Documents/gitdatpro/ff-transform-data/data/bronze/raw/calendar/2026/08_red.html|/Users/datpro/Documents/gitdatpro/ff-transform-data/data/bronze/raw/calendar/2026/08_orange.html|/Users/datpro/Documents/gitdatpro/ff-transform-data/data/bronze/raw/calendar/2026/08_yellow.html,2026-09-03T06:58:48Z
Aug 13,1:00pm,GBP,yellow,Index of Services 3m/3m,0.5%,0.5%,0.6%,/Users/datpro/Documents/gitdatpro/ff-transform-data/data/bronze/raw/calendar/2026/08_red.html|/Users/datpro/Documents/gitdatpro/ff-transform-data/data/bronze/raw/calendar/2026/08_orange.html|/Users/datpro/Documents/gitdatpro/ff-transform-data/data/bronze/raw/calendar/2026/08_yellow.html,2026-09-03T06:58:48Z
Aug 13,1:00pm,GBP,yellow,Industrial Production m/m,-0.2%,0.1%,-0.7%,/Users/datpro/Documents/gitdatpro/ff-transform-data/data/bronze/raw/calendar/2026/08_red.html|/Users/datpro/Documents/gitdatpro/ff-transform-data/data/bronze/raw/calendar/2026/08_orange.html|/Users/datpro/Documents/gitdatpro/ff-transform-data/data/bronze/raw/calendar/2026/08_yellow.html,2026-09-03T06:58:48Z
Aug 13,1:00pm,GBP,yellow,Manufacturing Production m/m,-0.5%,-0.1%,-0.2%,/Users/datpro/Documents/gitdatpro/ff-transform-data/data/bronze/raw/calendar/2026/08_red.html|/Users/datpro/Documents/gitdatpro/ff-transform-data/data/bronze/raw/calendar/2026/08_orange.html|/Users/datpro/Documents/gitdatpro/ff-transform-data/data/bronze/raw/calendar/2026/08_yellow.html,2026-09-03T06:58:48Z
Aug 13,1:00pm,GBP,yellow,Prelim Business Investment q/q,1.7%,-0.3%,0.9%,/Users/datpro/Documents/gitdatpro/ff-transform-data/data/bronze/raw/calendar/2026/08_red.html|/Users/datpro/Documents/gitdatpro/ff-transform-data/data/bronze/raw/calendar/2026/08_orange.html|/Users/datpro/Documents/gitdatpro/ff-transform-data/data/bronze/raw/calendar/2026/08_yellow.html,2026-09-03T06:58:48Z
Aug 13,1:00pm,GBP,orange,Prelim GDP q/q,0.4%,0.4%,0.6%,/Users/datpro/Documents/gitdatpro/ff-transform-data/data/bronze/raw/calendar/2026/08_red.html|/Users/datpro/Documents/gitdatpro/ff-transform-data/data/bronze/raw/calendar/2026/08_orange.html|/Users/datpro/Documents/gitdatpro/ff-transform-data/data/bronze/raw/calendar/2026/08_yellow.html,2026-09-03T06:58:48Z
Aug 13,1:30pm,CHF,yellow,PPI m/m,-0.1%,-0.2%,-0.3%,/Users/datpro/Documents/gitdatpro/ff-transform-data/data/bronze/raw/calendar/2026/08_red.html|/Users/datpro/Documents/gitdatpro/ff-transform-data/data/bronze/raw/calendar/2026/08_orange.html|/Users/datpro/Documents/gitdatpro/ff-transform-data/data/bronze/raw/calendar/2026/08_yellow.html,2026-09-03T06:58:48Z
Aug 13,4:00pm,EUR,yellow,Industrial Production m/m,0.0%,-0.1%,0.3%,/Users/datpro/Documents/gitdatpro/ff-transform-data/data/bronze/raw/calendar/2026/08_red.html|/Users/datpro/Documents/gitdatpro/ff-transform-data/data/bronze/raw/calendar/2026/08_orange.html|/Users/datpro/Documents/gitdatpro/ff-transform-data/data/bronze/raw/calendar/2026/08_yellow.html,2026-09-03T06:58:48Z
Aug 13,6:01am,GBP,yellow,RICS House Price Balance,-30%,-30%,-32%,/Users/datpro/Documents/gitdatpro/ff-transform-data/data/bronze/raw/calendar/2026/08_red.html|/Users/datpro/Documents/gitdatpro/ff-transform-data/data/bronze/raw/calendar/2026/08_orange.html|/Users/datpro/Documents/gitdatpro/ff-transform-data/data/bronze/raw/calendar/2026/08_yellow.html,2026-09-03T06:58:48Z
Aug 13,6:50am,JPY,yellow,PPI y/y,7.2%,7.4%,7.3%,/Users/datpro/Documents/gitdatpro/ff-transform-data/data/bronze/raw/calendar/2026/08_red.html|/Users/datpro/Documents/gitdatpro/ff-transform-data/data/bronze/raw/calendar/2026/08_orange.html|/Users/datpro/Documents/gitdatpro/ff-transform-data/data/bronze/raw/calendar/2026/08_yellow.html,2026-09-03T06:58:48Z
Aug 13,7:15am,AUD,yellow,RBA Assist Gov Kent Speaks,N/A,N/A,N/A,/Users/datpro/Documents/gitdatpro/ff-transform-data/data/bronze/raw/calendar/2026/08_red.html|/Users/datpro/Documents/gitdatpro/ff-transform-data/data/bronze/raw/calendar/2026/08_orange.html|/Users/datpro/Documents/gitdatpro/ff-transform-data/data/bronze/raw/calendar/2026/08_yellow.html,2026-09-03T06:58:48Z
Aug 13,7:15pm,USD,yellow,FOMC Member Hammack Speaks,N/A,N/A,N/A,/Users/datpro/Documents/gitdatpro/ff-transform-data/data/bronze/raw/calendar/2026/08_red.html|/Users/datpro/Documents/gitdatpro/ff-transform-data/data/bronze/raw/calendar/2026/08_orange.html|/Users/datpro/Documents/gitdatpro/ff-transform-data/data/bronze/raw/calendar/2026/08_yellow.html,2026-09-03T06:58:48Z
Aug 13,7:30pm,USD,red,Core PPI m/m,0.2%,0.3%,0.4%,/Users/datpro/Documents/gitdatpro/ff-transform-data/data/bronze/raw/calendar/2026/08_red.html|/Users/datpro/Documents/gitdatpro/ff-transform-data/data/bronze/raw/calendar/2026/08_orange.html|/Users/datpro/Documents/gitdatpro/ff-transform-data/data/bronze/raw/calendar/2026/08_yellow.html,2026-09-03T06:58:48Z
Aug 13,7:30pm,USD,red,PPI m/m,0.0%,0.2%,-0.1%,/Users/datpro/Documents/gitdatpro/ff-transform-data/data/bronze/raw/calendar/2026/08_red.html|/Users/datpro/Documents/gitdatpro/ff-transform-data/data/bronze/raw/calendar/2026/08_orange.html|/Users/datpro/Documents/gitdatpro/ff-transform-data/data/bronze/raw/calendar/2026/08_yellow.html,2026-09-03T06:58:48Z
Aug 13,7:30pm,USD,orange,Unemployment Claims,209K,202K,200K,/Users/datpro/Documents/gitdatpro/ff-transform-data/data/bronze/raw/calendar/2026/08_red.html|/Users/datpro/Documents/gitdatpro/ff-transform-data/data/bronze/raw/calendar/2026/08_orange.html|/Users/datpro/Documents/gitdatpro/ff-transform-data/data/bronze/raw/calendar/2026/08_yellow.html,2026-09-03T06:58:48Z
Aug 13,7:40pm,USD,yellow,FOMC Member Barkin Speaks,N/A,N/A,N/A,/Users/datpro/Documents/gitdatpro/ff-transform-data/data/bronze/raw/calendar/2026/08_red.html|/Users/datpro/Documents/gitdatpro/ff-transform-data/data/bronze/raw/calendar/2026/08_orange.html|/Users/datpro/Documents/gitdatpro/ff-transform-data/data/bronze/raw/calendar/2026/08_yellow.html,2026-09-03T06:58:48Z
Aug 13,8:30pm,GBP,yellow,CB Leading Index m/m,-0.4%,N/A,-0.4%,/Users/datpro/Documents/gitdatpro/ff-transform-data/data/bronze/raw/calendar/2026/08_red.html|/Users/datpro/Documents/gitdatpro/ff-transform-data/data/bronze/raw/calendar/2026/08_orange.html|/Users/datpro/Documents/gitdatpro/ff-transform-data/data/bronze/raw/calendar/2026/08_yellow.html,2026-09-03T06:58:48Z
Aug 13,9:29pm,USD,yellow,Mortgage Delinquencies,4.37%,N/A,4.44%,/Users/datpro/Documents/gitdatpro/ff-transform-data/data/bronze/raw/calendar/2026/08_red.html|/Users/datpro/Documents/gitdatpro/ff-transform-data/data/bronze/raw/calendar/2026/08_orange.html|/Users/datpro/Documents/gitdatpro/ff-transform-data/data/bronze/raw/calendar/2026/08_yellow.html,2026-09-03T06:58:48Z
Aug 13,9:30pm,AUD,yellow,CB Leading Index m/m,0.3%,N/A,0.3%,/Users/datpro/Documents/gitdatpro/ff-transform-data/data/bronze/raw/calendar/2026/08_red.html|/Users/datpro/Documents/gitdatpro/ff-transform-data/data/bronze/raw/calendar/2026/08_orange.html|/Users/datpro/Documents/gitdatpro/ff-transform-data/data/bronze/raw/calendar/2026/08_yellow.html,2026-09-03T06:58:48Z
Aug 13,9:30pm,USD,yellow,Natural Gas Storage,36B,31B,33B,/Users/datpro/Documents/gitdatpro/ff-transform-data/data/bronze/raw/calendar/2026/08_red.html|/Users/datpro/Documents/gitdatpro/ff-transform-data/data/bronze/raw/calendar/2026/08_orange.html|/Users/datpro/Documents/gitdatpro/ff-transform-data/data/bronze/raw/calendar/2026/08_yellow.html,2026-09-03T06:58:48Z
Aug 14,1:00pm,EUR,yellow,German WPI m/m,0.2%,-0.2%,-0.7%,/Users/datpro/Documents/gitdatpro/ff-transform-data/data/bronze/raw/calendar/2026/08_red.html|/Users/datpro/Documents/gitdatpro/ff-transform-data/data/bronze/raw/calendar/2026/08_orange.html|/Users/datpro/Documents/gitdatpro/ff-transform-data/data/bronze/raw/calendar/2026/08_yellow.html,2026-09-03T06:58:48Z
Aug 14,1:45pm,EUR,yellow,French Final CPI m/m,0.6%,0.6%,0.6%,/Users/datpro/Documents/gitdatpro/ff-transform-data/data/bronze/raw/calendar/2026/08_red.html|/Users/datpro/Documents/gitdatpro/ff-transform-data/data/bronze/raw/calendar/2026/08_orange.html|/Users/datpro/Documents/gitdatpro/ff-transform-data/data/bronze/raw/calendar/2026/08_yellow.html,2026-09-03T06:58:48Z
Aug 14,3:01pm,CNY,yellow,M2 Money Supply y/y,7.7%,7.9%,8.0%,/Users/datpro/Documents/gitdatpro/ff-transform-data/data/bronze/raw/calendar/2026/08_red.html|/Users/datpro/Documents/gitdatpro/ff-transform-data/data/bronze/raw/calendar/2026/08_orange.html|/Users/datpro/Documents/gitdatpro/ff-transform-data/data/bronze/raw/calendar/2026/08_yellow.html,2026-09-03T06:58:48Z
Aug 14,3:02pm,CNY,yellow,New Loans,-340B,-50B,1610B,/Users/datpro/Documents/gitdatpro/ff-transform-data/data/bronze/raw/calendar/2026/08_red.html|/Users/datpro/Documents/gitdatpro/ff-transform-data/data/bronze/raw/calendar/2026/08_orange.html|/Users/datpro/Documents/gitdatpro/ff-transform-data/data/bronze/raw/calendar/2026/08_yellow.html,2026-09-03T06:58:48Z
Aug 14,4:00pm,EUR,yellow,Flash Employment Change q/q,0.1%,0.1%,0.1%,/Users/datpro/Documents/gitdatpro/ff-transform-data/data/bronze/raw/calendar/2026/08_red.html|/Users/datpro/Documents/gitdatpro/ff-transform-data/data/bronze/raw/calendar/2026/08_orange.html|/Users/datpro/Documents/gitdatpro/ff-transform-data/data/bronze/raw/calendar/2026/08_yellow.html,2026-09-03T06:58:48Z
Aug 14,4:00pm,EUR,yellow,Flash GDP q/q,0.4%,0.4%,0.4%,/Users/datpro/Documents/gitdatpro/ff-transform-data/data/bronze/raw/calendar/2026/08_red.html|/Users/datpro/Documents/gitdatpro/ff-transform-data/data/bronze/raw/calendar/2026/08_orange.html|/Users/datpro/Documents/gitdatpro/ff-transform-data/data/bronze/raw/calendar/2026/08_yellow.html,2026-09-03T06:58:48Z
Aug 14,4:00pm,EUR,yellow,Trade Balance,1.8B,-2.2B,-6.1B,/Users/datpro/Documents/gitdatpro/ff-transform-data/data/bronze/raw/calendar/2026/08_red.html|/Users/datpro/Documents/gitdatpro/ff-transform-data/data/bronze/raw/calendar/2026/08_orange.html|/Users/datpro/Documents/gitdatpro/ff-transform-data/data/bronze/raw/calendar/2026/08_yellow.html,2026-09-03T06:58:48Z
Aug 14,5:00am,USD,yellow,FOMC Member Goolsbee Speaks,N/A,N/A,N/A,/Users/datpro/Documents/gitdatpro/ff-transform-data/data/bronze/raw/calendar/2026/08_red.html|/Users/datpro/Documents/gitdatpro/ff-transform-data/data/bronze/raw/calendar/2026/08_orange.html|/Users/datpro/Documents/gitdatpro/ff-transform-data/data/bronze/raw/calendar/2026/08_yellow.html,2026-09-03T06:58:48Z
Aug 14,5:30am,NZD,yellow,BusinessNZ Manufacturing Index,54.3,N/A,60.1,/Users/datpro/Documents/gitdatpro/ff-transform-data/data/bronze/raw/calendar/2026/08_red.html|/Users/datpro/Documents/gitdatpro/ff-transform-data/data/bronze/raw/calendar/2026/08_orange.html|/Users/datpro/Documents/gitdatpro/ff-transform-data/data/bronze/raw/calendar/2026/08_yellow.html,2026-09-03T06:58:48Z
Aug 14,5:45am,NZD,yellow,Visitor Arrivals m/m,-0.1%,N/A,-2.4%,/Users/datpro/Documents/gitdatpro/ff-transform-data/data/bronze/raw/calendar/2026/08_red.html|/Users/datpro/Documents/gitdatpro/ff-transform-data/data/bronze/raw/calendar/2026/08_orange.html|/Users/datpro/Documents/gitdatpro/ff-transform-data/data/bronze/raw/calendar/2026/08_yellow.html,2026-09-03T06:58:48Z
Aug 14,7:30pm,CAD,yellow,Manufacturing Sales m/m,0.1%,-0.1%,1.6%,/Users/datpro/Documents/gitdatpro/ff-transform-data/data/bronze/raw/calendar/2026/08_red.html|/Users/datpro/Documents/gitdatpro/ff-transform-data/data/bronze/raw/calendar/2026/08_orange.html|/Users/datpro/Documents/gitdatpro/ff-transform-data/data/bronze/raw/calendar/2026/08_yellow.html,2026-09-03T06:58:48Z
Aug 14,7:30pm,CAD,yellow,Wholesale Sales m/m,2.8%,2.7%,-0.3%,/Users/datpro/Documents/gitdatpro/ff-transform-data/data/bronze/raw/calendar/2026/08_red.html|/Users/datpro/Documents/gitdatpro/ff-transform-data/data/bronze/raw/calendar/2026/08_orange.html|/Users/datpro/Documents/gitdatpro/ff-transform-data/data/bronze/raw/calendar/2026/08_yellow.html,2026-09-03T06:58:48Z
Aug 14,7:30pm,USD,orange,Retail Sales m/m,-0.6%,0.1%,0.2%,/Users/datpro/Documents/gitdatpro/ff-transform-data/data/bronze/raw/calendar/2026/08_red.html|/Users/datpro/Documents/gitdatpro/ff-transform-data/data/bronze/raw/calendar/2026/08_orange.html|/Users/datpro/Documents/gitdatpro/ff-transform-data/data/bronze/raw/calendar/2026/08_yellow.html,2026-09-03T06:58:48Z
Aug 14,9:00pm,USD,yellow,Business Inventories m/m,0.0%,0.2%,0.4%,/Users/datpro/Documents/gitdatpro/ff-transform-data/data/bronze/raw/calendar/2026/08_red.html|/Users/datpro/Documents/gitdatpro/ff-transform-data/data/bronze/raw/calendar/2026/08_orange.html|/Users/datpro/Documents/gitdatpro/ff-transform-data/data/bronze/raw/calendar/2026/08_yellow.html,2026-09-03T06:58:48Z
Aug 14,9:00pm,USD,orange,Prelim UoM Consumer Sentiment,51.0,54.7,55.2,/Users/datpro/Documents/gitdatpro/ff-transform-data/data/bronze/raw/calendar/2026/08_red.html|/Users/datpro/Documents/gitdatpro/ff-transform-data/data/bronze/raw/calendar/2026/08_orange.html|/Users/datpro/Documents/gitdatpro/ff-transform-data/data/bronze/raw/calendar/2026/08_yellow.html,2026-09-03T06:58:48Z
Aug 14,9:00pm,USD,orange,Prelim UoM Inflation Expectations,4.3%,N/A,4.2%,/Users/datpro/Documents/gitdatpro/ff-transform-data/data/bronze/raw/calendar/2026/08_red.html|/Users/datpro/Documents/gitdatpro/ff-transform-data/data/bronze/raw/calendar/2026/08_orange.html|/Users/datpro/Documents/gitdatpro/ff-transform-data/data/bronze/raw/calendar/2026/08_yellow.html,2026-09-03T06:58:48Z
Aug 17,11:30am,JPY,yellow,Revised Industrial Production m/m,1.9%,1.3%,1.3%,/Users/datpro/Documents/gitdatpro/ff-transform-data/data/bronze/raw/calendar/2026/08_red.html|/Users/datpro/Documents/gitdatpro/ff-transform-data/data/bronze/raw/calendar/2026/08_orange.html|/Users/datpro/Documents/gitdatpro/ff-transform-data/data/bronze/raw/calendar/2026/08_yellow.html,2026-09-03T06:58:48Z
Aug 17,11:30am,JPY,yellow,Tertiary Industry Activity m/m,-0.2%,-0.9%,0.8%,/Users/datpro/Documents/gitdatpro/ff-transform-data/data/bronze/raw/calendar/2026/08_red.html|/Users/datpro/Documents/gitdatpro/ff-transform-data/data/bronze/raw/calendar/2026/08_orange.html|/Users/datpro/Documents/gitdatpro/ff-transform-data/data/bronze/raw/calendar/2026/08_yellow.html,2026-09-03T06:58:48Z
Aug 17,2:00pm,CNY,yellow,Fixed Asset Investment ytd/y,-6.7%,-6.2%,-5.7%,/Users/datpro/Documents/gitdatpro/ff-transform-data/data/bronze/raw/calendar/2026/08_red.html|/Users/datpro/Documents/gitdatpro/ff-transform-data/data/bronze/raw/calendar/2026/08_orange.html|/Users/datpro/Documents/gitdatpro/ff-transform-data/data/bronze/raw/calendar/2026/08_yellow.html,2026-09-03T06:58:48Z
Aug 17,2:00pm,CNY,yellow,Industrial Production y/y,4.5%,5.0%,5.3%,/Users/datpro/Documents/gitdatpro/ff-transform-data/data/bronze/raw/calendar/2026/08_red.html|/Users/datpro/Documents/gitdatpro/ff-transform-data/data/bronze/raw/calendar/2026/08_orange.html|/Users/datpro/Documents/gitdatpro/ff-transform-data/data/bronze/raw/calendar/2026/08_yellow.html,2026-09-03T06:58:48Z
Aug 17,2:00pm,CNY,yellow,NBS Press Conference,N/A,N/A,N/A,/Users/datpro/Documents/gitdatpro/ff-transform-data/data/bronze/raw/calendar/2026/08_red.html|/Users/datpro/Documents/gitdatpro/ff-transform-data/data/bronze/raw/calendar/2026/08_orange.html|/Users/datpro/Documents/gitdatpro/ff-transform-data/data/bronze/raw/calendar/2026/08_yellow.html,2026-09-03T06:58:48Z
Aug 17,2:00pm,CNY,yellow,New Home Prices m/m,-0.18%,N/A,-0.15%,/Users/datpro/Documents/gitdatpro/ff-transform-data/data/bronze/raw/calendar/2026/08_red.html|/Users/datpro/Documents/gitdatpro/ff-transform-data/data/bronze/raw/calendar/2026/08_orange.html|/Users/datpro/Documents/gitdatpro/ff-transform-data/data/bronze/raw/calendar/2026/08_yellow.html,2026-09-03T06:58:48Z
Aug 17,2:00pm,CNY,yellow,Retail Sales y/y,0.6%,1.5%,1.0%,/Users/datpro/Documents/gitdatpro/ff-transform-data/data/bronze/raw/calendar/2026/08_red.html|/Users/datpro/Documents/gitdatpro/ff-transform-data/data/bronze/raw/calendar/2026/08_orange.html|/Users/datpro/Documents/gitdatpro/ff-transform-data/data/bronze/raw/calendar/2026/08_yellow.html,2026-09-03T06:58:48Z
Aug 17,2:00pm,CNY,yellow,Unemployment Rate,5.2%,5.1%,5.0%,/Users/datpro/Documents/gitdatpro/ff-transform-data/data/bronze/raw/calendar/2026/08_red.html|/Users/datpro/Documents/gitdatpro/ff-transform-data/data/bronze/raw/calendar/2026/08_orange.html|/Users/datpro/Documents/gitdatpro/ff-transform-data/data/bronze/raw/calendar/2026/08_yellow.html,2026-09-03T06:58:48Z
Aug 17,5:45am,NZD,yellow,FPI m/m,0.1%,N/A,0.6%,/Users/datpro/Documents/gitdatpro/ff-transform-data/data/bronze/raw/calendar/2026/08_red.html|/Users/datpro/Documents/gitdatpro/ff-transform-data/data/bronze/raw/calendar/2026/08_orange.html|/Users/datpro/Documents/gitdatpro/ff-transform-data/data/bronze/raw/calendar/2026/08_yellow.html,2026-09-03T06:58:48Z
Aug 17,6:01am,GBP,yellow,Rightmove HPI m/m,-2.0%,N/A,-1.0%,/Users/datpro/Documents/gitdatpro/ff-transform-data/data/bronze/raw/calendar/2026/08_red.html|/Users/datpro/Documents/gitdatpro/ff-transform-data/data/bronze/raw/calendar/2026/08_orange.html|/Users/datpro/Documents/gitdatpro/ff-transform-data/data/bronze/raw/calendar/2026/08_yellow.html,2026-09-03T06:58:48Z
Aug 17,6:50am,JPY,yellow,Prelim GDP Price Index y/y,2.6%,2.3%,3.2%,/Users/datpro/Documents/gitdatpro/ff-transform-data/data/bronze/raw/calendar/2026/08_red.html|/Users/datpro/Documents/gitdatpro/ff-transform-data/data/bronze/raw/calendar/2026/08_orange.html|/Users/datpro/Documents/gitdatpro/ff-transform-data/data/bronze/raw/calendar/2026/08_yellow.html,2026-09-03T06:58:48Z
Aug 17,6:50am,JPY,yellow,Prelim GDP q/q,0.3%,0.5%,0.5%,/Users/datpro/Documents/gitdatpro/ff-transform-data/data/bronze/raw/calendar/2026/08_red.html|/Users/datpro/Documents/gitdatpro/ff-transform-data/data/bronze/raw/calendar/2026/08_orange.html|/Users/datpro/Documents/gitdatpro/ff-transform-data/data/bronze/raw/calendar/2026/08_yellow.html,2026-09-03T06:58:48Z
Aug 17,7:30pm,CAD,yellow,Foreign Securities Purchases,40.83B,15.0B,8.80B,/Users/datpro/Documents/gitdatpro/ff-transform-data/data/bronze/raw/calendar/2026/08_red.html|/Users/datpro/Documents/gitdatpro/ff-transform-data/data/bronze/raw/calendar/2026/08_orange.html|/Users/datpro/Documents/gitdatpro/ff-transform-data/data/bronze/raw/calendar/2026/08_yellow.html,2026-09-03T06:58:48Z
Aug 17,7:30pm,CAD,red,Median CPI y/y,2.0%,2.0%,1.9%,/Users/datpro/Documents/gitdatpro/ff-transform-data/data/bronze/raw/calendar/2026/08_red.html|/Users/datpro/Documents/gitdatpro/ff-transform-data/data/bronze/raw/calendar/2026/08_orange.html|/Users/datpro/Documents/gitdatpro/ff-transform-data/data/bronze/raw/calendar/2026/08_yellow.html,2026-09-03T06:58:48Z
Aug 17,7:30pm,CAD,red,Trimmed CPI y/y,1.9%,1.8%,1.9%,/Users/datpro/Documents/gitdatpro/ff-transform-data/data/bronze/raw/calendar/2026/08_red.html|/Users/datpro/Documents/gitdatpro/ff-transform-data/data/bronze/raw/calendar/2026/08_orange.html|/Users/datpro/Documents/gitdatpro/ff-transform-data/data/bronze/raw/calendar/2026/08_yellow.html,2026-09-03T06:58:48Z
Aug 17,7:30pm,USD,yellow,Empire State Manufacturing Index,20.6,10.6,15.6,/Users/datpro/Documents/gitdatpro/ff-transform-data/data/bronze/raw/calendar/2026/08_red.html|/Users/datpro/Documents/gitdatpro/ff-transform-data/data/bronze/raw/calendar/2026/08_orange.html|/Users/datpro/Documents/gitdatpro/ff-transform-data/data/bronze/raw/calendar/2026/08_yellow.html,2026-09-03T06:58:48Z
Aug 17,7:32pm,CAD,yellow,Core CPI m/m,0.2%,N/A,0.1%,/Users/datpro/Documents/gitdatpro/ff-transform-data/data/bronze/raw/calendar/2026/08_red.html|/Users/datpro/Documents/gitdatpro/ff-transform-data/data/bronze/raw/calendar/2026/08_orange.html|/Users/datpro/Documents/gitdatpro/ff-transform-data/data/bronze/raw/calendar/2026/08_yellow.html,2026-09-03T06:58:48Z
Aug 17,9:00pm,USD,yellow,NAHB Housing Market Index,35,33,34,/Users/datpro/Documents/gitdatpro/ff-transform-data/data/bronze/raw/calendar/2026/08_red.html|/Users/datpro/Documents/gitdatpro/ff-transform-data/data/bronze/raw/calendar/2026/08_orange.html|/Users/datpro/Documents/gitdatpro/ff-transform-data/data/bronze/raw/calendar/2026/08_yellow.html,2026-09-03T06:58:48Z
Aug 18,10:31pm,NZD,yellow,GDT Price Index,2.3%,N/A,0.1%,/Users/datpro/Documents/gitdatpro/ff-transform-data/data/bronze/raw/calendar/2026/08_red.html|/Users/datpro/Documents/gitdatpro/ff-transform-data/data/bronze/raw/calendar/2026/08_orange.html|/Users/datpro/Documents/gitdatpro/ff-transform-data/data/bronze/raw/calendar/2026/08_yellow.html,2026-09-03T06:58:48Z
Aug 18,1:00pm,GBP,yellow,Unemployment Rate,4.9%,4.8%,4.9%,/Users/datpro/Documents/gitdatpro/ff-transform-data/data/bronze/raw/calendar/2026/08_red.html|/Users/datpro/Documents/gitdatpro/ff-transform-data/data/bronze/raw/calendar/2026/08_orange.html|/Users/datpro/Documents/gitdatpro/ff-transform-data/data/bronze/raw/calendar/2026/08_yellow.html,2026-09-03T06:58:48Z
Aug 18,4:00pm,EUR,yellow,German ZEW Economic Sentiment,34.2,30.1,26.3,/Users/datpro/Documents/gitdatpro/ff-transform-data/data/bronze/raw/calendar/2026/08_red.html|/Users/datpro/Documents/gitdatpro/ff-transform-data/data/bronze/raw/calendar/2026/08_orange.html|/Users/datpro/Documents/gitdatpro/ff-transform-data/data/bronze/raw/calendar/2026/08_yellow.html,2026-09-03T06:58:48Z
Aug 18,4:00pm,EUR,yellow,ZEW Economic Sentiment,31.4,25.9,23.4,/Users/datpro/Documents/gitdatpro/ff-transform-data/data/bronze/raw/calendar/2026/08_red.html|/Users/datpro/Documents/gitdatpro/ff-transform-data/data/bronze/raw/calendar/2026/08_orange.html|/Users/datpro/Documents/gitdatpro/ff-transform-data/data/bronze/raw/calendar/2026/08_yellow.html,2026-09-03T06:58:48Z
Aug 18,4:02pm,GBP,yellow,10-y Bond Auction,5.16|3.6,N/A,5.04|3.1,/Users/datpro/Documents/gitdatpro/ff-transform-data/data/bronze/raw/calendar/2026/08_red.html|/Users/datpro/Documents/gitdatpro/ff-transform-data/data/bronze/raw/calendar/2026/08_orange.html|/Users/datpro/Documents/gitdatpro/ff-transform-data/data/bronze/raw/calendar/2026/08_yellow.html,2026-09-03T06:58:48Z
Aug 18,7:15pm,CAD,yellow,Housing Starts,229K,249K,241K,/Users/datpro/Documents/gitdatpro/ff-transform-data/data/bronze/raw/calendar/2026/08_red.html|/Users/datpro/Documents/gitdatpro/ff-transform-data/data/bronze/raw/calendar/2026/08_orange.html|/Users/datpro/Documents/gitdatpro/ff-transform-data/data/bronze/raw/calendar/2026/08_yellow.html,2026-09-03T06:58:48Z
Aug 18,7:15pm,USD,yellow,ADP Weekly Employment Change,9.5K,N/A,8.3K,/Users/datpro/Documents/gitdatpro/ff-transform-data/data/bronze/raw/calendar/2026/08_red.html|/Users/datpro/Documents/gitdatpro/ff-transform-data/data/bronze/raw/calendar/2026/08_orange.html|/Users/datpro/Documents/gitdatpro/ff-transform-data/data/bronze/raw/calendar/2026/08_yellow.html,2026-09-03T06:58:48Z
Aug 18,7:30am,AUD,yellow,Westpac Consumer Sentiment,6.0%,N/A,4.1%,/Users/datpro/Documents/gitdatpro/ff-transform-data/data/bronze/raw/calendar/2026/08_red.html|/Users/datpro/Documents/gitdatpro/ff-transform-data/data/bronze/raw/calendar/2026/08_orange.html|/Users/datpro/Documents/gitdatpro/ff-transform-data/data/bronze/raw/calendar/2026/08_yellow.html,2026-09-03T06:58:48Z
Aug 18,7:30pm,USD,yellow,Building Permits,1.44M,1.37M,1.37M,/Users/datpro/Documents/gitdatpro/ff-transform-data/data/bronze/raw/calendar/2026/08_red.html|/Users/datpro/Documents/gitdatpro/ff-transform-data/data/bronze/raw/calendar/2026/08_orange.html|/Users/datpro/Documents/gitdatpro/ff-transform-data/data/bronze/raw/calendar/2026/08_yellow.html,2026-09-03T06:58:48Z
Aug 18,7:30pm,USD,yellow,Housing Starts,1.24M,1.34M,1.42M,/Users/datpro/Documents/gitdatpro/ff-transform-data/data/bronze/raw/calendar/2026/08_red.html|/Users/datpro/Documents/gitdatpro/ff-transform-data/data/bronze/raw/calendar/2026/08_orange.html|/Users/datpro/Documents/gitdatpro/ff-transform-data/data/bronze/raw/calendar/2026/08_yellow.html,2026-09-03T06:58:48Z
Aug 18,7:30pm,USD,yellow,Import Prices m/m,-0.4%,0.1%,-0.3%,/Users/datpro/Documents/gitdatpro/ff-transform-data/data/bronze/raw/calendar/2026/08_red.html|/Users/datpro/Documents/gitdatpro/ff-transform-data/data/bronze/raw/calendar/2026/08_orange.html|/Users/datpro/Documents/gitdatpro/ff-transform-data/data/bronze/raw/calendar/2026/08_yellow.html,2026-09-03T06:58:48Z
Aug 18,8:15pm,USD,yellow,Capacity Utilization Rate,76.3%,76.3%,76.2%,/Users/datpro/Documents/gitdatpro/ff-transform-data/data/bronze/raw/calendar/2026/08_red.html|/Users/datpro/Documents/gitdatpro/ff-transform-data/data/bronze/raw/calendar/2026/08_orange.html|/Users/datpro/Documents/gitdatpro/ff-transform-data/data/bronze/raw/calendar/2026/08_yellow.html,2026-09-03T06:58:48Z
Aug 18,8:15pm,USD,yellow,Industrial Production m/m,0.2%,0.3%,0.3%,/Users/datpro/Documents/gitdatpro/ff-transform-data/data/bronze/raw/calendar/2026/08_red.html|/Users/datpro/Documents/gitdatpro/ff-transform-data/data/bronze/raw/calendar/2026/08_orange.html|/Users/datpro/Documents/gitdatpro/ff-transform-data/data/bronze/raw/calendar/2026/08_yellow.html,2026-09-03T06:58:48Z
Aug 18,9:00pm,USD,yellow,Pending Home Sales m/m,-2.3%,0.1%,-4.8%,/Users/datpro/Documents/gitdatpro/ff-transform-data/data/bronze/raw/calendar/2026/08_red.html|/Users/datpro/Documents/gitdatpro/ff-transform-data/data/bronze/raw/calendar/2026/08_orange.html|/Users/datpro/Documents/gitdatpro/ff-transform-data/data/bronze/raw/calendar/2026/08_yellow.html,2026-09-03T06:58:48Z
Aug 19,1:00pm,GBP,yellow,Core CPI y/y,2.6%,2.5%,2.6%,/Users/datpro/Documents/gitdatpro/ff-transform-data/data/bronze/raw/calendar/2026/08_red.html|/Users/datpro/Documents/gitdatpro/ff-transform-data/data/bronze/raw/calendar/2026/08_orange.html|/Users/datpro/Documents/gitdatpro/ff-transform-data/data/bronze/raw/calendar/2026/08_yellow.html,2026-09-03T06:58:48Z
Aug 19,1:00pm,GBP,yellow,PPI Input m/m,-1.7%,0.0%,-1.9%,/Users/datpro/Documents/gitdatpro/ff-transform-data/data/bronze/raw/calendar/2026/08_red.html|/Users/datpro/Documents/gitdatpro/ff-transform-data/data/bronze/raw/calendar/2026/08_orange.html|/Users/datpro/Documents/gitdatpro/ff-transform-data/data/bronze/raw/calendar/2026/08_yellow.html,2026-09-03T06:58:48Z
Aug 19,1:00pm,GBP,yellow,PPI Output m/m,0.2%,0.2%,-0.1%,/Users/datpro/Documents/gitdatpro/ff-transform-data/data/bronze/raw/calendar/2026/08_red.html|/Users/datpro/Documents/gitdatpro/ff-transform-data/data/bronze/raw/calendar/2026/08_orange.html|/Users/datpro/Documents/gitdatpro/ff-transform-data/data/bronze/raw/calendar/2026/08_yellow.html,2026-09-03T06:58:48Z
Aug 19,1:00pm,GBP,yellow,RPI y/y,3.2%,3.3%,3.0%,/Users/datpro/Documents/gitdatpro/ff-transform-data/data/bronze/raw/calendar/2026/08_red.html|/Users/datpro/Documents/gitdatpro/ff-transform-data/data/bronze/raw/calendar/2026/08_orange.html|/Users/datpro/Documents/gitdatpro/ff-transform-data/data/bronze/raw/calendar/2026/08_yellow.html,2026-09-03T06:58:48Z
Aug 19,2:10pm,EUR,orange,ECB President Lagarde Speaks,N/A,N/A,N/A,/Users/datpro/Documents/gitdatpro/ff-transform-data/data/bronze/raw/calendar/2026/08_red.html|/Users/datpro/Documents/gitdatpro/ff-transform-data/data/bronze/raw/calendar/2026/08_orange.html|/Users/datpro/Documents/gitdatpro/ff-transform-data/data/bronze/raw/calendar/2026/08_yellow.html,2026-09-03T06:58:48Z
Aug 19,3:00pm,EUR,yellow,Current Account,35.1B,26.8B,25.8B,/Users/datpro/Documents/gitdatpro/ff-transform-data/data/bronze/raw/calendar/2026/08_red.html|/Users/datpro/Documents/gitdatpro/ff-transform-data/data/bronze/raw/calendar/2026/08_orange.html|/Users/datpro/Documents/gitdatpro/ff-transform-data/data/bronze/raw/calendar/2026/08_yellow.html,2026-09-03T06:58:48Z
Aug 19,3:30pm,GBP,yellow,HPI y/y,2.0%,1.9%,3.0%,/Users/datpro/Documents/gitdatpro/ff-transform-data/data/bronze/raw/calendar/2026/08_red.html|/Users/datpro/Documents/gitdatpro/ff-transform-data/data/bronze/raw/calendar/2026/08_orange.html|/Users/datpro/Documents/gitdatpro/ff-transform-data/data/bronze/raw/calendar/2026/08_yellow.html,2026-09-03T06:58:48Z
Aug 19,4:00pm,EUR,yellow,Final CPI y/y,2.9%,2.9%,2.9%,/Users/datpro/Documents/gitdatpro/ff-transform-data/data/bronze/raw/calendar/2026/08_red.html|/Users/datpro/Documents/gitdatpro/ff-transform-data/data/bronze/raw/calendar/2026/08_orange.html|/Users/datpro/Documents/gitdatpro/ff-transform-data/data/bronze/raw/calendar/2026/08_yellow.html,2026-09-03T06:58:48Z
Aug 19,4:00pm,EUR,yellow,Final Core CPI y/y,2.5%,2.5%,2.5%,/Users/datpro/Documents/gitdatpro/ff-transform-data/data/bronze/raw/calendar/2026/08_red.html|/Users/datpro/Documents/gitdatpro/ff-transform-data/data/bronze/raw/calendar/2026/08_orange.html|/Users/datpro/Documents/gitdatpro/ff-transform-data/data/bronze/raw/calendar/2026/08_yellow.html,2026-09-03T06:58:48Z
Aug 19,4:34pm,EUR,yellow,German 10-y Bond Auction,3.26|1.1,N/A,3.13|1.1,/Users/datpro/Documents/gitdatpro/ff-transform-data/data/bronze/raw/calendar/2026/08_red.html|/Users/datpro/Documents/gitdatpro/ff-transform-data/data/bronze/raw/calendar/2026/08_orange.html|/Users/datpro/Documents/gitdatpro/ff-transform-data/data/bronze/raw/calendar/2026/08_yellow.html,2026-09-03T06:58:48Z
Aug 19,5:15pm,EUR,orange,ECB President Lagarde Speaks,N/A,N/A,N/A,/Users/datpro/Documents/gitdatpro/ff-transform-data/data/bronze/raw/calendar/2026/08_red.html|/Users/datpro/Documents/gitdatpro/ff-transform-data/data/bronze/raw/calendar/2026/08_orange.html|/Users/datpro/Documents/gitdatpro/ff-transform-data/data/bronze/raw/calendar/2026/08_yellow.html,2026-09-03T06:58:48Z
Aug 19,5:45am,NZD,yellow,PPI Input q/q,2.9%,1.3%,1.4%,/Users/datpro/Documents/gitdatpro/ff-transform-data/data/bronze/raw/calendar/2026/08_red.html|/Users/datpro/Documents/gitdatpro/ff-transform-data/data/bronze/raw/calendar/2026/08_orange.html|/Users/datpro/Documents/gitdatpro/ff-transform-data/data/bronze/raw/calendar/2026/08_yellow.html,2026-09-03T06:58:48Z
Aug 19,5:45am,NZD,yellow,PPI Output q/q,1.6%,0.8%,0.8%,/Users/datpro/Documents/gitdatpro/ff-transform-data/data/bronze/raw/calendar/2026/08_red.html|/Users/datpro/Documents/gitdatpro/ff-transform-data/data/bronze/raw/calendar/2026/08_orange.html|/Users/datpro/Documents/gitdatpro/ff-transform-data/data/bronze/raw/calendar/2026/08_yellow.html,2026-09-03T06:58:48Z
Aug 19,6:50am,JPY,yellow,Core Machinery Orders m/m,9.7%,7.2%,-12.4%,/Users/datpro/Documents/gitdatpro/ff-transform-data/data/bronze/raw/calendar/2026/08_red.html|/Users/datpro/Documents/gitdatpro/ff-transform-data/data/bronze/raw/calendar/2026/08_orange.html|/Users/datpro/Documents/gitdatpro/ff-transform-data/data/bronze/raw/calendar/2026/08_yellow.html,2026-09-03T06:58:48Z
Aug 19,9:30pm,USD,yellow,Crude Oil Inventories,4.4M,0.2M,17.4M,/Users/datpro/Documents/gitdatpro/ff-transform-data/data/bronze/raw/calendar/2026/08_red.html|/Users/datpro/Documents/gitdatpro/ff-transform-data/data/bronze/raw/calendar/2026/08_orange.html|/Users/datpro/Documents/gitdatpro/ff-transform-data/data/bronze/raw/calendar/2026/08_yellow.html,2026-09-03T06:58:48Z
Aug 19,9:45am,AUD,yellow,RBA Deputy Gov Hauser Speaks,N/A,N/A,N/A,/Users/datpro/Documents/gitdatpro/ff-transform-data/data/bronze/raw/calendar/2026/08_red.html|/Users/datpro/Documents/gitdatpro/ff-transform-data/data/bronze/raw/calendar/2026/08_orange.html|/Users/datpro/Documents/gitdatpro/ff-transform-data/data/bronze/raw/calendar/2026/08_yellow.html,2026-09-03T06:58:48Z
Aug 20,10:10pm,USD,yellow,FOMC Member Musalem Speaks,N/A,N/A,N/A,/Users/datpro/Documents/gitdatpro/ff-transform-data/data/bronze/raw/calendar/2026/08_red.html|/Users/datpro/Documents/gitdatpro/ff-transform-data/data/bronze/raw/calendar/2026/08_orange.html|/Users/datpro/Documents/gitdatpro/ff-transform-data/data/bronze/raw/calendar/2026/08_yellow.html,2026-09-03T06:58:48Z
Aug 20,1:00pm,EUR,yellow,German PPI m/m,1.1%,0.5%,-0.3%,/Users/datpro/Documents/gitdatpro/ff-transform-data/data/bronze/raw/calendar/2026/08_red.html|/Users/datpro/Documents/gitdatpro/ff-transform-data/data/bronze/raw/calendar/2026/08_orange.html|/Users/datpro/Documents/gitdatpro/ff-transform-data/data/bronze/raw/calendar/2026/08_yellow.html,2026-09-03T06:58:48Z
Aug 20,5:00pm,EUR,yellow,German Buba Monthly Report,N/A,N/A,N/A,/Users/datpro/Documents/gitdatpro/ff-transform-data/data/bronze/raw/calendar/2026/08_red.html|/Users/datpro/Documents/gitdatpro/ff-transform-data/data/bronze/raw/calendar/2026/08_orange.html|/Users/datpro/Documents/gitdatpro/ff-transform-data/data/bronze/raw/calendar/2026/08_yellow.html,2026-09-03T06:58:48Z
Aug 20,5:00pm,GBP,yellow,CBI Industrial Order Expectations,-25,-40,-45,/Users/datpro/Documents/gitdatpro/ff-transform-data/data/bronze/raw/calendar/2026/08_red.html|/Users/datpro/Documents/gitdatpro/ff-transform-data/data/bronze/raw/calendar/2026/08_orange.html|/Users/datpro/Documents/gitdatpro/ff-transform-data/data/bronze/raw/calendar/2026/08_yellow.html,2026-09-03T06:58:48Z
Aug 20,7:30pm,CAD,yellow,IPPI m/m,0.6%,-0.4%,-1.4%,/Users/datpro/Documents/gitdatpro/ff-transform-data/data/bronze/raw/calendar/2026/08_red.html|/Users/datpro/Documents/gitdatpro/ff-transform-data/data/bronze/raw/calendar/2026/08_orange.html|/Users/datpro/Documents/gitdatpro/ff-transform-data/data/bronze/raw/calendar/2026/08_yellow.html,2026-09-03T06:58:48Z
Aug 20,7:30pm,CAD,yellow,NHPI m/m,-0.1%,0.0%,-0.1%,/Users/datpro/Documents/gitdatpro/ff-transform-data/data/bronze/raw/calendar/2026/08_red.html|/Users/datpro/Documents/gitdatpro/ff-transform-data/data/bronze/raw/calendar/2026/08_orange.html|/Users/datpro/Documents/gitdatpro/ff-transform-data/data/bronze/raw/calendar/2026/08_yellow.html,2026-09-03T06:58:48Z
Aug 20,7:30pm,CAD,yellow,RMPI m/m,-2.2%,-1.8%,-6.7%,/Users/datpro/Documents/gitdatpro/ff-transform-data/data/bronze/raw/calendar/2026/08_red.html|/Users/datpro/Documents/gitdatpro/ff-transform-data/data/bronze/raw/calendar/2026/08_orange.html|/Users/datpro/Documents/gitdatpro/ff-transform-data/data/bronze/raw/calendar/2026/08_yellow.html,2026-09-03T06:58:48Z
Aug 20,7:30pm,USD,orange,Philly Fed Manufacturing Index,47.4,24.1,41.4,/Users/datpro/Documents/gitdatpro/ff-transform-data/data/bronze/raw/calendar/2026/08_red.html|/Users/datpro/Documents/gitdatpro/ff-transform-data/data/bronze/raw/calendar/2026/08_orange.html|/Users/datpro/Documents/gitdatpro/ff-transform-data/data/bronze/raw/calendar/2026/08_yellow.html,2026-09-03T06:58:48Z
Aug 20,7:30pm,USD,orange,Unemployment Claims,206K,210K,212K,/Users/datpro/Documents/gitdatpro/ff-transform-data/data/bronze/raw/calendar/2026/08_red.html|/Users/datpro/Documents/gitdatpro/ff-transform-data/data/bronze/raw/calendar/2026/08_orange.html|/Users/datpro/Documents/gitdatpro/ff-transform-data/data/bronze/raw/calendar/2026/08_yellow.html,2026-09-03T06:58:48Z
Aug 20,8:00am,AUD,yellow,MI Inflation Expectations,4.9%,N/A,4.7%,/Users/datpro/Documents/gitdatpro/ff-transform-data/data/bronze/raw/calendar/2026/08_red.html|/Users/datpro/Documents/gitdatpro/ff-transform-data/data/bronze/raw/calendar/2026/08_orange.html|/Users/datpro/Documents/gitdatpro/ff-transform-data/data/bronze/raw/calendar/2026/08_yellow.html,2026-09-03T06:58:48Z
Aug 20,8:00am,CNY,yellow,1-y Loan Prime Rate,3.00%,3.00%,3.00%,/Users/datpro/Documents/gitdatpro/ff-transform-data/data/bronze/raw/calendar/2026/08_red.html|/Users/datpro/Documents/gitdatpro/ff-transform-data/data/bronze/raw/calendar/2026/08_orange.html|/Users/datpro/Documents/gitdatpro/ff-transform-data/data/bronze/raw/calendar/2026/08_yellow.html,2026-09-03T06:58:48Z
Aug 20,8:00am,CNY,yellow,5-y Loan Prime Rate,3.50%,3.50%,3.50%,/Users/datpro/Documents/gitdatpro/ff-transform-data/data/bronze/raw/calendar/2026/08_red.html|/Users/datpro/Documents/gitdatpro/ff-transform-data/data/bronze/raw/calendar/2026/08_orange.html|/Users/datpro/Documents/gitdatpro/ff-transform-data/data/bronze/raw/calendar/2026/08_yellow.html,2026-09-03T06:58:48Z
Aug 20,8:30am,AUD,red,Employment Change,-15.8K,11.7K,80.2K,/Users/datpro/Documents/gitdatpro/ff-transform-data/data/bronze/raw/calendar/2026/08_red.html|/Users/datpro/Documents/gitdatpro/ff-transform-data/data/bronze/raw/calendar/2026/08_orange.html|/Users/datpro/Documents/gitdatpro/ff-transform-data/data/bronze/raw/calendar/2026/08_yellow.html,2026-09-03T06:58:48Z
Aug 20,8:30am,AUD,red,Unemployment Rate,4.5%,4.4%,4.4%,/Users/datpro/Documents/gitdatpro/ff-transform-data/data/bronze/raw/calendar/2026/08_red.html|/Users/datpro/Documents/gitdatpro/ff-transform-data/data/bronze/raw/calendar/2026/08_orange.html|/Users/datpro/Documents/gitdatpro/ff-transform-data/data/bronze/raw/calendar/2026/08_yellow.html,2026-09-03T06:58:48Z
Aug 20,9:00pm,USD,yellow,CB Leading Index m/m,0.2%,0.1%,-0.1%,/Users/datpro/Documents/gitdatpro/ff-transform-data/data/bronze/raw/calendar/2026/08_red.html|/Users/datpro/Documents/gitdatpro/ff-transform-data/data/bronze/raw/calendar/2026/08_orange.html|/Users/datpro/Documents/gitdatpro/ff-transform-data/data/bronze/raw/calendar/2026/08_yellow.html,2026-09-03T06:58:48Z
Aug 20,9:30pm,USD,yellow,Natural Gas Storage,16B,15B,36B,/Users/datpro/Documents/gitdatpro/ff-transform-data/data/bronze/raw/calendar/2026/08_red.html|/Users/datpro/Documents/gitdatpro/ff-transform-data/data/bronze/raw/calendar/2026/08_orange.html|/Users/datpro/Documents/gitdatpro/ff-transform-data/data/bronze/raw/calendar/2026/08_yellow.html,2026-09-03T06:58:48Z
Aug 21,10:00am,NZD,yellow,Credit Card Spending y/y,5.3%,N/A,3.2%,/Users/datpro/Documents/gitdatpro/ff-transform-data/data/bronze/raw/calendar/2026/08_red.html|/Users/datpro/Documents/gitdatpro/ff-transform-data/data/bronze/raw/calendar/2026/08_orange.html|/Users/datpro/Documents/gitdatpro/ff-transform-data/data/bronze/raw/calendar/2026/08_yellow.html,2026-09-03T06:58:48Z
Aug 21,1:00pm,GBP,yellow,Public Sector Net Borrowing,1.8B,0.0B,12.8B,/Users/datpro/Documents/gitdatpro/ff-transform-data/data/bronze/raw/calendar/2026/08_red.html|/Users/datpro/Documents/gitdatpro/ff-transform-data/data/bronze/raw/calendar/2026/08_orange.html|/Users/datpro/Documents/gitdatpro/ff-transform-data/data/bronze/raw/calendar/2026/08_yellow.html,2026-09-03T06:58:48Z
Aug 21,2:15pm,EUR,orange,French Flash Manufacturing PMI,51.5,50.1,49.8,/Users/datpro/Documents/gitdatpro/ff-transform-data/data/bronze/raw/calendar/2026/08_red.html|/Users/datpro/Documents/gitdatpro/ff-transform-data/data/bronze/raw/calendar/2026/08_orange.html|/Users/datpro/Documents/gitdatpro/ff-transform-data/data/bronze/raw/calendar/2026/08_yellow.html,2026-09-03T06:58:48Z
Aug 21,2:15pm,EUR,orange,French Flash Services PMI,48.4,49.4,49.6,/Users/datpro/Documents/gitdatpro/ff-transform-data/data/bronze/raw/calendar/2026/08_red.html|/Users/datpro/Documents/gitdatpro/ff-transform-data/data/bronze/raw/calendar/2026/08_orange.html|/Users/datpro/Documents/gitdatpro/ff-transform-data/data/bronze/raw/calendar/2026/08_yellow.html,2026-09-03T06:58:48Z
Aug 21,2:30pm,EUR,orange,German Flash Manufacturing PMI,54.1,52.1,52.2,/Users/datpro/Documents/gitdatpro/ff-transform-data/data/bronze/raw/calendar/2026/08_red.html|/Users/datpro/Documents/gitdatpro/ff-transform-data/data/bronze/raw/calendar/2026/08_orange.html|/Users/datpro/Documents/gitdatpro/ff-transform-data/data/bronze/raw/calendar/2026/08_yellow.html,2026-09-03T06:58:48Z
Aug 21,2:30pm,EUR,orange,German Flash Services PMI,48.5,50.1,49.8,/Users/datpro/Documents/gitdatpro/ff-transform-data/data/bronze/raw/calendar/2026/08_red.html|/Users/datpro/Documents/gitdatpro/ff-transform-data/data/bronze/raw/calendar/2026/08_orange.html|/Users/datpro/Documents/gitdatpro/ff-transform-data/data/bronze/raw/calendar/2026/08_yellow.html,2026-09-03T06:58:48Z
Aug 21,3:00pm,EUR,yellow,Flash Manufacturing PMI,52.8,51.8,51.9,/Users/datpro/Documents/gitdatpro/ff-transform-data/data/bronze/raw/calendar/2026/08_red.html|/Users/datpro/Documents/gitdatpro/ff-transform-data/data/bronze/raw/calendar/2026/08_orange.html|/Users/datpro/Documents/gitdatpro/ff-transform-data/data/bronze/raw/calendar/2026/08_yellow.html,2026-09-03T06:58:48Z
Aug 21,3:00pm,EUR,yellow,Flash Services PMI,51.7,51.5,51.7,/Users/datpro/Documents/gitdatpro/ff-transform-data/data/bronze/raw/calendar/2026/08_red.html|/Users/datpro/Documents/gitdatpro/ff-transform-data/data/bronze/raw/calendar/2026/08_orange.html|/Users/datpro/Documents/gitdatpro/ff-transform-data/data/bronze/raw/calendar/2026/08_yellow.html,2026-09-03T06:58:48Z
Aug 21,3:30pm,GBP,orange,Flash Manufacturing PMI,51.5,51.6,51.9,/Users/datpro/Documents/gitdatpro/ff-transform-data/data/bronze/raw/calendar/2026/08_red.html|/Users/datpro/Documents/gitdatpro/ff-transform-data/data/bronze/raw/calendar/2026/08_orange.html|/Users/datpro/Documents/gitdatpro/ff-transform-data/data/bronze/raw/calendar/2026/08_yellow.html,2026-09-03T06:58:48Z
Aug 21,3:30pm,GBP,orange,Flash Services PMI,52.8,51.8,52.1,/Users/datpro/Documents/gitdatpro/ff-transform-data/data/bronze/raw/calendar/2026/08_red.html|/Users/datpro/Documents/gitdatpro/ff-transform-data/data/bronze/raw/calendar/2026/08_orange.html|/Users/datpro/Documents/gitdatpro/ff-transform-data/data/bronze/raw/calendar/2026/08_yellow.html,2026-09-03T06:58:48Z
Aug 21,4:03pm,CNY,yellow,Foreign Direct Investment ytd/y,-6.2%,N/A,-5.0%,/Users/datpro/Documents/gitdatpro/ff-transform-data/data/bronze/raw/calendar/2026/08_red.html|/Users/datpro/Documents/gitdatpro/ff-transform-data/data/bronze/raw/calendar/2026/08_orange.html|/Users/datpro/Documents/gitdatpro/ff-transform-data/data/bronze/raw/calendar/2026/08_yellow.html,2026-09-03T06:58:48Z
Aug 21,6:00am,AUD,yellow,Flash Manufacturing PMI,52.0,N/A,52.0,/Users/datpro/Documents/gitdatpro/ff-transform-data/data/bronze/raw/calendar/2026/08_red.html|/Users/datpro/Documents/gitdatpro/ff-transform-data/data/bronze/raw/calendar/2026/08_orange.html|/Users/datpro/Documents/gitdatpro/ff-transform-data/data/bronze/raw/calendar/2026/08_yellow.html,2026-09-03T06:58:48Z
Aug 21,6:00am,AUD,yellow,Flash Services PMI,52.9,N/A,53.6,/Users/datpro/Documents/gitdatpro/ff-transform-data/data/bronze/raw/calendar/2026/08_red.html|/Users/datpro/Documents/gitdatpro/ff-transform-data/data/bronze/raw/calendar/2026/08_orange.html|/Users/datpro/Documents/gitdatpro/ff-transform-data/data/bronze/raw/calendar/2026/08_yellow.html,2026-09-03T06:58:48Z
Aug 21,6:01am,GBP,yellow,GfK Consumer Confidence,-14,-18,-17,/Users/datpro/Documents/gitdatpro/ff-transform-data/data/bronze/raw/calendar/2026/08_red.html|/Users/datpro/Documents/gitdatpro/ff-transform-data/data/bronze/raw/calendar/2026/08_orange.html|/Users/datpro/Documents/gitdatpro/ff-transform-data/data/bronze/raw/calendar/2026/08_yellow.html,2026-09-03T06:58:48Z
Aug 21,6:30am,JPY,yellow,National Core CPI y/y,1.8%,1.8%,1.6%,/Users/datpro/Documents/gitdatpro/ff-transform-data/data/bronze/raw/calendar/2026/08_red.html|/Users/datpro/Documents/gitdatpro/ff-transform-data/data/bronze/raw/calendar/2026/08_orange.html|/Users/datpro/Documents/gitdatpro/ff-transform-data/data/bronze/raw/calendar/2026/08_yellow.html,2026-09-03T06:58:48Z
Aug 21,7:30am,JPY,yellow,Flash Manufacturing PMI,55.1,55.1,54.5,/Users/datpro/Documents/gitdatpro/ff-transform-data/data/bronze/raw/calendar/2026/08_red.html|/Users/datpro/Documents/gitdatpro/ff-transform-data/data/bronze/raw/calendar/2026/08_orange.html|/Users/datpro/Documents/gitdatpro/ff-transform-data/data/bronze/raw/calendar/2026/08_yellow.html,2026-09-03T06:58:48Z
Aug 21,7:30pm,CAD,yellow,Core Retail Sales m/m,0.5%,0.2%,1.2%,/Users/datpro/Documents/gitdatpro/ff-transform-data/data/bronze/raw/calendar/2026/08_red.html|/Users/datpro/Documents/gitdatpro/ff-transform-data/data/bronze/raw/calendar/2026/08_orange.html|/Users/datpro/Documents/gitdatpro/ff-transform-data/data/bronze/raw/calendar/2026/08_yellow.html,2026-09-03T06:58:48Z
Aug 21,7:30pm,CAD,yellow,Retail Sales m/m,0.6%,0.4%,1.1%,/Users/datpro/Documents/gitdatpro/ff-transform-data/data/bronze/raw/calendar/2026/08_red.html|/Users/datpro/Documents/gitdatpro/ff-transform-data/data/bronze/raw/calendar/2026/08_orange.html|/Users/datpro/Documents/gitdatpro/ff-transform-data/data/bronze/raw/calendar/2026/08_yellow.html,2026-09-03T06:58:48Z
Aug 21,8:45pm,USD,yellow,Flash Manufacturing PMI,53.2,53.9,53.9,/Users/datpro/Documents/gitdatpro/ff-transform-data/data/bronze/raw/calendar/2026/08_red.html|/Users/datpro/Documents/gitdatpro/ff-transform-data/data/bronze/raw/calendar/2026/08_orange.html|/Users/datpro/Documents/gitdatpro/ff-transform-data/data/bronze/raw/calendar/2026/08_yellow.html,2026-09-03T06:58:48Z
Aug 21,8:45pm,USD,yellow,Flash Services PMI,56.8,54.0,54.6,/Users/datpro/Documents/gitdatpro/ff-transform-data/data/bronze/raw/calendar/2026/08_red.html|/Users/datpro/Documents/gitdatpro/ff-transform-data/data/bronze/raw/calendar/2026/08_orange.html|/Users/datpro/Documents/gitdatpro/ff-transform-data/data/bronze/raw/calendar/2026/08_yellow.html,2026-09-03T06:58:48Z
Aug 21,9:00pm,EUR,yellow,Consumer Confidence,-16,-16,-16,/Users/datpro/Documents/gitdatpro/ff-transform-data/data/bronze/raw/calendar/2026/08_red.html|/Users/datpro/Documents/gitdatpro/ff-transform-data/data/bronze/raw/calendar/2026/08_orange.html|/Users/datpro/Documents/gitdatpro/ff-transform-data/data/bronze/raw/calendar/2026/08_yellow.html,2026-09-03T06:58:48Z
Aug 24,7:30pm,CAD,yellow,Corporate Profits q/q,8.7%,N/A,-1.9%,/Users/datpro/Documents/gitdatpro/ff-transform-data/data/bronze/raw/calendar/2026/08_red.html|/Users/datpro/Documents/gitdatpro/ff-transform-data/data/bronze/raw/calendar/2026/08_orange.html|/Users/datpro/Documents/gitdatpro/ff-transform-data/data/bronze/raw/calendar/2026/08_yellow.html,2026-09-03T06:58:48Z
Aug 24,9:00pm,NZD,yellow,Retail Sales q/q,-0.5%,0.1%,1.0%,/Users/datpro/Documents/gitdatpro/ff-transform-data/data/bronze/raw/calendar/2026/08_red.html|/Users/datpro/Documents/gitdatpro/ff-transform-data/data/bronze/raw/calendar/2026/08_orange.html|/Users/datpro/Documents/gitdatpro/ff-transform-data/data/bronze/raw/calendar/2026/08_yellow.html,2026-09-03T06:58:48Z
Aug 25,12:00pm,JPY,yellow,BOJ Core CPI y/y,1.6%,1.4%,1.5%,/Users/datpro/Documents/gitdatpro/ff-transform-data/data/bronze/raw/calendar/2026/08_red.html|/Users/datpro/Documents/gitdatpro/ff-transform-data/data/bronze/raw/calendar/2026/08_orange.html|/Users/datpro/Documents/gitdatpro/ff-transform-data/data/bronze/raw/calendar/2026/08_yellow.html,2026-09-03T06:58:48Z
Aug 25,1:00pm,EUR,yellow,German Final GDP q/q,0.3%,0.2%,0.2%,/Users/datpro/Documents/gitdatpro/ff-transform-data/data/bronze/raw/calendar/2026/08_red.html|/Users/datpro/Documents/gitdatpro/ff-transform-data/data/bronze/raw/calendar/2026/08_orange.html|/Users/datpro/Documents/gitdatpro/ff-transform-data/data/bronze/raw/calendar/2026/08_yellow.html,2026-09-03T06:58:48Z
Aug 25,3:00pm,EUR,yellow,German ifo Business Climate,88.8,87.2,86.7,/Users/datpro/Documents/gitdatpro/ff-transform-data/data/bronze/raw/calendar/2026/08_red.html|/Users/datpro/Documents/gitdatpro/ff-transform-data/data/bronze/raw/calendar/2026/08_orange.html|/Users/datpro/Documents/gitdatpro/ff-transform-data/data/bronze/raw/calendar/2026/08_yellow.html,2026-09-03T06:58:48Z
Aug 25,7:15pm,USD,yellow,ADP Weekly Employment Change,11.8K,N/A,9.5K,/Users/datpro/Documents/gitdatpro/ff-transform-data/data/bronze/raw/calendar/2026/08_red.html|/Users/datpro/Documents/gitdatpro/ff-transform-data/data/bronze/raw/calendar/2026/08_orange.html|/Users/datpro/Documents/gitdatpro/ff-transform-data/data/bronze/raw/calendar/2026/08_yellow.html,2026-09-03T06:58:48Z
Aug 25,7:30pm,USD,yellow,FOMC Member Barkin Speaks,N/A,N/A,N/A,/Users/datpro/Documents/gitdatpro/ff-transform-data/data/bronze/raw/calendar/2026/08_red.html|/Users/datpro/Documents/gitdatpro/ff-transform-data/data/bronze/raw/calendar/2026/08_orange.html|/Users/datpro/Documents/gitdatpro/ff-transform-data/data/bronze/raw/calendar/2026/08_yellow.html,2026-09-03T06:58:48Z
Aug 25,8:00pm,EUR,yellow,Belgian NBB Business Climate,-13.2,-11.0,-11.9,/Users/datpro/Documents/gitdatpro/ff-transform-data/data/bronze/raw/calendar/2026/08_red.html|/Users/datpro/Documents/gitdatpro/ff-transform-data/data/bronze/raw/calendar/2026/08_orange.html|/Users/datpro/Documents/gitdatpro/ff-transform-data/data/bronze/raw/calendar/2026/08_yellow.html,2026-09-03T06:58:48Z
Aug 25,8:00pm,USD,yellow,HPI m/m,0.0%,0.2%,0.3%,/Users/datpro/Documents/gitdatpro/ff-transform-data/data/bronze/raw/calendar/2026/08_red.html|/Users/datpro/Documents/gitdatpro/ff-transform-data/data/bronze/raw/calendar/2026/08_orange.html|/Users/datpro/Documents/gitdatpro/ff-transform-data/data/bronze/raw/calendar/2026/08_yellow.html,2026-09-03T06:58:48Z
Aug 25,8:00pm,USD,yellow,S&P/CS Composite-20 HPI y/y,2.1%,1.8%,1.6%,/Users/datpro/Documents/gitdatpro/ff-transform-data/data/bronze/raw/calendar/2026/08_red.html|/Users/datpro/Documents/gitdatpro/ff-transform-data/data/bronze/raw/calendar/2026/08_orange.html|/Users/datpro/Documents/gitdatpro/ff-transform-data/data/bronze/raw/calendar/2026/08_yellow.html,2026-09-03T06:58:48Z
Aug 25,9:00pm,USD,orange,CB Consumer Confidence,89.4,90.3,90.2,/Users/datpro/Documents/gitdatpro/ff-transform-data/data/bronze/raw/calendar/2026/08_red.html|/Users/datpro/Documents/gitdatpro/ff-transform-data/data/bronze/raw/calendar/2026/08_orange.html|/Users/datpro/Documents/gitdatpro/ff-transform-data/data/bronze/raw/calendar/2026/08_yellow.html,2026-09-03T06:58:48Z
Aug 25,9:00pm,USD,yellow,New Home Sales,607K,620K,678K,/Users/datpro/Documents/gitdatpro/ff-transform-data/data/bronze/raw/calendar/2026/08_red.html|/Users/datpro/Documents/gitdatpro/ff-transform-data/data/bronze/raw/calendar/2026/08_orange.html|/Users/datpro/Documents/gitdatpro/ff-transform-data/data/bronze/raw/calendar/2026/08_yellow.html,2026-09-03T06:58:48Z
Aug 25,9:00pm,USD,yellow,Richmond Manufacturing Index,4,6,5,/Users/datpro/Documents/gitdatpro/ff-transform-data/data/bronze/raw/calendar/2026/08_red.html|/Users/datpro/Documents/gitdatpro/ff-transform-data/data/bronze/raw/calendar/2026/08_orange.html|/Users/datpro/Documents/gitdatpro/ff-transform-data/data/bronze/raw/calendar/2026/08_yellow.html,2026-09-03T06:58:48Z
Aug 26,10:45pm,USD,yellow,FOMC Member Barkin Speaks,N/A,N/A,N/A,/Users/datpro/Documents/gitdatpro/ff-transform-data/data/bronze/raw/calendar/2026/08_red.html|/Users/datpro/Documents/gitdatpro/ff-transform-data/data/bronze/raw/calendar/2026/08_orange.html|/Users/datpro/Documents/gitdatpro/ff-transform-data/data/bronze/raw/calendar/2026/08_yellow.html,2026-09-03T06:58:48Z
Aug 26,11:15pm,CHF,yellow,Gov Board Member Martin Speaks,N/A,N/A,N/A,/Users/datpro/Documents/gitdatpro/ff-transform-data/data/bronze/raw/calendar/2026/08_red.html|/Users/datpro/Documents/gitdatpro/ff-transform-data/data/bronze/raw/calendar/2026/08_orange.html|/Users/datpro/Documents/gitdatpro/ff-transform-data/data/bronze/raw/calendar/2026/08_yellow.html,2026-09-03T06:58:48Z
Aug 26,3:00pm,CHF,yellow,UBS Economic Expectations,12.1,N/A,10.0,/Users/datpro/Documents/gitdatpro/ff-transform-data/data/bronze/raw/calendar/2026/08_red.html|/Users/datpro/Documents/gitdatpro/ff-transform-data/data/bronze/raw/calendar/2026/08_orange.html|/Users/datpro/Documents/gitdatpro/ff-transform-data/data/bronze/raw/calendar/2026/08_yellow.html,2026-09-03T06:58:48Z
Aug 26,3:30am,USD,yellow,API Weekly Statistical Bulletin,N/A,N/A,N/A,/Users/datpro/Documents/gitdatpro/ff-transform-data/data/bronze/raw/calendar/2026/08_red.html|/Users/datpro/Documents/gitdatpro/ff-transform-data/data/bronze/raw/calendar/2026/08_orange.html|/Users/datpro/Documents/gitdatpro/ff-transform-data/data/bronze/raw/calendar/2026/08_yellow.html,2026-09-03T06:58:48Z
Aug 26,5:00pm,GBP,yellow,CBI Realized Sales,-48,-35,-26,/Users/datpro/Documents/gitdatpro/ff-transform-data/data/bronze/raw/calendar/2026/08_red.html|/Users/datpro/Documents/gitdatpro/ff-transform-data/data/bronze/raw/calendar/2026/08_orange.html|/Users/datpro/Documents/gitdatpro/ff-transform-data/data/bronze/raw/calendar/2026/08_yellow.html,2026-09-03T06:58:48Z
Aug 26,6:50am,JPY,yellow,SPPI y/y,3.6%,3.2%,3.4%,/Users/datpro/Documents/gitdatpro/ff-transform-data/data/bronze/raw/calendar/2026/08_red.html|/Users/datpro/Documents/gitdatpro/ff-transform-data/data/bronze/raw/calendar/2026/08_orange.html|/Users/datpro/Documents/gitdatpro/ff-transform-data/data/bronze/raw/calendar/2026/08_yellow.html,2026-09-03T06:58:48Z
Aug 26,7:30am,AUD,yellow,MI Leading Index m/m,0.0%,N/A,0.1%,/Users/datpro/Documents/gitdatpro/ff-transform-data/data/bronze/raw/calendar/2026/08_red.html|/Users/datpro/Documents/gitdatpro/ff-transform-data/data/bronze/raw/calendar/2026/08_orange.html|/Users/datpro/Documents/gitdatpro/ff-transform-data/data/bronze/raw/calendar/2026/08_yellow.html,2026-09-03T06:58:48Z
Aug 26,7:30pm,USD,yellow,Core Durable Goods Orders m/m,0.4%,0.6%,0.7%,/Users/datpro/Documents/gitdatpro/ff-transform-data/data/bronze/raw/calendar/2026/08_red.html|/Users/datpro/Documents/gitdatpro/ff-transform-data/data/bronze/raw/calendar/2026/08_orange.html|/Users/datpro/Documents/gitdatpro/ff-transform-data/data/bronze/raw/calendar/2026/08_yellow.html,2026-09-03T06:58:48Z
Aug 26,7:30pm,USD,red,Core PCE Price Index m/m,0.2%,0.2%,0.1%,/Users/datpro/Documents/gitdatpro/ff-transform-data/data/bronze/raw/calendar/2026/08_red.html|/Users/datpro/Documents/gitdatpro/ff-transform-data/data/bronze/raw/calendar/2026/08_orange.html|/Users/datpro/Documents/gitdatpro/ff-transform-data/data/bronze/raw/calendar/2026/08_yellow.html,2026-09-03T06:58:48Z
Aug 26,7:30pm,USD,yellow,Durable Goods Orders m/m,1.1%,0.4%,0.5%,/Users/datpro/Documents/gitdatpro/ff-transform-data/data/bronze/raw/calendar/2026/08_red.html|/Users/datpro/Documents/gitdatpro/ff-transform-data/data/bronze/raw/calendar/2026/08_orange.html|/Users/datpro/Documents/gitdatpro/ff-transform-data/data/bronze/raw/calendar/2026/08_yellow.html,2026-09-03T06:58:48Z
Aug 26,7:30pm,USD,yellow,Personal Income m/m,0.4%,0.2%,0.2%,/Users/datpro/Documents/gitdatpro/ff-transform-data/data/bronze/raw/calendar/2026/08_red.html|/Users/datpro/Documents/gitdatpro/ff-transform-data/data/bronze/raw/calendar/2026/08_orange.html|/Users/datpro/Documents/gitdatpro/ff-transform-data/data/bronze/raw/calendar/2026/08_yellow.html,2026-09-03T06:58:48Z
Aug 26,7:30pm,USD,yellow,Personal Spending m/m,0.2%,0.1%,0.3%,/Users/datpro/Documents/gitdatpro/ff-transform-data/data/bronze/raw/calendar/2026/08_red.html|/Users/datpro/Documents/gitdatpro/ff-transform-data/data/bronze/raw/calendar/2026/08_orange.html|/Users/datpro/Documents/gitdatpro/ff-transform-data/data/bronze/raw/calendar/2026/08_yellow.html,2026-09-03T06:58:48Z
Aug 26,7:30pm,USD,red,Prelim GDP q/q,1.5%,1.5%,1.5%,/Users/datpro/Documents/gitdatpro/ff-transform-data/data/bronze/raw/calendar/2026/08_red.html|/Users/datpro/Documents/gitdatpro/ff-transform-data/data/bronze/raw/calendar/2026/08_orange.html|/Users/datpro/Documents/gitdatpro/ff-transform-data/data/bronze/raw/calendar/2026/08_yellow.html,2026-09-03T06:58:48Z
Aug 26,8:30am,AUD,red,CPI y/y,3.5%,3.3%,3.8%,/Users/datpro/Documents/gitdatpro/ff-transform-data/data/bronze/raw/calendar/2026/08_red.html|/Users/datpro/Documents/gitdatpro/ff-transform-data/data/bronze/raw/calendar/2026/08_orange.html|/Users/datpro/Documents/gitdatpro/ff-transform-data/data/bronze/raw/calendar/2026/08_yellow.html,2026-09-03T06:58:48Z
Aug 26,8:30am,AUD,yellow,Construction Work Done q/q,-2.1%,0.5%,4.3%,/Users/datpro/Documents/gitdatpro/ff-transform-data/data/bronze/raw/calendar/2026/08_red.html|/Users/datpro/Documents/gitdatpro/ff-transform-data/data/bronze/raw/calendar/2026/08_orange.html|/Users/datpro/Documents/gitdatpro/ff-transform-data/data/bronze/raw/calendar/2026/08_yellow.html,2026-09-03T06:58:48Z
Aug 26,8:30am,AUD,red,Trimmed Mean CPI m/m,0.5%,0.4%,0.3%,/Users/datpro/Documents/gitdatpro/ff-transform-data/data/bronze/raw/calendar/2026/08_red.html|/Users/datpro/Documents/gitdatpro/ff-transform-data/data/bronze/raw/calendar/2026/08_orange.html|/Users/datpro/Documents/gitdatpro/ff-transform-data/data/bronze/raw/calendar/2026/08_yellow.html,2026-09-03T06:58:48Z
Aug 26,9:30pm,USD,yellow,Crude Oil Inventories,0.1M,1.6M,4.4M,/Users/datpro/Documents/gitdatpro/ff-transform-data/data/bronze/raw/calendar/2026/08_red.html|/Users/datpro/Documents/gitdatpro/ff-transform-data/data/bronze/raw/calendar/2026/08_orange.html|/Users/datpro/Documents/gitdatpro/ff-transform-data/data/bronze/raw/calendar/2026/08_yellow.html,2026-09-03T06:58:48Z
Aug 27,11:15pm,AUD,yellow,Private Capital Expenditure q/q,-3.6%,0.8%,6.9%,/Users/datpro/Documents/gitdatpro/ff-transform-data/data/bronze/raw/calendar/2026/08_red.html|/Users/datpro/Documents/gitdatpro/ff-transform-data/data/bronze/raw/calendar/2026/08_orange.html|/Users/datpro/Documents/gitdatpro/ff-transform-data/data/bronze/raw/calendar/2026/08_yellow.html,2026-09-03T06:58:48Z
Aug 27,11:15pm,AUD,yellow,RBA Bulletin,N/A,N/A,N/A,/Users/datpro/Documents/gitdatpro/ff-transform-data/data/bronze/raw/calendar/2026/08_red.html|/Users/datpro/Documents/gitdatpro/ff-transform-data/data/bronze/raw/calendar/2026/08_orange.html|/Users/datpro/Documents/gitdatpro/ff-transform-data/data/bronze/raw/calendar/2026/08_yellow.html,2026-09-03T06:58:48Z
Aug 27,1:00pm,EUR,yellow,German GfK Consumer Climate,-26.6,-29.5,-29.4,/Users/datpro/Documents/gitdatpro/ff-transform-data/data/bronze/raw/calendar/2026/08_red.html|/Users/datpro/Documents/gitdatpro/ff-transform-data/data/bronze/raw/calendar/2026/08_orange.html|/Users/datpro/Documents/gitdatpro/ff-transform-data/data/bronze/raw/calendar/2026/08_yellow.html,2026-09-03T06:58:48Z
Aug 27,3:00pm,EUR,yellow,M3 Money Supply y/y,3.4%,3.5%,3.3%,/Users/datpro/Documents/gitdatpro/ff-transform-data/data/bronze/raw/calendar/2026/08_red.html|/Users/datpro/Documents/gitdatpro/ff-transform-data/data/bronze/raw/calendar/2026/08_orange.html|/Users/datpro/Documents/gitdatpro/ff-transform-data/data/bronze/raw/calendar/2026/08_yellow.html,2026-09-03T06:58:48Z
Aug 27,3:00pm,EUR,yellow,Private Loans y/y,3.1%,2.9%,3.0%,/Users/datpro/Documents/gitdatpro/ff-transform-data/data/bronze/raw/calendar/2026/08_red.html|/Users/datpro/Documents/gitdatpro/ff-transform-data/data/bronze/raw/calendar/2026/08_orange.html|/Users/datpro/Documents/gitdatpro/ff-transform-data/data/bronze/raw/calendar/2026/08_yellow.html,2026-09-03T06:58:48Z
Aug 27,6:30pm,EUR,yellow,ECB Monetary Policy Meeting Accounts,N/A,N/A,N/A,/Users/datpro/Documents/gitdatpro/ff-transform-data/data/bronze/raw/calendar/2026/08_red.html|/Users/datpro/Documents/gitdatpro/ff-transform-data/data/bronze/raw/calendar/2026/08_orange.html|/Users/datpro/Documents/gitdatpro/ff-transform-data/data/bronze/raw/calendar/2026/08_yellow.html,2026-09-03T06:58:48Z
Aug 27,7:30pm,CAD,yellow,Current Account,8.8B,3.5B,-8.3B,/Users/datpro/Documents/gitdatpro/ff-transform-data/data/bronze/raw/calendar/2026/08_red.html|/Users/datpro/Documents/gitdatpro/ff-transform-data/data/bronze/raw/calendar/2026/08_orange.html|/Users/datpro/Documents/gitdatpro/ff-transform-data/data/bronze/raw/calendar/2026/08_yellow.html,2026-09-03T06:58:48Z
Aug 27,7:30pm,USD,yellow,Goods Trade Balance,-118.8B,-100.8B,-101.4B,/Users/datpro/Documents/gitdatpro/ff-transform-data/data/bronze/raw/calendar/2026/08_red.html|/Users/datpro/Documents/gitdatpro/ff-transform-data/data/bronze/raw/calendar/2026/08_orange.html|/Users/datpro/Documents/gitdatpro/ff-transform-data/data/bronze/raw/calendar/2026/08_yellow.html,2026-09-03T06:58:48Z
Aug 27,7:30pm,USD,yellow,Prelim Wholesale Inventories m/m,1.3%,0.2%,0.3%,/Users/datpro/Documents/gitdatpro/ff-transform-data/data/bronze/raw/calendar/2026/08_red.html|/Users/datpro/Documents/gitdatpro/ff-transform-data/data/bronze/raw/calendar/2026/08_orange.html|/Users/datpro/Documents/gitdatpro/ff-transform-data/data/bronze/raw/calendar/2026/08_yellow.html,2026-09-03T06:58:48Z
Aug 27,8:00pm,CNY,yellow,CB Leading Index m/m,-0.3%,N/A,0.1%,/Users/datpro/Documents/gitdatpro/ff-transform-data/data/bronze/raw/calendar/2026/08_red.html|/Users/datpro/Documents/gitdatpro/ff-transform-data/data/bronze/raw/calendar/2026/08_orange.html|/Users/datpro/Documents/gitdatpro/ff-transform-data/data/bronze/raw/calendar/2026/08_yellow.html,2026-09-03T06:58:48Z
Aug 27,9:30pm,USD,yellow,Natural Gas Storage,15B,19B,16B,/Users/datpro/Documents/gitdatpro/ff-transform-data/data/bronze/raw/calendar/2026/08_red.html|/Users/datpro/Documents/gitdatpro/ff-transform-data/data/bronze/raw/calendar/2026/08_orange.html|/Users/datpro/Documents/gitdatpro/ff-transform-data/data/bronze/raw/calendar/2026/08_yellow.html,2026-09-03T06:58:48Z
Aug 28,1:00pm,EUR,yellow,German Import Prices m/m,0.2%,0.3%,-0.7%,/Users/datpro/Documents/gitdatpro/ff-transform-data/data/bronze/raw/calendar/2026/08_red.html|/Users/datpro/Documents/gitdatpro/ff-transform-data/data/bronze/raw/calendar/2026/08_orange.html|/Users/datpro/Documents/gitdatpro/ff-transform-data/data/bronze/raw/calendar/2026/08_yellow.html,2026-09-03T06:58:48Z
Aug 28,1:45pm,EUR,yellow,French Consumer Spending m/m,0.5%,0.1%,0.6%,/Users/datpro/Documents/gitdatpro/ff-transform-data/data/bronze/raw/calendar/2026/08_red.html|/Users/datpro/Documents/gitdatpro/ff-transform-data/data/bronze/raw/calendar/2026/08_orange.html|/Users/datpro/Documents/gitdatpro/ff-transform-data/data/bronze/raw/calendar/2026/08_yellow.html,2026-09-03T06:58:48Z
Aug 28,1:45pm,EUR,yellow,French Final Private Payrolls q/q,-0.1%,-0.1%,-0.1%,/Users/datpro/Documents/gitdatpro/ff-transform-data/data/bronze/raw/calendar/2026/08_red.html|/Users/datpro/Documents/gitdatpro/ff-transform-data/data/bronze/raw/calendar/2026/08_orange.html|/Users/datpro/Documents/gitdatpro/ff-transform-data/data/bronze/raw/calendar/2026/08_yellow.html,2026-09-03T06:58:48Z
Aug 28,1:45pm,EUR,yellow,French Prelim CPI m/m,0.7%,0.7%,0.6%,/Users/datpro/Documents/gitdatpro/ff-transform-data/data/bronze/raw/calendar/2026/08_red.html|/Users/datpro/Documents/gitdatpro/ff-transform-data/data/bronze/raw/calendar/2026/08_orange.html|/Users/datpro/Documents/gitdatpro/ff-transform-data/data/bronze/raw/calendar/2026/08_yellow.html,2026-09-03T06:58:48Z
Aug 28,1:45pm,EUR,yellow,French Prelim GDP q/q,0.0%,0.2%,0.2%,/Users/datpro/Documents/gitdatpro/ff-transform-data/data/bronze/raw/calendar/2026/08_red.html|/Users/datpro/Documents/gitdatpro/ff-transform-data/data/bronze/raw/calendar/2026/08_orange.html|/Users/datpro/Documents/gitdatpro/ff-transform-data/data/bronze/raw/calendar/2026/08_yellow.html,2026-09-03T06:58:48Z
Aug 28,2:00pm,CHF,yellow,KOF Economic Barometer,106.7,103.0,104.2,/Users/datpro/Documents/gitdatpro/ff-transform-data/data/bronze/raw/calendar/2026/08_red.html|/Users/datpro/Documents/gitdatpro/ff-transform-data/data/bronze/raw/calendar/2026/08_orange.html|/Users/datpro/Documents/gitdatpro/ff-transform-data/data/bronze/raw/calendar/2026/08_yellow.html,2026-09-03T06:58:48Z
Aug 28,2:00pm,EUR,yellow,Spanish Flash CPI y/y,4.3%,4.2%,3.6%,/Users/datpro/Documents/gitdatpro/ff-transform-data/data/bronze/raw/calendar/2026/08_red.html|/Users/datpro/Documents/gitdatpro/ff-transform-data/data/bronze/raw/calendar/2026/08_orange.html|/Users/datpro/Documents/gitdatpro/ff-transform-data/data/bronze/raw/calendar/2026/08_yellow.html,2026-09-03T06:58:48Z
Aug 28,2:55pm,EUR,yellow,German Unemployment Change,4K,4K,6K,/Users/datpro/Documents/gitdatpro/ff-transform-data/data/bronze/raw/calendar/2026/08_red.html|/Users/datpro/Documents/gitdatpro/ff-transform-data/data/bronze/raw/calendar/2026/08_orange.html|/Users/datpro/Documents/gitdatpro/ff-transform-data/data/bronze/raw/calendar/2026/08_yellow.html,2026-09-03T06:58:48Z
Aug 28,4:09pm,EUR,yellow,Italian 10-y Bond Auction,4.10|1.6,N/A,4.00|1.7,/Users/datpro/Documents/gitdatpro/ff-transform-data/data/bronze/raw/calendar/2026/08_red.html|/Users/datpro/Documents/gitdatpro/ff-transform-data/data/bronze/raw/calendar/2026/08_orange.html|/Users/datpro/Documents/gitdatpro/ff-transform-data/data/bronze/raw/calendar/2026/08_yellow.html,2026-09-03T06:58:48Z
Aug 28,8:00pm,USD,yellow,FOMC Member Hammack Speaks,N/A,N/A,N/A,/Users/datpro/Documents/gitdatpro/ff-transform-data/data/bronze/raw/calendar/2026/08_red.html|/Users/datpro/Documents/gitdatpro/ff-transform-data/data/bronze/raw/calendar/2026/08_orange.html|/Users/datpro/Documents/gitdatpro/ff-transform-data/data/bronze/raw/calendar/2026/08_yellow.html,2026-09-03T06:58:48Z
Aug 28,8:45pm,USD,yellow,Chicago PMI,47.1,57.9,57.6,/Users/datpro/Documents/gitdatpro/ff-transform-data/data/bronze/raw/calendar/2026/08_red.html|/Users/datpro/Documents/gitdatpro/ff-transform-data/data/bronze/raw/calendar/2026/08_orange.html|/Users/datpro/Documents/gitdatpro/ff-transform-data/data/bronze/raw/calendar/2026/08_yellow.html,2026-09-03T06:58:48Z
Aug 28,9:00pm,USD,red,Fed Chairman Warsh Speaks,N/A,N/A,N/A,/Users/datpro/Documents/gitdatpro/ff-transform-data/data/bronze/raw/calendar/2026/08_red.html|/Users/datpro/Documents/gitdatpro/ff-transform-data/data/bronze/raw/calendar/2026/08_orange.html|/Users/datpro/Documents/gitdatpro/ff-transform-data/data/bronze/raw/calendar/2026/08_yellow.html,2026-09-03T06:58:48Z
Aug 28,9:00pm,USD,red,Prelim Benchmark Payrolls Revision,-79K,N/A,-911K,/Users/datpro/Documents/gitdatpro/ff-transform-data/data/bronze/raw/calendar/2026/08_red.html|/Users/datpro/Documents/gitdatpro/ff-transform-data/data/bronze/raw/calendar/2026/08_orange.html|/Users/datpro/Documents/gitdatpro/ff-transform-data/data/bronze/raw/calendar/2026/08_yellow.html,2026-09-03T06:58:48Z
Aug 28,9:00pm,USD,orange,Revised UoM Consumer Sentiment,51.7,51.0,51.0,/Users/datpro/Documents/gitdatpro/ff-transform-data/data/bronze/raw/calendar/2026/08_red.html|/Users/datpro/Documents/gitdatpro/ff-transform-data/data/bronze/raw/calendar/2026/08_orange.html|/Users/datpro/Documents/gitdatpro/ff-transform-data/data/bronze/raw/calendar/2026/08_yellow.html,2026-09-03T06:58:48Z
Aug 28,9:00pm,USD,orange,Revised UoM Inflation Expectations,4.0%,N/A,4.3%,/Users/datpro/Documents/gitdatpro/ff-transform-data/data/bronze/raw/calendar/2026/08_red.html|/Users/datpro/Documents/gitdatpro/ff-transform-data/data/bronze/raw/calendar/2026/08_orange.html|/Users/datpro/Documents/gitdatpro/ff-transform-data/data/bronze/raw/calendar/2026/08_yellow.html,2026-09-03T06:58:48Z
Aug 28,9:30pm,GBP,yellow,MPC Member Mann Speaks,N/A,N/A,N/A,/Users/datpro/Documents/gitdatpro/ff-transform-data/data/bronze/raw/calendar/2026/08_red.html|/Users/datpro/Documents/gitdatpro/ff-transform-data/data/bronze/raw/calendar/2026/08_orange.html|/Users/datpro/Documents/gitdatpro/ff-transform-data/data/bronze/raw/calendar/2026/08_yellow.html,2026-09-03T06:58:48Z
Aug 3,1:00pm,EUR,yellow,German Retail Sales m/m,-0.7%,-0.4%,1.1%,/Users/datpro/Documents/gitdatpro/ff-transform-data/data/bronze/raw/calendar/2026/08_red.html|/Users/datpro/Documents/gitdatpro/ff-transform-data/data/bronze/raw/calendar/2026/08_orange.html|/Users/datpro/Documents/gitdatpro/ff-transform-data/data/bronze/raw/calendar/2026/08_yellow.html,2026-09-03T06:58:48Z
Aug 3,2:15pm,EUR,yellow,Spanish Manufacturing PMI,50.2,50.5,49.7,/Users/datpro/Documents/gitdatpro/ff-transform-data/data/bronze/raw/calendar/2026/08_red.html|/Users/datpro/Documents/gitdatpro/ff-transform-data/data/bronze/raw/calendar/2026/08_orange.html|/Users/datpro/Documents/gitdatpro/ff-transform-data/data/bronze/raw/calendar/2026/08_yellow.html,2026-09-03T06:58:48Z
Aug 3,2:30pm,CHF,yellow,Manufacturing PMI,53.2,54.5,54.3,/Users/datpro/Documents/gitdatpro/ff-transform-data/data/bronze/raw/calendar/2026/08_red.html|/Users/datpro/Documents/gitdatpro/ff-transform-data/data/bronze/raw/calendar/2026/08_orange.html|/Users/datpro/Documents/gitdatpro/ff-transform-data/data/bronze/raw/calendar/2026/08_yellow.html,2026-09-03T06:58:48Z
Aug 3,2:45pm,EUR,yellow,Italian Manufacturing PMI,51.3,52.5,52.2,/Users/datpro/Documents/gitdatpro/ff-transform-data/data/bronze/raw/calendar/2026/08_red.html|/Users/datpro/Documents/gitdatpro/ff-transform-data/data/bronze/raw/calendar/2026/08_orange.html|/Users/datpro/Documents/gitdatpro/ff-transform-data/data/bronze/raw/calendar/2026/08_yellow.html,2026-09-03T06:58:48Z
Aug 3,2:50pm,EUR,yellow,French Final Manufacturing PMI,49.8,50.0,50.0,/Users/datpro/Documents/gitdatpro/ff-transform-data/data/bronze/raw/calendar/2026/08_red.html|/Users/datpro/Documents/gitdatpro/ff-transform-data/data/bronze/raw/calendar/2026/08_orange.html|/Users/datpro/Documents/gitdatpro/ff-transform-data/data/bronze/raw/calendar/2026/08_yellow.html,2026-09-03T06:58:48Z
Aug 3,2:55pm,EUR,yellow,German Final Manufacturing PMI,52.2,52.2,52.2,/Users/datpro/Documents/gitdatpro/ff-transform-data/data/bronze/raw/calendar/2026/08_red.html|/Users/datpro/Documents/gitdatpro/ff-transform-data/data/bronze/raw/calendar/2026/08_orange.html|/Users/datpro/Documents/gitdatpro/ff-transform-data/data/bronze/raw/calendar/2026/08_yellow.html,2026-09-03T06:58:48Z
Aug 3,3:00pm,EUR,yellow,Final Manufacturing PMI,51.9,52.0,52.0,/Users/datpro/Documents/gitdatpro/ff-transform-data/data/bronze/raw/calendar/2026/08_red.html|/Users/datpro/Documents/gitdatpro/ff-transform-data/data/bronze/raw/calendar/2026/08_orange.html|/Users/datpro/Documents/gitdatpro/ff-transform-data/data/bronze/raw/calendar/2026/08_yellow.html,2026-09-03T06:58:48Z
Aug 3,3:30pm,GBP,yellow,Final Manufacturing PMI,51.9,52.8,52.8,/Users/datpro/Documents/gitdatpro/ff-transform-data/data/bronze/raw/calendar/2026/08_red.html|/Users/datpro/Documents/gitdatpro/ff-transform-data/data/bronze/raw/calendar/2026/08_orange.html|/Users/datpro/Documents/gitdatpro/ff-transform-data/data/bronze/raw/calendar/2026/08_yellow.html,2026-09-03T06:58:48Z
Aug 3,7:30am,JPY,yellow,Final Manufacturing PMI,54.5,54.7,54.7,/Users/datpro/Documents/gitdatpro/ff-transform-data/data/bronze/raw/calendar/2026/08_red.html|/Users/datpro/Documents/gitdatpro/ff-transform-data/data/bronze/raw/calendar/2026/08_orange.html|/Users/datpro/Documents/gitdatpro/ff-transform-data/data/bronze/raw/calendar/2026/08_yellow.html,2026-09-03T06:58:48Z
Aug 3,8:00am,AUD,yellow,MI Inflation Gauge m/m,1.0%,N/A,-0.4%,/Users/datpro/Documents/gitdatpro/ff-transform-data/data/bronze/raw/calendar/2026/08_red.html|/Users/datpro/Documents/gitdatpro/ff-transform-data/data/bronze/raw/calendar/2026/08_orange.html|/Users/datpro/Documents/gitdatpro/ff-transform-data/data/bronze/raw/calendar/2026/08_yellow.html,2026-09-03T06:58:48Z
Aug 3,8:45am,CNY,yellow,RatingDog Manufacturing PMI,50.9,51.9,51.7,/Users/datpro/Documents/gitdatpro/ff-transform-data/data/bronze/raw/calendar/2026/08_red.html|/Users/datpro/Documents/gitdatpro/ff-transform-data/data/bronze/raw/calendar/2026/08_orange.html|/Users/datpro/Documents/gitdatpro/ff-transform-data/data/bronze/raw/calendar/2026/08_yellow.html,2026-09-03T06:58:48Z
Aug 3,8:45pm,USD,yellow,Final Manufacturing PMI,53.9,53.8,53.8,/Users/datpro/Documents/gitdatpro/ff-transform-data/data/bronze/raw/calendar/2026/08_red.html|/Users/datpro/Documents/gitdatpro/ff-transform-data/data/bronze/raw/calendar/2026/08_orange.html|/Users/datpro/Documents/gitdatpro/ff-transform-data/data/bronze/raw/calendar/2026/08_yellow.html,2026-09-03T06:58:48Z
Aug 3,9:00pm,USD,yellow,Construction Spending m/m,-0.1%,0.2%,0.0%,/Users/datpro/Documents/gitdatpro/ff-transform-data/data/bronze/raw/calendar/2026/08_red.html|/Users/datpro/Documents/gitdatpro/ff-transform-data/data/bronze/raw/calendar/2026/08_orange.html|/Users/datpro/Documents/gitdatpro/ff-transform-data/data/bronze/raw/calendar/2026/08_yellow.html,2026-09-03T06:58:48Z
Aug 3,9:00pm,USD,orange,ISM Manufacturing Prices,71.1,70.0,73.0,/Users/datpro/Documents/gitdatpro/ff-transform-data/data/bronze/raw/calendar/2026/08_red.html|/Users/datpro/Documents/gitdatpro/ff-transform-data/data/bronze/raw/calendar/2026/08_orange.html|/Users/datpro/Documents/gitdatpro/ff-transform-data/data/bronze/raw/calendar/2026/08_yellow.html,2026-09-03T06:58:48Z
Aug 3,All Day,USD,yellow,Omdia Total Vehicle Sales,16.3M,16.3M,16.5M,/Users/datpro/Documents/gitdatpro/ff-transform-data/data/bronze/raw/calendar/2026/08_red.html|/Users/datpro/Documents/gitdatpro/ff-transform-data/data/bronze/raw/calendar/2026/08_orange.html|/Users/datpro/Documents/gitdatpro/ff-transform-data/data/bronze/raw/calendar/2026/08_yellow.html,2026-09-03T06:58:48Z
Aug 31,12:00pm,JPY,yellow,Housing Starts y/y,8.2%,7.5%,18.6%,/Users/datpro/Documents/gitdatpro/ff-transform-data/data/bronze/raw/calendar/2026/08_red.html|/Users/datpro/Documents/gitdatpro/ff-transform-data/data/bronze/raw/calendar/2026/08_orange.html|/Users/datpro/Documents/gitdatpro/ff-transform-data/data/bronze/raw/calendar/2026/08_yellow.html,2026-09-03T06:58:48Z
Aug 31,8:00am,AUD,yellow,MI Inflation Gauge m/m,0.5%,N/A,1.0%,/Users/datpro/Documents/gitdatpro/ff-transform-data/data/bronze/raw/calendar/2026/08_red.html|/Users/datpro/Documents/gitdatpro/ff-transform-data/data/bronze/raw/calendar/2026/08_orange.html|/Users/datpro/Documents/gitdatpro/ff-transform-data/data/bronze/raw/calendar/2026/08_yellow.html,2026-09-03T06:58:48Z
Aug 31,8:00am,NZD,yellow,ANZ Business Confidence,53.7,N/A,56.1,/Users/datpro/Documents/gitdatpro/ff-transform-data/data/bronze/raw/calendar/2026/08_red.html|/Users/datpro/Documents/gitdatpro/ff-transform-data/data/bronze/raw/calendar/2026/08_orange.html|/Users/datpro/Documents/gitdatpro/ff-transform-data/data/bronze/raw/calendar/2026/08_yellow.html,2026-09-03T06:58:48Z
Aug 31,8:30am,AUD,yellow,Company Operating Profits q/q,1.8%,2.0%,-1.5%,/Users/datpro/Documents/gitdatpro/ff-transform-data/data/bronze/raw/calendar/2026/08_red.html|/Users/datpro/Documents/gitdatpro/ff-transform-data/data/bronze/raw/calendar/2026/08_orange.html|/Users/datpro/Documents/gitdatpro/ff-transform-data/data/bronze/raw/calendar/2026/08_yellow.html,2026-09-03T06:58:48Z
Aug 31,8:30am,AUD,yellow,Private Sector Credit m/m,0.6%,0.7%,0.8%,/Users/datpro/Documents/gitdatpro/ff-transform-data/data/bronze/raw/calendar/2026/08_red.html|/Users/datpro/Documents/gitdatpro/ff-transform-data/data/bronze/raw/calendar/2026/08_orange.html|/Users/datpro/Documents/gitdatpro/ff-transform-data/data/bronze/raw/calendar/2026/08_yellow.html,2026-09-03T06:58:48Z
Aug 31,8:30am,CNY,yellow,Manufacturing PMI,49.8,49.5,49.2,/Users/datpro/Documents/gitdatpro/ff-transform-data/data/bronze/raw/calendar/2026/08_red.html|/Users/datpro/Documents/gitdatpro/ff-transform-data/data/bronze/raw/calendar/2026/08_orange.html|/Users/datpro/Documents/gitdatpro/ff-transform-data/data/bronze/raw/calendar/2026/08_yellow.html,2026-09-03T06:58:48Z
Aug 31,8:30am,CNY,yellow,Non-Manufacturing PMI,49.0,49.5,49.0,/Users/datpro/Documents/gitdatpro/ff-transform-data/data/bronze/raw/calendar/2026/08_red.html|/Users/datpro/Documents/gitdatpro/ff-transform-data/data/bronze/raw/calendar/2026/08_orange.html|/Users/datpro/Documents/gitdatpro/ff-transform-data/data/bronze/raw/calendar/2026/08_yellow.html,2026-09-03T06:58:48Z
Aug 31,9:30pm,JPY,yellow,Retail Sales y/y,4.0%,3.2%,0.6%,/Users/datpro/Documents/gitdatpro/ff-transform-data/data/bronze/raw/calendar/2026/08_red.html|/Users/datpro/Documents/gitdatpro/ff-transform-data/data/bronze/raw/calendar/2026/08_orange.html|/Users/datpro/Documents/gitdatpro/ff-transform-data/data/bronze/raw/calendar/2026/08_yellow.html,2026-09-03T06:58:48Z
Aug 4,10:14pm,NZD,yellow,GDT Price Index,0.1%,N/A,1.5%,/Users/datpro/Documents/gitdatpro/ff-transform-data/data/bronze/raw/calendar/2026/08_red.html|/Users/datpro/Documents/gitdatpro/ff-transform-data/data/bronze/raw/calendar/2026/08_orange.html|/Users/datpro/Documents/gitdatpro/ff-transform-data/data/bronze/raw/calendar/2026/08_yellow.html,2026-09-03T06:58:48Z
Aug 4,10:35am,JPY,yellow,10-y Bond Auction,2.84|2.6,N/A,2.73|3.1,/Users/datpro/Documents/gitdatpro/ff-transform-data/data/bronze/raw/calendar/2026/08_red.html|/Users/datpro/Documents/gitdatpro/ff-transform-data/data/bronze/raw/calendar/2026/08_orange.html|/Users/datpro/Documents/gitdatpro/ff-transform-data/data/bronze/raw/calendar/2026/08_yellow.html,2026-09-03T06:58:48Z
Aug 4,1:30pm,AUD,yellow,Commodity Prices y/y,15.4%,N/A,14.6%,/Users/datpro/Documents/gitdatpro/ff-transform-data/data/bronze/raw/calendar/2026/08_red.html|/Users/datpro/Documents/gitdatpro/ff-transform-data/data/bronze/raw/calendar/2026/08_orange.html|/Users/datpro/Documents/gitdatpro/ff-transform-data/data/bronze/raw/calendar/2026/08_yellow.html,2026-09-03T06:58:48Z
Aug 4,1:45pm,EUR,yellow,French Gov Budget Balance,-106.8B,N/A,-93.3B,/Users/datpro/Documents/gitdatpro/ff-transform-data/data/bronze/raw/calendar/2026/08_red.html|/Users/datpro/Documents/gitdatpro/ff-transform-data/data/bronze/raw/calendar/2026/08_orange.html|/Users/datpro/Documents/gitdatpro/ff-transform-data/data/bronze/raw/calendar/2026/08_yellow.html,2026-09-03T06:58:48Z
Aug 4,2:00pm,EUR,yellow,Spanish Unemployment Change,19.5K,-18.4K,-28.7K,/Users/datpro/Documents/gitdatpro/ff-transform-data/data/bronze/raw/calendar/2026/08_red.html|/Users/datpro/Documents/gitdatpro/ff-transform-data/data/bronze/raw/calendar/2026/08_orange.html|/Users/datpro/Documents/gitdatpro/ff-transform-data/data/bronze/raw/calendar/2026/08_yellow.html,2026-09-03T06:58:48Z
Aug 4,3:00pm,EUR,yellow,Italian Retail Sales m/m,-0.1%,0.3%,0.2%,/Users/datpro/Documents/gitdatpro/ff-transform-data/data/bronze/raw/calendar/2026/08_red.html|/Users/datpro/Documents/gitdatpro/ff-transform-data/data/bronze/raw/calendar/2026/08_orange.html|/Users/datpro/Documents/gitdatpro/ff-transform-data/data/bronze/raw/calendar/2026/08_yellow.html,2026-09-03T06:58:48Z
Aug 4,6:50am,JPY,yellow,Monetary Base y/y,-13.8%,-13.0%,-13.7%,/Users/datpro/Documents/gitdatpro/ff-transform-data/data/bronze/raw/calendar/2026/08_red.html|/Users/datpro/Documents/gitdatpro/ff-transform-data/data/bronze/raw/calendar/2026/08_orange.html|/Users/datpro/Documents/gitdatpro/ff-transform-data/data/bronze/raw/calendar/2026/08_yellow.html,2026-09-03T06:58:48Z
Aug 4,7:30pm,CAD,yellow,Trade Balance,3.9B,3.0B,3.7B,/Users/datpro/Documents/gitdatpro/ff-transform-data/data/bronze/raw/calendar/2026/08_red.html|/Users/datpro/Documents/gitdatpro/ff-transform-data/data/bronze/raw/calendar/2026/08_orange.html|/Users/datpro/Documents/gitdatpro/ff-transform-data/data/bronze/raw/calendar/2026/08_yellow.html,2026-09-03T06:58:48Z
Aug 4,7:30pm,USD,yellow,Trade Balance,-73.3B,-73.0B,-77.6B,/Users/datpro/Documents/gitdatpro/ff-transform-data/data/bronze/raw/calendar/2026/08_red.html|/Users/datpro/Documents/gitdatpro/ff-transform-data/data/bronze/raw/calendar/2026/08_orange.html|/Users/datpro/Documents/gitdatpro/ff-transform-data/data/bronze/raw/calendar/2026/08_yellow.html,2026-09-03T06:58:48Z
Aug 4,8:30am,AUD,yellow,ANZ Job Advertisements m/m,0.8%,N/A,-0.1%,/Users/datpro/Documents/gitdatpro/ff-transform-data/data/bronze/raw/calendar/2026/08_red.html|/Users/datpro/Documents/gitdatpro/ff-transform-data/data/bronze/raw/calendar/2026/08_orange.html|/Users/datpro/Documents/gitdatpro/ff-transform-data/data/bronze/raw/calendar/2026/08_yellow.html,2026-09-03T06:58:48Z
Aug 4,8:30am,AUD,yellow,Household Spending m/m,0.8%,0.2%,1.2%,/Users/datpro/Documents/gitdatpro/ff-transform-data/data/bronze/raw/calendar/2026/08_red.html|/Users/datpro/Documents/gitdatpro/ff-transform-data/data/bronze/raw/calendar/2026/08_orange.html|/Users/datpro/Documents/gitdatpro/ff-transform-data/data/bronze/raw/calendar/2026/08_yellow.html,2026-09-03T06:58:48Z
Aug 4,8:30pm,CAD,yellow,Manufacturing PMI,53.5,N/A,53.0,/Users/datpro/Documents/gitdatpro/ff-transform-data/data/bronze/raw/calendar/2026/08_red.html|/Users/datpro/Documents/gitdatpro/ff-transform-data/data/bronze/raw/calendar/2026/08_orange.html|/Users/datpro/Documents/gitdatpro/ff-transform-data/data/bronze/raw/calendar/2026/08_yellow.html,2026-09-03T06:58:48Z
Aug 4,9:00pm,USD,yellow,Factory Orders m/m,-0.3%,0.2%,-1.1%,/Users/datpro/Documents/gitdatpro/ff-transform-data/data/bronze/raw/calendar/2026/08_red.html|/Users/datpro/Documents/gitdatpro/ff-transform-data/data/bronze/raw/calendar/2026/08_orange.html|/Users/datpro/Documents/gitdatpro/ff-transform-data/data/bronze/raw/calendar/2026/08_yellow.html,2026-09-03T06:58:48Z
Aug 4,9:13pm,USD,yellow,RCM/TIPP Economic Optimism,45.1,47.5,45.5,/Users/datpro/Documents/gitdatpro/ff-transform-data/data/bronze/raw/calendar/2026/08_red.html|/Users/datpro/Documents/gitdatpro/ff-transform-data/data/bronze/raw/calendar/2026/08_orange.html|/Users/datpro/Documents/gitdatpro/ff-transform-data/data/bronze/raw/calendar/2026/08_yellow.html,2026-09-03T06:58:48Z
Aug 5,1:45pm,EUR,yellow,French Industrial Production m/m,0.1%,0.3%,-0.1%,/Users/datpro/Documents/gitdatpro/ff-transform-data/data/bronze/raw/calendar/2026/08_red.html|/Users/datpro/Documents/gitdatpro/ff-transform-data/data/bronze/raw/calendar/2026/08_orange.html|/Users/datpro/Documents/gitdatpro/ff-transform-data/data/bronze/raw/calendar/2026/08_yellow.html,2026-09-03T06:58:48Z
Aug 5,2:15pm,EUR,yellow,Spanish Services PMI,58.3,54.9,54.2,/Users/datpro/Documents/gitdatpro/ff-transform-data/data/bronze/raw/calendar/2026/08_red.html|/Users/datpro/Documents/gitdatpro/ff-transform-data/data/bronze/raw/calendar/2026/08_orange.html|/Users/datpro/Documents/gitdatpro/ff-transform-data/data/bronze/raw/calendar/2026/08_yellow.html,2026-09-03T06:58:48Z
Aug 5,2:45pm,EUR,yellow,Italian Services PMI,52.5,51.0,50.2,/Users/datpro/Documents/gitdatpro/ff-transform-data/data/bronze/raw/calendar/2026/08_red.html|/Users/datpro/Documents/gitdatpro/ff-transform-data/data/bronze/raw/calendar/2026/08_orange.html|/Users/datpro/Documents/gitdatpro/ff-transform-data/data/bronze/raw/calendar/2026/08_yellow.html,2026-09-03T06:58:48Z
Aug 5,2:50pm,EUR,yellow,French Final Services PMI,49.6,49.8,49.8,/Users/datpro/Documents/gitdatpro/ff-transform-data/data/bronze/raw/calendar/2026/08_red.html|/Users/datpro/Documents/gitdatpro/ff-transform-data/data/bronze/raw/calendar/2026/08_orange.html|/Users/datpro/Documents/gitdatpro/ff-transform-data/data/bronze/raw/calendar/2026/08_yellow.html,2026-09-03T06:58:48Z
Aug 5,2:55pm,EUR,yellow,German Final Services PMI,49.8,49.6,49.6,/Users/datpro/Documents/gitdatpro/ff-transform-data/data/bronze/raw/calendar/2026/08_red.html|/Users/datpro/Documents/gitdatpro/ff-transform-data/data/bronze/raw/calendar/2026/08_orange.html|/Users/datpro/Documents/gitdatpro/ff-transform-data/data/bronze/raw/calendar/2026/08_yellow.html,2026-09-03T06:58:48Z
Aug 5,3:00pm,EUR,yellow,Final Services PMI,51.7,51.6,51.6,/Users/datpro/Documents/gitdatpro/ff-transform-data/data/bronze/raw/calendar/2026/08_red.html|/Users/datpro/Documents/gitdatpro/ff-transform-data/data/bronze/raw/calendar/2026/08_orange.html|/Users/datpro/Documents/gitdatpro/ff-transform-data/data/bronze/raw/calendar/2026/08_yellow.html,2026-09-03T06:58:48Z
Aug 5,3:30pm,GBP,yellow,Final Services PMI,52.1,51.8,51.8,/Users/datpro/Documents/gitdatpro/ff-transform-data/data/bronze/raw/calendar/2026/08_red.html|/Users/datpro/Documents/gitdatpro/ff-transform-data/data/bronze/raw/calendar/2026/08_orange.html|/Users/datpro/Documents/gitdatpro/ff-transform-data/data/bronze/raw/calendar/2026/08_yellow.html,2026-09-03T06:58:48Z
Aug 5,4:00pm,EUR,yellow,PPI m/m,-0.3%,-0.2%,0.2%,/Users/datpro/Documents/gitdatpro/ff-transform-data/data/bronze/raw/calendar/2026/08_red.html|/Users/datpro/Documents/gitdatpro/ff-transform-data/data/bronze/raw/calendar/2026/08_orange.html|/Users/datpro/Documents/gitdatpro/ff-transform-data/data/bronze/raw/calendar/2026/08_yellow.html,2026-09-03T06:58:48Z
Aug 5,5:45am,NZD,yellow,Labor Cost Index q/q,0.7%,0.6%,0.5%,/Users/datpro/Documents/gitdatpro/ff-transform-data/data/bronze/raw/calendar/2026/08_red.html|/Users/datpro/Documents/gitdatpro/ff-transform-data/data/bronze/raw/calendar/2026/08_orange.html|/Users/datpro/Documents/gitdatpro/ff-transform-data/data/bronze/raw/calendar/2026/08_yellow.html,2026-09-03T06:58:48Z
Aug 5,6:30am,JPY,yellow,Average Cash Earnings y/y,3.4%,3.4%,3.3%,/Users/datpro/Documents/gitdatpro/ff-transform-data/data/bronze/raw/calendar/2026/08_red.html|/Users/datpro/Documents/gitdatpro/ff-transform-data/data/bronze/raw/calendar/2026/08_orange.html|/Users/datpro/Documents/gitdatpro/ff-transform-data/data/bronze/raw/calendar/2026/08_yellow.html,2026-09-03T06:58:48Z
Aug 5,6:50am,JPY,yellow,Monetary Policy Meeting Minutes,N/A,N/A,N/A,/Users/datpro/Documents/gitdatpro/ff-transform-data/data/bronze/raw/calendar/2026/08_red.html|/Users/datpro/Documents/gitdatpro/ff-transform-data/data/bronze/raw/calendar/2026/08_orange.html|/Users/datpro/Documents/gitdatpro/ff-transform-data/data/bronze/raw/calendar/2026/08_yellow.html,2026-09-03T06:58:48Z
Aug 5,7:15am,USD,yellow,FOMC Member Schmid Speaks,N/A,N/A,N/A,/Users/datpro/Documents/gitdatpro/ff-transform-data/data/bronze/raw/calendar/2026/08_red.html|/Users/datpro/Documents/gitdatpro/ff-transform-data/data/bronze/raw/calendar/2026/08_orange.html|/Users/datpro/Documents/gitdatpro/ff-transform-data/data/bronze/raw/calendar/2026/08_yellow.html,2026-09-03T06:58:48Z
Aug 5,8:00am,NZD,yellow,ANZ Commodity Prices m/m,-3.9%,N/A,-1.1%,/Users/datpro/Documents/gitdatpro/ff-transform-data/data/bronze/raw/calendar/2026/08_red.html|/Users/datpro/Documents/gitdatpro/ff-transform-data/data/bronze/raw/calendar/2026/08_orange.html|/Users/datpro/Documents/gitdatpro/ff-transform-data/data/bronze/raw/calendar/2026/08_yellow.html,2026-09-03T06:58:48Z
Aug 5,8:45am,CNY,yellow,RatingDog Services PMI,50.4,53.7,54.1,/Users/datpro/Documents/gitdatpro/ff-transform-data/data/bronze/raw/calendar/2026/08_red.html|/Users/datpro/Documents/gitdatpro/ff-transform-data/data/bronze/raw/calendar/2026/08_orange.html|/Users/datpro/Documents/gitdatpro/ff-transform-data/data/bronze/raw/calendar/2026/08_yellow.html,2026-09-03T06:58:48Z
Aug 5,8:45pm,USD,yellow,Final Services PMI,54.6,53.6,53.6,/Users/datpro/Documents/gitdatpro/ff-transform-data/data/bronze/raw/calendar/2026/08_red.html|/Users/datpro/Documents/gitdatpro/ff-transform-data/data/bronze/raw/calendar/2026/08_orange.html|/Users/datpro/Documents/gitdatpro/ff-transform-data/data/bronze/raw/calendar/2026/08_yellow.html,2026-09-03T06:58:48Z
Aug 5,9:00pm,USD,orange,ISM Services PMI,54.1,54.5,54.0,/Users/datpro/Documents/gitdatpro/ff-transform-data/data/bronze/raw/calendar/2026/08_red.html|/Users/datpro/Documents/gitdatpro/ff-transform-data/data/bronze/raw/calendar/2026/08_orange.html|/Users/datpro/Documents/gitdatpro/ff-transform-data/data/bronze/raw/calendar/2026/08_yellow.html,2026-09-03T06:58:48Z
Aug 5,9:30pm,USD,yellow,Crude Oil Inventories,2.5M,-1.5M,-7.2M,/Users/datpro/Documents/gitdatpro/ff-transform-data/data/bronze/raw/calendar/2026/08_red.html|/Users/datpro/Documents/gitdatpro/ff-transform-data/data/bronze/raw/calendar/2026/08_orange.html|/Users/datpro/Documents/gitdatpro/ff-transform-data/data/bronze/raw/calendar/2026/08_yellow.html,2026-09-03T06:58:48Z
Aug 5,N/A,NZD,red,Unemployment Rate,5.6%,5.4%,5.4%,/Users/datpro/Documents/gitdatpro/ff-transform-data/data/bronze/raw/calendar/2026/08_red.html|/Users/datpro/Documents/gitdatpro/ff-transform-data/data/bronze/raw/calendar/2026/08_orange.html|/Users/datpro/Documents/gitdatpro/ff-transform-data/data/bronze/raw/calendar/2026/08_yellow.html,2026-09-03T06:58:48Z
Aug 6,10:35am,JPY,yellow,30-y Bond Auction,3.94|3.9,N/A,3.99|4.6,/Users/datpro/Documents/gitdatpro/ff-transform-data/data/bronze/raw/calendar/2026/08_red.html|/Users/datpro/Documents/gitdatpro/ff-transform-data/data/bronze/raw/calendar/2026/08_orange.html|/Users/datpro/Documents/gitdatpro/ff-transform-data/data/bronze/raw/calendar/2026/08_yellow.html,2026-09-03T06:58:48Z
Aug 6,1:00pm,EUR,yellow,German Factory Orders m/m,3.1%,0.5%,0.3%,/Users/datpro/Documents/gitdatpro/ff-transform-data/data/bronze/raw/calendar/2026/08_red.html|/Users/datpro/Documents/gitdatpro/ff-transform-data/data/bronze/raw/calendar/2026/08_orange.html|/Users/datpro/Documents/gitdatpro/ff-transform-data/data/bronze/raw/calendar/2026/08_yellow.html,2026-09-03T06:58:48Z
Aug 6,2:00pm,CHF,yellow,Unemployment Rate,3.1%,3.1%,3.1%,/Users/datpro/Documents/gitdatpro/ff-transform-data/data/bronze/raw/calendar/2026/08_red.html|/Users/datpro/Documents/gitdatpro/ff-transform-data/data/bronze/raw/calendar/2026/08_orange.html|/Users/datpro/Documents/gitdatpro/ff-transform-data/data/bronze/raw/calendar/2026/08_yellow.html,2026-09-03T06:58:48Z
Aug 6,3:00pm,EUR,yellow,ECB Economic Bulletin,N/A,N/A,N/A,/Users/datpro/Documents/gitdatpro/ff-transform-data/data/bronze/raw/calendar/2026/08_red.html|/Users/datpro/Documents/gitdatpro/ff-transform-data/data/bronze/raw/calendar/2026/08_orange.html|/Users/datpro/Documents/gitdatpro/ff-transform-data/data/bronze/raw/calendar/2026/08_yellow.html,2026-09-03T06:58:48Z
Aug 6,3:00pm,EUR,yellow,Italian Industrial Production m/m,-1.0%,0.3%,-0.3%,/Users/datpro/Documents/gitdatpro/ff-transform-data/data/bronze/raw/calendar/2026/08_red.html|/Users/datpro/Documents/gitdatpro/ff-transform-data/data/bronze/raw/calendar/2026/08_orange.html|/Users/datpro/Documents/gitdatpro/ff-transform-data/data/bronze/raw/calendar/2026/08_yellow.html,2026-09-03T06:58:48Z
Aug 6,3:30pm,GBP,yellow,Construction PMI,44.7,40.0,38.4,/Users/datpro/Documents/gitdatpro/ff-transform-data/data/bronze/raw/calendar/2026/08_red.html|/Users/datpro/Documents/gitdatpro/ff-transform-data/data/bronze/raw/calendar/2026/08_orange.html|/Users/datpro/Documents/gitdatpro/ff-transform-data/data/bronze/raw/calendar/2026/08_yellow.html,2026-09-03T06:58:48Z
Aug 6,3:41pm,EUR,yellow,Spanish 10-y Bond Auction,3.54|2.4,N/A,3.40|1.8,/Users/datpro/Documents/gitdatpro/ff-transform-data/data/bronze/raw/calendar/2026/08_red.html|/Users/datpro/Documents/gitdatpro/ff-transform-data/data/bronze/raw/calendar/2026/08_orange.html|/Users/datpro/Documents/gitdatpro/ff-transform-data/data/bronze/raw/calendar/2026/08_yellow.html,2026-09-03T06:58:48Z
Aug 6,3:57pm,EUR,yellow,French 10-y Bond Auction,3.86|3.7,N/A,3.68|3.3,/Users/datpro/Documents/gitdatpro/ff-transform-data/data/bronze/raw/calendar/2026/08_red.html|/Users/datpro/Documents/gitdatpro/ff-transform-data/data/bronze/raw/calendar/2026/08_orange.html|/Users/datpro/Documents/gitdatpro/ff-transform-data/data/bronze/raw/calendar/2026/08_yellow.html,2026-09-03T06:58:48Z
Aug 6,4:00pm,EUR,yellow,Retail Sales m/m,-0.3%,0.1%,0.4%,/Users/datpro/Documents/gitdatpro/ff-transform-data/data/bronze/raw/calendar/2026/08_red.html|/Users/datpro/Documents/gitdatpro/ff-transform-data/data/bronze/raw/calendar/2026/08_orange.html|/Users/datpro/Documents/gitdatpro/ff-transform-data/data/bronze/raw/calendar/2026/08_yellow.html,2026-09-03T06:58:48Z
Aug 6,4:30pm,USD,yellow,Challenger Job Cuts y/y,-46.1%,N/A,-4.5%,/Users/datpro/Documents/gitdatpro/ff-transform-data/data/bronze/raw/calendar/2026/08_red.html|/Users/datpro/Documents/gitdatpro/ff-transform-data/data/bronze/raw/calendar/2026/08_orange.html|/Users/datpro/Documents/gitdatpro/ff-transform-data/data/bronze/raw/calendar/2026/08_yellow.html,2026-09-03T06:58:48Z
Aug 6,7:30pm,USD,yellow,Prelim Nonfarm Productivity q/q,1.4%,0.6%,0.3%,/Users/datpro/Documents/gitdatpro/ff-transform-data/data/bronze/raw/calendar/2026/08_red.html|/Users/datpro/Documents/gitdatpro/ff-transform-data/data/bronze/raw/calendar/2026/08_orange.html|/Users/datpro/Documents/gitdatpro/ff-transform-data/data/bronze/raw/calendar/2026/08_yellow.html,2026-09-03T06:58:48Z
Aug 6,7:30pm,USD,yellow,Prelim Unit Labor Costs q/q,1.3%,2.2%,1.8%,/Users/datpro/Documents/gitdatpro/ff-transform-data/data/bronze/raw/calendar/2026/08_red.html|/Users/datpro/Documents/gitdatpro/ff-transform-data/data/bronze/raw/calendar/2026/08_orange.html|/Users/datpro/Documents/gitdatpro/ff-transform-data/data/bronze/raw/calendar/2026/08_yellow.html,2026-09-03T06:58:48Z
Aug 6,7:30pm,USD,orange,Unemployment Claims,199K,203K,198K,/Users/datpro/Documents/gitdatpro/ff-transform-data/data/bronze/raw/calendar/2026/08_red.html|/Users/datpro/Documents/gitdatpro/ff-transform-data/data/bronze/raw/calendar/2026/08_orange.html|/Users/datpro/Documents/gitdatpro/ff-transform-data/data/bronze/raw/calendar/2026/08_yellow.html,2026-09-03T06:58:48Z
Aug 6,7:35am,USD,yellow,FOMC Member Daly Speaks,N/A,N/A,N/A,/Users/datpro/Documents/gitdatpro/ff-transform-data/data/bronze/raw/calendar/2026/08_red.html|/Users/datpro/Documents/gitdatpro/ff-transform-data/data/bronze/raw/calendar/2026/08_orange.html|/Users/datpro/Documents/gitdatpro/ff-transform-data/data/bronze/raw/calendar/2026/08_yellow.html,2026-09-03T06:58:48Z
Aug 6,8:30am,AUD,yellow,Goods Trade Balance,1.93B,-1.06B,-2.37B,/Users/datpro/Documents/gitdatpro/ff-transform-data/data/bronze/raw/calendar/2026/08_red.html|/Users/datpro/Documents/gitdatpro/ff-transform-data/data/bronze/raw/calendar/2026/08_orange.html|/Users/datpro/Documents/gitdatpro/ff-transform-data/data/bronze/raw/calendar/2026/08_yellow.html,2026-09-03T06:58:48Z
Aug 6,9:00pm,USD,yellow,Final Wholesale Inventories m/m,0.2%,0.3%,0.3%,/Users/datpro/Documents/gitdatpro/ff-transform-data/data/bronze/raw/calendar/2026/08_red.html|/Users/datpro/Documents/gitdatpro/ff-transform-data/data/bronze/raw/calendar/2026/08_orange.html|/Users/datpro/Documents/gitdatpro/ff-transform-data/data/bronze/raw/calendar/2026/08_yellow.html,2026-09-03T06:58:48Z
Aug 6,9:30pm,USD,yellow,Natural Gas Storage,33B,30B,28B,/Users/datpro/Documents/gitdatpro/ff-transform-data/data/bronze/raw/calendar/2026/08_red.html|/Users/datpro/Documents/gitdatpro/ff-transform-data/data/bronze/raw/calendar/2026/08_orange.html|/Users/datpro/Documents/gitdatpro/ff-transform-data/data/bronze/raw/calendar/2026/08_yellow.html,2026-09-03T06:58:48Z
Aug 7,12:00pm,JPY,yellow,Leading Indicators,116.4%,116.5%,116.5%,/Users/datpro/Documents/gitdatpro/ff-transform-data/data/bronze/raw/calendar/2026/08_red.html|/Users/datpro/Documents/gitdatpro/ff-transform-data/data/bronze/raw/calendar/2026/08_orange.html|/Users/datpro/Documents/gitdatpro/ff-transform-data/data/bronze/raw/calendar/2026/08_yellow.html,2026-09-03T06:58:48Z
Aug 7,1:00pm,EUR,yellow,German Industrial Production m/m,0.2%,0.2%,0.7%,/Users/datpro/Documents/gitdatpro/ff-transform-data/data/bronze/raw/calendar/2026/08_red.html|/Users/datpro/Documents/gitdatpro/ff-transform-data/data/bronze/raw/calendar/2026/08_orange.html|/Users/datpro/Documents/gitdatpro/ff-transform-data/data/bronze/raw/calendar/2026/08_yellow.html,2026-09-03T06:58:48Z
Aug 7,1:00pm,EUR,yellow,German Trade Balance,15.4B,17.2B,19.3B,/Users/datpro/Documents/gitdatpro/ff-transform-data/data/bronze/raw/calendar/2026/08_red.html|/Users/datpro/Documents/gitdatpro/ff-transform-data/data/bronze/raw/calendar/2026/08_orange.html|/Users/datpro/Documents/gitdatpro/ff-transform-data/data/bronze/raw/calendar/2026/08_yellow.html,2026-09-03T06:58:48Z
Aug 7,1:03pm,GBP,yellow,Lloyds HPI m/m,0.0%,0.2%,0.2%,/Users/datpro/Documents/gitdatpro/ff-transform-data/data/bronze/raw/calendar/2026/08_red.html|/Users/datpro/Documents/gitdatpro/ff-transform-data/data/bronze/raw/calendar/2026/08_orange.html|/Users/datpro/Documents/gitdatpro/ff-transform-data/data/bronze/raw/calendar/2026/08_yellow.html,2026-09-03T06:58:48Z
Aug 7,1:45pm,EUR,yellow,French Trade Balance,-5.8B,-6.5B,-7.7B,/Users/datpro/Documents/gitdatpro/ff-transform-data/data/bronze/raw/calendar/2026/08_red.html|/Users/datpro/Documents/gitdatpro/ff-transform-data/data/bronze/raw/calendar/2026/08_orange.html|/Users/datpro/Documents/gitdatpro/ff-transform-data/data/bronze/raw/calendar/2026/08_yellow.html,2026-09-03T06:58:48Z
Aug 7,2:00pm,CHF,yellow,Foreign Currency Reserves,768B,N/A,759B,/Users/datpro/Documents/gitdatpro/ff-transform-data/data/bronze/raw/calendar/2026/08_red.html|/Users/datpro/Documents/gitdatpro/ff-transform-data/data/bronze/raw/calendar/2026/08_orange.html|/Users/datpro/Documents/gitdatpro/ff-transform-data/data/bronze/raw/calendar/2026/08_yellow.html,2026-09-03T06:58:48Z
Aug 7,2:00pm,CHF,yellow,SECO Consumer Climate,-35,-34,-36,/Users/datpro/Documents/gitdatpro/ff-transform-data/data/bronze/raw/calendar/2026/08_red.html|/Users/datpro/Documents/gitdatpro/ff-transform-data/data/bronze/raw/calendar/2026/08_orange.html|/Users/datpro/Documents/gitdatpro/ff-transform-data/data/bronze/raw/calendar/2026/08_yellow.html,2026-09-03T06:58:48Z
Aug 7,6:30am,JPY,yellow,Household Spending y/y,-3.3%,0.8%,-0.4%,/Users/datpro/Documents/gitdatpro/ff-transform-data/data/bronze/raw/calendar/2026/08_red.html|/Users/datpro/Documents/gitdatpro/ff-transform-data/data/bronze/raw/calendar/2026/08_orange.html|/Users/datpro/Documents/gitdatpro/ff-transform-data/data/bronze/raw/calendar/2026/08_yellow.html,2026-09-03T06:58:48Z
Aug 7,9:00pm,USD,yellow,FOMC Member Barkin Speaks,N/A,N/A,N/A,/Users/datpro/Documents/gitdatpro/ff-transform-data/data/bronze/raw/calendar/2026/08_red.html|/Users/datpro/Documents/gitdatpro/ff-transform-data/data/bronze/raw/calendar/2026/08_orange.html|/Users/datpro/Documents/gitdatpro/ff-transform-data/data/bronze/raw/calendar/2026/08_yellow.html,2026-09-03T06:58:48Z
Aug 7,9:38am,CNY,yellow,Trade Balance,767B,735B,859B,/Users/datpro/Documents/gitdatpro/ff-transform-data/data/bronze/raw/calendar/2026/08_red.html|/Users/datpro/Documents/gitdatpro/ff-transform-data/data/bronze/raw/calendar/2026/08_orange.html|/Users/datpro/Documents/gitdatpro/ff-transform-data/data/bronze/raw/calendar/2026/08_yellow.html,2026-09-03T06:58:48Z
Aug 7,9:38am,CNY,yellow,USD-Denominated Trade Balance,112.5B,108.6B,125.6B,/Users/datpro/Documents/gitdatpro/ff-transform-data/data/bronze/raw/calendar/2026/08_red.html|/Users/datpro/Documents/gitdatpro/ff-transform-data/data/bronze/raw/calendar/2026/08_orange.html|/Users/datpro/Documents/gitdatpro/ff-transform-data/data/bronze/raw/calendar/2026/08_yellow.html,2026-09-03T06:58:48Z
Aug 7,N/A,CAD,red,Unemployment Rate,6.4%,6.5%,6.5%,/Users/datpro/Documents/gitdatpro/ff-transform-data/data/bronze/raw/calendar/2026/08_red.html|/Users/datpro/Documents/gitdatpro/ff-transform-data/data/bronze/raw/calendar/2026/08_orange.html|/Users/datpro/Documents/gitdatpro/ff-transform-data/data/bronze/raw/calendar/2026/08_yellow.html,2026-09-03T06:58:48Z
Aug 7,N/A,USD,red,Average Hourly Earnings m/m,0.1%,0.3%,0.3%,/Users/datpro/Documents/gitdatpro/ff-transform-data/data/bronze/raw/calendar/2026/08_red.html|/Users/datpro/Documents/gitdatpro/ff-transform-data/data/bronze/raw/calendar/2026/08_orange.html|/Users/datpro/Documents/gitdatpro/ff-transform-data/data/bronze/raw/calendar/2026/08_yellow.html,2026-09-03T06:58:48Z
Aug 7,N/A,USD,red,Non-Farm Employment Change,-23K,85K,20K,/Users/datpro/Documents/gitdatpro/ff-transform-data/data/bronze/raw/calendar/2026/08_red.html|/Users/datpro/Documents/gitdatpro/ff-transform-data/data/bronze/raw/calendar/2026/08_orange.html|/Users/datpro/Documents/gitdatpro/ff-transform-data/data/bronze/raw/calendar/2026/08_yellow.html,2026-09-03T06:58:48Z
Aug 7,N/A,USD,red,Unemployment Rate,4.1%,4.2%,4.2%,/Users/datpro/Documents/gitdatpro/ff-transform-data/data/bronze/raw/calendar/2026/08_red.html|/Users/datpro/Documents/gitdatpro/ff-transform-data/data/bronze/raw/calendar/2026/08_orange.html|/Users/datpro/Documents/gitdatpro/ff-transform-data/data/bronze/raw/calendar/2026/08_yellow.html,2026-09-03T06:58:48Z
Aug 8,11:45pm,USD,yellow,FOMC Member Bowman Speaks,N/A,N/A,N/A,/Users/datpro/Documents/gitdatpro/ff-transform-data/data/bronze/raw/calendar/2026/08_red.html|/Users/datpro/Documents/gitdatpro/ff-transform-data/data/bronze/raw/calendar/2026/08_orange.html|/Users/datpro/Documents/gitdatpro/ff-transform-data/data/bronze/raw/calendar/2026/08_yellow.html,2026-09-03T06:58:48Z
Aug 9,11:45pm,CNY,yellow,PPI y/y,3.5%,3.9%,4.1%,/Users/datpro/Documents/gitdatpro/ff-transform-data/data/bronze/raw/calendar/2026/08_red.html|/Users/datpro/Documents/gitdatpro/ff-transform-data/data/bronze/raw/calendar/2026/08_orange.html|/Users/datpro/Documents/gitdatpro/ff-transform-data/data/bronze/raw/calendar/2026/08_yellow.html,2026-09-03T06:58:48Z
