date,time,currency,impact,event,actual,forecast,previous,source_file,ingested_at
Jun 1,11:00pm,CAD,yellow,Gov Council Member Rogers Speaks,N/A,N/A,N/A,/Users/datpro/Documents/gitdatpro/ff-transform-data/data/bronze/raw/calendar/2026/06_red.html|/Users/datpro/Documents/gitdatpro/ff-transform-data/data/bronze/raw/calendar/2026/06_orange.html|/Users/datpro/Documents/gitdatpro/ff-transform-data/data/bronze/raw/calendar/2026/06_yellow.html,2026-09-03T06:55:00Z
Jun 1,1:00pm,EUR,yellow,German Retail Sales m/m,-0.3%,-0.4%,-0.3%,/Users/datpro/Documents/gitdatpro/ff-transform-data/data/bronze/raw/calendar/2026/06_red.html|/Users/datpro/Documents/gitdatpro/ff-transform-data/data/bronze/raw/calendar/2026/06_orange.html|/Users/datpro/Documents/gitdatpro/ff-transform-data/data/bronze/raw/calendar/2026/06_yellow.html,2026-09-03T06:55:00Z
Jun 1,1:00pm,GBP,yellow,Nationwide HPI m/m,-0.6%,-0.1%,0.4%,/Users/datpro/Documents/gitdatpro/ff-transform-data/data/bronze/raw/calendar/2026/06_red.html|/Users/datpro/Documents/gitdatpro/ff-transform-data/data/bronze/raw/calendar/2026/06_orange.html|/Users/datpro/Documents/gitdatpro/ff-transform-data/data/bronze/raw/calendar/2026/06_yellow.html,2026-09-03T06:55:00Z
Jun 1,1:30pm,AUD,yellow,Commodity Prices y/y,16.8%,N/A,15.0%,/Users/datpro/Documents/gitdatpro/ff-transform-data/data/bronze/raw/calendar/2026/06_red.html|/Users/datpro/Documents/gitdatpro/ff-transform-data/data/bronze/raw/calendar/2026/06_orange.html|/Users/datpro/Documents/gitdatpro/ff-transform-data/data/bronze/raw/calendar/2026/06_yellow.html,2026-09-03T06:55:00Z
Jun 1,1:30pm,CHF,yellow,Retail Sales y/y,1.6%,0.2%,1.3%,/Users/datpro/Documents/gitdatpro/ff-transform-data/data/bronze/raw/calendar/2026/06_red.html|/Users/datpro/Documents/gitdatpro/ff-transform-data/data/bronze/raw/calendar/2026/06_orange.html|/Users/datpro/Documents/gitdatpro/ff-transform-data/data/bronze/raw/calendar/2026/06_yellow.html,2026-09-03T06:55:00Z
Jun 1,2:00pm,CHF,yellow,GDP q/q,0.7%,0.6%,0.2%,/Users/datpro/Documents/gitdatpro/ff-transform-data/data/bronze/raw/calendar/2026/06_red.html|/Users/datpro/Documents/gitdatpro/ff-transform-data/data/bronze/raw/calendar/2026/06_orange.html|/Users/datpro/Documents/gitdatpro/ff-transform-data/data/bronze/raw/calendar/2026/06_yellow.html,2026-09-03T06:55:00Z
Jun 1,2:15pm,EUR,yellow,Spanish Manufacturing PMI,51.2,53.7,51.7,/Users/datpro/Documents/gitdatpro/ff-transform-data/data/bronze/raw/calendar/2026/06_red.html|/Users/datpro/Documents/gitdatpro/ff-transform-data/data/bronze/raw/calendar/2026/06_orange.html|/Users/datpro/Documents/gitdatpro/ff-transform-data/data/bronze/raw/calendar/2026/06_yellow.html,2026-09-03T06:55:00Z
Jun 1,2:30pm,CHF,yellow,Manufacturing PMI,57.3,54.0,54.5,/Users/datpro/Documents/gitdatpro/ff-transform-data/data/bronze/raw/calendar/2026/06_red.html|/Users/datpro/Documents/gitdatpro/ff-transform-data/data/bronze/raw/calendar/2026/06_orange.html|/Users/datpro/Documents/gitdatpro/ff-transform-data/data/bronze/raw/calendar/2026/06_yellow.html,2026-09-03T06:55:00Z
Jun 1,2:45pm,EUR,yellow,Italian Manufacturing PMI,52.9,52.0,52.1,/Users/datpro/Documents/gitdatpro/ff-transform-data/data/bronze/raw/calendar/2026/06_red.html|/Users/datpro/Documents/gitdatpro/ff-transform-data/data/bronze/raw/calendar/2026/06_orange.html|/Users/datpro/Documents/gitdatpro/ff-transform-data/data/bronze/raw/calendar/2026/06_yellow.html,2026-09-03T06:55:00Z
Jun 1,2:50pm,EUR,yellow,French Final Manufacturing PMI,49.7,48.9,48.9,/Users/datpro/Documents/gitdatpro/ff-transform-data/data/bronze/raw/calendar/2026/06_red.html|/Users/datpro/Documents/gitdatpro/ff-transform-data/data/bronze/raw/calendar/2026/06_orange.html|/Users/datpro/Documents/gitdatpro/ff-transform-data/data/bronze/raw/calendar/2026/06_yellow.html,2026-09-03T06:55:00Z
Jun 1,2:55pm,EUR,yellow,German Final Manufacturing PMI,50.1,49.9,49.9,/Users/datpro/Documents/gitdatpro/ff-transform-data/data/bronze/raw/calendar/2026/06_red.html|/Users/datpro/Documents/gitdatpro/ff-transform-data/data/bronze/raw/calendar/2026/06_orange.html|/Users/datpro/Documents/gitdatpro/ff-transform-data/data/bronze/raw/calendar/2026/06_yellow.html,2026-09-03T06:55:00Z
Jun 1,3:00pm,EUR,yellow,Final Manufacturing PMI,51.6,51.4,51.4,/Users/datpro/Documents/gitdatpro/ff-transform-data/data/bronze/raw/calendar/2026/06_red.html|/Users/datpro/Documents/gitdatpro/ff-transform-data/data/bronze/raw/calendar/2026/06_orange.html|/Users/datpro/Documents/gitdatpro/ff-transform-data/data/bronze/raw/calendar/2026/06_yellow.html,2026-09-03T06:55:00Z
Jun 1,3:00pm,EUR,yellow,M3 Money Supply y/y,2.7%,3.1%,3.2%,/Users/datpro/Documents/gitdatpro/ff-transform-data/data/bronze/raw/calendar/2026/06_red.html|/Users/datpro/Documents/gitdatpro/ff-transform-data/data/bronze/raw/calendar/2026/06_orange.html|/Users/datpro/Documents/gitdatpro/ff-transform-data/data/bronze/raw/calendar/2026/06_yellow.html,2026-09-03T06:55:00Z
Jun 1,3:00pm,EUR,yellow,Private Loans y/y,3.0%,3.0%,3.0%,/Users/datpro/Documents/gitdatpro/ff-transform-data/data/bronze/raw/calendar/2026/06_red.html|/Users/datpro/Documents/gitdatpro/ff-transform-data/data/bronze/raw/calendar/2026/06_orange.html|/Users/datpro/Documents/gitdatpro/ff-transform-data/data/bronze/raw/calendar/2026/06_yellow.html,2026-09-03T06:55:00Z
Jun 1,3:30pm,GBP,yellow,Final Manufacturing PMI,53.9,53.7,53.7,/Users/datpro/Documents/gitdatpro/ff-transform-data/data/bronze/raw/calendar/2026/06_red.html|/Users/datpro/Documents/gitdatpro/ff-transform-data/data/bronze/raw/calendar/2026/06_orange.html|/Users/datpro/Documents/gitdatpro/ff-transform-data/data/bronze/raw/calendar/2026/06_yellow.html,2026-09-03T06:55:00Z
Jun 1,4:00pm,EUR,yellow,Unemployment Rate,6.3%,6.2%,6.3%,/Users/datpro/Documents/gitdatpro/ff-transform-data/data/bronze/raw/calendar/2026/06_red.html|/Users/datpro/Documents/gitdatpro/ff-transform-data/data/bronze/raw/calendar/2026/06_orange.html|/Users/datpro/Documents/gitdatpro/ff-transform-data/data/bronze/raw/calendar/2026/06_yellow.html,2026-09-03T06:55:00Z
Jun 1,7:30am,JPY,yellow,Final Manufacturing PMI,54.5,54.5,54.5,/Users/datpro/Documents/gitdatpro/ff-transform-data/data/bronze/raw/calendar/2026/06_red.html|/Users/datpro/Documents/gitdatpro/ff-transform-data/data/bronze/raw/calendar/2026/06_orange.html|/Users/datpro/Documents/gitdatpro/ff-transform-data/data/bronze/raw/calendar/2026/06_yellow.html,2026-09-03T06:55:00Z
Jun 1,8:00am,AUD,yellow,MI Inflation Gauge m/m,-0.3%,N/A,0.6%,/Users/datpro/Documents/gitdatpro/ff-transform-data/data/bronze/raw/calendar/2026/06_red.html|/Users/datpro/Documents/gitdatpro/ff-transform-data/data/bronze/raw/calendar/2026/06_orange.html|/Users/datpro/Documents/gitdatpro/ff-transform-data/data/bronze/raw/calendar/2026/06_yellow.html,2026-09-03T06:55:00Z
Jun 1,8:30am,AUD,yellow,ANZ Job Advertisements m/m,1.8%,N/A,-0.6%,/Users/datpro/Documents/gitdatpro/ff-transform-data/data/bronze/raw/calendar/2026/06_red.html|/Users/datpro/Documents/gitdatpro/ff-transform-data/data/bronze/raw/calendar/2026/06_orange.html|/Users/datpro/Documents/gitdatpro/ff-transform-data/data/bronze/raw/calendar/2026/06_yellow.html,2026-09-03T06:55:00Z
Jun 1,8:30pm,CAD,yellow,Manufacturing PMI,52.9,N/A,53.3,/Users/datpro/Documents/gitdatpro/ff-transform-data/data/bronze/raw/calendar/2026/06_red.html|/Users/datpro/Documents/gitdatpro/ff-transform-data/data/bronze/raw/calendar/2026/06_orange.html|/Users/datpro/Documents/gitdatpro/ff-transform-data/data/bronze/raw/calendar/2026/06_yellow.html,2026-09-03T06:55:00Z
Jun 1,8:45am,CNY,yellow,RatingDog Manufacturing PMI,51.8,51.4,52.2,/Users/datpro/Documents/gitdatpro/ff-transform-data/data/bronze/raw/calendar/2026/06_red.html|/Users/datpro/Documents/gitdatpro/ff-transform-data/data/bronze/raw/calendar/2026/06_orange.html|/Users/datpro/Documents/gitdatpro/ff-transform-data/data/bronze/raw/calendar/2026/06_yellow.html,2026-09-03T06:55:00Z
Jun 1,8:45pm,USD,yellow,Final Manufacturing PMI,55.1,55.3,55.3,/Users/datpro/Documents/gitdatpro/ff-transform-data/data/bronze/raw/calendar/2026/06_red.html|/Users/datpro/Documents/gitdatpro/ff-transform-data/data/bronze/raw/calendar/2026/06_orange.html|/Users/datpro/Documents/gitdatpro/ff-transform-data/data/bronze/raw/calendar/2026/06_yellow.html,2026-09-03T06:55:00Z
Jun 1,9:00pm,USD,yellow,Construction Spending m/m,0.4%,0.3%,0.2%,/Users/datpro/Documents/gitdatpro/ff-transform-data/data/bronze/raw/calendar/2026/06_red.html|/Users/datpro/Documents/gitdatpro/ff-transform-data/data/bronze/raw/calendar/2026/06_orange.html|/Users/datpro/Documents/gitdatpro/ff-transform-data/data/bronze/raw/calendar/2026/06_yellow.html,2026-09-03T06:55:00Z
Jun 1,9:00pm,USD,orange,ISM Manufacturing Prices,82.1,85.3,84.6,/Users/datpro/Documents/gitdatpro/ff-transform-data/data/bronze/raw/calendar/2026/06_red.html|/Users/datpro/Documents/gitdatpro/ff-transform-data/data/bronze/raw/calendar/2026/06_orange.html|/Users/datpro/Documents/gitdatpro/ff-transform-data/data/bronze/raw/calendar/2026/06_yellow.html,2026-09-03T06:55:00Z
Jun 10,10:35am,JPY,yellow,30-y Bond Auction,3.86|2.9,N/A,3.84|3.5,/Users/datpro/Documents/gitdatpro/ff-transform-data/data/bronze/raw/calendar/2026/06_red.html|/Users/datpro/Documents/gitdatpro/ff-transform-data/data/bronze/raw/calendar/2026/06_orange.html|/Users/datpro/Documents/gitdatpro/ff-transform-data/data/bronze/raw/calendar/2026/06_yellow.html,2026-09-03T06:55:00Z
Jun 10,10:40pm,USD,red,CPI m/m,0.5%,0.5%,0.6%,/Users/datpro/Documents/gitdatpro/ff-transform-data/data/bronze/raw/calendar/2026/06_red.html|/Users/datpro/Documents/gitdatpro/ff-transform-data/data/bronze/raw/calendar/2026/06_orange.html|/Users/datpro/Documents/gitdatpro/ff-transform-data/data/bronze/raw/calendar/2026/06_yellow.html,2026-09-03T06:55:00Z
Jun 10,10:40pm,USD,red,CPI y/y,4.2%,4.2%,3.8%,/Users/datpro/Documents/gitdatpro/ff-transform-data/data/bronze/raw/calendar/2026/06_red.html|/Users/datpro/Documents/gitdatpro/ff-transform-data/data/bronze/raw/calendar/2026/06_orange.html|/Users/datpro/Documents/gitdatpro/ff-transform-data/data/bronze/raw/calendar/2026/06_yellow.html,2026-09-03T06:55:00Z
Jun 10,10:40pm,USD,red,Core CPI y/y,2.9%,2.9%,2.8%,/Users/datpro/Documents/gitdatpro/ff-transform-data/data/bronze/raw/calendar/2026/06_red.html|/Users/datpro/Documents/gitdatpro/ff-transform-data/data/bronze/raw/calendar/2026/06_orange.html|/Users/datpro/Documents/gitdatpro/ff-transform-data/data/bronze/raw/calendar/2026/06_yellow.html,2026-09-03T06:55:00Z
Jun 10,3:00pm,EUR,yellow,Italian Industrial Production m/m,0.5%,0.0%,0.6%,/Users/datpro/Documents/gitdatpro/ff-transform-data/data/bronze/raw/calendar/2026/06_red.html|/Users/datpro/Documents/gitdatpro/ff-transform-data/data/bronze/raw/calendar/2026/06_orange.html|/Users/datpro/Documents/gitdatpro/ff-transform-data/data/bronze/raw/calendar/2026/06_yellow.html,2026-09-03T06:55:00Z
Jun 10,4:35pm,EUR,yellow,German 10-y Bond Auction,3.06|1.7,N/A,3.16|1.5,/Users/datpro/Documents/gitdatpro/ff-transform-data/data/bronze/raw/calendar/2026/06_red.html|/Users/datpro/Documents/gitdatpro/ff-transform-data/data/bronze/raw/calendar/2026/06_orange.html|/Users/datpro/Documents/gitdatpro/ff-transform-data/data/bronze/raw/calendar/2026/06_yellow.html,2026-09-03T06:55:00Z
Jun 10,6:50am,JPY,yellow,PPI y/y,6.3%,5.6%,5.3%,/Users/datpro/Documents/gitdatpro/ff-transform-data/data/bronze/raw/calendar/2026/06_red.html|/Users/datpro/Documents/gitdatpro/ff-transform-data/data/bronze/raw/calendar/2026/06_orange.html|/Users/datpro/Documents/gitdatpro/ff-transform-data/data/bronze/raw/calendar/2026/06_yellow.html,2026-09-03T06:55:00Z
Jun 10,8:30am,CNY,yellow,CPI y/y,1.2%,1.3%,1.2%,/Users/datpro/Documents/gitdatpro/ff-transform-data/data/bronze/raw/calendar/2026/06_red.html|/Users/datpro/Documents/gitdatpro/ff-transform-data/data/bronze/raw/calendar/2026/06_orange.html|/Users/datpro/Documents/gitdatpro/ff-transform-data/data/bronze/raw/calendar/2026/06_yellow.html,2026-09-03T06:55:00Z
Jun 10,8:30am,CNY,yellow,PPI y/y,3.9%,3.9%,2.8%,/Users/datpro/Documents/gitdatpro/ff-transform-data/data/bronze/raw/calendar/2026/06_red.html|/Users/datpro/Documents/gitdatpro/ff-transform-data/data/bronze/raw/calendar/2026/06_orange.html|/Users/datpro/Documents/gitdatpro/ff-transform-data/data/bronze/raw/calendar/2026/06_yellow.html,2026-09-03T06:55:00Z
Jun 10,8:45pm,CAD,red,BOC Rate Statement,N/A,N/A,N/A,/Users/datpro/Documents/gitdatpro/ff-transform-data/data/bronze/raw/calendar/2026/06_red.html|/Users/datpro/Documents/gitdatpro/ff-transform-data/data/bronze/raw/calendar/2026/06_orange.html|/Users/datpro/Documents/gitdatpro/ff-transform-data/data/bronze/raw/calendar/2026/06_yellow.html,2026-09-03T06:55:00Z
Jun 10,8:45pm,CAD,red,Overnight Rate,2.25%,2.25%,2.25%,/Users/datpro/Documents/gitdatpro/ff-transform-data/data/bronze/raw/calendar/2026/06_red.html|/Users/datpro/Documents/gitdatpro/ff-transform-data/data/bronze/raw/calendar/2026/06_orange.html|/Users/datpro/Documents/gitdatpro/ff-transform-data/data/bronze/raw/calendar/2026/06_yellow.html,2026-09-03T06:55:00Z
Jun 10,9:30pm,CAD,red,BOC Press Conference,N/A,N/A,N/A,/Users/datpro/Documents/gitdatpro/ff-transform-data/data/bronze/raw/calendar/2026/06_red.html|/Users/datpro/Documents/gitdatpro/ff-transform-data/data/bronze/raw/calendar/2026/06_orange.html|/Users/datpro/Documents/gitdatpro/ff-transform-data/data/bronze/raw/calendar/2026/06_yellow.html,2026-09-03T06:55:00Z
Jun 10,9:30pm,USD,yellow,Crude Oil Inventories,-7.2M,-3.0M,-8.0M,/Users/datpro/Documents/gitdatpro/ff-transform-data/data/bronze/raw/calendar/2026/06_red.html|/Users/datpro/Documents/gitdatpro/ff-transform-data/data/bronze/raw/calendar/2026/06_orange.html|/Users/datpro/Documents/gitdatpro/ff-transform-data/data/bronze/raw/calendar/2026/06_yellow.html,2026-09-03T06:55:00Z
Jun 11,12:59am,USD,yellow,Federal Budget Balance,-292.6B,-282.9B,215.0B,/Users/datpro/Documents/gitdatpro/ff-transform-data/data/bronze/raw/calendar/2026/06_red.html|/Users/datpro/Documents/gitdatpro/ff-transform-data/data/bronze/raw/calendar/2026/06_orange.html|/Users/datpro/Documents/gitdatpro/ff-transform-data/data/bronze/raw/calendar/2026/06_yellow.html,2026-09-03T06:55:00Z
Jun 11,6:01am,GBP,yellow,RICS House Price Balance,-35%,-32%,-35%,/Users/datpro/Documents/gitdatpro/ff-transform-data/data/bronze/raw/calendar/2026/06_red.html|/Users/datpro/Documents/gitdatpro/ff-transform-data/data/bronze/raw/calendar/2026/06_orange.html|/Users/datpro/Documents/gitdatpro/ff-transform-data/data/bronze/raw/calendar/2026/06_yellow.html,2026-09-03T06:55:00Z
Jun 11,6:50am,JPY,yellow,BSI Manufacturing Index,-1.8,4.2,3.8,/Users/datpro/Documents/gitdatpro/ff-transform-data/data/bronze/raw/calendar/2026/06_red.html|/Users/datpro/Documents/gitdatpro/ff-transform-data/data/bronze/raw/calendar/2026/06_orange.html|/Users/datpro/Documents/gitdatpro/ff-transform-data/data/bronze/raw/calendar/2026/06_yellow.html,2026-09-03T06:55:00Z
Jun 11,7:30pm,CAD,yellow,Building Permits m/m,-7.6%,-3.7%,10.6%,/Users/datpro/Documents/gitdatpro/ff-transform-data/data/bronze/raw/calendar/2026/06_red.html|/Users/datpro/Documents/gitdatpro/ff-transform-data/data/bronze/raw/calendar/2026/06_orange.html|/Users/datpro/Documents/gitdatpro/ff-transform-data/data/bronze/raw/calendar/2026/06_yellow.html,2026-09-03T06:55:00Z
Jun 11,7:30pm,USD,red,Core PPI m/m,0.4%,0.5%,0.7%,/Users/datpro/Documents/gitdatpro/ff-transform-data/data/bronze/raw/calendar/2026/06_red.html|/Users/datpro/Documents/gitdatpro/ff-transform-data/data/bronze/raw/calendar/2026/06_orange.html|/Users/datpro/Documents/gitdatpro/ff-transform-data/data/bronze/raw/calendar/2026/06_yellow.html,2026-09-03T06:55:00Z
Jun 11,7:30pm,USD,red,PPI m/m,1.1%,0.7%,1.1%,/Users/datpro/Documents/gitdatpro/ff-transform-data/data/bronze/raw/calendar/2026/06_red.html|/Users/datpro/Documents/gitdatpro/ff-transform-data/data/bronze/raw/calendar/2026/06_orange.html|/Users/datpro/Documents/gitdatpro/ff-transform-data/data/bronze/raw/calendar/2026/06_yellow.html,2026-09-03T06:55:00Z
Jun 11,7:45pm,EUR,red,ECB Press Conference,N/A,N/A,N/A,/Users/datpro/Documents/gitdatpro/ff-transform-data/data/bronze/raw/calendar/2026/06_red.html|/Users/datpro/Documents/gitdatpro/ff-transform-data/data/bronze/raw/calendar/2026/06_orange.html|/Users/datpro/Documents/gitdatpro/ff-transform-data/data/bronze/raw/calendar/2026/06_yellow.html,2026-09-03T06:55:00Z
Jun 11,8:00am,AUD,yellow,MI Inflation Expectations,5.5%,N/A,5.6%,/Users/datpro/Documents/gitdatpro/ff-transform-data/data/bronze/raw/calendar/2026/06_red.html|/Users/datpro/Documents/gitdatpro/ff-transform-data/data/bronze/raw/calendar/2026/06_orange.html|/Users/datpro/Documents/gitdatpro/ff-transform-data/data/bronze/raw/calendar/2026/06_yellow.html,2026-09-03T06:55:00Z
Jun 11,9:30pm,EUR,red,Monetary Policy Statement,N/A,N/A,N/A,/Users/datpro/Documents/gitdatpro/ff-transform-data/data/bronze/raw/calendar/2026/06_red.html|/Users/datpro/Documents/gitdatpro/ff-transform-data/data/bronze/raw/calendar/2026/06_orange.html|/Users/datpro/Documents/gitdatpro/ff-transform-data/data/bronze/raw/calendar/2026/06_yellow.html,2026-09-03T06:55:00Z
Jun 11,9:30pm,USD,yellow,Natural Gas Storage,108B,101B,95B,/Users/datpro/Documents/gitdatpro/ff-transform-data/data/bronze/raw/calendar/2026/06_red.html|/Users/datpro/Documents/gitdatpro/ff-transform-data/data/bronze/raw/calendar/2026/06_orange.html|/Users/datpro/Documents/gitdatpro/ff-transform-data/data/bronze/raw/calendar/2026/06_yellow.html,2026-09-03T06:55:00Z
Jun 11,All Day,EUR,yellow,Eurogroup Meetings,N/A,N/A,N/A,/Users/datpro/Documents/gitdatpro/ff-transform-data/data/bronze/raw/calendar/2026/06_red.html|/Users/datpro/Documents/gitdatpro/ff-transform-data/data/bronze/raw/calendar/2026/06_orange.html|/Users/datpro/Documents/gitdatpro/ff-transform-data/data/bronze/raw/calendar/2026/06_yellow.html,2026-09-03T06:55:00Z
Jun 12,11:30am,JPY,yellow,Revised Industrial Production m/m,0.5%,0.9%,0.8%,/Users/datpro/Documents/gitdatpro/ff-transform-data/data/bronze/raw/calendar/2026/06_red.html|/Users/datpro/Documents/gitdatpro/ff-transform-data/data/bronze/raw/calendar/2026/06_orange.html|/Users/datpro/Documents/gitdatpro/ff-transform-data/data/bronze/raw/calendar/2026/06_yellow.html,2026-09-03T06:55:00Z
Jun 12,1:00pm,EUR,yellow,German Final CPI m/m,-0.2%,-0.2%,-0.2%,/Users/datpro/Documents/gitdatpro/ff-transform-data/data/bronze/raw/calendar/2026/06_red.html|/Users/datpro/Documents/gitdatpro/ff-transform-data/data/bronze/raw/calendar/2026/06_orange.html|/Users/datpro/Documents/gitdatpro/ff-transform-data/data/bronze/raw/calendar/2026/06_yellow.html,2026-09-03T06:55:00Z
Jun 12,1:00pm,GBP,yellow,Construction Output m/m,0.1%,-0.7%,1.5%,/Users/datpro/Documents/gitdatpro/ff-transform-data/data/bronze/raw/calendar/2026/06_red.html|/Users/datpro/Documents/gitdatpro/ff-transform-data/data/bronze/raw/calendar/2026/06_orange.html|/Users/datpro/Documents/gitdatpro/ff-transform-data/data/bronze/raw/calendar/2026/06_yellow.html,2026-09-03T06:55:00Z
Jun 12,1:00pm,GBP,yellow,Goods Trade Balance,-26.0B,-22.5B,-27.2B,/Users/datpro/Documents/gitdatpro/ff-transform-data/data/bronze/raw/calendar/2026/06_red.html|/Users/datpro/Documents/gitdatpro/ff-transform-data/data/bronze/raw/calendar/2026/06_orange.html|/Users/datpro/Documents/gitdatpro/ff-transform-data/data/bronze/raw/calendar/2026/06_yellow.html,2026-09-03T06:55:00Z
Jun 12,1:00pm,GBP,yellow,Index of Services 3m/3m,0.8%,0.8%,0.8%,/Users/datpro/Documents/gitdatpro/ff-transform-data/data/bronze/raw/calendar/2026/06_red.html|/Users/datpro/Documents/gitdatpro/ff-transform-data/data/bronze/raw/calendar/2026/06_orange.html|/Users/datpro/Documents/gitdatpro/ff-transform-data/data/bronze/raw/calendar/2026/06_yellow.html,2026-09-03T06:55:00Z
Jun 12,1:00pm,GBP,yellow,Industrial Production m/m,0.0%,0.1%,-0.2%,/Users/datpro/Documents/gitdatpro/ff-transform-data/data/bronze/raw/calendar/2026/06_red.html|/Users/datpro/Documents/gitdatpro/ff-transform-data/data/bronze/raw/calendar/2026/06_orange.html|/Users/datpro/Documents/gitdatpro/ff-transform-data/data/bronze/raw/calendar/2026/06_yellow.html,2026-09-03T06:55:00Z
Jun 12,1:00pm,GBP,yellow,Manufacturing Production m/m,0.4%,-0.2%,1.2%,/Users/datpro/Documents/gitdatpro/ff-transform-data/data/bronze/raw/calendar/2026/06_red.html|/Users/datpro/Documents/gitdatpro/ff-transform-data/data/bronze/raw/calendar/2026/06_orange.html|/Users/datpro/Documents/gitdatpro/ff-transform-data/data/bronze/raw/calendar/2026/06_yellow.html,2026-09-03T06:55:00Z
Jun 12,1:45pm,EUR,yellow,French Final CPI m/m,0.1%,0.1%,0.1%,/Users/datpro/Documents/gitdatpro/ff-transform-data/data/bronze/raw/calendar/2026/06_red.html|/Users/datpro/Documents/gitdatpro/ff-transform-data/data/bronze/raw/calendar/2026/06_orange.html|/Users/datpro/Documents/gitdatpro/ff-transform-data/data/bronze/raw/calendar/2026/06_yellow.html,2026-09-03T06:55:00Z
Jun 12,3:30pm,EUR,yellow,Italian Quarterly Unemployment Rate,5.3%,N/A,5.7%,/Users/datpro/Documents/gitdatpro/ff-transform-data/data/bronze/raw/calendar/2026/06_red.html|/Users/datpro/Documents/gitdatpro/ff-transform-data/data/bronze/raw/calendar/2026/06_orange.html|/Users/datpro/Documents/gitdatpro/ff-transform-data/data/bronze/raw/calendar/2026/06_yellow.html,2026-09-03T06:55:00Z
Jun 12,3:30pm,GBP,yellow,Consumer Inflation Expectations,4.0%,N/A,3.2%,/Users/datpro/Documents/gitdatpro/ff-transform-data/data/bronze/raw/calendar/2026/06_red.html|/Users/datpro/Documents/gitdatpro/ff-transform-data/data/bronze/raw/calendar/2026/06_orange.html|/Users/datpro/Documents/gitdatpro/ff-transform-data/data/bronze/raw/calendar/2026/06_yellow.html,2026-09-03T06:55:00Z
Jun 12,4:00pm,CNY,yellow,M2 Money Supply y/y,8.6%,8.6%,8.6%,/Users/datpro/Documents/gitdatpro/ff-transform-data/data/bronze/raw/calendar/2026/06_red.html|/Users/datpro/Documents/gitdatpro/ff-transform-data/data/bronze/raw/calendar/2026/06_orange.html|/Users/datpro/Documents/gitdatpro/ff-transform-data/data/bronze/raw/calendar/2026/06_yellow.html,2026-09-03T06:55:00Z
Jun 12,4:00pm,CNY,yellow,New Loans,520B,450B,-10B,/Users/datpro/Documents/gitdatpro/ff-transform-data/data/bronze/raw/calendar/2026/06_red.html|/Users/datpro/Documents/gitdatpro/ff-transform-data/data/bronze/raw/calendar/2026/06_orange.html|/Users/datpro/Documents/gitdatpro/ff-transform-data/data/bronze/raw/calendar/2026/06_yellow.html,2026-09-03T06:55:00Z
Jun 12,5:30am,NZD,yellow,BusinessNZ Manufacturing Index,49.9,N/A,50.4,/Users/datpro/Documents/gitdatpro/ff-transform-data/data/bronze/raw/calendar/2026/06_red.html|/Users/datpro/Documents/gitdatpro/ff-transform-data/data/bronze/raw/calendar/2026/06_orange.html|/Users/datpro/Documents/gitdatpro/ff-transform-data/data/bronze/raw/calendar/2026/06_yellow.html,2026-09-03T06:55:00Z
Jun 12,5:45am,NZD,yellow,Visitor Arrivals m/m,2.3%,N/A,-2.6%,/Users/datpro/Documents/gitdatpro/ff-transform-data/data/bronze/raw/calendar/2026/06_red.html|/Users/datpro/Documents/gitdatpro/ff-transform-data/data/bronze/raw/calendar/2026/06_orange.html|/Users/datpro/Documents/gitdatpro/ff-transform-data/data/bronze/raw/calendar/2026/06_yellow.html,2026-09-03T06:55:00Z
Jun 12,8:30pm,GBP,yellow,CB Leading Index m/m,-0.4%,N/A,-0.5%,/Users/datpro/Documents/gitdatpro/ff-transform-data/data/bronze/raw/calendar/2026/06_red.html|/Users/datpro/Documents/gitdatpro/ff-transform-data/data/bronze/raw/calendar/2026/06_orange.html|/Users/datpro/Documents/gitdatpro/ff-transform-data/data/bronze/raw/calendar/2026/06_yellow.html,2026-09-03T06:55:00Z
Jun 12,9:30pm,EUR,yellow,German Buba President Nagel Speaks,N/A,N/A,N/A,/Users/datpro/Documents/gitdatpro/ff-transform-data/data/bronze/raw/calendar/2026/06_red.html|/Users/datpro/Documents/gitdatpro/ff-transform-data/data/bronze/raw/calendar/2026/06_orange.html|/Users/datpro/Documents/gitdatpro/ff-transform-data/data/bronze/raw/calendar/2026/06_yellow.html,2026-09-03T06:55:00Z
Jun 12,All Day,EUR,yellow,ECOFIN Meetings,N/A,N/A,N/A,/Users/datpro/Documents/gitdatpro/ff-transform-data/data/bronze/raw/calendar/2026/06_red.html|/Users/datpro/Documents/gitdatpro/ff-transform-data/data/bronze/raw/calendar/2026/06_orange.html|/Users/datpro/Documents/gitdatpro/ff-transform-data/data/bronze/raw/calendar/2026/06_yellow.html,2026-09-03T06:55:00Z
Jun 12,All Day,USD,orange,Prelim UoM Inflation Expectations,4.6%,N/A,4.8%,/Users/datpro/Documents/gitdatpro/ff-transform-data/data/bronze/raw/calendar/2026/06_red.html|/Users/datpro/Documents/gitdatpro/ff-transform-data/data/bronze/raw/calendar/2026/06_orange.html|/Users/datpro/Documents/gitdatpro/ff-transform-data/data/bronze/raw/calendar/2026/06_yellow.html,2026-09-03T06:55:00Z
Jun 15,11:30am,JPY,yellow,Tertiary Industry Activity m/m,1.3%,0.5%,-0.6%,/Users/datpro/Documents/gitdatpro/ff-transform-data/data/bronze/raw/calendar/2026/06_red.html|/Users/datpro/Documents/gitdatpro/ff-transform-data/data/bronze/raw/calendar/2026/06_orange.html|/Users/datpro/Documents/gitdatpro/ff-transform-data/data/bronze/raw/calendar/2026/06_yellow.html,2026-09-03T06:55:00Z
Jun 15,1:00pm,EUR,yellow,German WPI m/m,-0.6%,0.8%,2.0%,/Users/datpro/Documents/gitdatpro/ff-transform-data/data/bronze/raw/calendar/2026/06_red.html|/Users/datpro/Documents/gitdatpro/ff-transform-data/data/bronze/raw/calendar/2026/06_orange.html|/Users/datpro/Documents/gitdatpro/ff-transform-data/data/bronze/raw/calendar/2026/06_yellow.html,2026-09-03T06:55:00Z
Jun 15,1:30pm,CHF,yellow,PPI m/m,-0.4%,0.4%,0.8%,/Users/datpro/Documents/gitdatpro/ff-transform-data/data/bronze/raw/calendar/2026/06_red.html|/Users/datpro/Documents/gitdatpro/ff-transform-data/data/bronze/raw/calendar/2026/06_orange.html|/Users/datpro/Documents/gitdatpro/ff-transform-data/data/bronze/raw/calendar/2026/06_yellow.html,2026-09-03T06:55:00Z
Jun 15,2:00pm,CHF,yellow,SECO Consumer Climate,-38,-38,-40,/Users/datpro/Documents/gitdatpro/ff-transform-data/data/bronze/raw/calendar/2026/06_red.html|/Users/datpro/Documents/gitdatpro/ff-transform-data/data/bronze/raw/calendar/2026/06_orange.html|/Users/datpro/Documents/gitdatpro/ff-transform-data/data/bronze/raw/calendar/2026/06_yellow.html,2026-09-03T06:55:00Z
Jun 15,2:00pm,EUR,yellow,German Buba President Nagel Speaks,N/A,N/A,N/A,/Users/datpro/Documents/gitdatpro/ff-transform-data/data/bronze/raw/calendar/2026/06_red.html|/Users/datpro/Documents/gitdatpro/ff-transform-data/data/bronze/raw/calendar/2026/06_orange.html|/Users/datpro/Documents/gitdatpro/ff-transform-data/data/bronze/raw/calendar/2026/06_yellow.html,2026-09-03T06:55:00Z
Jun 15,3:00pm,EUR,yellow,Italian Trade Balance,4.29B,5.19B,4.81B,/Users/datpro/Documents/gitdatpro/ff-transform-data/data/bronze/raw/calendar/2026/06_red.html|/Users/datpro/Documents/gitdatpro/ff-transform-data/data/bronze/raw/calendar/2026/06_orange.html|/Users/datpro/Documents/gitdatpro/ff-transform-data/data/bronze/raw/calendar/2026/06_yellow.html,2026-09-03T06:55:00Z
Jun 15,4:00pm,EUR,yellow,Industrial Production m/m,0.1%,0.2%,0.4%,/Users/datpro/Documents/gitdatpro/ff-transform-data/data/bronze/raw/calendar/2026/06_red.html|/Users/datpro/Documents/gitdatpro/ff-transform-data/data/bronze/raw/calendar/2026/06_orange.html|/Users/datpro/Documents/gitdatpro/ff-transform-data/data/bronze/raw/calendar/2026/06_yellow.html,2026-09-03T06:55:00Z
Jun 15,4:00pm,EUR,yellow,Trade Balance,1.3B,7.8B,0.6B,/Users/datpro/Documents/gitdatpro/ff-transform-data/data/bronze/raw/calendar/2026/06_red.html|/Users/datpro/Documents/gitdatpro/ff-transform-data/data/bronze/raw/calendar/2026/06_orange.html|/Users/datpro/Documents/gitdatpro/ff-transform-data/data/bronze/raw/calendar/2026/06_yellow.html,2026-09-03T06:55:00Z
Jun 15,6:01am,GBP,yellow,Rightmove HPI m/m,-0.6%,N/A,1.2%,/Users/datpro/Documents/gitdatpro/ff-transform-data/data/bronze/raw/calendar/2026/06_red.html|/Users/datpro/Documents/gitdatpro/ff-transform-data/data/bronze/raw/calendar/2026/06_orange.html|/Users/datpro/Documents/gitdatpro/ff-transform-data/data/bronze/raw/calendar/2026/06_yellow.html,2026-09-03T06:55:00Z
Jun 15,7:15pm,CAD,yellow,Housing Starts,261K,255K,278K,/Users/datpro/Documents/gitdatpro/ff-transform-data/data/bronze/raw/calendar/2026/06_red.html|/Users/datpro/Documents/gitdatpro/ff-transform-data/data/bronze/raw/calendar/2026/06_orange.html|/Users/datpro/Documents/gitdatpro/ff-transform-data/data/bronze/raw/calendar/2026/06_yellow.html,2026-09-03T06:55:00Z
Jun 15,7:30pm,CAD,yellow,Manufacturing Sales m/m,4.2%,4.4%,3.4%,/Users/datpro/Documents/gitdatpro/ff-transform-data/data/bronze/raw/calendar/2026/06_red.html|/Users/datpro/Documents/gitdatpro/ff-transform-data/data/bronze/raw/calendar/2026/06_orange.html|/Users/datpro/Documents/gitdatpro/ff-transform-data/data/bronze/raw/calendar/2026/06_yellow.html,2026-09-03T06:55:00Z
Jun 15,7:30pm,CAD,yellow,Wholesale Sales m/m,0.6%,0.2%,1.6%,/Users/datpro/Documents/gitdatpro/ff-transform-data/data/bronze/raw/calendar/2026/06_red.html|/Users/datpro/Documents/gitdatpro/ff-transform-data/data/bronze/raw/calendar/2026/06_orange.html|/Users/datpro/Documents/gitdatpro/ff-transform-data/data/bronze/raw/calendar/2026/06_yellow.html,2026-09-03T06:55:00Z
Jun 15,7:30pm,USD,yellow,Empire State Manufacturing Index,5.7,13.2,19.6,/Users/datpro/Documents/gitdatpro/ff-transform-data/data/bronze/raw/calendar/2026/06_red.html|/Users/datpro/Documents/gitdatpro/ff-transform-data/data/bronze/raw/calendar/2026/06_orange.html|/Users/datpro/Documents/gitdatpro/ff-transform-data/data/bronze/raw/calendar/2026/06_yellow.html,2026-09-03T06:55:00Z
Jun 15,8:15pm,USD,yellow,Capacity Utilization Rate,76.2%,76.2%,76.1%,/Users/datpro/Documents/gitdatpro/ff-transform-data/data/bronze/raw/calendar/2026/06_red.html|/Users/datpro/Documents/gitdatpro/ff-transform-data/data/bronze/raw/calendar/2026/06_orange.html|/Users/datpro/Documents/gitdatpro/ff-transform-data/data/bronze/raw/calendar/2026/06_yellow.html,2026-09-03T06:55:00Z
Jun 15,8:15pm,USD,yellow,Industrial Production m/m,0.1%,0.3%,0.9%,/Users/datpro/Documents/gitdatpro/ff-transform-data/data/bronze/raw/calendar/2026/06_red.html|/Users/datpro/Documents/gitdatpro/ff-transform-data/data/bronze/raw/calendar/2026/06_orange.html|/Users/datpro/Documents/gitdatpro/ff-transform-data/data/bronze/raw/calendar/2026/06_yellow.html,2026-09-03T06:55:00Z
Jun 15,9:00pm,USD,yellow,NAHB Housing Market Index,35,36,37,/Users/datpro/Documents/gitdatpro/ff-transform-data/data/bronze/raw/calendar/2026/06_red.html|/Users/datpro/Documents/gitdatpro/ff-transform-data/data/bronze/raw/calendar/2026/06_orange.html|/Users/datpro/Documents/gitdatpro/ff-transform-data/data/bronze/raw/calendar/2026/06_yellow.html,2026-09-03T06:55:00Z
Jun 16,10:14pm,NZD,yellow,GDT Price Index,-2.8%,N/A,-0.6%,/Users/datpro/Documents/gitdatpro/ff-transform-data/data/bronze/raw/calendar/2026/06_red.html|/Users/datpro/Documents/gitdatpro/ff-transform-data/data/bronze/raw/calendar/2026/06_orange.html|/Users/datpro/Documents/gitdatpro/ff-transform-data/data/bronze/raw/calendar/2026/06_yellow.html,2026-09-03T06:55:00Z
Jun 16,11:30am,AUD,red,Cash Rate,4.35%,4.35%,4.35%,/Users/datpro/Documents/gitdatpro/ff-transform-data/data/bronze/raw/calendar/2026/06_red.html|/Users/datpro/Documents/gitdatpro/ff-transform-data/data/bronze/raw/calendar/2026/06_orange.html|/Users/datpro/Documents/gitdatpro/ff-transform-data/data/bronze/raw/calendar/2026/06_yellow.html,2026-09-03T06:55:00Z
Jun 16,11:30am,AUD,red,RBA Rate Statement,N/A,N/A,N/A,/Users/datpro/Documents/gitdatpro/ff-transform-data/data/bronze/raw/calendar/2026/06_red.html|/Users/datpro/Documents/gitdatpro/ff-transform-data/data/bronze/raw/calendar/2026/06_orange.html|/Users/datpro/Documents/gitdatpro/ff-transform-data/data/bronze/raw/calendar/2026/06_yellow.html,2026-09-03T06:55:00Z
Jun 16,12:30pm,AUD,red,RBA Press Conference,N/A,N/A,N/A,/Users/datpro/Documents/gitdatpro/ff-transform-data/data/bronze/raw/calendar/2026/06_red.html|/Users/datpro/Documents/gitdatpro/ff-transform-data/data/bronze/raw/calendar/2026/06_orange.html|/Users/datpro/Documents/gitdatpro/ff-transform-data/data/bronze/raw/calendar/2026/06_yellow.html,2026-09-03T06:55:00Z
Jun 16,1:30pm,JPY,red,BOJ Press Conference,N/A,N/A,N/A,/Users/datpro/Documents/gitdatpro/ff-transform-data/data/bronze/raw/calendar/2026/06_red.html|/Users/datpro/Documents/gitdatpro/ff-transform-data/data/bronze/raw/calendar/2026/06_orange.html|/Users/datpro/Documents/gitdatpro/ff-transform-data/data/bronze/raw/calendar/2026/06_yellow.html,2026-09-03T06:55:00Z
Jun 16,4:00pm,EUR,yellow,German ZEW Economic Sentiment,10.5,-5.8,-10.2,/Users/datpro/Documents/gitdatpro/ff-transform-data/data/bronze/raw/calendar/2026/06_red.html|/Users/datpro/Documents/gitdatpro/ff-transform-data/data/bronze/raw/calendar/2026/06_orange.html|/Users/datpro/Documents/gitdatpro/ff-transform-data/data/bronze/raw/calendar/2026/06_yellow.html,2026-09-03T06:55:00Z
Jun 16,4:00pm,EUR,yellow,ZEW Economic Sentiment,9.5,-7.2,-9.1,/Users/datpro/Documents/gitdatpro/ff-transform-data/data/bronze/raw/calendar/2026/06_red.html|/Users/datpro/Documents/gitdatpro/ff-transform-data/data/bronze/raw/calendar/2026/06_orange.html|/Users/datpro/Documents/gitdatpro/ff-transform-data/data/bronze/raw/calendar/2026/06_yellow.html,2026-09-03T06:55:00Z
Jun 16,4:02pm,GBP,yellow,10-y Bond Auction,4.86|3.5,N/A,4.98|3.6,/Users/datpro/Documents/gitdatpro/ff-transform-data/data/bronze/raw/calendar/2026/06_red.html|/Users/datpro/Documents/gitdatpro/ff-transform-data/data/bronze/raw/calendar/2026/06_orange.html|/Users/datpro/Documents/gitdatpro/ff-transform-data/data/bronze/raw/calendar/2026/06_yellow.html,2026-09-03T06:55:00Z
Jun 16,7:15pm,USD,yellow,ADP Weekly Employment Change,25.5K,N/A,29.0K,/Users/datpro/Documents/gitdatpro/ff-transform-data/data/bronze/raw/calendar/2026/06_red.html|/Users/datpro/Documents/gitdatpro/ff-transform-data/data/bronze/raw/calendar/2026/06_orange.html|/Users/datpro/Documents/gitdatpro/ff-transform-data/data/bronze/raw/calendar/2026/06_yellow.html,2026-09-03T06:55:00Z
Jun 16,7:30pm,CAD,yellow,Foreign Securities Purchases,46.91B,8.16B,4.40B,/Users/datpro/Documents/gitdatpro/ff-transform-data/data/bronze/raw/calendar/2026/06_red.html|/Users/datpro/Documents/gitdatpro/ff-transform-data/data/bronze/raw/calendar/2026/06_orange.html|/Users/datpro/Documents/gitdatpro/ff-transform-data/data/bronze/raw/calendar/2026/06_yellow.html,2026-09-03T06:55:00Z
Jun 16,7:30pm,USD,yellow,Building Permits,1.41M,1.42M,1.42M,/Users/datpro/Documents/gitdatpro/ff-transform-data/data/bronze/raw/calendar/2026/06_red.html|/Users/datpro/Documents/gitdatpro/ff-transform-data/data/bronze/raw/calendar/2026/06_orange.html|/Users/datpro/Documents/gitdatpro/ff-transform-data/data/bronze/raw/calendar/2026/06_yellow.html,2026-09-03T06:55:00Z
Jun 16,7:30pm,USD,yellow,Housing Starts,1.18M,1.43M,1.39M,/Users/datpro/Documents/gitdatpro/ff-transform-data/data/bronze/raw/calendar/2026/06_red.html|/Users/datpro/Documents/gitdatpro/ff-transform-data/data/bronze/raw/calendar/2026/06_orange.html|/Users/datpro/Documents/gitdatpro/ff-transform-data/data/bronze/raw/calendar/2026/06_yellow.html,2026-09-03T06:55:00Z
Jun 16,7:30pm,USD,yellow,Import Prices m/m,1.9%,0.9%,2.0%,/Users/datpro/Documents/gitdatpro/ff-transform-data/data/bronze/raw/calendar/2026/06_red.html|/Users/datpro/Documents/gitdatpro/ff-transform-data/data/bronze/raw/calendar/2026/06_orange.html|/Users/datpro/Documents/gitdatpro/ff-transform-data/data/bronze/raw/calendar/2026/06_yellow.html,2026-09-03T06:55:00Z
Jun 16,7:45pm,JPY,red,Monetary Policy Statement,N/A,N/A,N/A,/Users/datpro/Documents/gitdatpro/ff-transform-data/data/bronze/raw/calendar/2026/06_red.html|/Users/datpro/Documents/gitdatpro/ff-transform-data/data/bronze/raw/calendar/2026/06_orange.html|/Users/datpro/Documents/gitdatpro/ff-transform-data/data/bronze/raw/calendar/2026/06_yellow.html,2026-09-03T06:55:00Z
Jun 16,8:30am,CNY,yellow,New Home Prices m/m,-0.20%,N/A,-0.19%,/Users/datpro/Documents/gitdatpro/ff-transform-data/data/bronze/raw/calendar/2026/06_red.html|/Users/datpro/Documents/gitdatpro/ff-transform-data/data/bronze/raw/calendar/2026/06_orange.html|/Users/datpro/Documents/gitdatpro/ff-transform-data/data/bronze/raw/calendar/2026/06_yellow.html,2026-09-03T06:55:00Z
Jun 16,9:00am,CNY,yellow,Fixed Asset Investment ytd/y,-4.1%,-2.3%,-1.6%,/Users/datpro/Documents/gitdatpro/ff-transform-data/data/bronze/raw/calendar/2026/06_red.html|/Users/datpro/Documents/gitdatpro/ff-transform-data/data/bronze/raw/calendar/2026/06_orange.html|/Users/datpro/Documents/gitdatpro/ff-transform-data/data/bronze/raw/calendar/2026/06_yellow.html,2026-09-03T06:55:00Z
Jun 16,9:00am,CNY,yellow,Industrial Production y/y,4.5%,4.4%,4.1%,/Users/datpro/Documents/gitdatpro/ff-transform-data/data/bronze/raw/calendar/2026/06_red.html|/Users/datpro/Documents/gitdatpro/ff-transform-data/data/bronze/raw/calendar/2026/06_orange.html|/Users/datpro/Documents/gitdatpro/ff-transform-data/data/bronze/raw/calendar/2026/06_yellow.html,2026-09-03T06:55:00Z
Jun 16,9:00am,CNY,yellow,NBS Press Conference,N/A,N/A,N/A,/Users/datpro/Documents/gitdatpro/ff-transform-data/data/bronze/raw/calendar/2026/06_red.html|/Users/datpro/Documents/gitdatpro/ff-transform-data/data/bronze/raw/calendar/2026/06_orange.html|/Users/datpro/Documents/gitdatpro/ff-transform-data/data/bronze/raw/calendar/2026/06_yellow.html,2026-09-03T06:55:00Z
Jun 16,9:00am,CNY,yellow,Retail Sales y/y,-0.6%,-0.3%,0.2%,/Users/datpro/Documents/gitdatpro/ff-transform-data/data/bronze/raw/calendar/2026/06_red.html|/Users/datpro/Documents/gitdatpro/ff-transform-data/data/bronze/raw/calendar/2026/06_orange.html|/Users/datpro/Documents/gitdatpro/ff-transform-data/data/bronze/raw/calendar/2026/06_yellow.html,2026-09-03T06:55:00Z
Jun 16,9:00am,CNY,yellow,Unemployment Rate,5.1%,5.2%,5.2%,/Users/datpro/Documents/gitdatpro/ff-transform-data/data/bronze/raw/calendar/2026/06_red.html|/Users/datpro/Documents/gitdatpro/ff-transform-data/data/bronze/raw/calendar/2026/06_orange.html|/Users/datpro/Documents/gitdatpro/ff-transform-data/data/bronze/raw/calendar/2026/06_yellow.html,2026-09-03T06:55:00Z
Jun 17,1:00pm,GBP,yellow,Core CPI y/y,2.6%,2.7%,2.5%,/Users/datpro/Documents/gitdatpro/ff-transform-data/data/bronze/raw/calendar/2026/06_red.html|/Users/datpro/Documents/gitdatpro/ff-transform-data/data/bronze/raw/calendar/2026/06_orange.html|/Users/datpro/Documents/gitdatpro/ff-transform-data/data/bronze/raw/calendar/2026/06_yellow.html,2026-09-03T06:55:00Z
Jun 17,1:00pm,GBP,yellow,PPI Input m/m,0.2%,0.5%,2.6%,/Users/datpro/Documents/gitdatpro/ff-transform-data/data/bronze/raw/calendar/2026/06_red.html|/Users/datpro/Documents/gitdatpro/ff-transform-data/data/bronze/raw/calendar/2026/06_orange.html|/Users/datpro/Documents/gitdatpro/ff-transform-data/data/bronze/raw/calendar/2026/06_yellow.html,2026-09-03T06:55:00Z
Jun 17,1:00pm,GBP,yellow,PPI Output m/m,0.5%,0.5%,1.5%,/Users/datpro/Documents/gitdatpro/ff-transform-data/data/bronze/raw/calendar/2026/06_red.html|/Users/datpro/Documents/gitdatpro/ff-transform-data/data/bronze/raw/calendar/2026/06_orange.html|/Users/datpro/Documents/gitdatpro/ff-transform-data/data/bronze/raw/calendar/2026/06_yellow.html,2026-09-03T06:55:00Z
Jun 17,1:00pm,GBP,yellow,RPI y/y,3.1%,3.3%,3.0%,/Users/datpro/Documents/gitdatpro/ff-transform-data/data/bronze/raw/calendar/2026/06_red.html|/Users/datpro/Documents/gitdatpro/ff-transform-data/data/bronze/raw/calendar/2026/06_orange.html|/Users/datpro/Documents/gitdatpro/ff-transform-data/data/bronze/raw/calendar/2026/06_yellow.html,2026-09-03T06:55:00Z
Jun 17,3:30pm,GBP,yellow,HPI y/y,3.8%,2.8%,0.0%,/Users/datpro/Documents/gitdatpro/ff-transform-data/data/bronze/raw/calendar/2026/06_red.html|/Users/datpro/Documents/gitdatpro/ff-transform-data/data/bronze/raw/calendar/2026/06_orange.html|/Users/datpro/Documents/gitdatpro/ff-transform-data/data/bronze/raw/calendar/2026/06_yellow.html,2026-09-03T06:55:00Z
Jun 17,4:00am,NZD,yellow,Westpac Consumer Sentiment,80.4,N/A,94.7,/Users/datpro/Documents/gitdatpro/ff-transform-data/data/bronze/raw/calendar/2026/06_red.html|/Users/datpro/Documents/gitdatpro/ff-transform-data/data/bronze/raw/calendar/2026/06_orange.html|/Users/datpro/Documents/gitdatpro/ff-transform-data/data/bronze/raw/calendar/2026/06_yellow.html,2026-09-03T06:55:00Z
Jun 17,4:00pm,EUR,yellow,Final CPI y/y,3.2%,3.2%,3.2%,/Users/datpro/Documents/gitdatpro/ff-transform-data/data/bronze/raw/calendar/2026/06_red.html|/Users/datpro/Documents/gitdatpro/ff-transform-data/data/bronze/raw/calendar/2026/06_orange.html|/Users/datpro/Documents/gitdatpro/ff-transform-data/data/bronze/raw/calendar/2026/06_yellow.html,2026-09-03T06:55:00Z
Jun 17,4:00pm,EUR,yellow,Final Core CPI y/y,2.6%,2.5%,2.5%,/Users/datpro/Documents/gitdatpro/ff-transform-data/data/bronze/raw/calendar/2026/06_red.html|/Users/datpro/Documents/gitdatpro/ff-transform-data/data/bronze/raw/calendar/2026/06_orange.html|/Users/datpro/Documents/gitdatpro/ff-transform-data/data/bronze/raw/calendar/2026/06_yellow.html,2026-09-03T06:55:00Z
Jun 17,5:45am,NZD,yellow,Current Account,-1.01B,-1.01B,-5.64B,/Users/datpro/Documents/gitdatpro/ff-transform-data/data/bronze/raw/calendar/2026/06_red.html|/Users/datpro/Documents/gitdatpro/ff-transform-data/data/bronze/raw/calendar/2026/06_orange.html|/Users/datpro/Documents/gitdatpro/ff-transform-data/data/bronze/raw/calendar/2026/06_yellow.html,2026-09-03T06:55:00Z
Jun 17,6:50am,JPY,yellow,Core Machinery Orders m/m,8.7%,1.2%,-9.4%,/Users/datpro/Documents/gitdatpro/ff-transform-data/data/bronze/raw/calendar/2026/06_red.html|/Users/datpro/Documents/gitdatpro/ff-transform-data/data/bronze/raw/calendar/2026/06_orange.html|/Users/datpro/Documents/gitdatpro/ff-transform-data/data/bronze/raw/calendar/2026/06_yellow.html,2026-09-03T06:55:00Z
Jun 17,6:50am,JPY,yellow,Trade Balance,-0.09T,-0.21T,0.20T,/Users/datpro/Documents/gitdatpro/ff-transform-data/data/bronze/raw/calendar/2026/06_red.html|/Users/datpro/Documents/gitdatpro/ff-transform-data/data/bronze/raw/calendar/2026/06_orange.html|/Users/datpro/Documents/gitdatpro/ff-transform-data/data/bronze/raw/calendar/2026/06_yellow.html,2026-09-03T06:55:00Z
Jun 17,7:30am,AUD,yellow,MI Leading Index m/m,0.0%,N/A,0.1%,/Users/datpro/Documents/gitdatpro/ff-transform-data/data/bronze/raw/calendar/2026/06_red.html|/Users/datpro/Documents/gitdatpro/ff-transform-data/data/bronze/raw/calendar/2026/06_orange.html|/Users/datpro/Documents/gitdatpro/ff-transform-data/data/bronze/raw/calendar/2026/06_yellow.html,2026-09-03T06:55:00Z
Jun 17,7:30pm,CAD,yellow,NHPI m/m,-0.3%,-0.1%,-0.4%,/Users/datpro/Documents/gitdatpro/ff-transform-data/data/bronze/raw/calendar/2026/06_red.html|/Users/datpro/Documents/gitdatpro/ff-transform-data/data/bronze/raw/calendar/2026/06_orange.html|/Users/datpro/Documents/gitdatpro/ff-transform-data/data/bronze/raw/calendar/2026/06_yellow.html,2026-09-03T06:55:00Z
Jun 17,7:30pm,USD,orange,Core Retail Sales m/m,0.8%,0.6%,0.7%,/Users/datpro/Documents/gitdatpro/ff-transform-data/data/bronze/raw/calendar/2026/06_red.html|/Users/datpro/Documents/gitdatpro/ff-transform-data/data/bronze/raw/calendar/2026/06_orange.html|/Users/datpro/Documents/gitdatpro/ff-transform-data/data/bronze/raw/calendar/2026/06_yellow.html,2026-09-03T06:55:00Z
Jun 17,7:30pm,USD,orange,Retail Sales m/m,0.9%,0.5%,0.4%,/Users/datpro/Documents/gitdatpro/ff-transform-data/data/bronze/raw/calendar/2026/06_red.html|/Users/datpro/Documents/gitdatpro/ff-transform-data/data/bronze/raw/calendar/2026/06_orange.html|/Users/datpro/Documents/gitdatpro/ff-transform-data/data/bronze/raw/calendar/2026/06_yellow.html,2026-09-03T06:55:00Z
Jun 17,8:30am,AUD,yellow,RBA Assist Gov Jones Speaks,N/A,N/A,N/A,/Users/datpro/Documents/gitdatpro/ff-transform-data/data/bronze/raw/calendar/2026/06_red.html|/Users/datpro/Documents/gitdatpro/ff-transform-data/data/bronze/raw/calendar/2026/06_orange.html|/Users/datpro/Documents/gitdatpro/ff-transform-data/data/bronze/raw/calendar/2026/06_yellow.html,2026-09-03T06:55:00Z
Jun 17,9:00pm,USD,yellow,Business Inventories m/m,0.5%,0.5%,1.0%,/Users/datpro/Documents/gitdatpro/ff-transform-data/data/bronze/raw/calendar/2026/06_red.html|/Users/datpro/Documents/gitdatpro/ff-transform-data/data/bronze/raw/calendar/2026/06_orange.html|/Users/datpro/Documents/gitdatpro/ff-transform-data/data/bronze/raw/calendar/2026/06_yellow.html,2026-09-03T06:55:00Z
Jun 17,9:00pm,USD,yellow,Pending Home Sales m/m,3.8%,0.8%,0.3%,/Users/datpro/Documents/gitdatpro/ff-transform-data/data/bronze/raw/calendar/2026/06_red.html|/Users/datpro/Documents/gitdatpro/ff-transform-data/data/bronze/raw/calendar/2026/06_orange.html|/Users/datpro/Documents/gitdatpro/ff-transform-data/data/bronze/raw/calendar/2026/06_yellow.html,2026-09-03T06:55:00Z
Jun 17,9:30pm,USD,yellow,Crude Oil Inventories,-8.3M,-3.6M,-7.2M,/Users/datpro/Documents/gitdatpro/ff-transform-data/data/bronze/raw/calendar/2026/06_red.html|/Users/datpro/Documents/gitdatpro/ff-transform-data/data/bronze/raw/calendar/2026/06_orange.html|/Users/datpro/Documents/gitdatpro/ff-transform-data/data/bronze/raw/calendar/2026/06_yellow.html,2026-09-03T06:55:00Z
Jun 17,9:45pm,USD,orange,President Trump Speaks,N/A,N/A,N/A,/Users/datpro/Documents/gitdatpro/ff-transform-data/data/bronze/raw/calendar/2026/06_red.html|/Users/datpro/Documents/gitdatpro/ff-transform-data/data/bronze/raw/calendar/2026/06_orange.html|/Users/datpro/Documents/gitdatpro/ff-transform-data/data/bronze/raw/calendar/2026/06_yellow.html,2026-09-03T06:55:00Z
Jun 18,1:00pm,GBP,red,Claimant Count Change,31.2K,25.8K,8.3K,/Users/datpro/Documents/gitdatpro/ff-transform-data/data/bronze/raw/calendar/2026/06_red.html|/Users/datpro/Documents/gitdatpro/ff-transform-data/data/bronze/raw/calendar/2026/06_orange.html|/Users/datpro/Documents/gitdatpro/ff-transform-data/data/bronze/raw/calendar/2026/06_yellow.html,2026-09-03T06:55:00Z
Jun 18,1:30am,USD,red,FOMC Press Conference,N/A,N/A,N/A,/Users/datpro/Documents/gitdatpro/ff-transform-data/data/bronze/raw/calendar/2026/06_red.html|/Users/datpro/Documents/gitdatpro/ff-transform-data/data/bronze/raw/calendar/2026/06_orange.html|/Users/datpro/Documents/gitdatpro/ff-transform-data/data/bronze/raw/calendar/2026/06_yellow.html,2026-09-03T06:55:00Z
Jun 18,1:30pm,USD,red,FOMC Economic Projections,N/A,N/A,N/A,/Users/datpro/Documents/gitdatpro/ff-transform-data/data/bronze/raw/calendar/2026/06_red.html|/Users/datpro/Documents/gitdatpro/ff-transform-data/data/bronze/raw/calendar/2026/06_orange.html|/Users/datpro/Documents/gitdatpro/ff-transform-data/data/bronze/raw/calendar/2026/06_yellow.html,2026-09-03T06:55:00Z
Jun 18,1:30pm,USD,red,FOMC Statement,N/A,N/A,N/A,/Users/datpro/Documents/gitdatpro/ff-transform-data/data/bronze/raw/calendar/2026/06_red.html|/Users/datpro/Documents/gitdatpro/ff-transform-data/data/bronze/raw/calendar/2026/06_orange.html|/Users/datpro/Documents/gitdatpro/ff-transform-data/data/bronze/raw/calendar/2026/06_yellow.html,2026-09-03T06:55:00Z
Jun 18,2:00pm,CHF,yellow,SECO Economic Forecasts,N/A,N/A,N/A,/Users/datpro/Documents/gitdatpro/ff-transform-data/data/bronze/raw/calendar/2026/06_red.html|/Users/datpro/Documents/gitdatpro/ff-transform-data/data/bronze/raw/calendar/2026/06_orange.html|/Users/datpro/Documents/gitdatpro/ff-transform-data/data/bronze/raw/calendar/2026/06_yellow.html,2026-09-03T06:55:00Z
Jun 18,2:00pm,EUR,yellow,German Buba President Nagel Speaks,N/A,N/A,N/A,/Users/datpro/Documents/gitdatpro/ff-transform-data/data/bronze/raw/calendar/2026/06_red.html|/Users/datpro/Documents/gitdatpro/ff-transform-data/data/bronze/raw/calendar/2026/06_orange.html|/Users/datpro/Documents/gitdatpro/ff-transform-data/data/bronze/raw/calendar/2026/06_yellow.html,2026-09-03T06:55:00Z
Jun 18,2:30pm,CHF,red,SNB Monetary Policy Assessment,N/A,N/A,N/A,/Users/datpro/Documents/gitdatpro/ff-transform-data/data/bronze/raw/calendar/2026/06_red.html|/Users/datpro/Documents/gitdatpro/ff-transform-data/data/bronze/raw/calendar/2026/06_orange.html|/Users/datpro/Documents/gitdatpro/ff-transform-data/data/bronze/raw/calendar/2026/06_yellow.html,2026-09-03T06:55:00Z
Jun 18,2:30pm,CHF,red,SNB Policy Rate,0.00%,0.00%,0.00%,/Users/datpro/Documents/gitdatpro/ff-transform-data/data/bronze/raw/calendar/2026/06_red.html|/Users/datpro/Documents/gitdatpro/ff-transform-data/data/bronze/raw/calendar/2026/06_orange.html|/Users/datpro/Documents/gitdatpro/ff-transform-data/data/bronze/raw/calendar/2026/06_yellow.html,2026-09-03T06:55:00Z
Jun 18,3:00pm,CHF,red,SNB Press Conference,N/A,N/A,N/A,/Users/datpro/Documents/gitdatpro/ff-transform-data/data/bronze/raw/calendar/2026/06_red.html|/Users/datpro/Documents/gitdatpro/ff-transform-data/data/bronze/raw/calendar/2026/06_orange.html|/Users/datpro/Documents/gitdatpro/ff-transform-data/data/bronze/raw/calendar/2026/06_yellow.html,2026-09-03T06:55:00Z
Jun 18,3:00pm,EUR,yellow,Current Account,15.7B,18.5B,14.9B,/Users/datpro/Documents/gitdatpro/ff-transform-data/data/bronze/raw/calendar/2026/06_red.html|/Users/datpro/Documents/gitdatpro/ff-transform-data/data/bronze/raw/calendar/2026/06_orange.html|/Users/datpro/Documents/gitdatpro/ff-transform-data/data/bronze/raw/calendar/2026/06_yellow.html,2026-09-03T06:55:00Z
Jun 18,3:36pm,EUR,yellow,Spanish 10-y Bond Auction,3.38|1.9,N/A,3.39|2.1,/Users/datpro/Documents/gitdatpro/ff-transform-data/data/bronze/raw/calendar/2026/06_red.html|/Users/datpro/Documents/gitdatpro/ff-transform-data/data/bronze/raw/calendar/2026/06_orange.html|/Users/datpro/Documents/gitdatpro/ff-transform-data/data/bronze/raw/calendar/2026/06_yellow.html,2026-09-03T06:55:00Z
Jun 18,5:00pm,EUR,yellow,German Buba Monthly Report,N/A,N/A,N/A,/Users/datpro/Documents/gitdatpro/ff-transform-data/data/bronze/raw/calendar/2026/06_red.html|/Users/datpro/Documents/gitdatpro/ff-transform-data/data/bronze/raw/calendar/2026/06_orange.html|/Users/datpro/Documents/gitdatpro/ff-transform-data/data/bronze/raw/calendar/2026/06_yellow.html,2026-09-03T06:55:00Z
Jun 18,5:45am,NZD,red,GDP q/q,0.8%,0.8%,0.5%,/Users/datpro/Documents/gitdatpro/ff-transform-data/data/bronze/raw/calendar/2026/06_red.html|/Users/datpro/Documents/gitdatpro/ff-transform-data/data/bronze/raw/calendar/2026/06_orange.html|/Users/datpro/Documents/gitdatpro/ff-transform-data/data/bronze/raw/calendar/2026/06_yellow.html,2026-09-03T06:55:00Z
Jun 18,6:00pm,GBP,red,MPC Official Bank Rate Votes,2-0-7,1-0-8,1-0-8,/Users/datpro/Documents/gitdatpro/ff-transform-data/data/bronze/raw/calendar/2026/06_red.html|/Users/datpro/Documents/gitdatpro/ff-transform-data/data/bronze/raw/calendar/2026/06_orange.html|/Users/datpro/Documents/gitdatpro/ff-transform-data/data/bronze/raw/calendar/2026/06_yellow.html,2026-09-03T06:55:00Z
Jun 18,6:00pm,GBP,red,Monetary Policy Summary,N/A,N/A,N/A,/Users/datpro/Documents/gitdatpro/ff-transform-data/data/bronze/raw/calendar/2026/06_red.html|/Users/datpro/Documents/gitdatpro/ff-transform-data/data/bronze/raw/calendar/2026/06_orange.html|/Users/datpro/Documents/gitdatpro/ff-transform-data/data/bronze/raw/calendar/2026/06_yellow.html,2026-09-03T06:55:00Z
Jun 18,6:00pm,GBP,red,Official Bank Rate,3.75%,3.75%,3.75%,/Users/datpro/Documents/gitdatpro/ff-transform-data/data/bronze/raw/calendar/2026/06_red.html|/Users/datpro/Documents/gitdatpro/ff-transform-data/data/bronze/raw/calendar/2026/06_orange.html|/Users/datpro/Documents/gitdatpro/ff-transform-data/data/bronze/raw/calendar/2026/06_yellow.html,2026-09-03T06:55:00Z
Jun 18,7:30pm,CAD,yellow,IPPI m/m,1.2%,1.3%,1.6%,/Users/datpro/Documents/gitdatpro/ff-transform-data/data/bronze/raw/calendar/2026/06_red.html|/Users/datpro/Documents/gitdatpro/ff-transform-data/data/bronze/raw/calendar/2026/06_orange.html|/Users/datpro/Documents/gitdatpro/ff-transform-data/data/bronze/raw/calendar/2026/06_yellow.html,2026-09-03T06:55:00Z
Jun 18,7:30pm,CAD,yellow,RMPI m/m,0.7%,1.1%,2.6%,/Users/datpro/Documents/gitdatpro/ff-transform-data/data/bronze/raw/calendar/2026/06_red.html|/Users/datpro/Documents/gitdatpro/ff-transform-data/data/bronze/raw/calendar/2026/06_orange.html|/Users/datpro/Documents/gitdatpro/ff-transform-data/data/bronze/raw/calendar/2026/06_yellow.html,2026-09-03T06:55:00Z
Jun 18,7:30pm,USD,orange,Philly Fed Manufacturing Index,10.3,9.8,-0.4,/Users/datpro/Documents/gitdatpro/ff-transform-data/data/bronze/raw/calendar/2026/06_red.html|/Users/datpro/Documents/gitdatpro/ff-transform-data/data/bronze/raw/calendar/2026/06_orange.html|/Users/datpro/Documents/gitdatpro/ff-transform-data/data/bronze/raw/calendar/2026/06_yellow.html,2026-09-03T06:55:00Z
Jun 18,7:30pm,USD,orange,Unemployment Claims,226K,225K,230K,/Users/datpro/Documents/gitdatpro/ff-transform-data/data/bronze/raw/calendar/2026/06_red.html|/Users/datpro/Documents/gitdatpro/ff-transform-data/data/bronze/raw/calendar/2026/06_orange.html|/Users/datpro/Documents/gitdatpro/ff-transform-data/data/bronze/raw/calendar/2026/06_yellow.html,2026-09-03T06:55:00Z
Jun 18,9:00pm,USD,yellow,CB Leading Index m/m,0.1%,0.1%,0.2%,/Users/datpro/Documents/gitdatpro/ff-transform-data/data/bronze/raw/calendar/2026/06_red.html|/Users/datpro/Documents/gitdatpro/ff-transform-data/data/bronze/raw/calendar/2026/06_orange.html|/Users/datpro/Documents/gitdatpro/ff-transform-data/data/bronze/raw/calendar/2026/06_yellow.html,2026-09-03T06:55:00Z
Jun 18,9:30pm,USD,yellow,Natural Gas Storage,73B,82B,108B,/Users/datpro/Documents/gitdatpro/ff-transform-data/data/bronze/raw/calendar/2026/06_red.html|/Users/datpro/Documents/gitdatpro/ff-transform-data/data/bronze/raw/calendar/2026/06_orange.html|/Users/datpro/Documents/gitdatpro/ff-transform-data/data/bronze/raw/calendar/2026/06_yellow.html,2026-09-03T06:55:00Z
Jun 19,1:00pm,EUR,yellow,German PPI m/m,0.3%,0.7%,1.2%,/Users/datpro/Documents/gitdatpro/ff-transform-data/data/bronze/raw/calendar/2026/06_red.html|/Users/datpro/Documents/gitdatpro/ff-transform-data/data/bronze/raw/calendar/2026/06_orange.html|/Users/datpro/Documents/gitdatpro/ff-transform-data/data/bronze/raw/calendar/2026/06_yellow.html,2026-09-03T06:55:00Z
Jun 19,1:00pm,GBP,yellow,Public Sector Net Borrowing,23.3B,19.0B,23.0B,/Users/datpro/Documents/gitdatpro/ff-transform-data/data/bronze/raw/calendar/2026/06_red.html|/Users/datpro/Documents/gitdatpro/ff-transform-data/data/bronze/raw/calendar/2026/06_orange.html|/Users/datpro/Documents/gitdatpro/ff-transform-data/data/bronze/raw/calendar/2026/06_yellow.html,2026-09-03T06:55:00Z
Jun 19,5:45am,NZD,yellow,Trade Balance,800M,875M,1598M,/Users/datpro/Documents/gitdatpro/ff-transform-data/data/bronze/raw/calendar/2026/06_red.html|/Users/datpro/Documents/gitdatpro/ff-transform-data/data/bronze/raw/calendar/2026/06_orange.html|/Users/datpro/Documents/gitdatpro/ff-transform-data/data/bronze/raw/calendar/2026/06_yellow.html,2026-09-03T06:55:00Z
Jun 19,6:01am,GBP,yellow,GfK Consumer Confidence,-23,-23,-23,/Users/datpro/Documents/gitdatpro/ff-transform-data/data/bronze/raw/calendar/2026/06_red.html|/Users/datpro/Documents/gitdatpro/ff-transform-data/data/bronze/raw/calendar/2026/06_orange.html|/Users/datpro/Documents/gitdatpro/ff-transform-data/data/bronze/raw/calendar/2026/06_yellow.html,2026-09-03T06:55:00Z
Jun 19,6:30am,JPY,yellow,National Core CPI y/y,1.4%,1.4%,1.4%,/Users/datpro/Documents/gitdatpro/ff-transform-data/data/bronze/raw/calendar/2026/06_red.html|/Users/datpro/Documents/gitdatpro/ff-transform-data/data/bronze/raw/calendar/2026/06_orange.html|/Users/datpro/Documents/gitdatpro/ff-transform-data/data/bronze/raw/calendar/2026/06_yellow.html,2026-09-03T06:55:00Z
Jun 19,6:50am,JPY,yellow,Monetary Policy Meeting Minutes,N/A,N/A,N/A,/Users/datpro/Documents/gitdatpro/ff-transform-data/data/bronze/raw/calendar/2026/06_red.html|/Users/datpro/Documents/gitdatpro/ff-transform-data/data/bronze/raw/calendar/2026/06_orange.html|/Users/datpro/Documents/gitdatpro/ff-transform-data/data/bronze/raw/calendar/2026/06_yellow.html,2026-09-03T06:55:00Z
Jun 19,7:30pm,CAD,yellow,Core Retail Sales m/m,0.1%,0.8%,1.2%,/Users/datpro/Documents/gitdatpro/ff-transform-data/data/bronze/raw/calendar/2026/06_red.html|/Users/datpro/Documents/gitdatpro/ff-transform-data/data/bronze/raw/calendar/2026/06_orange.html|/Users/datpro/Documents/gitdatpro/ff-transform-data/data/bronze/raw/calendar/2026/06_yellow.html,2026-09-03T06:55:00Z
Jun 19,7:30pm,CAD,yellow,Retail Sales m/m,0.5%,0.6%,0.9%,/Users/datpro/Documents/gitdatpro/ff-transform-data/data/bronze/raw/calendar/2026/06_red.html|/Users/datpro/Documents/gitdatpro/ff-transform-data/data/bronze/raw/calendar/2026/06_orange.html|/Users/datpro/Documents/gitdatpro/ff-transform-data/data/bronze/raw/calendar/2026/06_yellow.html,2026-09-03T06:55:00Z
Jun 19,9:30pm,AUD,yellow,CB Leading Index m/m,0.3%,N/A,-0.7%,/Users/datpro/Documents/gitdatpro/ff-transform-data/data/bronze/raw/calendar/2026/06_red.html|/Users/datpro/Documents/gitdatpro/ff-transform-data/data/bronze/raw/calendar/2026/06_orange.html|/Users/datpro/Documents/gitdatpro/ff-transform-data/data/bronze/raw/calendar/2026/06_yellow.html,2026-09-03T06:55:00Z
Jun 2,10:00pm,GBP,yellow,MPC Member Greene Speaks,N/A,N/A,N/A,/Users/datpro/Documents/gitdatpro/ff-transform-data/data/bronze/raw/calendar/2026/06_red.html|/Users/datpro/Documents/gitdatpro/ff-transform-data/data/bronze/raw/calendar/2026/06_orange.html|/Users/datpro/Documents/gitdatpro/ff-transform-data/data/bronze/raw/calendar/2026/06_yellow.html,2026-09-03T06:55:00Z
Jun 2,10:05pm,NZD,yellow,GDT Price Index,-0.6%,N/A,0.6%,/Users/datpro/Documents/gitdatpro/ff-transform-data/data/bronze/raw/calendar/2026/06_red.html|/Users/datpro/Documents/gitdatpro/ff-transform-data/data/bronze/raw/calendar/2026/06_orange.html|/Users/datpro/Documents/gitdatpro/ff-transform-data/data/bronze/raw/calendar/2026/06_yellow.html,2026-09-03T06:55:00Z
Jun 2,10:35am,JPY,yellow,10-y Bond Auction,2.65|3.5,N/A,2.54|3.9,/Users/datpro/Documents/gitdatpro/ff-transform-data/data/bronze/raw/calendar/2026/06_red.html|/Users/datpro/Documents/gitdatpro/ff-transform-data/data/bronze/raw/calendar/2026/06_orange.html|/Users/datpro/Documents/gitdatpro/ff-transform-data/data/bronze/raw/calendar/2026/06_yellow.html,2026-09-03T06:55:00Z
Jun 2,12:50pm,USD,yellow,FOMC Member Kashkari Speaks,N/A,N/A,N/A,/Users/datpro/Documents/gitdatpro/ff-transform-data/data/bronze/raw/calendar/2026/06_red.html|/Users/datpro/Documents/gitdatpro/ff-transform-data/data/bronze/raw/calendar/2026/06_orange.html|/Users/datpro/Documents/gitdatpro/ff-transform-data/data/bronze/raw/calendar/2026/06_yellow.html,2026-09-03T06:55:00Z
Jun 2,1:45pm,EUR,yellow,French Gov Budget Balance,-69.6B,N/A,-42.9B,/Users/datpro/Documents/gitdatpro/ff-transform-data/data/bronze/raw/calendar/2026/06_red.html|/Users/datpro/Documents/gitdatpro/ff-transform-data/data/bronze/raw/calendar/2026/06_orange.html|/Users/datpro/Documents/gitdatpro/ff-transform-data/data/bronze/raw/calendar/2026/06_yellow.html,2026-09-03T06:55:00Z
Jun 2,2:00pm,EUR,yellow,Spanish Unemployment Change,-36.3K,-56.8K,-62.7K,/Users/datpro/Documents/gitdatpro/ff-transform-data/data/bronze/raw/calendar/2026/06_red.html|/Users/datpro/Documents/gitdatpro/ff-transform-data/data/bronze/raw/calendar/2026/06_orange.html|/Users/datpro/Documents/gitdatpro/ff-transform-data/data/bronze/raw/calendar/2026/06_yellow.html,2026-09-03T06:55:00Z
Jun 2,3:30pm,GBP,yellow,M4 Money Supply m/m,0.2%,0.6%,0.8%,/Users/datpro/Documents/gitdatpro/ff-transform-data/data/bronze/raw/calendar/2026/06_red.html|/Users/datpro/Documents/gitdatpro/ff-transform-data/data/bronze/raw/calendar/2026/06_orange.html|/Users/datpro/Documents/gitdatpro/ff-transform-data/data/bronze/raw/calendar/2026/06_yellow.html,2026-09-03T06:55:00Z
Jun 2,3:30pm,GBP,yellow,Mortgage Approvals,66K,62K,64K,/Users/datpro/Documents/gitdatpro/ff-transform-data/data/bronze/raw/calendar/2026/06_red.html|/Users/datpro/Documents/gitdatpro/ff-transform-data/data/bronze/raw/calendar/2026/06_orange.html|/Users/datpro/Documents/gitdatpro/ff-transform-data/data/bronze/raw/calendar/2026/06_yellow.html,2026-09-03T06:55:00Z
Jun 2,3:30pm,GBP,yellow,Net Lending to Individuals m/m,6.2B,7.1B,8.7B,/Users/datpro/Documents/gitdatpro/ff-transform-data/data/bronze/raw/calendar/2026/06_red.html|/Users/datpro/Documents/gitdatpro/ff-transform-data/data/bronze/raw/calendar/2026/06_orange.html|/Users/datpro/Documents/gitdatpro/ff-transform-data/data/bronze/raw/calendar/2026/06_yellow.html,2026-09-03T06:55:00Z
Jun 2,4:00pm,GBP,yellow,10-y Bond Auction,4.98|3.6,N/A,5.03|3.4,/Users/datpro/Documents/gitdatpro/ff-transform-data/data/bronze/raw/calendar/2026/06_red.html|/Users/datpro/Documents/gitdatpro/ff-transform-data/data/bronze/raw/calendar/2026/06_orange.html|/Users/datpro/Documents/gitdatpro/ff-transform-data/data/bronze/raw/calendar/2026/06_yellow.html,2026-09-03T06:55:00Z
Jun 2,7:30pm,USD,yellow,FOMC Member Hammack Speaks,N/A,N/A,N/A,/Users/datpro/Documents/gitdatpro/ff-transform-data/data/bronze/raw/calendar/2026/06_red.html|/Users/datpro/Documents/gitdatpro/ff-transform-data/data/bronze/raw/calendar/2026/06_orange.html|/Users/datpro/Documents/gitdatpro/ff-transform-data/data/bronze/raw/calendar/2026/06_yellow.html,2026-09-03T06:55:00Z
Jun 2,8:30am,AUD,yellow,Building Approvals m/m,-3.4%,-1.5%,-10.5%,/Users/datpro/Documents/gitdatpro/ff-transform-data/data/bronze/raw/calendar/2026/06_red.html|/Users/datpro/Documents/gitdatpro/ff-transform-data/data/bronze/raw/calendar/2026/06_orange.html|/Users/datpro/Documents/gitdatpro/ff-transform-data/data/bronze/raw/calendar/2026/06_yellow.html,2026-09-03T06:55:00Z
Jun 2,8:30am,AUD,yellow,Company Operating Profits q/q,-1.3%,0.5%,5.9%,/Users/datpro/Documents/gitdatpro/ff-transform-data/data/bronze/raw/calendar/2026/06_red.html|/Users/datpro/Documents/gitdatpro/ff-transform-data/data/bronze/raw/calendar/2026/06_orange.html|/Users/datpro/Documents/gitdatpro/ff-transform-data/data/bronze/raw/calendar/2026/06_yellow.html,2026-09-03T06:55:00Z
Jun 2,8:30am,AUD,yellow,Current Account,-27.1B,-23.1B,-23.0B,/Users/datpro/Documents/gitdatpro/ff-transform-data/data/bronze/raw/calendar/2026/06_red.html|/Users/datpro/Documents/gitdatpro/ff-transform-data/data/bronze/raw/calendar/2026/06_orange.html|/Users/datpro/Documents/gitdatpro/ff-transform-data/data/bronze/raw/calendar/2026/06_yellow.html,2026-09-03T06:55:00Z
Jun 2,9:00pm,EUR,orange,CPI Flash Estimate y/y,3.2%,3.2%,3.0%,/Users/datpro/Documents/gitdatpro/ff-transform-data/data/bronze/raw/calendar/2026/06_red.html|/Users/datpro/Documents/gitdatpro/ff-transform-data/data/bronze/raw/calendar/2026/06_orange.html|/Users/datpro/Documents/gitdatpro/ff-transform-data/data/bronze/raw/calendar/2026/06_yellow.html,2026-09-03T06:55:00Z
Jun 2,9:00pm,USD,orange,JOLTS Job Openings,7.62M,6.87M,6.89M,/Users/datpro/Documents/gitdatpro/ff-transform-data/data/bronze/raw/calendar/2026/06_red.html|/Users/datpro/Documents/gitdatpro/ff-transform-data/data/bronze/raw/calendar/2026/06_orange.html|/Users/datpro/Documents/gitdatpro/ff-transform-data/data/bronze/raw/calendar/2026/06_yellow.html,2026-09-03T06:55:00Z
Jun 2,9:02pm,USD,yellow,RCM/TIPP Economic Optimism,42.5,44.5,42.6,/Users/datpro/Documents/gitdatpro/ff-transform-data/data/bronze/raw/calendar/2026/06_red.html|/Users/datpro/Documents/gitdatpro/ff-transform-data/data/bronze/raw/calendar/2026/06_orange.html|/Users/datpro/Documents/gitdatpro/ff-transform-data/data/bronze/raw/calendar/2026/06_yellow.html,2026-09-03T06:55:00Z
Jun 2,All Day,USD,yellow,Omdia Total Vehicle Sales,16.1M,16.0M,15.9M,/Users/datpro/Documents/gitdatpro/ff-transform-data/data/bronze/raw/calendar/2026/06_red.html|/Users/datpro/Documents/gitdatpro/ff-transform-data/data/bronze/raw/calendar/2026/06_orange.html|/Users/datpro/Documents/gitdatpro/ff-transform-data/data/bronze/raw/calendar/2026/06_yellow.html,2026-09-03T06:55:00Z
Jun 22,10:00am,NZD,yellow,Credit Card Spending y/y,5.1%,N/A,3.1%,/Users/datpro/Documents/gitdatpro/ff-transform-data/data/bronze/raw/calendar/2026/06_red.html|/Users/datpro/Documents/gitdatpro/ff-transform-data/data/bronze/raw/calendar/2026/06_orange.html|/Users/datpro/Documents/gitdatpro/ff-transform-data/data/bronze/raw/calendar/2026/06_yellow.html,2026-09-03T06:55:00Z
Jun 22,10:25pm,EUR,orange,ECB President Lagarde Speaks,N/A,N/A,N/A,/Users/datpro/Documents/gitdatpro/ff-transform-data/data/bronze/raw/calendar/2026/06_red.html|/Users/datpro/Documents/gitdatpro/ff-transform-data/data/bronze/raw/calendar/2026/06_orange.html|/Users/datpro/Documents/gitdatpro/ff-transform-data/data/bronze/raw/calendar/2026/06_yellow.html,2026-09-03T06:55:00Z
Jun 22,4:06pm,CNY,yellow,Foreign Direct Investment ytd/y,-8.6%,N/A,-10.3%,/Users/datpro/Documents/gitdatpro/ff-transform-data/data/bronze/raw/calendar/2026/06_red.html|/Users/datpro/Documents/gitdatpro/ff-transform-data/data/bronze/raw/calendar/2026/06_orange.html|/Users/datpro/Documents/gitdatpro/ff-transform-data/data/bronze/raw/calendar/2026/06_yellow.html,2026-09-03T06:55:00Z
Jun 22,6:00pm,CAD,red,Median CPI y/y,2.1%,2.1%,2.1%,/Users/datpro/Documents/gitdatpro/ff-transform-data/data/bronze/raw/calendar/2026/06_red.html|/Users/datpro/Documents/gitdatpro/ff-transform-data/data/bronze/raw/calendar/2026/06_orange.html|/Users/datpro/Documents/gitdatpro/ff-transform-data/data/bronze/raw/calendar/2026/06_yellow.html,2026-09-03T06:55:00Z
Jun 22,6:00pm,CAD,red,Trimmed CPI y/y,2.0%,2.0%,2.0%,/Users/datpro/Documents/gitdatpro/ff-transform-data/data/bronze/raw/calendar/2026/06_red.html|/Users/datpro/Documents/gitdatpro/ff-transform-data/data/bronze/raw/calendar/2026/06_orange.html|/Users/datpro/Documents/gitdatpro/ff-transform-data/data/bronze/raw/calendar/2026/06_yellow.html,2026-09-03T06:55:00Z
Jun 22,6:00pm,EUR,yellow,German Buba President Nagel Speaks,N/A,N/A,N/A,/Users/datpro/Documents/gitdatpro/ff-transform-data/data/bronze/raw/calendar/2026/06_red.html|/Users/datpro/Documents/gitdatpro/ff-transform-data/data/bronze/raw/calendar/2026/06_orange.html|/Users/datpro/Documents/gitdatpro/ff-transform-data/data/bronze/raw/calendar/2026/06_yellow.html,2026-09-03T06:55:00Z
Jun 22,7:30pm,CAD,yellow,Core CPI m/m,0.6%,N/A,0.2%,/Users/datpro/Documents/gitdatpro/ff-transform-data/data/bronze/raw/calendar/2026/06_red.html|/Users/datpro/Documents/gitdatpro/ff-transform-data/data/bronze/raw/calendar/2026/06_orange.html|/Users/datpro/Documents/gitdatpro/ff-transform-data/data/bronze/raw/calendar/2026/06_yellow.html,2026-09-03T06:55:00Z
Jun 22,8:00pm,EUR,orange,ECB President Lagarde Speaks,N/A,N/A,N/A,/Users/datpro/Documents/gitdatpro/ff-transform-data/data/bronze/raw/calendar/2026/06_red.html|/Users/datpro/Documents/gitdatpro/ff-transform-data/data/bronze/raw/calendar/2026/06_orange.html|/Users/datpro/Documents/gitdatpro/ff-transform-data/data/bronze/raw/calendar/2026/06_yellow.html,2026-09-03T06:55:00Z
Jun 22,8:00pm,USD,yellow,FOMC Member Waller Speaks,N/A,N/A,N/A,/Users/datpro/Documents/gitdatpro/ff-transform-data/data/bronze/raw/calendar/2026/06_red.html|/Users/datpro/Documents/gitdatpro/ff-transform-data/data/bronze/raw/calendar/2026/06_orange.html|/Users/datpro/Documents/gitdatpro/ff-transform-data/data/bronze/raw/calendar/2026/06_yellow.html,2026-09-03T06:55:00Z
Jun 22,9:04pm,EUR,yellow,Consumer Confidence,-18,-18,-19,/Users/datpro/Documents/gitdatpro/ff-transform-data/data/bronze/raw/calendar/2026/06_red.html|/Users/datpro/Documents/gitdatpro/ff-transform-data/data/bronze/raw/calendar/2026/06_orange.html|/Users/datpro/Documents/gitdatpro/ff-transform-data/data/bronze/raw/calendar/2026/06_yellow.html,2026-09-03T06:55:00Z
Jun 22,9:30pm,CNY,yellow,5-y Loan Prime Rate,3.50%,3.50%,3.50%,/Users/datpro/Documents/gitdatpro/ff-transform-data/data/bronze/raw/calendar/2026/06_red.html|/Users/datpro/Documents/gitdatpro/ff-transform-data/data/bronze/raw/calendar/2026/06_orange.html|/Users/datpro/Documents/gitdatpro/ff-transform-data/data/bronze/raw/calendar/2026/06_yellow.html,2026-09-03T06:55:00Z
Jun 23,10:25pm,EUR,orange,French Flash Services PMI,47.4,45.9,44.3,/Users/datpro/Documents/gitdatpro/ff-transform-data/data/bronze/raw/calendar/2026/06_red.html|/Users/datpro/Documents/gitdatpro/ff-transform-data/data/bronze/raw/calendar/2026/06_orange.html|/Users/datpro/Documents/gitdatpro/ff-transform-data/data/bronze/raw/calendar/2026/06_yellow.html,2026-09-03T06:55:00Z
Jun 23,12:00pm,JPY,yellow,BOJ Core CPI y/y,1.4%,1.5%,1.4%,/Users/datpro/Documents/gitdatpro/ff-transform-data/data/bronze/raw/calendar/2026/06_red.html|/Users/datpro/Documents/gitdatpro/ff-transform-data/data/bronze/raw/calendar/2026/06_orange.html|/Users/datpro/Documents/gitdatpro/ff-transform-data/data/bronze/raw/calendar/2026/06_yellow.html,2026-09-03T06:55:00Z
Jun 23,2:30pm,EUR,orange,German Flash Manufacturing PMI,50.0,50.3,50.1,/Users/datpro/Documents/gitdatpro/ff-transform-data/data/bronze/raw/calendar/2026/06_red.html|/Users/datpro/Documents/gitdatpro/ff-transform-data/data/bronze/raw/calendar/2026/06_orange.html|/Users/datpro/Documents/gitdatpro/ff-transform-data/data/bronze/raw/calendar/2026/06_yellow.html,2026-09-03T06:55:00Z
Jun 23,2:30pm,EUR,orange,German Flash Services PMI,46.8,49.0,48.1,/Users/datpro/Documents/gitdatpro/ff-transform-data/data/bronze/raw/calendar/2026/06_red.html|/Users/datpro/Documents/gitdatpro/ff-transform-data/data/bronze/raw/calendar/2026/06_orange.html|/Users/datpro/Documents/gitdatpro/ff-transform-data/data/bronze/raw/calendar/2026/06_yellow.html,2026-09-03T06:55:00Z
Jun 23,3:00pm,EUR,yellow,Flash Manufacturing PMI,51.3,51.6,51.6,/Users/datpro/Documents/gitdatpro/ff-transform-data/data/bronze/raw/calendar/2026/06_red.html|/Users/datpro/Documents/gitdatpro/ff-transform-data/data/bronze/raw/calendar/2026/06_orange.html|/Users/datpro/Documents/gitdatpro/ff-transform-data/data/bronze/raw/calendar/2026/06_yellow.html,2026-09-03T06:55:00Z
Jun 23,3:00pm,EUR,yellow,Flash Services PMI,48.9,48.6,47.7,/Users/datpro/Documents/gitdatpro/ff-transform-data/data/bronze/raw/calendar/2026/06_red.html|/Users/datpro/Documents/gitdatpro/ff-transform-data/data/bronze/raw/calendar/2026/06_orange.html|/Users/datpro/Documents/gitdatpro/ff-transform-data/data/bronze/raw/calendar/2026/06_yellow.html,2026-09-03T06:55:00Z
Jun 23,3:30pm,GBP,orange,Flash Manufacturing PMI,53.1,53.5,53.9,/Users/datpro/Documents/gitdatpro/ff-transform-data/data/bronze/raw/calendar/2026/06_red.html|/Users/datpro/Documents/gitdatpro/ff-transform-data/data/bronze/raw/calendar/2026/06_orange.html|/Users/datpro/Documents/gitdatpro/ff-transform-data/data/bronze/raw/calendar/2026/06_yellow.html,2026-09-03T06:55:00Z
Jun 23,3:30pm,GBP,orange,Flash Services PMI,48.7,50.1,49.3,/Users/datpro/Documents/gitdatpro/ff-transform-data/data/bronze/raw/calendar/2026/06_red.html|/Users/datpro/Documents/gitdatpro/ff-transform-data/data/bronze/raw/calendar/2026/06_orange.html|/Users/datpro/Documents/gitdatpro/ff-transform-data/data/bronze/raw/calendar/2026/06_yellow.html,2026-09-03T06:55:00Z
Jun 23,3:55pm,GBP,yellow,MPC Member Breeden Speaks,N/A,N/A,N/A,/Users/datpro/Documents/gitdatpro/ff-transform-data/data/bronze/raw/calendar/2026/06_red.html|/Users/datpro/Documents/gitdatpro/ff-transform-data/data/bronze/raw/calendar/2026/06_orange.html|/Users/datpro/Documents/gitdatpro/ff-transform-data/data/bronze/raw/calendar/2026/06_yellow.html,2026-09-03T06:55:00Z
Jun 23,5:00pm,GBP,yellow,CBI Industrial Order Expectations,-45,-33,-41,/Users/datpro/Documents/gitdatpro/ff-transform-data/data/bronze/raw/calendar/2026/06_red.html|/Users/datpro/Documents/gitdatpro/ff-transform-data/data/bronze/raw/calendar/2026/06_orange.html|/Users/datpro/Documents/gitdatpro/ff-transform-data/data/bronze/raw/calendar/2026/06_yellow.html,2026-09-03T06:55:00Z
Jun 23,6:00am,AUD,yellow,Flash Manufacturing PMI,51.2,N/A,50.7,/Users/datpro/Documents/gitdatpro/ff-transform-data/data/bronze/raw/calendar/2026/06_red.html|/Users/datpro/Documents/gitdatpro/ff-transform-data/data/bronze/raw/calendar/2026/06_orange.html|/Users/datpro/Documents/gitdatpro/ff-transform-data/data/bronze/raw/calendar/2026/06_yellow.html,2026-09-03T06:55:00Z
Jun 23,6:00am,AUD,yellow,Flash Services PMI,49.9,N/A,48.7,/Users/datpro/Documents/gitdatpro/ff-transform-data/data/bronze/raw/calendar/2026/06_red.html|/Users/datpro/Documents/gitdatpro/ff-transform-data/data/bronze/raw/calendar/2026/06_orange.html|/Users/datpro/Documents/gitdatpro/ff-transform-data/data/bronze/raw/calendar/2026/06_yellow.html,2026-09-03T06:55:00Z
Jun 23,7:15pm,USD,yellow,ADP Weekly Employment Change,30.8K,N/A,26.5K,/Users/datpro/Documents/gitdatpro/ff-transform-data/data/bronze/raw/calendar/2026/06_red.html|/Users/datpro/Documents/gitdatpro/ff-transform-data/data/bronze/raw/calendar/2026/06_orange.html|/Users/datpro/Documents/gitdatpro/ff-transform-data/data/bronze/raw/calendar/2026/06_yellow.html,2026-09-03T06:55:00Z
Jun 23,7:30am,JPY,yellow,Flash Manufacturing PMI,54.9,54.5,54.5,/Users/datpro/Documents/gitdatpro/ff-transform-data/data/bronze/raw/calendar/2026/06_red.html|/Users/datpro/Documents/gitdatpro/ff-transform-data/data/bronze/raw/calendar/2026/06_orange.html|/Users/datpro/Documents/gitdatpro/ff-transform-data/data/bronze/raw/calendar/2026/06_yellow.html,2026-09-03T06:55:00Z
Jun 23,8:15pm,GBP,yellow,MPC Member Taylor Speaks,N/A,N/A,N/A,/Users/datpro/Documents/gitdatpro/ff-transform-data/data/bronze/raw/calendar/2026/06_red.html|/Users/datpro/Documents/gitdatpro/ff-transform-data/data/bronze/raw/calendar/2026/06_orange.html|/Users/datpro/Documents/gitdatpro/ff-transform-data/data/bronze/raw/calendar/2026/06_yellow.html,2026-09-03T06:55:00Z
Jun 23,8:25pm,CAD,orange,BOC Gov Macklem Speaks,N/A,N/A,N/A,/Users/datpro/Documents/gitdatpro/ff-transform-data/data/bronze/raw/calendar/2026/06_red.html|/Users/datpro/Documents/gitdatpro/ff-transform-data/data/bronze/raw/calendar/2026/06_orange.html|/Users/datpro/Documents/gitdatpro/ff-transform-data/data/bronze/raw/calendar/2026/06_yellow.html,2026-09-03T06:55:00Z
Jun 23,8:45pm,USD,orange,Flash Manufacturing PMI,55.7,54.6,55.1,/Users/datpro/Documents/gitdatpro/ff-transform-data/data/bronze/raw/calendar/2026/06_red.html|/Users/datpro/Documents/gitdatpro/ff-transform-data/data/bronze/raw/calendar/2026/06_orange.html|/Users/datpro/Documents/gitdatpro/ff-transform-data/data/bronze/raw/calendar/2026/06_yellow.html,2026-09-03T06:55:00Z
Jun 23,8:45pm,USD,orange,Flash Services PMI,51.3,51.1,50.7,/Users/datpro/Documents/gitdatpro/ff-transform-data/data/bronze/raw/calendar/2026/06_red.html|/Users/datpro/Documents/gitdatpro/ff-transform-data/data/bronze/raw/calendar/2026/06_orange.html|/Users/datpro/Documents/gitdatpro/ff-transform-data/data/bronze/raw/calendar/2026/06_yellow.html,2026-09-03T06:55:00Z
Jun 23,9:00pm,USD,yellow,Richmond Manufacturing Index,4,8,13,/Users/datpro/Documents/gitdatpro/ff-transform-data/data/bronze/raw/calendar/2026/06_red.html|/Users/datpro/Documents/gitdatpro/ff-transform-data/data/bronze/raw/calendar/2026/06_orange.html|/Users/datpro/Documents/gitdatpro/ff-transform-data/data/bronze/raw/calendar/2026/06_yellow.html,2026-09-03T06:55:00Z
Jun 24,10:00pm,GBP,yellow,MPC Member Dhingra Speaks,N/A,N/A,N/A,/Users/datpro/Documents/gitdatpro/ff-transform-data/data/bronze/raw/calendar/2026/06_red.html|/Users/datpro/Documents/gitdatpro/ff-transform-data/data/bronze/raw/calendar/2026/06_orange.html|/Users/datpro/Documents/gitdatpro/ff-transform-data/data/bronze/raw/calendar/2026/06_yellow.html,2026-09-03T06:55:00Z
Jun 24,11:30pm,GBP,yellow,MPC Member Pill Speaks,N/A,N/A,N/A,/Users/datpro/Documents/gitdatpro/ff-transform-data/data/bronze/raw/calendar/2026/06_red.html|/Users/datpro/Documents/gitdatpro/ff-transform-data/data/bronze/raw/calendar/2026/06_orange.html|/Users/datpro/Documents/gitdatpro/ff-transform-data/data/bronze/raw/calendar/2026/06_yellow.html,2026-09-03T06:55:00Z
Jun 24,1:30pm,AUD,yellow,RBA Deputy Gov Hauser Speaks,N/A,N/A,N/A,/Users/datpro/Documents/gitdatpro/ff-transform-data/data/bronze/raw/calendar/2026/06_red.html|/Users/datpro/Documents/gitdatpro/ff-transform-data/data/bronze/raw/calendar/2026/06_orange.html|/Users/datpro/Documents/gitdatpro/ff-transform-data/data/bronze/raw/calendar/2026/06_yellow.html,2026-09-03T06:55:00Z
Jun 24,2:00pm,CHF,yellow,Gov Board Member Martin Speaks,N/A,N/A,N/A,/Users/datpro/Documents/gitdatpro/ff-transform-data/data/bronze/raw/calendar/2026/06_red.html|/Users/datpro/Documents/gitdatpro/ff-transform-data/data/bronze/raw/calendar/2026/06_orange.html|/Users/datpro/Documents/gitdatpro/ff-transform-data/data/bronze/raw/calendar/2026/06_yellow.html,2026-09-03T06:55:00Z
Jun 24,3:00pm,CHF,yellow,UBS Economic Expectations,-25.0,N/A,-11.1,/Users/datpro/Documents/gitdatpro/ff-transform-data/data/bronze/raw/calendar/2026/06_red.html|/Users/datpro/Documents/gitdatpro/ff-transform-data/data/bronze/raw/calendar/2026/06_orange.html|/Users/datpro/Documents/gitdatpro/ff-transform-data/data/bronze/raw/calendar/2026/06_yellow.html,2026-09-03T06:55:00Z
Jun 24,3:00pm,EUR,yellow,German ifo Business Climate,85.6,85.6,85.0,/Users/datpro/Documents/gitdatpro/ff-transform-data/data/bronze/raw/calendar/2026/06_red.html|/Users/datpro/Documents/gitdatpro/ff-transform-data/data/bronze/raw/calendar/2026/06_orange.html|/Users/datpro/Documents/gitdatpro/ff-transform-data/data/bronze/raw/calendar/2026/06_yellow.html,2026-09-03T06:55:00Z
Jun 24,3:30am,USD,yellow,API Weekly Statistical Bulletin,N/A,N/A,N/A,/Users/datpro/Documents/gitdatpro/ff-transform-data/data/bronze/raw/calendar/2026/06_red.html|/Users/datpro/Documents/gitdatpro/ff-transform-data/data/bronze/raw/calendar/2026/06_orange.html|/Users/datpro/Documents/gitdatpro/ff-transform-data/data/bronze/raw/calendar/2026/06_yellow.html,2026-09-03T06:55:00Z
Jun 24,4:00pm,EUR,yellow,German Buba President Nagel Speaks,N/A,N/A,N/A,/Users/datpro/Documents/gitdatpro/ff-transform-data/data/bronze/raw/calendar/2026/06_red.html|/Users/datpro/Documents/gitdatpro/ff-transform-data/data/bronze/raw/calendar/2026/06_orange.html|/Users/datpro/Documents/gitdatpro/ff-transform-data/data/bronze/raw/calendar/2026/06_yellow.html,2026-09-03T06:55:00Z
Jun 24,4:40pm,EUR,yellow,German 10-y Bond Auction,2.96|1.7,N/A,3.06|1.7,/Users/datpro/Documents/gitdatpro/ff-transform-data/data/bronze/raw/calendar/2026/06_red.html|/Users/datpro/Documents/gitdatpro/ff-transform-data/data/bronze/raw/calendar/2026/06_orange.html|/Users/datpro/Documents/gitdatpro/ff-transform-data/data/bronze/raw/calendar/2026/06_yellow.html,2026-09-03T06:55:00Z
Jun 24,6:00pm,AUD,red,CPI y/y,4.0%,4.3%,4.2%,/Users/datpro/Documents/gitdatpro/ff-transform-data/data/bronze/raw/calendar/2026/06_red.html|/Users/datpro/Documents/gitdatpro/ff-transform-data/data/bronze/raw/calendar/2026/06_orange.html|/Users/datpro/Documents/gitdatpro/ff-transform-data/data/bronze/raw/calendar/2026/06_yellow.html,2026-09-03T06:55:00Z
Jun 24,6:00pm,AUD,red,Trimmed Mean CPI m/m,0.4%,0.3%,0.3%,/Users/datpro/Documents/gitdatpro/ff-transform-data/data/bronze/raw/calendar/2026/06_red.html|/Users/datpro/Documents/gitdatpro/ff-transform-data/data/bronze/raw/calendar/2026/06_orange.html|/Users/datpro/Documents/gitdatpro/ff-transform-data/data/bronze/raw/calendar/2026/06_yellow.html,2026-09-03T06:55:00Z
Jun 24,6:15pm,CAD,yellow,Gov Council Member Rogers Speaks,N/A,N/A,N/A,/Users/datpro/Documents/gitdatpro/ff-transform-data/data/bronze/raw/calendar/2026/06_red.html|/Users/datpro/Documents/gitdatpro/ff-transform-data/data/bronze/raw/calendar/2026/06_orange.html|/Users/datpro/Documents/gitdatpro/ff-transform-data/data/bronze/raw/calendar/2026/06_yellow.html,2026-09-03T06:55:00Z
Jun 24,6:15pm,GBP,yellow,MPC Member Breeden Speaks,N/A,N/A,N/A,/Users/datpro/Documents/gitdatpro/ff-transform-data/data/bronze/raw/calendar/2026/06_red.html|/Users/datpro/Documents/gitdatpro/ff-transform-data/data/bronze/raw/calendar/2026/06_orange.html|/Users/datpro/Documents/gitdatpro/ff-transform-data/data/bronze/raw/calendar/2026/06_yellow.html,2026-09-03T06:55:00Z
Jun 24,6:50am,JPY,yellow,BOJ Summary of Opinions,N/A,N/A,N/A,/Users/datpro/Documents/gitdatpro/ff-transform-data/data/bronze/raw/calendar/2026/06_red.html|/Users/datpro/Documents/gitdatpro/ff-transform-data/data/bronze/raw/calendar/2026/06_orange.html|/Users/datpro/Documents/gitdatpro/ff-transform-data/data/bronze/raw/calendar/2026/06_yellow.html,2026-09-03T06:55:00Z
Jun 24,6:50am,JPY,yellow,SPPI y/y,3.3%,3.3%,3.3%,/Users/datpro/Documents/gitdatpro/ff-transform-data/data/bronze/raw/calendar/2026/06_red.html|/Users/datpro/Documents/gitdatpro/ff-transform-data/data/bronze/raw/calendar/2026/06_orange.html|/Users/datpro/Documents/gitdatpro/ff-transform-data/data/bronze/raw/calendar/2026/06_yellow.html,2026-09-03T06:55:00Z
Jun 24,7:30pm,USD,yellow,Current Account,-227B,-212B,-221B,/Users/datpro/Documents/gitdatpro/ff-transform-data/data/bronze/raw/calendar/2026/06_red.html|/Users/datpro/Documents/gitdatpro/ff-transform-data/data/bronze/raw/calendar/2026/06_orange.html|/Users/datpro/Documents/gitdatpro/ff-transform-data/data/bronze/raw/calendar/2026/06_yellow.html,2026-09-03T06:55:00Z
Jun 24,7:38pm,EUR,yellow,Belgian NBB Business Climate,-12.4,-12.0,-13.3,/Users/datpro/Documents/gitdatpro/ff-transform-data/data/bronze/raw/calendar/2026/06_red.html|/Users/datpro/Documents/gitdatpro/ff-transform-data/data/bronze/raw/calendar/2026/06_orange.html|/Users/datpro/Documents/gitdatpro/ff-transform-data/data/bronze/raw/calendar/2026/06_yellow.html,2026-09-03T06:55:00Z
Jun 24,8:00pm,CHF,yellow,SNB Quarterly Bulletin,N/A,N/A,N/A,/Users/datpro/Documents/gitdatpro/ff-transform-data/data/bronze/raw/calendar/2026/06_red.html|/Users/datpro/Documents/gitdatpro/ff-transform-data/data/bronze/raw/calendar/2026/06_orange.html|/Users/datpro/Documents/gitdatpro/ff-transform-data/data/bronze/raw/calendar/2026/06_yellow.html,2026-09-03T06:55:00Z
Jun 24,9:00pm,USD,yellow,New Home Sales,580K,638K,626K,/Users/datpro/Documents/gitdatpro/ff-transform-data/data/bronze/raw/calendar/2026/06_red.html|/Users/datpro/Documents/gitdatpro/ff-transform-data/data/bronze/raw/calendar/2026/06_orange.html|/Users/datpro/Documents/gitdatpro/ff-transform-data/data/bronze/raw/calendar/2026/06_yellow.html,2026-09-03T06:55:00Z
Jun 24,9:30pm,USD,yellow,Crude Oil Inventories,-6.1M,-3.9M,-8.3M,/Users/datpro/Documents/gitdatpro/ff-transform-data/data/bronze/raw/calendar/2026/06_red.html|/Users/datpro/Documents/gitdatpro/ff-transform-data/data/bronze/raw/calendar/2026/06_orange.html|/Users/datpro/Documents/gitdatpro/ff-transform-data/data/bronze/raw/calendar/2026/06_yellow.html,2026-09-03T06:55:00Z
Jun 25,10:50am,AUD,yellow,NAB Quarterly Business Confidence,-19,N/A,-5,/Users/datpro/Documents/gitdatpro/ff-transform-data/data/bronze/raw/calendar/2026/06_red.html|/Users/datpro/Documents/gitdatpro/ff-transform-data/data/bronze/raw/calendar/2026/06_orange.html|/Users/datpro/Documents/gitdatpro/ff-transform-data/data/bronze/raw/calendar/2026/06_yellow.html,2026-09-03T06:55:00Z
Jun 25,1:00pm,EUR,yellow,German GfK Consumer Climate,-29.2,-27.8,-29.7,/Users/datpro/Documents/gitdatpro/ff-transform-data/data/bronze/raw/calendar/2026/06_red.html|/Users/datpro/Documents/gitdatpro/ff-transform-data/data/bronze/raw/calendar/2026/06_orange.html|/Users/datpro/Documents/gitdatpro/ff-transform-data/data/bronze/raw/calendar/2026/06_yellow.html,2026-09-03T06:55:00Z
Jun 25,3:00am,USD,yellow,Bank Stress Test Results,N/A,N/A,N/A,/Users/datpro/Documents/gitdatpro/ff-transform-data/data/bronze/raw/calendar/2026/06_red.html|/Users/datpro/Documents/gitdatpro/ff-transform-data/data/bronze/raw/calendar/2026/06_orange.html|/Users/datpro/Documents/gitdatpro/ff-transform-data/data/bronze/raw/calendar/2026/06_yellow.html,2026-09-03T06:55:00Z
Jun 25,3:00pm,EUR,yellow,ECB Economic Bulletin,N/A,N/A,N/A,/Users/datpro/Documents/gitdatpro/ff-transform-data/data/bronze/raw/calendar/2026/06_red.html|/Users/datpro/Documents/gitdatpro/ff-transform-data/data/bronze/raw/calendar/2026/06_orange.html|/Users/datpro/Documents/gitdatpro/ff-transform-data/data/bronze/raw/calendar/2026/06_yellow.html,2026-09-03T06:55:00Z
Jun 25,5:00pm,GBP,yellow,CBI Realized Sales,-54,-41,-46,/Users/datpro/Documents/gitdatpro/ff-transform-data/data/bronze/raw/calendar/2026/06_red.html|/Users/datpro/Documents/gitdatpro/ff-transform-data/data/bronze/raw/calendar/2026/06_orange.html|/Users/datpro/Documents/gitdatpro/ff-transform-data/data/bronze/raw/calendar/2026/06_yellow.html,2026-09-03T06:55:00Z
Jun 25,6:00pm,AUD,red,Unemployment Rate,4.4%,4.4%,4.5%,/Users/datpro/Documents/gitdatpro/ff-transform-data/data/bronze/raw/calendar/2026/06_red.html|/Users/datpro/Documents/gitdatpro/ff-transform-data/data/bronze/raw/calendar/2026/06_orange.html|/Users/datpro/Documents/gitdatpro/ff-transform-data/data/bronze/raw/calendar/2026/06_yellow.html,2026-09-03T06:55:00Z
Jun 25,7:30pm,USD,yellow,Core Durable Goods Orders m/m,1.3%,0.5%,1.4%,/Users/datpro/Documents/gitdatpro/ff-transform-data/data/bronze/raw/calendar/2026/06_red.html|/Users/datpro/Documents/gitdatpro/ff-transform-data/data/bronze/raw/calendar/2026/06_orange.html|/Users/datpro/Documents/gitdatpro/ff-transform-data/data/bronze/raw/calendar/2026/06_yellow.html,2026-09-03T06:55:00Z
Jun 25,7:30pm,USD,red,Core PCE Price Index m/m,0.3%,0.3%,0.3%,/Users/datpro/Documents/gitdatpro/ff-transform-data/data/bronze/raw/calendar/2026/06_red.html|/Users/datpro/Documents/gitdatpro/ff-transform-data/data/bronze/raw/calendar/2026/06_orange.html|/Users/datpro/Documents/gitdatpro/ff-transform-data/data/bronze/raw/calendar/2026/06_yellow.html,2026-09-03T06:55:00Z
Jun 25,7:30pm,USD,yellow,Durable Goods Orders m/m,-4.5%,-5.0%,8.0%,/Users/datpro/Documents/gitdatpro/ff-transform-data/data/bronze/raw/calendar/2026/06_red.html|/Users/datpro/Documents/gitdatpro/ff-transform-data/data/bronze/raw/calendar/2026/06_orange.html|/Users/datpro/Documents/gitdatpro/ff-transform-data/data/bronze/raw/calendar/2026/06_yellow.html,2026-09-03T06:55:00Z
Jun 25,7:30pm,USD,orange,Final GDP Price Index q/q,3.6%,3.5%,3.5%,/Users/datpro/Documents/gitdatpro/ff-transform-data/data/bronze/raw/calendar/2026/06_red.html|/Users/datpro/Documents/gitdatpro/ff-transform-data/data/bronze/raw/calendar/2026/06_orange.html|/Users/datpro/Documents/gitdatpro/ff-transform-data/data/bronze/raw/calendar/2026/06_yellow.html,2026-09-03T06:55:00Z
Jun 25,7:30pm,USD,red,Final GDP q/q,2.1%,1.6%,1.6%,/Users/datpro/Documents/gitdatpro/ff-transform-data/data/bronze/raw/calendar/2026/06_red.html|/Users/datpro/Documents/gitdatpro/ff-transform-data/data/bronze/raw/calendar/2026/06_orange.html|/Users/datpro/Documents/gitdatpro/ff-transform-data/data/bronze/raw/calendar/2026/06_yellow.html,2026-09-03T06:55:00Z
Jun 25,7:30pm,USD,yellow,Personal Income m/m,0.7%,0.4%,0.0%,/Users/datpro/Documents/gitdatpro/ff-transform-data/data/bronze/raw/calendar/2026/06_red.html|/Users/datpro/Documents/gitdatpro/ff-transform-data/data/bronze/raw/calendar/2026/06_orange.html|/Users/datpro/Documents/gitdatpro/ff-transform-data/data/bronze/raw/calendar/2026/06_yellow.html,2026-09-03T06:55:00Z
Jun 25,7:30pm,USD,yellow,Personal Spending m/m,0.7%,0.6%,0.4%,/Users/datpro/Documents/gitdatpro/ff-transform-data/data/bronze/raw/calendar/2026/06_red.html|/Users/datpro/Documents/gitdatpro/ff-transform-data/data/bronze/raw/calendar/2026/06_orange.html|/Users/datpro/Documents/gitdatpro/ff-transform-data/data/bronze/raw/calendar/2026/06_yellow.html,2026-09-03T06:55:00Z
Jun 25,7:30pm,USD,orange,Unemployment Claims,215K,225K,227K,/Users/datpro/Documents/gitdatpro/ff-transform-data/data/bronze/raw/calendar/2026/06_red.html|/Users/datpro/Documents/gitdatpro/ff-transform-data/data/bronze/raw/calendar/2026/06_orange.html|/Users/datpro/Documents/gitdatpro/ff-transform-data/data/bronze/raw/calendar/2026/06_yellow.html,2026-09-03T06:55:00Z
Jun 25,7:45pm,USD,yellow,FOMC Member Bowman Speaks,N/A,N/A,N/A,/Users/datpro/Documents/gitdatpro/ff-transform-data/data/bronze/raw/calendar/2026/06_red.html|/Users/datpro/Documents/gitdatpro/ff-transform-data/data/bronze/raw/calendar/2026/06_orange.html|/Users/datpro/Documents/gitdatpro/ff-transform-data/data/bronze/raw/calendar/2026/06_yellow.html,2026-09-03T06:55:00Z
Jun 25,8:04pm,CNY,yellow,CB Leading Index m/m,-0.1%,N/A,-0.9%,/Users/datpro/Documents/gitdatpro/ff-transform-data/data/bronze/raw/calendar/2026/06_red.html|/Users/datpro/Documents/gitdatpro/ff-transform-data/data/bronze/raw/calendar/2026/06_orange.html|/Users/datpro/Documents/gitdatpro/ff-transform-data/data/bronze/raw/calendar/2026/06_yellow.html,2026-09-03T06:55:00Z
Jun 25,8:30am,AUD,yellow,Household Spending m/m,1.3%,0.5%,-1.1%,/Users/datpro/Documents/gitdatpro/ff-transform-data/data/bronze/raw/calendar/2026/06_red.html|/Users/datpro/Documents/gitdatpro/ff-transform-data/data/bronze/raw/calendar/2026/06_orange.html|/Users/datpro/Documents/gitdatpro/ff-transform-data/data/bronze/raw/calendar/2026/06_yellow.html,2026-09-03T06:55:00Z
Jun 25,9:30pm,USD,yellow,Natural Gas Storage,76B,67B,73B,/Users/datpro/Documents/gitdatpro/ff-transform-data/data/bronze/raw/calendar/2026/06_red.html|/Users/datpro/Documents/gitdatpro/ff-transform-data/data/bronze/raw/calendar/2026/06_orange.html|/Users/datpro/Documents/gitdatpro/ff-transform-data/data/bronze/raw/calendar/2026/06_yellow.html,2026-09-03T06:55:00Z
Jun 26,10:30pm,USD,yellow,FOMC Member Kashkari Speaks,N/A,N/A,N/A,/Users/datpro/Documents/gitdatpro/ff-transform-data/data/bronze/raw/calendar/2026/06_red.html|/Users/datpro/Documents/gitdatpro/ff-transform-data/data/bronze/raw/calendar/2026/06_orange.html|/Users/datpro/Documents/gitdatpro/ff-transform-data/data/bronze/raw/calendar/2026/06_yellow.html,2026-09-03T06:55:00Z
Jun 26,3:30pm,EUR,yellow,German Buba President Nagel Speaks,N/A,N/A,N/A,/Users/datpro/Documents/gitdatpro/ff-transform-data/data/bronze/raw/calendar/2026/06_red.html|/Users/datpro/Documents/gitdatpro/ff-transform-data/data/bronze/raw/calendar/2026/06_orange.html|/Users/datpro/Documents/gitdatpro/ff-transform-data/data/bronze/raw/calendar/2026/06_yellow.html,2026-09-03T06:55:00Z
Jun 26,4:06pm,EUR,yellow,Italian 10-y Bond Auction,3.63|1.7,N/A,3.77|1.6,/Users/datpro/Documents/gitdatpro/ff-transform-data/data/bronze/raw/calendar/2026/06_red.html|/Users/datpro/Documents/gitdatpro/ff-transform-data/data/bronze/raw/calendar/2026/06_orange.html|/Users/datpro/Documents/gitdatpro/ff-transform-data/data/bronze/raw/calendar/2026/06_yellow.html,2026-09-03T06:55:00Z
Jun 26,5:30am,USD,yellow,FOMC Member Goolsbee Speaks,N/A,N/A,N/A,/Users/datpro/Documents/gitdatpro/ff-transform-data/data/bronze/raw/calendar/2026/06_red.html|/Users/datpro/Documents/gitdatpro/ff-transform-data/data/bronze/raw/calendar/2026/06_orange.html|/Users/datpro/Documents/gitdatpro/ff-transform-data/data/bronze/raw/calendar/2026/06_yellow.html,2026-09-03T06:55:00Z
Jun 26,7:30pm,USD,yellow,Goods Trade Balance,-105.8B,-85.0B,-83.0B,/Users/datpro/Documents/gitdatpro/ff-transform-data/data/bronze/raw/calendar/2026/06_red.html|/Users/datpro/Documents/gitdatpro/ff-transform-data/data/bronze/raw/calendar/2026/06_orange.html|/Users/datpro/Documents/gitdatpro/ff-transform-data/data/bronze/raw/calendar/2026/06_yellow.html,2026-09-03T06:55:00Z
Jun 26,7:30pm,USD,yellow,Prelim Wholesale Inventories m/m,0.3%,0.3%,0.6%,/Users/datpro/Documents/gitdatpro/ff-transform-data/data/bronze/raw/calendar/2026/06_red.html|/Users/datpro/Documents/gitdatpro/ff-transform-data/data/bronze/raw/calendar/2026/06_orange.html|/Users/datpro/Documents/gitdatpro/ff-transform-data/data/bronze/raw/calendar/2026/06_yellow.html,2026-09-03T06:55:00Z
Jun 26,9:00pm,USD,orange,Revised UoM Consumer Sentiment,49.5,50.0,48.9,/Users/datpro/Documents/gitdatpro/ff-transform-data/data/bronze/raw/calendar/2026/06_red.html|/Users/datpro/Documents/gitdatpro/ff-transform-data/data/bronze/raw/calendar/2026/06_orange.html|/Users/datpro/Documents/gitdatpro/ff-transform-data/data/bronze/raw/calendar/2026/06_yellow.html,2026-09-03T06:55:00Z
Jun 26,9:00pm,USD,orange,Revised UoM Inflation Expectations,4.6%,N/A,4.6%,/Users/datpro/Documents/gitdatpro/ff-transform-data/data/bronze/raw/calendar/2026/06_red.html|/Users/datpro/Documents/gitdatpro/ff-transform-data/data/bronze/raw/calendar/2026/06_orange.html|/Users/datpro/Documents/gitdatpro/ff-transform-data/data/bronze/raw/calendar/2026/06_yellow.html,2026-09-03T06:55:00Z
Jun 29,12:00pm,GBP,yellow,MPC Member Pill Speaks,N/A,N/A,N/A,/Users/datpro/Documents/gitdatpro/ff-transform-data/data/bronze/raw/calendar/2026/06_red.html|/Users/datpro/Documents/gitdatpro/ff-transform-data/data/bronze/raw/calendar/2026/06_orange.html|/Users/datpro/Documents/gitdatpro/ff-transform-data/data/bronze/raw/calendar/2026/06_yellow.html,2026-09-03T06:55:00Z
Jun 29,2:00pm,EUR,yellow,Spanish Flash CPI y/y,3.2%,3.2%,3.2%,/Users/datpro/Documents/gitdatpro/ff-transform-data/data/bronze/raw/calendar/2026/06_red.html|/Users/datpro/Documents/gitdatpro/ff-transform-data/data/bronze/raw/calendar/2026/06_orange.html|/Users/datpro/Documents/gitdatpro/ff-transform-data/data/bronze/raw/calendar/2026/06_yellow.html,2026-09-03T06:55:00Z
Jun 29,3:00pm,EUR,yellow,M3 Money Supply y/y,3.2%,2.7%,2.7%,/Users/datpro/Documents/gitdatpro/ff-transform-data/data/bronze/raw/calendar/2026/06_red.html|/Users/datpro/Documents/gitdatpro/ff-transform-data/data/bronze/raw/calendar/2026/06_orange.html|/Users/datpro/Documents/gitdatpro/ff-transform-data/data/bronze/raw/calendar/2026/06_yellow.html,2026-09-03T06:55:00Z
Jun 29,3:00pm,EUR,yellow,Private Loans y/y,3.1%,2.9%,3.0%,/Users/datpro/Documents/gitdatpro/ff-transform-data/data/bronze/raw/calendar/2026/06_red.html|/Users/datpro/Documents/gitdatpro/ff-transform-data/data/bronze/raw/calendar/2026/06_orange.html|/Users/datpro/Documents/gitdatpro/ff-transform-data/data/bronze/raw/calendar/2026/06_yellow.html,2026-09-03T06:55:00Z
Jun 29,3:30pm,GBP,yellow,M4 Money Supply m/m,0.1%,0.2%,0.2%,/Users/datpro/Documents/gitdatpro/ff-transform-data/data/bronze/raw/calendar/2026/06_red.html|/Users/datpro/Documents/gitdatpro/ff-transform-data/data/bronze/raw/calendar/2026/06_orange.html|/Users/datpro/Documents/gitdatpro/ff-transform-data/data/bronze/raw/calendar/2026/06_yellow.html,2026-09-03T06:55:00Z
Jun 29,3:30pm,GBP,yellow,Mortgage Approvals,56K,63K,66K,/Users/datpro/Documents/gitdatpro/ff-transform-data/data/bronze/raw/calendar/2026/06_red.html|/Users/datpro/Documents/gitdatpro/ff-transform-data/data/bronze/raw/calendar/2026/06_orange.html|/Users/datpro/Documents/gitdatpro/ff-transform-data/data/bronze/raw/calendar/2026/06_yellow.html,2026-09-03T06:55:00Z
Jun 29,3:30pm,GBP,yellow,Net Lending to Individuals m/m,4.6B,6.0B,6.2B,/Users/datpro/Documents/gitdatpro/ff-transform-data/data/bronze/raw/calendar/2026/06_red.html|/Users/datpro/Documents/gitdatpro/ff-transform-data/data/bronze/raw/calendar/2026/06_orange.html|/Users/datpro/Documents/gitdatpro/ff-transform-data/data/bronze/raw/calendar/2026/06_yellow.html,2026-09-03T06:55:00Z
Jun 29,6:50am,JPY,yellow,Retail Sales y/y,5.3%,3.1%,2.8%,/Users/datpro/Documents/gitdatpro/ff-transform-data/data/bronze/raw/calendar/2026/06_red.html|/Users/datpro/Documents/gitdatpro/ff-transform-data/data/bronze/raw/calendar/2026/06_orange.html|/Users/datpro/Documents/gitdatpro/ff-transform-data/data/bronze/raw/calendar/2026/06_yellow.html,2026-09-03T06:55:00Z
Jun 3,10:00am,USD,yellow,FOMC Member Goolsbee Speaks,N/A,N/A,N/A,/Users/datpro/Documents/gitdatpro/ff-transform-data/data/bronze/raw/calendar/2026/06_red.html|/Users/datpro/Documents/gitdatpro/ff-transform-data/data/bronze/raw/calendar/2026/06_orange.html|/Users/datpro/Documents/gitdatpro/ff-transform-data/data/bronze/raw/calendar/2026/06_yellow.html,2026-09-03T06:55:00Z
Jun 3,1:19pm,AUD,yellow,Private Sector Credit m/m,0.7%,0.6%,0.7%,/Users/datpro/Documents/gitdatpro/ff-transform-data/data/bronze/raw/calendar/2026/06_red.html|/Users/datpro/Documents/gitdatpro/ff-transform-data/data/bronze/raw/calendar/2026/06_orange.html|/Users/datpro/Documents/gitdatpro/ff-transform-data/data/bronze/raw/calendar/2026/06_yellow.html,2026-09-03T06:55:00Z
Jun 3,2:15pm,EUR,yellow,Spanish Services PMI,50.1,48.2,47.9,/Users/datpro/Documents/gitdatpro/ff-transform-data/data/bronze/raw/calendar/2026/06_red.html|/Users/datpro/Documents/gitdatpro/ff-transform-data/data/bronze/raw/calendar/2026/06_orange.html|/Users/datpro/Documents/gitdatpro/ff-transform-data/data/bronze/raw/calendar/2026/06_yellow.html,2026-09-03T06:55:00Z
Jun 3,2:45pm,EUR,yellow,Italian Services PMI,49.4,49.2,49.8,/Users/datpro/Documents/gitdatpro/ff-transform-data/data/bronze/raw/calendar/2026/06_red.html|/Users/datpro/Documents/gitdatpro/ff-transform-data/data/bronze/raw/calendar/2026/06_orange.html|/Users/datpro/Documents/gitdatpro/ff-transform-data/data/bronze/raw/calendar/2026/06_yellow.html,2026-09-03T06:55:00Z
Jun 3,2:50pm,EUR,yellow,French Final Services PMI,44.3,42.9,42.9,/Users/datpro/Documents/gitdatpro/ff-transform-data/data/bronze/raw/calendar/2026/06_red.html|/Users/datpro/Documents/gitdatpro/ff-transform-data/data/bronze/raw/calendar/2026/06_orange.html|/Users/datpro/Documents/gitdatpro/ff-transform-data/data/bronze/raw/calendar/2026/06_yellow.html,2026-09-03T06:55:00Z
Jun 3,2:55pm,EUR,yellow,German Final Services PMI,48.1,47.8,47.8,/Users/datpro/Documents/gitdatpro/ff-transform-data/data/bronze/raw/calendar/2026/06_red.html|/Users/datpro/Documents/gitdatpro/ff-transform-data/data/bronze/raw/calendar/2026/06_orange.html|/Users/datpro/Documents/gitdatpro/ff-transform-data/data/bronze/raw/calendar/2026/06_yellow.html,2026-09-03T06:55:00Z
Jun 3,3:00pm,EUR,yellow,Final Services PMI,47.7,46.4,46.4,/Users/datpro/Documents/gitdatpro/ff-transform-data/data/bronze/raw/calendar/2026/06_red.html|/Users/datpro/Documents/gitdatpro/ff-transform-data/data/bronze/raw/calendar/2026/06_orange.html|/Users/datpro/Documents/gitdatpro/ff-transform-data/data/bronze/raw/calendar/2026/06_yellow.html,2026-09-03T06:55:00Z
Jun 3,3:30pm,GBP,yellow,Final Services PMI,49.3,47.9,47.9,/Users/datpro/Documents/gitdatpro/ff-transform-data/data/bronze/raw/calendar/2026/06_red.html|/Users/datpro/Documents/gitdatpro/ff-transform-data/data/bronze/raw/calendar/2026/06_orange.html|/Users/datpro/Documents/gitdatpro/ff-transform-data/data/bronze/raw/calendar/2026/06_yellow.html,2026-09-03T06:55:00Z
Jun 3,3:30pm,JPY,red,BOJ Gov Ueda Speaks,N/A,N/A,N/A,/Users/datpro/Documents/gitdatpro/ff-transform-data/data/bronze/raw/calendar/2026/06_red.html|/Users/datpro/Documents/gitdatpro/ff-transform-data/data/bronze/raw/calendar/2026/06_orange.html|/Users/datpro/Documents/gitdatpro/ff-transform-data/data/bronze/raw/calendar/2026/06_yellow.html,2026-09-03T06:55:00Z
Jun 3,4:00pm,EUR,yellow,PPI m/m,0.6%,0.6%,3.4%,/Users/datpro/Documents/gitdatpro/ff-transform-data/data/bronze/raw/calendar/2026/06_red.html|/Users/datpro/Documents/gitdatpro/ff-transform-data/data/bronze/raw/calendar/2026/06_orange.html|/Users/datpro/Documents/gitdatpro/ff-transform-data/data/bronze/raw/calendar/2026/06_yellow.html,2026-09-03T06:55:00Z
Jun 3,5:45am,NZD,yellow,Building Consents m/m,10.9%,N/A,-0.8%,/Users/datpro/Documents/gitdatpro/ff-transform-data/data/bronze/raw/calendar/2026/06_red.html|/Users/datpro/Documents/gitdatpro/ff-transform-data/data/bronze/raw/calendar/2026/06_orange.html|/Users/datpro/Documents/gitdatpro/ff-transform-data/data/bronze/raw/calendar/2026/06_yellow.html,2026-09-03T06:55:00Z
Jun 3,5:45am,NZD,yellow,Overseas Trade Index q/q,-2.0%,-1.2%,3.7%,/Users/datpro/Documents/gitdatpro/ff-transform-data/data/bronze/raw/calendar/2026/06_red.html|/Users/datpro/Documents/gitdatpro/ff-transform-data/data/bronze/raw/calendar/2026/06_orange.html|/Users/datpro/Documents/gitdatpro/ff-transform-data/data/bronze/raw/calendar/2026/06_yellow.html,2026-09-03T06:55:00Z
Jun 3,7:15pm,USD,red,ADP Non-Farm Employment Change,122K,118K,105K,/Users/datpro/Documents/gitdatpro/ff-transform-data/data/bronze/raw/calendar/2026/06_red.html|/Users/datpro/Documents/gitdatpro/ff-transform-data/data/bronze/raw/calendar/2026/06_orange.html|/Users/datpro/Documents/gitdatpro/ff-transform-data/data/bronze/raw/calendar/2026/06_yellow.html,2026-09-03T06:55:00Z
Jun 3,7:30pm,CAD,yellow,Labor Productivity q/q,-0.5%,0.3%,-0.3%,/Users/datpro/Documents/gitdatpro/ff-transform-data/data/bronze/raw/calendar/2026/06_red.html|/Users/datpro/Documents/gitdatpro/ff-transform-data/data/bronze/raw/calendar/2026/06_orange.html|/Users/datpro/Documents/gitdatpro/ff-transform-data/data/bronze/raw/calendar/2026/06_yellow.html,2026-09-03T06:55:00Z
Jun 3,8:00pm,USD,yellow,FOMC Member Barr Speaks,N/A,N/A,N/A,/Users/datpro/Documents/gitdatpro/ff-transform-data/data/bronze/raw/calendar/2026/06_red.html|/Users/datpro/Documents/gitdatpro/ff-transform-data/data/bronze/raw/calendar/2026/06_orange.html|/Users/datpro/Documents/gitdatpro/ff-transform-data/data/bronze/raw/calendar/2026/06_yellow.html,2026-09-03T06:55:00Z
Jun 3,8:45am,CNY,yellow,RatingDog Services PMI,54.4,52.3,52.6,/Users/datpro/Documents/gitdatpro/ff-transform-data/data/bronze/raw/calendar/2026/06_red.html|/Users/datpro/Documents/gitdatpro/ff-transform-data/data/bronze/raw/calendar/2026/06_orange.html|/Users/datpro/Documents/gitdatpro/ff-transform-data/data/bronze/raw/calendar/2026/06_yellow.html,2026-09-03T06:55:00Z
Jun 3,8:45pm,USD,yellow,Final Services PMI,50.7,51.0,50.9,/Users/datpro/Documents/gitdatpro/ff-transform-data/data/bronze/raw/calendar/2026/06_red.html|/Users/datpro/Documents/gitdatpro/ff-transform-data/data/bronze/raw/calendar/2026/06_orange.html|/Users/datpro/Documents/gitdatpro/ff-transform-data/data/bronze/raw/calendar/2026/06_yellow.html,2026-09-03T06:55:00Z
Jun 3,9:00pm,USD,yellow,Factory Orders m/m,4.8%,4.6%,1.8%,/Users/datpro/Documents/gitdatpro/ff-transform-data/data/bronze/raw/calendar/2026/06_red.html|/Users/datpro/Documents/gitdatpro/ff-transform-data/data/bronze/raw/calendar/2026/06_orange.html|/Users/datpro/Documents/gitdatpro/ff-transform-data/data/bronze/raw/calendar/2026/06_yellow.html,2026-09-03T06:55:00Z
Jun 3,9:00pm,USD,red,ISM Services PMI,54.5,53.7,53.6,/Users/datpro/Documents/gitdatpro/ff-transform-data/data/bronze/raw/calendar/2026/06_red.html|/Users/datpro/Documents/gitdatpro/ff-transform-data/data/bronze/raw/calendar/2026/06_orange.html|/Users/datpro/Documents/gitdatpro/ff-transform-data/data/bronze/raw/calendar/2026/06_yellow.html,2026-09-03T06:55:00Z
Jun 3,9:30pm,USD,yellow,Crude Oil Inventories,-8.0M,-2.9M,-3.3M,/Users/datpro/Documents/gitdatpro/ff-transform-data/data/bronze/raw/calendar/2026/06_red.html|/Users/datpro/Documents/gitdatpro/ff-transform-data/data/bronze/raw/calendar/2026/06_orange.html|/Users/datpro/Documents/gitdatpro/ff-transform-data/data/bronze/raw/calendar/2026/06_yellow.html,2026-09-03T06:55:00Z
Jun 30,12:00pm,JPY,yellow,Housing Starts y/y,33.9%,31.8%,11.4%,/Users/datpro/Documents/gitdatpro/ff-transform-data/data/bronze/raw/calendar/2026/06_red.html|/Users/datpro/Documents/gitdatpro/ff-transform-data/data/bronze/raw/calendar/2026/06_orange.html|/Users/datpro/Documents/gitdatpro/ff-transform-data/data/bronze/raw/calendar/2026/06_yellow.html,2026-09-03T06:55:00Z
Jun 30,1:00pm,EUR,yellow,German Import Prices m/m,0.7%,0.4%,1.2%,/Users/datpro/Documents/gitdatpro/ff-transform-data/data/bronze/raw/calendar/2026/06_red.html|/Users/datpro/Documents/gitdatpro/ff-transform-data/data/bronze/raw/calendar/2026/06_orange.html|/Users/datpro/Documents/gitdatpro/ff-transform-data/data/bronze/raw/calendar/2026/06_yellow.html,2026-09-03T06:55:00Z
Jun 30,1:00pm,EUR,yellow,German Retail Sales m/m,1.1%,0.0%,-0.4%,/Users/datpro/Documents/gitdatpro/ff-transform-data/data/bronze/raw/calendar/2026/06_red.html|/Users/datpro/Documents/gitdatpro/ff-transform-data/data/bronze/raw/calendar/2026/06_orange.html|/Users/datpro/Documents/gitdatpro/ff-transform-data/data/bronze/raw/calendar/2026/06_yellow.html,2026-09-03T06:55:00Z
Jun 30,1:00pm,GBP,yellow,Current Account,-22.1B,-22.2B,-27.2B,/Users/datpro/Documents/gitdatpro/ff-transform-data/data/bronze/raw/calendar/2026/06_red.html|/Users/datpro/Documents/gitdatpro/ff-transform-data/data/bronze/raw/calendar/2026/06_orange.html|/Users/datpro/Documents/gitdatpro/ff-transform-data/data/bronze/raw/calendar/2026/06_yellow.html,2026-09-03T06:55:00Z
Jun 30,1:00pm,GBP,yellow,Final GDP q/q,0.6%,0.6%,0.6%,/Users/datpro/Documents/gitdatpro/ff-transform-data/data/bronze/raw/calendar/2026/06_red.html|/Users/datpro/Documents/gitdatpro/ff-transform-data/data/bronze/raw/calendar/2026/06_orange.html|/Users/datpro/Documents/gitdatpro/ff-transform-data/data/bronze/raw/calendar/2026/06_yellow.html,2026-09-03T06:55:00Z
Jun 30,1:00pm,GBP,yellow,Revised Business Investment q/q,0.9%,0.7%,0.7%,/Users/datpro/Documents/gitdatpro/ff-transform-data/data/bronze/raw/calendar/2026/06_red.html|/Users/datpro/Documents/gitdatpro/ff-transform-data/data/bronze/raw/calendar/2026/06_orange.html|/Users/datpro/Documents/gitdatpro/ff-transform-data/data/bronze/raw/calendar/2026/06_yellow.html,2026-09-03T06:55:00Z
Jun 30,1:45pm,EUR,yellow,French Consumer Spending m/m,0.5%,0.2%,-0.5%,/Users/datpro/Documents/gitdatpro/ff-transform-data/data/bronze/raw/calendar/2026/06_red.html|/Users/datpro/Documents/gitdatpro/ff-transform-data/data/bronze/raw/calendar/2026/06_orange.html|/Users/datpro/Documents/gitdatpro/ff-transform-data/data/bronze/raw/calendar/2026/06_yellow.html,2026-09-03T06:55:00Z
Jun 30,1:45pm,EUR,yellow,French Prelim CPI m/m,-0.2%,0.0%,0.1%,/Users/datpro/Documents/gitdatpro/ff-transform-data/data/bronze/raw/calendar/2026/06_red.html|/Users/datpro/Documents/gitdatpro/ff-transform-data/data/bronze/raw/calendar/2026/06_orange.html|/Users/datpro/Documents/gitdatpro/ff-transform-data/data/bronze/raw/calendar/2026/06_yellow.html,2026-09-03T06:55:00Z
Jun 30,2:00pm,CHF,yellow,KOF Economic Barometer,101.2,99.0,98.6,/Users/datpro/Documents/gitdatpro/ff-transform-data/data/bronze/raw/calendar/2026/06_red.html|/Users/datpro/Documents/gitdatpro/ff-transform-data/data/bronze/raw/calendar/2026/06_orange.html|/Users/datpro/Documents/gitdatpro/ff-transform-data/data/bronze/raw/calendar/2026/06_yellow.html,2026-09-03T06:55:00Z
Jun 30,2:55pm,EUR,yellow,German Unemployment Change,-1K,7K,-12K,/Users/datpro/Documents/gitdatpro/ff-transform-data/data/bronze/raw/calendar/2026/06_red.html|/Users/datpro/Documents/gitdatpro/ff-transform-data/data/bronze/raw/calendar/2026/06_orange.html|/Users/datpro/Documents/gitdatpro/ff-transform-data/data/bronze/raw/calendar/2026/06_yellow.html,2026-09-03T06:55:00Z
Jun 30,4:00pm,EUR,yellow,Italian Prelim CPI m/m,0.0%,0.2%,0.4%,/Users/datpro/Documents/gitdatpro/ff-transform-data/data/bronze/raw/calendar/2026/06_red.html|/Users/datpro/Documents/gitdatpro/ff-transform-data/data/bronze/raw/calendar/2026/06_orange.html|/Users/datpro/Documents/gitdatpro/ff-transform-data/data/bronze/raw/calendar/2026/06_yellow.html,2026-09-03T06:55:00Z
Jun 30,5:40pm,GBP,yellow,MPC Member Breeden Speaks,N/A,N/A,N/A,/Users/datpro/Documents/gitdatpro/ff-transform-data/data/bronze/raw/calendar/2026/06_red.html|/Users/datpro/Documents/gitdatpro/ff-transform-data/data/bronze/raw/calendar/2026/06_orange.html|/Users/datpro/Documents/gitdatpro/ff-transform-data/data/bronze/raw/calendar/2026/06_yellow.html,2026-09-03T06:55:00Z
Jun 30,6:30am,JPY,yellow,Unemployment Rate,2.5%,2.5%,2.5%,/Users/datpro/Documents/gitdatpro/ff-transform-data/data/bronze/raw/calendar/2026/06_red.html|/Users/datpro/Documents/gitdatpro/ff-transform-data/data/bronze/raw/calendar/2026/06_orange.html|/Users/datpro/Documents/gitdatpro/ff-transform-data/data/bronze/raw/calendar/2026/06_yellow.html,2026-09-03T06:55:00Z
Jun 30,6:50am,JPY,yellow,Prelim Industrial Production m/m,0.5%,0.6%,0.5%,/Users/datpro/Documents/gitdatpro/ff-transform-data/data/bronze/raw/calendar/2026/06_red.html|/Users/datpro/Documents/gitdatpro/ff-transform-data/data/bronze/raw/calendar/2026/06_orange.html|/Users/datpro/Documents/gitdatpro/ff-transform-data/data/bronze/raw/calendar/2026/06_yellow.html,2026-09-03T06:55:00Z
Jun 30,8:00am,NZD,yellow,ANZ Business Confidence,36.6,N/A,10.0,/Users/datpro/Documents/gitdatpro/ff-transform-data/data/bronze/raw/calendar/2026/06_red.html|/Users/datpro/Documents/gitdatpro/ff-transform-data/data/bronze/raw/calendar/2026/06_orange.html|/Users/datpro/Documents/gitdatpro/ff-transform-data/data/bronze/raw/calendar/2026/06_yellow.html,2026-09-03T06:55:00Z
Jun 30,8:00pm,USD,yellow,HPI m/m,-0.1%,0.2%,0.2%,/Users/datpro/Documents/gitdatpro/ff-transform-data/data/bronze/raw/calendar/2026/06_red.html|/Users/datpro/Documents/gitdatpro/ff-transform-data/data/bronze/raw/calendar/2026/06_orange.html|/Users/datpro/Documents/gitdatpro/ff-transform-data/data/bronze/raw/calendar/2026/06_yellow.html,2026-09-03T06:55:00Z
Jun 30,8:00pm,USD,yellow,S&P/CS Composite-20 HPI y/y,1.1%,0.9%,0.9%,/Users/datpro/Documents/gitdatpro/ff-transform-data/data/bronze/raw/calendar/2026/06_red.html|/Users/datpro/Documents/gitdatpro/ff-transform-data/data/bronze/raw/calendar/2026/06_orange.html|/Users/datpro/Documents/gitdatpro/ff-transform-data/data/bronze/raw/calendar/2026/06_yellow.html,2026-09-03T06:55:00Z
Jun 30,8:30am,AUD,yellow,Monetary Policy Meeting Minutes,N/A,N/A,N/A,/Users/datpro/Documents/gitdatpro/ff-transform-data/data/bronze/raw/calendar/2026/06_red.html|/Users/datpro/Documents/gitdatpro/ff-transform-data/data/bronze/raw/calendar/2026/06_orange.html|/Users/datpro/Documents/gitdatpro/ff-transform-data/data/bronze/raw/calendar/2026/06_yellow.html,2026-09-03T06:55:00Z
Jun 30,8:30am,AUD,yellow,Private Sector Credit m/m,0.7%,0.6%,0.7%,/Users/datpro/Documents/gitdatpro/ff-transform-data/data/bronze/raw/calendar/2026/06_red.html|/Users/datpro/Documents/gitdatpro/ff-transform-data/data/bronze/raw/calendar/2026/06_orange.html|/Users/datpro/Documents/gitdatpro/ff-transform-data/data/bronze/raw/calendar/2026/06_yellow.html,2026-09-03T06:55:00Z
Jun 30,8:30am,CNY,yellow,Manufacturing PMI,50.3,50.1,50.0,/Users/datpro/Documents/gitdatpro/ff-transform-data/data/bronze/raw/calendar/2026/06_red.html|/Users/datpro/Documents/gitdatpro/ff-transform-data/data/bronze/raw/calendar/2026/06_orange.html|/Users/datpro/Documents/gitdatpro/ff-transform-data/data/bronze/raw/calendar/2026/06_yellow.html,2026-09-03T06:55:00Z
Jun 30,8:30am,CNY,yellow,Non-Manufacturing PMI,50.2,49.9,50.1,/Users/datpro/Documents/gitdatpro/ff-transform-data/data/bronze/raw/calendar/2026/06_red.html|/Users/datpro/Documents/gitdatpro/ff-transform-data/data/bronze/raw/calendar/2026/06_orange.html|/Users/datpro/Documents/gitdatpro/ff-transform-data/data/bronze/raw/calendar/2026/06_yellow.html,2026-09-03T06:55:00Z
Jun 30,8:45pm,USD,yellow,Chicago PMI,56.7,55.7,62.7,/Users/datpro/Documents/gitdatpro/ff-transform-data/data/bronze/raw/calendar/2026/06_red.html|/Users/datpro/Documents/gitdatpro/ff-transform-data/data/bronze/raw/calendar/2026/06_orange.html|/Users/datpro/Documents/gitdatpro/ff-transform-data/data/bronze/raw/calendar/2026/06_yellow.html,2026-09-03T06:55:00Z
Jun 30,9:00pm,USD,orange,CB Consumer Confidence,91.2,94.4,90.6,/Users/datpro/Documents/gitdatpro/ff-transform-data/data/bronze/raw/calendar/2026/06_red.html|/Users/datpro/Documents/gitdatpro/ff-transform-data/data/bronze/raw/calendar/2026/06_orange.html|/Users/datpro/Documents/gitdatpro/ff-transform-data/data/bronze/raw/calendar/2026/06_yellow.html,2026-09-03T06:55:00Z
Jun 30,9:00pm,USD,orange,JOLTS Job Openings,7.59M,7.28M,7.59M,/Users/datpro/Documents/gitdatpro/ff-transform-data/data/bronze/raw/calendar/2026/06_red.html|/Users/datpro/Documents/gitdatpro/ff-transform-data/data/bronze/raw/calendar/2026/06_orange.html|/Users/datpro/Documents/gitdatpro/ff-transform-data/data/bronze/raw/calendar/2026/06_yellow.html,2026-09-03T06:55:00Z
Jun 30,All Day,EUR,orange,German Prelim CPI m/m,-0.3%,0.0%,-0.2%,/Users/datpro/Documents/gitdatpro/ff-transform-data/data/bronze/raw/calendar/2026/06_red.html|/Users/datpro/Documents/gitdatpro/ff-transform-data/data/bronze/raw/calendar/2026/06_orange.html|/Users/datpro/Documents/gitdatpro/ff-transform-data/data/bronze/raw/calendar/2026/06_yellow.html,2026-09-03T06:55:00Z
Jun 4,10:40pm,GBP,red,BOE Gov Bailey Speaks,N/A,N/A,N/A,/Users/datpro/Documents/gitdatpro/ff-transform-data/data/bronze/raw/calendar/2026/06_red.html|/Users/datpro/Documents/gitdatpro/ff-transform-data/data/bronze/raw/calendar/2026/06_orange.html|/Users/datpro/Documents/gitdatpro/ff-transform-data/data/bronze/raw/calendar/2026/06_yellow.html,2026-09-03T06:55:00Z
Jun 4,10:40pm,USD,yellow,FOMC Member Daly Speaks,N/A,N/A,N/A,/Users/datpro/Documents/gitdatpro/ff-transform-data/data/bronze/raw/calendar/2026/06_red.html|/Users/datpro/Documents/gitdatpro/ff-transform-data/data/bronze/raw/calendar/2026/06_orange.html|/Users/datpro/Documents/gitdatpro/ff-transform-data/data/bronze/raw/calendar/2026/06_yellow.html,2026-09-03T06:55:00Z
Jun 4,2:00pm,CHF,yellow,Unemployment Rate,3.1%,3.0%,3.0%,/Users/datpro/Documents/gitdatpro/ff-transform-data/data/bronze/raw/calendar/2026/06_red.html|/Users/datpro/Documents/gitdatpro/ff-transform-data/data/bronze/raw/calendar/2026/06_orange.html|/Users/datpro/Documents/gitdatpro/ff-transform-data/data/bronze/raw/calendar/2026/06_yellow.html,2026-09-03T06:55:00Z
Jun 4,3:00am,USD,yellow,FOMC Member Logan Speaks,N/A,N/A,N/A,/Users/datpro/Documents/gitdatpro/ff-transform-data/data/bronze/raw/calendar/2026/06_red.html|/Users/datpro/Documents/gitdatpro/ff-transform-data/data/bronze/raw/calendar/2026/06_orange.html|/Users/datpro/Documents/gitdatpro/ff-transform-data/data/bronze/raw/calendar/2026/06_yellow.html,2026-09-03T06:55:00Z
Jun 4,3:00pm,EUR,orange,ECB President Lagarde Speaks,N/A,N/A,N/A,/Users/datpro/Documents/gitdatpro/ff-transform-data/data/bronze/raw/calendar/2026/06_red.html|/Users/datpro/Documents/gitdatpro/ff-transform-data/data/bronze/raw/calendar/2026/06_orange.html|/Users/datpro/Documents/gitdatpro/ff-transform-data/data/bronze/raw/calendar/2026/06_yellow.html,2026-09-03T06:55:00Z
Jun 4,3:30pm,GBP,yellow,Construction PMI,38.2,40.4,39.7,/Users/datpro/Documents/gitdatpro/ff-transform-data/data/bronze/raw/calendar/2026/06_red.html|/Users/datpro/Documents/gitdatpro/ff-transform-data/data/bronze/raw/calendar/2026/06_orange.html|/Users/datpro/Documents/gitdatpro/ff-transform-data/data/bronze/raw/calendar/2026/06_yellow.html,2026-09-03T06:55:00Z
Jun 4,3:50pm,EUR,yellow,French 10-y Bond Auction,3.80|2.4,N/A,3.61|2.0,/Users/datpro/Documents/gitdatpro/ff-transform-data/data/bronze/raw/calendar/2026/06_red.html|/Users/datpro/Documents/gitdatpro/ff-transform-data/data/bronze/raw/calendar/2026/06_orange.html|/Users/datpro/Documents/gitdatpro/ff-transform-data/data/bronze/raw/calendar/2026/06_yellow.html,2026-09-03T06:55:00Z
Jun 4,4:00pm,EUR,yellow,Retail Sales m/m,-0.4%,-0.3%,0.8%,/Users/datpro/Documents/gitdatpro/ff-transform-data/data/bronze/raw/calendar/2026/06_red.html|/Users/datpro/Documents/gitdatpro/ff-transform-data/data/bronze/raw/calendar/2026/06_orange.html|/Users/datpro/Documents/gitdatpro/ff-transform-data/data/bronze/raw/calendar/2026/06_yellow.html,2026-09-03T06:55:00Z
Jun 4,4:30pm,USD,yellow,Challenger Job Cuts y/y,3.4%,N/A,-20.9%,/Users/datpro/Documents/gitdatpro/ff-transform-data/data/bronze/raw/calendar/2026/06_red.html|/Users/datpro/Documents/gitdatpro/ff-transform-data/data/bronze/raw/calendar/2026/06_orange.html|/Users/datpro/Documents/gitdatpro/ff-transform-data/data/bronze/raw/calendar/2026/06_yellow.html,2026-09-03T06:55:00Z
Jun 4,7:30pm,USD,yellow,FOMC Member Barkin Speaks,N/A,N/A,N/A,/Users/datpro/Documents/gitdatpro/ff-transform-data/data/bronze/raw/calendar/2026/06_red.html|/Users/datpro/Documents/gitdatpro/ff-transform-data/data/bronze/raw/calendar/2026/06_orange.html|/Users/datpro/Documents/gitdatpro/ff-transform-data/data/bronze/raw/calendar/2026/06_yellow.html,2026-09-03T06:55:00Z
Jun 4,7:30pm,USD,yellow,Revised Nonfarm Productivity q/q,0.3%,0.5%,0.8%,/Users/datpro/Documents/gitdatpro/ff-transform-data/data/bronze/raw/calendar/2026/06_red.html|/Users/datpro/Documents/gitdatpro/ff-transform-data/data/bronze/raw/calendar/2026/06_orange.html|/Users/datpro/Documents/gitdatpro/ff-transform-data/data/bronze/raw/calendar/2026/06_yellow.html,2026-09-03T06:55:00Z
Jun 4,7:30pm,USD,yellow,Revised Unit Labor Costs q/q,1.8%,2.4%,2.3%,/Users/datpro/Documents/gitdatpro/ff-transform-data/data/bronze/raw/calendar/2026/06_red.html|/Users/datpro/Documents/gitdatpro/ff-transform-data/data/bronze/raw/calendar/2026/06_orange.html|/Users/datpro/Documents/gitdatpro/ff-transform-data/data/bronze/raw/calendar/2026/06_yellow.html,2026-09-03T06:55:00Z
Jun 4,7:30pm,USD,orange,Unemployment Claims,225K,214K,212K,/Users/datpro/Documents/gitdatpro/ff-transform-data/data/bronze/raw/calendar/2026/06_red.html|/Users/datpro/Documents/gitdatpro/ff-transform-data/data/bronze/raw/calendar/2026/06_orange.html|/Users/datpro/Documents/gitdatpro/ff-transform-data/data/bronze/raw/calendar/2026/06_yellow.html,2026-09-03T06:55:00Z
Jun 4,8:00am,NZD,yellow,ANZ Commodity Prices m/m,0.7%,N/A,-0.8%,/Users/datpro/Documents/gitdatpro/ff-transform-data/data/bronze/raw/calendar/2026/06_red.html|/Users/datpro/Documents/gitdatpro/ff-transform-data/data/bronze/raw/calendar/2026/06_orange.html|/Users/datpro/Documents/gitdatpro/ff-transform-data/data/bronze/raw/calendar/2026/06_yellow.html,2026-09-03T06:55:00Z
Jun 4,8:30am,AUD,yellow,Goods Trade Balance,1.79B,1.23B,-1.02B,/Users/datpro/Documents/gitdatpro/ff-transform-data/data/bronze/raw/calendar/2026/06_red.html|/Users/datpro/Documents/gitdatpro/ff-transform-data/data/bronze/raw/calendar/2026/06_orange.html|/Users/datpro/Documents/gitdatpro/ff-transform-data/data/bronze/raw/calendar/2026/06_yellow.html,2026-09-03T06:55:00Z
Jun 4,9:00pm,USD,yellow,FOMC Member Bowman Speaks,N/A,N/A,N/A,/Users/datpro/Documents/gitdatpro/ff-transform-data/data/bronze/raw/calendar/2026/06_red.html|/Users/datpro/Documents/gitdatpro/ff-transform-data/data/bronze/raw/calendar/2026/06_orange.html|/Users/datpro/Documents/gitdatpro/ff-transform-data/data/bronze/raw/calendar/2026/06_yellow.html,2026-09-03T06:55:00Z
Jun 4,9:00pm,USD,orange,Treasury Sec Bessent Speaks,N/A,N/A,N/A,/Users/datpro/Documents/gitdatpro/ff-transform-data/data/bronze/raw/calendar/2026/06_red.html|/Users/datpro/Documents/gitdatpro/ff-transform-data/data/bronze/raw/calendar/2026/06_orange.html|/Users/datpro/Documents/gitdatpro/ff-transform-data/data/bronze/raw/calendar/2026/06_yellow.html,2026-09-03T06:55:00Z
Jun 4,9:30pm,USD,yellow,Natural Gas Storage,95B,99B,92B,/Users/datpro/Documents/gitdatpro/ff-transform-data/data/bronze/raw/calendar/2026/06_red.html|/Users/datpro/Documents/gitdatpro/ff-transform-data/data/bronze/raw/calendar/2026/06_orange.html|/Users/datpro/Documents/gitdatpro/ff-transform-data/data/bronze/raw/calendar/2026/06_yellow.html,2026-09-03T06:55:00Z
Jun 5,10:40pm,CAD,red,Unemployment Rate,6.6%,6.9%,6.9%,/Users/datpro/Documents/gitdatpro/ff-transform-data/data/bronze/raw/calendar/2026/06_red.html|/Users/datpro/Documents/gitdatpro/ff-transform-data/data/bronze/raw/calendar/2026/06_orange.html|/Users/datpro/Documents/gitdatpro/ff-transform-data/data/bronze/raw/calendar/2026/06_yellow.html,2026-09-03T06:55:00Z
Jun 5,10:40pm,USD,red,Average Hourly Earnings m/m,0.3%,0.3%,0.2%,/Users/datpro/Documents/gitdatpro/ff-transform-data/data/bronze/raw/calendar/2026/06_red.html|/Users/datpro/Documents/gitdatpro/ff-transform-data/data/bronze/raw/calendar/2026/06_orange.html|/Users/datpro/Documents/gitdatpro/ff-transform-data/data/bronze/raw/calendar/2026/06_yellow.html,2026-09-03T06:55:00Z
Jun 5,10:40pm,USD,red,Non-Farm Employment Change,172K,85K,179K,/Users/datpro/Documents/gitdatpro/ff-transform-data/data/bronze/raw/calendar/2026/06_red.html|/Users/datpro/Documents/gitdatpro/ff-transform-data/data/bronze/raw/calendar/2026/06_orange.html|/Users/datpro/Documents/gitdatpro/ff-transform-data/data/bronze/raw/calendar/2026/06_yellow.html,2026-09-03T06:55:00Z
Jun 5,10:40pm,USD,red,Unemployment Rate,4.3%,4.3%,4.3%,/Users/datpro/Documents/gitdatpro/ff-transform-data/data/bronze/raw/calendar/2026/06_red.html|/Users/datpro/Documents/gitdatpro/ff-transform-data/data/bronze/raw/calendar/2026/06_orange.html|/Users/datpro/Documents/gitdatpro/ff-transform-data/data/bronze/raw/calendar/2026/06_yellow.html,2026-09-03T06:55:00Z
Jun 5,11:35am,AUD,yellow,RBA Deputy Gov Hauser Speaks,N/A,N/A,N/A,/Users/datpro/Documents/gitdatpro/ff-transform-data/data/bronze/raw/calendar/2026/06_red.html|/Users/datpro/Documents/gitdatpro/ff-transform-data/data/bronze/raw/calendar/2026/06_orange.html|/Users/datpro/Documents/gitdatpro/ff-transform-data/data/bronze/raw/calendar/2026/06_yellow.html,2026-09-03T06:55:00Z
Jun 5,12:00pm,JPY,yellow,Leading Indicators,115.9%,114.4%,114.0%,/Users/datpro/Documents/gitdatpro/ff-transform-data/data/bronze/raw/calendar/2026/06_red.html|/Users/datpro/Documents/gitdatpro/ff-transform-data/data/bronze/raw/calendar/2026/06_orange.html|/Users/datpro/Documents/gitdatpro/ff-transform-data/data/bronze/raw/calendar/2026/06_yellow.html,2026-09-03T06:55:00Z
Jun 5,12:10am,USD,yellow,FOMC Member Daly Speaks,N/A,N/A,N/A,/Users/datpro/Documents/gitdatpro/ff-transform-data/data/bronze/raw/calendar/2026/06_red.html|/Users/datpro/Documents/gitdatpro/ff-transform-data/data/bronze/raw/calendar/2026/06_orange.html|/Users/datpro/Documents/gitdatpro/ff-transform-data/data/bronze/raw/calendar/2026/06_yellow.html,2026-09-03T06:55:00Z
Jun 5,1:00pm,GBP,yellow,Lloyds HPI m/m,-0.1%,0.0%,-0.1%,/Users/datpro/Documents/gitdatpro/ff-transform-data/data/bronze/raw/calendar/2026/06_red.html|/Users/datpro/Documents/gitdatpro/ff-transform-data/data/bronze/raw/calendar/2026/06_orange.html|/Users/datpro/Documents/gitdatpro/ff-transform-data/data/bronze/raw/calendar/2026/06_yellow.html,2026-09-03T06:55:00Z
Jun 5,1:45pm,EUR,yellow,French Industrial Production m/m,0.1%,-0.2%,1.4%,/Users/datpro/Documents/gitdatpro/ff-transform-data/data/bronze/raw/calendar/2026/06_red.html|/Users/datpro/Documents/gitdatpro/ff-transform-data/data/bronze/raw/calendar/2026/06_orange.html|/Users/datpro/Documents/gitdatpro/ff-transform-data/data/bronze/raw/calendar/2026/06_yellow.html,2026-09-03T06:55:00Z
Jun 5,1:45pm,EUR,yellow,French Trade Balance,-5.6B,-6.2B,-6.4B,/Users/datpro/Documents/gitdatpro/ff-transform-data/data/bronze/raw/calendar/2026/06_red.html|/Users/datpro/Documents/gitdatpro/ff-transform-data/data/bronze/raw/calendar/2026/06_orange.html|/Users/datpro/Documents/gitdatpro/ff-transform-data/data/bronze/raw/calendar/2026/06_yellow.html,2026-09-03T06:55:00Z
Jun 5,2:00pm,CHF,yellow,Foreign Currency Reserves,711B,N/A,716B,/Users/datpro/Documents/gitdatpro/ff-transform-data/data/bronze/raw/calendar/2026/06_red.html|/Users/datpro/Documents/gitdatpro/ff-transform-data/data/bronze/raw/calendar/2026/06_orange.html|/Users/datpro/Documents/gitdatpro/ff-transform-data/data/bronze/raw/calendar/2026/06_yellow.html,2026-09-03T06:55:00Z
Jun 5,4:00pm,EUR,yellow,Final Employment Change q/q,0.1%,0.1%,0.1%,/Users/datpro/Documents/gitdatpro/ff-transform-data/data/bronze/raw/calendar/2026/06_red.html|/Users/datpro/Documents/gitdatpro/ff-transform-data/data/bronze/raw/calendar/2026/06_orange.html|/Users/datpro/Documents/gitdatpro/ff-transform-data/data/bronze/raw/calendar/2026/06_yellow.html,2026-09-03T06:55:00Z
Jun 5,4:00pm,EUR,yellow,Italian Retail Sales m/m,0.0%,0.4%,0.8%,/Users/datpro/Documents/gitdatpro/ff-transform-data/data/bronze/raw/calendar/2026/06_red.html|/Users/datpro/Documents/gitdatpro/ff-transform-data/data/bronze/raw/calendar/2026/06_orange.html|/Users/datpro/Documents/gitdatpro/ff-transform-data/data/bronze/raw/calendar/2026/06_yellow.html,2026-09-03T06:55:00Z
Jun 5,4:00pm,EUR,yellow,Revised GDP q/q,-0.2%,0.1%,0.1%,/Users/datpro/Documents/gitdatpro/ff-transform-data/data/bronze/raw/calendar/2026/06_red.html|/Users/datpro/Documents/gitdatpro/ff-transform-data/data/bronze/raw/calendar/2026/06_orange.html|/Users/datpro/Documents/gitdatpro/ff-transform-data/data/bronze/raw/calendar/2026/06_yellow.html,2026-09-03T06:55:00Z
Jun 5,6:30am,JPY,yellow,Average Cash Earnings y/y,3.5%,3.1%,3.1%,/Users/datpro/Documents/gitdatpro/ff-transform-data/data/bronze/raw/calendar/2026/06_red.html|/Users/datpro/Documents/gitdatpro/ff-transform-data/data/bronze/raw/calendar/2026/06_orange.html|/Users/datpro/Documents/gitdatpro/ff-transform-data/data/bronze/raw/calendar/2026/06_yellow.html,2026-09-03T06:55:00Z
Jun 5,6:30am,JPY,yellow,Household Spending y/y,-0.5%,-1.5%,-2.9%,/Users/datpro/Documents/gitdatpro/ff-transform-data/data/bronze/raw/calendar/2026/06_red.html|/Users/datpro/Documents/gitdatpro/ff-transform-data/data/bronze/raw/calendar/2026/06_orange.html|/Users/datpro/Documents/gitdatpro/ff-transform-data/data/bronze/raw/calendar/2026/06_yellow.html,2026-09-03T06:55:00Z
Jun 5,8:40pm,GBP,yellow,MPC Member Dhingra Speaks,N/A,N/A,N/A,/Users/datpro/Documents/gitdatpro/ff-transform-data/data/bronze/raw/calendar/2026/06_red.html|/Users/datpro/Documents/gitdatpro/ff-transform-data/data/bronze/raw/calendar/2026/06_orange.html|/Users/datpro/Documents/gitdatpro/ff-transform-data/data/bronze/raw/calendar/2026/06_yellow.html,2026-09-03T06:55:00Z
Jun 5,9:00pm,CAD,orange,Ivey PMI,58.2,54.5,57.7,/Users/datpro/Documents/gitdatpro/ff-transform-data/data/bronze/raw/calendar/2026/06_red.html|/Users/datpro/Documents/gitdatpro/ff-transform-data/data/bronze/raw/calendar/2026/06_orange.html|/Users/datpro/Documents/gitdatpro/ff-transform-data/data/bronze/raw/calendar/2026/06_yellow.html,2026-09-03T06:55:00Z
Jun 6,11:00pm,USD,yellow,FOMC Member Barr Speaks,N/A,N/A,N/A,/Users/datpro/Documents/gitdatpro/ff-transform-data/data/bronze/raw/calendar/2026/06_red.html|/Users/datpro/Documents/gitdatpro/ff-transform-data/data/bronze/raw/calendar/2026/06_orange.html|/Users/datpro/Documents/gitdatpro/ff-transform-data/data/bronze/raw/calendar/2026/06_yellow.html,2026-09-03T06:55:00Z
Jun 8,11:00pm,JPY,yellow,Current Account,4.21T,3.26T,3.90T,/Users/datpro/Documents/gitdatpro/ff-transform-data/data/bronze/raw/calendar/2026/06_red.html|/Users/datpro/Documents/gitdatpro/ff-transform-data/data/bronze/raw/calendar/2026/06_orange.html|/Users/datpro/Documents/gitdatpro/ff-transform-data/data/bronze/raw/calendar/2026/06_yellow.html,2026-09-03T06:55:00Z
Jun 8,12:00pm,JPY,yellow,Economy Watchers Sentiment,43.6,41.9,40.8,/Users/datpro/Documents/gitdatpro/ff-transform-data/data/bronze/raw/calendar/2026/06_red.html|/Users/datpro/Documents/gitdatpro/ff-transform-data/data/bronze/raw/calendar/2026/06_orange.html|/Users/datpro/Documents/gitdatpro/ff-transform-data/data/bronze/raw/calendar/2026/06_yellow.html,2026-09-03T06:55:00Z
Jun 8,1:00pm,EUR,yellow,German Factory Orders m/m,-3.8%,-2.2%,4.5%,/Users/datpro/Documents/gitdatpro/ff-transform-data/data/bronze/raw/calendar/2026/06_red.html|/Users/datpro/Documents/gitdatpro/ff-transform-data/data/bronze/raw/calendar/2026/06_orange.html|/Users/datpro/Documents/gitdatpro/ff-transform-data/data/bronze/raw/calendar/2026/06_yellow.html,2026-09-03T06:55:00Z
Jun 8,3:30pm,EUR,yellow,Sentix Investor Confidence,-13.4,-13.8,-16.4,/Users/datpro/Documents/gitdatpro/ff-transform-data/data/bronze/raw/calendar/2026/06_red.html|/Users/datpro/Documents/gitdatpro/ff-transform-data/data/bronze/raw/calendar/2026/06_orange.html|/Users/datpro/Documents/gitdatpro/ff-transform-data/data/bronze/raw/calendar/2026/06_yellow.html,2026-09-03T06:55:00Z
Jun 8,7:03am,JPY,yellow,Final GDP Price Index y/y,3.2%,3.4%,3.4%,/Users/datpro/Documents/gitdatpro/ff-transform-data/data/bronze/raw/calendar/2026/06_red.html|/Users/datpro/Documents/gitdatpro/ff-transform-data/data/bronze/raw/calendar/2026/06_orange.html|/Users/datpro/Documents/gitdatpro/ff-transform-data/data/bronze/raw/calendar/2026/06_yellow.html,2026-09-03T06:55:00Z
Jun 8,7:03am,JPY,yellow,Final GDP q/q,0.5%,0.3%,0.5%,/Users/datpro/Documents/gitdatpro/ff-transform-data/data/bronze/raw/calendar/2026/06_red.html|/Users/datpro/Documents/gitdatpro/ff-transform-data/data/bronze/raw/calendar/2026/06_orange.html|/Users/datpro/Documents/gitdatpro/ff-transform-data/data/bronze/raw/calendar/2026/06_yellow.html,2026-09-03T06:55:00Z
Jun 9,1:00pm,EUR,yellow,German Industrial Production m/m,0.4%,0.4%,-0.1%,/Users/datpro/Documents/gitdatpro/ff-transform-data/data/bronze/raw/calendar/2026/06_red.html|/Users/datpro/Documents/gitdatpro/ff-transform-data/data/bronze/raw/calendar/2026/06_orange.html|/Users/datpro/Documents/gitdatpro/ff-transform-data/data/bronze/raw/calendar/2026/06_yellow.html,2026-09-03T06:55:00Z
Jun 9,1:00pm,EUR,yellow,German Trade Balance,14.5B,15.4B,14.7B,/Users/datpro/Documents/gitdatpro/ff-transform-data/data/bronze/raw/calendar/2026/06_red.html|/Users/datpro/Documents/gitdatpro/ff-transform-data/data/bronze/raw/calendar/2026/06_orange.html|/Users/datpro/Documents/gitdatpro/ff-transform-data/data/bronze/raw/calendar/2026/06_yellow.html,2026-09-03T06:55:00Z
Jun 9,1:00pm,JPY,yellow,Prelim Machine Tool Orders y/y,37.4%,N/A,45.1%,/Users/datpro/Documents/gitdatpro/ff-transform-data/data/bronze/raw/calendar/2026/06_red.html|/Users/datpro/Documents/gitdatpro/ff-transform-data/data/bronze/raw/calendar/2026/06_orange.html|/Users/datpro/Documents/gitdatpro/ff-transform-data/data/bronze/raw/calendar/2026/06_yellow.html,2026-09-03T06:55:00Z
Jun 9,5:00pm,USD,yellow,NFIB Small Business Index,95.3,96.0,95.9,/Users/datpro/Documents/gitdatpro/ff-transform-data/data/bronze/raw/calendar/2026/06_red.html|/Users/datpro/Documents/gitdatpro/ff-transform-data/data/bronze/raw/calendar/2026/06_orange.html|/Users/datpro/Documents/gitdatpro/ff-transform-data/data/bronze/raw/calendar/2026/06_yellow.html,2026-09-03T06:55:00Z
Jun 9,6:01am,GBP,yellow,BRC Retail Sales Monitor y/y,3.4%,0.8%,-3.4%,/Users/datpro/Documents/gitdatpro/ff-transform-data/data/bronze/raw/calendar/2026/06_red.html|/Users/datpro/Documents/gitdatpro/ff-transform-data/data/bronze/raw/calendar/2026/06_orange.html|/Users/datpro/Documents/gitdatpro/ff-transform-data/data/bronze/raw/calendar/2026/06_yellow.html,2026-09-03T06:55:00Z
Jun 9,6:50am,JPY,yellow,M2 Money Stock y/y,2.5%,2.4%,2.3%,/Users/datpro/Documents/gitdatpro/ff-transform-data/data/bronze/raw/calendar/2026/06_red.html|/Users/datpro/Documents/gitdatpro/ff-transform-data/data/bronze/raw/calendar/2026/06_orange.html|/Users/datpro/Documents/gitdatpro/ff-transform-data/data/bronze/raw/calendar/2026/06_yellow.html,2026-09-03T06:55:00Z
Jun 9,7:15pm,USD,yellow,ADP Weekly Employment Change,29.0K,N/A,30.5K,/Users/datpro/Documents/gitdatpro/ff-transform-data/data/bronze/raw/calendar/2026/06_red.html|/Users/datpro/Documents/gitdatpro/ff-transform-data/data/bronze/raw/calendar/2026/06_orange.html|/Users/datpro/Documents/gitdatpro/ff-transform-data/data/bronze/raw/calendar/2026/06_yellow.html,2026-09-03T06:55:00Z
Jun 9,7:30am,AUD,yellow,Westpac Consumer Sentiment,-2.9%,N/A,3.5%,/Users/datpro/Documents/gitdatpro/ff-transform-data/data/bronze/raw/calendar/2026/06_red.html|/Users/datpro/Documents/gitdatpro/ff-transform-data/data/bronze/raw/calendar/2026/06_orange.html|/Users/datpro/Documents/gitdatpro/ff-transform-data/data/bronze/raw/calendar/2026/06_yellow.html,2026-09-03T06:55:00Z
Jun 9,7:30pm,CAD,yellow,Trade Balance,2.7B,2.5B,1.8B,/Users/datpro/Documents/gitdatpro/ff-transform-data/data/bronze/raw/calendar/2026/06_red.html|/Users/datpro/Documents/gitdatpro/ff-transform-data/data/bronze/raw/calendar/2026/06_orange.html|/Users/datpro/Documents/gitdatpro/ff-transform-data/data/bronze/raw/calendar/2026/06_yellow.html,2026-09-03T06:55:00Z
Jun 9,7:30pm,USD,yellow,Trade Balance,-55.9B,-56.2B,-56.6B,/Users/datpro/Documents/gitdatpro/ff-transform-data/data/bronze/raw/calendar/2026/06_red.html|/Users/datpro/Documents/gitdatpro/ff-transform-data/data/bronze/raw/calendar/2026/06_orange.html|/Users/datpro/Documents/gitdatpro/ff-transform-data/data/bronze/raw/calendar/2026/06_yellow.html,2026-09-03T06:55:00Z
Jun 9,8:30am,AUD,yellow,NAB Business Confidence,-14,N/A,-23,/Users/datpro/Documents/gitdatpro/ff-transform-data/data/bronze/raw/calendar/2026/06_red.html|/Users/datpro/Documents/gitdatpro/ff-transform-data/data/bronze/raw/calendar/2026/06_orange.html|/Users/datpro/Documents/gitdatpro/ff-transform-data/data/bronze/raw/calendar/2026/06_yellow.html,2026-09-03T06:55:00Z
Jun 9,9:00pm,USD,yellow,Existing Home Sales,4.17M,4.07M,4.04M,/Users/datpro/Documents/gitdatpro/ff-transform-data/data/bronze/raw/calendar/2026/06_red.html|/Users/datpro/Documents/gitdatpro/ff-transform-data/data/bronze/raw/calendar/2026/06_orange.html|/Users/datpro/Documents/gitdatpro/ff-transform-data/data/bronze/raw/calendar/2026/06_yellow.html,2026-09-03T06:55:00Z
Jun 9,9:00pm,USD,yellow,Final Wholesale Inventories m/m,0.6%,0.6%,0.5%,/Users/datpro/Documents/gitdatpro/ff-transform-data/data/bronze/raw/calendar/2026/06_red.html|/Users/datpro/Documents/gitdatpro/ff-transform-data/data/bronze/raw/calendar/2026/06_orange.html|/Users/datpro/Documents/gitdatpro/ff-transform-data/data/bronze/raw/calendar/2026/06_yellow.html,2026-09-03T06:55:00Z
Jun 9,9:32am,CNY,yellow,USD-Denominated Trade Balance,105.4B,92.1B,84.8B,/Users/datpro/Documents/gitdatpro/ff-transform-data/data/bronze/raw/calendar/2026/06_red.html|/Users/datpro/Documents/gitdatpro/ff-transform-data/data/bronze/raw/calendar/2026/06_orange.html|/Users/datpro/Documents/gitdatpro/ff-transform-data/data/bronze/raw/calendar/2026/06_yellow.html,2026-09-03T06:55:00Z
Jun 9,9:33am,CNY,yellow,Trade Balance,724B,625B,586B,/Users/datpro/Documents/gitdatpro/ff-transform-data/data/bronze/raw/calendar/2026/06_red.html|/Users/datpro/Documents/gitdatpro/ff-transform-data/data/bronze/raw/calendar/2026/06_orange.html|/Users/datpro/Documents/gitdatpro/ff-transform-data/data/bronze/raw/calendar/2026/06_yellow.html,2026-09-03T06:55:00Z
Jun 9,May 16th,USD,yellow,ADP Weekly Employment Change,30.5K,N/A,35.8K,/Users/datpro/Documents/gitdatpro/ff-transform-data/data/bronze/raw/calendar/2026/06_red.html|/Users/datpro/Documents/gitdatpro/ff-transform-data/data/bronze/raw/calendar/2026/06_orange.html|/Users/datpro/Documents/gitdatpro/ff-transform-data/data/bronze/raw/calendar/2026/06_yellow.html,2026-09-03T06:55:00Z
