date,time,currency,impact,event,actual,forecast,previous,source_file,ingested_at
Feb 10,10:00pm,USD,yellow,Business Inventories m/m,0.1%,0.2%,0.2%,/Users/datpro/Documents/gitdatpro/ff-transform-data/data/bronze/raw/calendar/2026/02_red.html|/Users/datpro/Documents/gitdatpro/ff-transform-data/data/bronze/raw/calendar/2026/02_orange.html|/Users/datpro/Documents/gitdatpro/ff-transform-data/data/bronze/raw/calendar/2026/02_yellow.html,2026-09-03T06:47:30Z
Feb 10,10:00pm,USD,red,Retail Sales m/m,0.0%,0.4%,0.6%,/Users/datpro/Documents/gitdatpro/ff-transform-data/data/bronze/raw/calendar/2026/02_red.html|/Users/datpro/Documents/gitdatpro/ff-transform-data/data/bronze/raw/calendar/2026/02_orange.html|/Users/datpro/Documents/gitdatpro/ff-transform-data/data/bronze/raw/calendar/2026/02_yellow.html,2026-09-03T06:47:30Z
Feb 10,1:00pm,JPY,yellow,Prelim Machine Tool Orders y/y,25.3%,N/A,10.9%,/Users/datpro/Documents/gitdatpro/ff-transform-data/data/bronze/raw/calendar/2026/02_red.html|/Users/datpro/Documents/gitdatpro/ff-transform-data/data/bronze/raw/calendar/2026/02_orange.html|/Users/datpro/Documents/gitdatpro/ff-transform-data/data/bronze/raw/calendar/2026/02_yellow.html,2026-09-03T06:47:30Z
Feb 10,2:30am,GBP,yellow,MPC Member Mann Speaks,N/A,N/A,N/A,/Users/datpro/Documents/gitdatpro/ff-transform-data/data/bronze/raw/calendar/2026/02_red.html|/Users/datpro/Documents/gitdatpro/ff-transform-data/data/bronze/raw/calendar/2026/02_orange.html|/Users/datpro/Documents/gitdatpro/ff-transform-data/data/bronze/raw/calendar/2026/02_yellow.html,2026-09-03T06:47:30Z
Feb 10,2:30am,USD,yellow,FOMC Member Miran Speaks,N/A,N/A,N/A,/Users/datpro/Documents/gitdatpro/ff-transform-data/data/bronze/raw/calendar/2026/02_red.html|/Users/datpro/Documents/gitdatpro/ff-transform-data/data/bronze/raw/calendar/2026/02_orange.html|/Users/datpro/Documents/gitdatpro/ff-transform-data/data/bronze/raw/calendar/2026/02_yellow.html,2026-09-03T06:47:30Z
Feb 10,3:15am,USD,yellow,FOMC Member Bostic Speaks,N/A,N/A,N/A,/Users/datpro/Documents/gitdatpro/ff-transform-data/data/bronze/raw/calendar/2026/02_red.html|/Users/datpro/Documents/gitdatpro/ff-transform-data/data/bronze/raw/calendar/2026/02_orange.html|/Users/datpro/Documents/gitdatpro/ff-transform-data/data/bronze/raw/calendar/2026/02_yellow.html,2026-09-03T06:47:30Z
Feb 10,5:00am,USD,yellow,FOMC Member Miran Speaks,N/A,N/A,N/A,/Users/datpro/Documents/gitdatpro/ff-transform-data/data/bronze/raw/calendar/2026/02_red.html|/Users/datpro/Documents/gitdatpro/ff-transform-data/data/bronze/raw/calendar/2026/02_orange.html|/Users/datpro/Documents/gitdatpro/ff-transform-data/data/bronze/raw/calendar/2026/02_yellow.html,2026-09-03T06:47:30Z
Feb 10,5:15am,GBP,yellow,MPC Member Mann Speaks,N/A,N/A,N/A,/Users/datpro/Documents/gitdatpro/ff-transform-data/data/bronze/raw/calendar/2026/02_red.html|/Users/datpro/Documents/gitdatpro/ff-transform-data/data/bronze/raw/calendar/2026/02_orange.html|/Users/datpro/Documents/gitdatpro/ff-transform-data/data/bronze/raw/calendar/2026/02_yellow.html,2026-09-03T06:47:30Z
Feb 10,6:00pm,USD,yellow,NFIB Small Business Index,99.3,99.8,99.5,/Users/datpro/Documents/gitdatpro/ff-transform-data/data/bronze/raw/calendar/2026/02_red.html|/Users/datpro/Documents/gitdatpro/ff-transform-data/data/bronze/raw/calendar/2026/02_orange.html|/Users/datpro/Documents/gitdatpro/ff-transform-data/data/bronze/raw/calendar/2026/02_yellow.html,2026-09-03T06:47:30Z
Feb 10,6:30am,AUD,yellow,Westpac Consumer Sentiment,-2.6%,N/A,-1.7%,/Users/datpro/Documents/gitdatpro/ff-transform-data/data/bronze/raw/calendar/2026/02_red.html|/Users/datpro/Documents/gitdatpro/ff-transform-data/data/bronze/raw/calendar/2026/02_orange.html|/Users/datpro/Documents/gitdatpro/ff-transform-data/data/bronze/raw/calendar/2026/02_yellow.html,2026-09-03T06:47:30Z
Feb 10,6:50am,JPY,yellow,M2 Money Stock y/y,1.6%,1.7%,1.7%,/Users/datpro/Documents/gitdatpro/ff-transform-data/data/bronze/raw/calendar/2026/02_red.html|/Users/datpro/Documents/gitdatpro/ff-transform-data/data/bronze/raw/calendar/2026/02_orange.html|/Users/datpro/Documents/gitdatpro/ff-transform-data/data/bronze/raw/calendar/2026/02_yellow.html,2026-09-03T06:47:30Z
Feb 10,7:01am,GBP,yellow,BRC Retail Sales Monitor y/y,2.3%,1.3%,1.0%,/Users/datpro/Documents/gitdatpro/ff-transform-data/data/bronze/raw/calendar/2026/02_red.html|/Users/datpro/Documents/gitdatpro/ff-transform-data/data/bronze/raw/calendar/2026/02_orange.html|/Users/datpro/Documents/gitdatpro/ff-transform-data/data/bronze/raw/calendar/2026/02_yellow.html,2026-09-03T06:47:30Z
Feb 10,7:30am,AUD,yellow,NAB Business Confidence,3,N/A,2,/Users/datpro/Documents/gitdatpro/ff-transform-data/data/bronze/raw/calendar/2026/02_red.html|/Users/datpro/Documents/gitdatpro/ff-transform-data/data/bronze/raw/calendar/2026/02_orange.html|/Users/datpro/Documents/gitdatpro/ff-transform-data/data/bronze/raw/calendar/2026/02_yellow.html,2026-09-03T06:47:30Z
Feb 10,8:15pm,USD,yellow,ADP Weekly Employment Change,6.5K,N/A,5.0K,/Users/datpro/Documents/gitdatpro/ff-transform-data/data/bronze/raw/calendar/2026/02_red.html|/Users/datpro/Documents/gitdatpro/ff-transform-data/data/bronze/raw/calendar/2026/02_orange.html|/Users/datpro/Documents/gitdatpro/ff-transform-data/data/bronze/raw/calendar/2026/02_yellow.html,2026-09-03T06:47:30Z
Feb 10,8:30pm,USD,orange,Employment Cost Index q/q,0.7%,0.8%,0.8%,/Users/datpro/Documents/gitdatpro/ff-transform-data/data/bronze/raw/calendar/2026/02_red.html|/Users/datpro/Documents/gitdatpro/ff-transform-data/data/bronze/raw/calendar/2026/02_orange.html|/Users/datpro/Documents/gitdatpro/ff-transform-data/data/bronze/raw/calendar/2026/02_yellow.html,2026-09-03T06:47:30Z
Feb 10,8:30pm,USD,yellow,Import Prices m/m,0.1%,0.1%,0.4%,/Users/datpro/Documents/gitdatpro/ff-transform-data/data/bronze/raw/calendar/2026/02_red.html|/Users/datpro/Documents/gitdatpro/ff-transform-data/data/bronze/raw/calendar/2026/02_orange.html|/Users/datpro/Documents/gitdatpro/ff-transform-data/data/bronze/raw/calendar/2026/02_yellow.html,2026-09-03T06:47:30Z
Feb 10,Jan 10th,USD,yellow,ADP Weekly Employment Change,3.8K,N/A,8.3K,/Users/datpro/Documents/gitdatpro/ff-transform-data/data/bronze/raw/calendar/2026/02_red.html|/Users/datpro/Documents/gitdatpro/ff-transform-data/data/bronze/raw/calendar/2026/02_orange.html|/Users/datpro/Documents/gitdatpro/ff-transform-data/data/bronze/raw/calendar/2026/02_yellow.html,2026-09-03T06:47:30Z
Feb 10,Jan 17th,USD,yellow,ADP Weekly Employment Change,5.0K,N/A,3.8K,/Users/datpro/Documents/gitdatpro/ff-transform-data/data/bronze/raw/calendar/2026/02_red.html|/Users/datpro/Documents/gitdatpro/ff-transform-data/data/bronze/raw/calendar/2026/02_orange.html|/Users/datpro/Documents/gitdatpro/ff-transform-data/data/bronze/raw/calendar/2026/02_yellow.html,2026-09-03T06:47:30Z
Feb 11,10:00pm,USD,yellow,FOMC Member Schmid Speaks,N/A,N/A,N/A,/Users/datpro/Documents/gitdatpro/ff-transform-data/data/bronze/raw/calendar/2026/02_red.html|/Users/datpro/Documents/gitdatpro/ff-transform-data/data/bronze/raw/calendar/2026/02_orange.html|/Users/datpro/Documents/gitdatpro/ff-transform-data/data/bronze/raw/calendar/2026/02_yellow.html,2026-09-03T06:47:30Z
Feb 11,10:00pm,USD,red,Non-Farm Employment Change,130K,66K,48K,/Users/datpro/Documents/gitdatpro/ff-transform-data/data/bronze/raw/calendar/2026/02_red.html|/Users/datpro/Documents/gitdatpro/ff-transform-data/data/bronze/raw/calendar/2026/02_orange.html|/Users/datpro/Documents/gitdatpro/ff-transform-data/data/bronze/raw/calendar/2026/02_yellow.html,2026-09-03T06:47:30Z
Feb 11,10:00pm,USD,red,Unemployment Rate,4.3%,4.4%,4.4%,/Users/datpro/Documents/gitdatpro/ff-transform-data/data/bronze/raw/calendar/2026/02_red.html|/Users/datpro/Documents/gitdatpro/ff-transform-data/data/bronze/raw/calendar/2026/02_orange.html|/Users/datpro/Documents/gitdatpro/ff-transform-data/data/bronze/raw/calendar/2026/02_yellow.html,2026-09-03T06:47:30Z
Feb 11,10:15pm,USD,yellow,FOMC Member Bowman Speaks,N/A,N/A,N/A,/Users/datpro/Documents/gitdatpro/ff-transform-data/data/bronze/raw/calendar/2026/02_red.html|/Users/datpro/Documents/gitdatpro/ff-transform-data/data/bronze/raw/calendar/2026/02_orange.html|/Users/datpro/Documents/gitdatpro/ff-transform-data/data/bronze/raw/calendar/2026/02_yellow.html,2026-09-03T06:47:30Z
Feb 11,10:30pm,USD,yellow,Crude Oil Inventories,8.5M,-0.2M,-3.5M,/Users/datpro/Documents/gitdatpro/ff-transform-data/data/bronze/raw/calendar/2026/02_red.html|/Users/datpro/Documents/gitdatpro/ff-transform-data/data/bronze/raw/calendar/2026/02_orange.html|/Users/datpro/Documents/gitdatpro/ff-transform-data/data/bronze/raw/calendar/2026/02_yellow.html,2026-09-03T06:47:30Z
Feb 11,1:00am,USD,yellow,FOMC Member Logan Speaks,N/A,N/A,N/A,/Users/datpro/Documents/gitdatpro/ff-transform-data/data/bronze/raw/calendar/2026/02_red.html|/Users/datpro/Documents/gitdatpro/ff-transform-data/data/bronze/raw/calendar/2026/02_orange.html|/Users/datpro/Documents/gitdatpro/ff-transform-data/data/bronze/raw/calendar/2026/02_yellow.html,2026-09-03T06:47:30Z
Feb 11,4:00pm,EUR,yellow,Italian Industrial Production m/m,-0.4%,-0.6%,1.5%,/Users/datpro/Documents/gitdatpro/ff-transform-data/data/bronze/raw/calendar/2026/02_red.html|/Users/datpro/Documents/gitdatpro/ff-transform-data/data/bronze/raw/calendar/2026/02_orange.html|/Users/datpro/Documents/gitdatpro/ff-transform-data/data/bronze/raw/calendar/2026/02_yellow.html,2026-09-03T06:47:30Z
Feb 11,4:30am,USD,yellow,API Weekly Statistical Bulletin,N/A,N/A,N/A,/Users/datpro/Documents/gitdatpro/ff-transform-data/data/bronze/raw/calendar/2026/02_red.html|/Users/datpro/Documents/gitdatpro/ff-transform-data/data/bronze/raw/calendar/2026/02_orange.html|/Users/datpro/Documents/gitdatpro/ff-transform-data/data/bronze/raw/calendar/2026/02_yellow.html,2026-09-03T06:47:30Z
Feb 11,5:33pm,EUR,yellow,German 30-y Bond Auction,3.47|1.6,N/A,3.49|2.4,/Users/datpro/Documents/gitdatpro/ff-transform-data/data/bronze/raw/calendar/2026/02_red.html|/Users/datpro/Documents/gitdatpro/ff-transform-data/data/bronze/raw/calendar/2026/02_orange.html|/Users/datpro/Documents/gitdatpro/ff-transform-data/data/bronze/raw/calendar/2026/02_yellow.html,2026-09-03T06:47:30Z
Feb 11,8:30am,AUD,yellow,RBA Deputy Gov Hauser Speaks,N/A,N/A,N/A,/Users/datpro/Documents/gitdatpro/ff-transform-data/data/bronze/raw/calendar/2026/02_red.html|/Users/datpro/Documents/gitdatpro/ff-transform-data/data/bronze/raw/calendar/2026/02_orange.html|/Users/datpro/Documents/gitdatpro/ff-transform-data/data/bronze/raw/calendar/2026/02_yellow.html,2026-09-03T06:47:30Z
Feb 11,8:30pm,CAD,yellow,Building Permits m/m,6.8%,4.9%,-13.2%,/Users/datpro/Documents/gitdatpro/ff-transform-data/data/bronze/raw/calendar/2026/02_red.html|/Users/datpro/Documents/gitdatpro/ff-transform-data/data/bronze/raw/calendar/2026/02_orange.html|/Users/datpro/Documents/gitdatpro/ff-transform-data/data/bronze/raw/calendar/2026/02_yellow.html,2026-09-03T06:47:30Z
Feb 11,8:30pm,CNY,orange,PPI y/y,-1.4%,-1.5%,-1.9%,/Users/datpro/Documents/gitdatpro/ff-transform-data/data/bronze/raw/calendar/2026/02_red.html|/Users/datpro/Documents/gitdatpro/ff-transform-data/data/bronze/raw/calendar/2026/02_orange.html|/Users/datpro/Documents/gitdatpro/ff-transform-data/data/bronze/raw/calendar/2026/02_yellow.html,2026-09-03T06:47:30Z
Feb 12,10:00pm,USD,yellow,Existing Home Sales,3.91M,4.16M,4.27M,/Users/datpro/Documents/gitdatpro/ff-transform-data/data/bronze/raw/calendar/2026/02_red.html|/Users/datpro/Documents/gitdatpro/ff-transform-data/data/bronze/raw/calendar/2026/02_orange.html|/Users/datpro/Documents/gitdatpro/ff-transform-data/data/bronze/raw/calendar/2026/02_yellow.html,2026-09-03T06:47:30Z
Feb 12,10:30pm,AUD,yellow,CB Leading Index m/m,0.3%,N/A,0.3%,/Users/datpro/Documents/gitdatpro/ff-transform-data/data/bronze/raw/calendar/2026/02_red.html|/Users/datpro/Documents/gitdatpro/ff-transform-data/data/bronze/raw/calendar/2026/02_orange.html|/Users/datpro/Documents/gitdatpro/ff-transform-data/data/bronze/raw/calendar/2026/02_yellow.html,2026-09-03T06:47:30Z
Feb 12,10:30pm,USD,yellow,Natural Gas Storage,-249B,-256B,-360B,/Users/datpro/Documents/gitdatpro/ff-transform-data/data/bronze/raw/calendar/2026/02_red.html|/Users/datpro/Documents/gitdatpro/ff-transform-data/data/bronze/raw/calendar/2026/02_orange.html|/Users/datpro/Documents/gitdatpro/ff-transform-data/data/bronze/raw/calendar/2026/02_yellow.html,2026-09-03T06:47:30Z
Feb 12,11:45am,AUD,yellow,RBA Assist Gov Hunter Speaks,N/A,N/A,N/A,/Users/datpro/Documents/gitdatpro/ff-transform-data/data/bronze/raw/calendar/2026/02_red.html|/Users/datpro/Documents/gitdatpro/ff-transform-data/data/bronze/raw/calendar/2026/02_orange.html|/Users/datpro/Documents/gitdatpro/ff-transform-data/data/bronze/raw/calendar/2026/02_yellow.html,2026-09-03T06:47:30Z
Feb 12,1:30am,CAD,yellow,BOC Summary of Deliberations,N/A,N/A,N/A,/Users/datpro/Documents/gitdatpro/ff-transform-data/data/bronze/raw/calendar/2026/02_red.html|/Users/datpro/Documents/gitdatpro/ff-transform-data/data/bronze/raw/calendar/2026/02_orange.html|/Users/datpro/Documents/gitdatpro/ff-transform-data/data/bronze/raw/calendar/2026/02_yellow.html,2026-09-03T06:47:30Z
Feb 12,2:00am,USD,yellow,Federal Budget Balance,-94.6B,-94.6B,-144.7B,/Users/datpro/Documents/gitdatpro/ff-transform-data/data/bronze/raw/calendar/2026/02_red.html|/Users/datpro/Documents/gitdatpro/ff-transform-data/data/bronze/raw/calendar/2026/02_orange.html|/Users/datpro/Documents/gitdatpro/ff-transform-data/data/bronze/raw/calendar/2026/02_yellow.html,2026-09-03T06:47:30Z
Feb 12,2:00pm,GBP,yellow,Construction Output m/m,-0.5%,0.5%,-0.8%,/Users/datpro/Documents/gitdatpro/ff-transform-data/data/bronze/raw/calendar/2026/02_red.html|/Users/datpro/Documents/gitdatpro/ff-transform-data/data/bronze/raw/calendar/2026/02_orange.html|/Users/datpro/Documents/gitdatpro/ff-transform-data/data/bronze/raw/calendar/2026/02_yellow.html,2026-09-03T06:47:30Z
Feb 12,2:00pm,GBP,yellow,Goods Trade Balance,-22.7B,-22.3B,-23.6B,/Users/datpro/Documents/gitdatpro/ff-transform-data/data/bronze/raw/calendar/2026/02_red.html|/Users/datpro/Documents/gitdatpro/ff-transform-data/data/bronze/raw/calendar/2026/02_orange.html|/Users/datpro/Documents/gitdatpro/ff-transform-data/data/bronze/raw/calendar/2026/02_yellow.html,2026-09-03T06:47:30Z
Feb 12,2:00pm,GBP,yellow,Index of Services 3m/3m,0.0%,0.2%,0.0%,/Users/datpro/Documents/gitdatpro/ff-transform-data/data/bronze/raw/calendar/2026/02_red.html|/Users/datpro/Documents/gitdatpro/ff-transform-data/data/bronze/raw/calendar/2026/02_orange.html|/Users/datpro/Documents/gitdatpro/ff-transform-data/data/bronze/raw/calendar/2026/02_yellow.html,2026-09-03T06:47:30Z
Feb 12,2:00pm,GBP,yellow,Industrial Production m/m,-0.9%,-0.1%,1.3%,/Users/datpro/Documents/gitdatpro/ff-transform-data/data/bronze/raw/calendar/2026/02_red.html|/Users/datpro/Documents/gitdatpro/ff-transform-data/data/bronze/raw/calendar/2026/02_orange.html|/Users/datpro/Documents/gitdatpro/ff-transform-data/data/bronze/raw/calendar/2026/02_yellow.html,2026-09-03T06:47:30Z
Feb 12,2:00pm,GBP,yellow,Manufacturing Production m/m,-0.5%,-0.2%,1.9%,/Users/datpro/Documents/gitdatpro/ff-transform-data/data/bronze/raw/calendar/2026/02_red.html|/Users/datpro/Documents/gitdatpro/ff-transform-data/data/bronze/raw/calendar/2026/02_orange.html|/Users/datpro/Documents/gitdatpro/ff-transform-data/data/bronze/raw/calendar/2026/02_yellow.html,2026-09-03T06:47:30Z
Feb 12,2:00pm,GBP,yellow,Prelim Business Investment q/q,-2.7%,-0.5%,1.5%,/Users/datpro/Documents/gitdatpro/ff-transform-data/data/bronze/raw/calendar/2026/02_red.html|/Users/datpro/Documents/gitdatpro/ff-transform-data/data/bronze/raw/calendar/2026/02_orange.html|/Users/datpro/Documents/gitdatpro/ff-transform-data/data/bronze/raw/calendar/2026/02_yellow.html,2026-09-03T06:47:30Z
Feb 12,4:00am,USD,yellow,FOMC Member Hammack Speaks,N/A,N/A,N/A,/Users/datpro/Documents/gitdatpro/ff-transform-data/data/bronze/raw/calendar/2026/02_red.html|/Users/datpro/Documents/gitdatpro/ff-transform-data/data/bronze/raw/calendar/2026/02_orange.html|/Users/datpro/Documents/gitdatpro/ff-transform-data/data/bronze/raw/calendar/2026/02_yellow.html,2026-09-03T06:47:30Z
Feb 12,6:50am,JPY,yellow,PPI y/y,2.3%,2.3%,2.4%,/Users/datpro/Documents/gitdatpro/ff-transform-data/data/bronze/raw/calendar/2026/02_red.html|/Users/datpro/Documents/gitdatpro/ff-transform-data/data/bronze/raw/calendar/2026/02_orange.html|/Users/datpro/Documents/gitdatpro/ff-transform-data/data/bronze/raw/calendar/2026/02_yellow.html,2026-09-03T06:47:30Z
Feb 12,7:00am,AUD,yellow,MI Inflation Expectations,5.0%,N/A,4.6%,/Users/datpro/Documents/gitdatpro/ff-transform-data/data/bronze/raw/calendar/2026/02_red.html|/Users/datpro/Documents/gitdatpro/ff-transform-data/data/bronze/raw/calendar/2026/02_orange.html|/Users/datpro/Documents/gitdatpro/ff-transform-data/data/bronze/raw/calendar/2026/02_yellow.html,2026-09-03T06:47:30Z
Feb 12,7:01am,GBP,yellow,RICS House Price Balance,-10%,-11%,-13%,/Users/datpro/Documents/gitdatpro/ff-transform-data/data/bronze/raw/calendar/2026/02_red.html|/Users/datpro/Documents/gitdatpro/ff-transform-data/data/bronze/raw/calendar/2026/02_orange.html|/Users/datpro/Documents/gitdatpro/ff-transform-data/data/bronze/raw/calendar/2026/02_yellow.html,2026-09-03T06:47:30Z
Feb 12,8:30pm,USD,red,Unemployment Claims,227K,222K,232K,/Users/datpro/Documents/gitdatpro/ff-transform-data/data/bronze/raw/calendar/2026/02_red.html|/Users/datpro/Documents/gitdatpro/ff-transform-data/data/bronze/raw/calendar/2026/02_orange.html|/Users/datpro/Documents/gitdatpro/ff-transform-data/data/bronze/raw/calendar/2026/02_yellow.html,2026-09-03T06:47:30Z
Feb 12,8:45pm,CAD,yellow,Gov Council Member Rogers Speaks,N/A,N/A,N/A,/Users/datpro/Documents/gitdatpro/ff-transform-data/data/bronze/raw/calendar/2026/02_red.html|/Users/datpro/Documents/gitdatpro/ff-transform-data/data/bronze/raw/calendar/2026/02_orange.html|/Users/datpro/Documents/gitdatpro/ff-transform-data/data/bronze/raw/calendar/2026/02_yellow.html,2026-09-03T06:47:30Z
Feb 12,9:30pm,GBP,yellow,CB Leading Index m/m,0.0%,N/A,-0.1%,/Users/datpro/Documents/gitdatpro/ff-transform-data/data/bronze/raw/calendar/2026/02_red.html|/Users/datpro/Documents/gitdatpro/ff-transform-data/data/bronze/raw/calendar/2026/02_orange.html|/Users/datpro/Documents/gitdatpro/ff-transform-data/data/bronze/raw/calendar/2026/02_yellow.html,2026-09-03T06:47:30Z
Feb 13,1:01am,USD,yellow,30-y Bond Auction,4.75|2.7,N/A,4.83|2.4,/Users/datpro/Documents/gitdatpro/ff-transform-data/data/bronze/raw/calendar/2026/02_red.html|/Users/datpro/Documents/gitdatpro/ff-transform-data/data/bronze/raw/calendar/2026/02_orange.html|/Users/datpro/Documents/gitdatpro/ff-transform-data/data/bronze/raw/calendar/2026/02_yellow.html,2026-09-03T06:47:30Z
Feb 13,2:00pm,EUR,yellow,German WPI m/m,0.9%,0.1%,-0.2%,/Users/datpro/Documents/gitdatpro/ff-transform-data/data/bronze/raw/calendar/2026/02_red.html|/Users/datpro/Documents/gitdatpro/ff-transform-data/data/bronze/raw/calendar/2026/02_orange.html|/Users/datpro/Documents/gitdatpro/ff-transform-data/data/bronze/raw/calendar/2026/02_yellow.html,2026-09-03T06:47:30Z
Feb 13,3:30am,EUR,yellow,German Buba President Nagel Speaks,N/A,N/A,N/A,/Users/datpro/Documents/gitdatpro/ff-transform-data/data/bronze/raw/calendar/2026/02_red.html|/Users/datpro/Documents/gitdatpro/ff-transform-data/data/bronze/raw/calendar/2026/02_orange.html|/Users/datpro/Documents/gitdatpro/ff-transform-data/data/bronze/raw/calendar/2026/02_yellow.html,2026-09-03T06:47:30Z
Feb 13,4:03pm,CNY,yellow,M2 Money Supply y/y,9.0%,8.3%,8.5%,/Users/datpro/Documents/gitdatpro/ff-transform-data/data/bronze/raw/calendar/2026/02_red.html|/Users/datpro/Documents/gitdatpro/ff-transform-data/data/bronze/raw/calendar/2026/02_orange.html|/Users/datpro/Documents/gitdatpro/ff-transform-data/data/bronze/raw/calendar/2026/02_yellow.html,2026-09-03T06:47:30Z
Feb 13,4:03pm,CNY,yellow,New Loans,4710B,5000B,910B,/Users/datpro/Documents/gitdatpro/ff-transform-data/data/bronze/raw/calendar/2026/02_red.html|/Users/datpro/Documents/gitdatpro/ff-transform-data/data/bronze/raw/calendar/2026/02_orange.html|/Users/datpro/Documents/gitdatpro/ff-transform-data/data/bronze/raw/calendar/2026/02_yellow.html,2026-09-03T06:47:30Z
Feb 13,4:30am,NZD,yellow,BusinessNZ Manufacturing Index,55.2,N/A,56.1,/Users/datpro/Documents/gitdatpro/ff-transform-data/data/bronze/raw/calendar/2026/02_red.html|/Users/datpro/Documents/gitdatpro/ff-transform-data/data/bronze/raw/calendar/2026/02_orange.html|/Users/datpro/Documents/gitdatpro/ff-transform-data/data/bronze/raw/calendar/2026/02_yellow.html,2026-09-03T06:47:30Z
Feb 13,4:45am,NZD,yellow,Visitor Arrivals m/m,1.7%,N/A,0.8%,/Users/datpro/Documents/gitdatpro/ff-transform-data/data/bronze/raw/calendar/2026/02_red.html|/Users/datpro/Documents/gitdatpro/ff-transform-data/data/bronze/raw/calendar/2026/02_orange.html|/Users/datpro/Documents/gitdatpro/ff-transform-data/data/bronze/raw/calendar/2026/02_yellow.html,2026-09-03T06:47:30Z
Feb 13,5:00pm,EUR,yellow,Flash Employment Change q/q,0.2%,0.1%,0.2%,/Users/datpro/Documents/gitdatpro/ff-transform-data/data/bronze/raw/calendar/2026/02_red.html|/Users/datpro/Documents/gitdatpro/ff-transform-data/data/bronze/raw/calendar/2026/02_orange.html|/Users/datpro/Documents/gitdatpro/ff-transform-data/data/bronze/raw/calendar/2026/02_yellow.html,2026-09-03T06:47:30Z
Feb 13,5:00pm,EUR,yellow,Flash GDP q/q,0.3%,0.3%,0.3%,/Users/datpro/Documents/gitdatpro/ff-transform-data/data/bronze/raw/calendar/2026/02_red.html|/Users/datpro/Documents/gitdatpro/ff-transform-data/data/bronze/raw/calendar/2026/02_orange.html|/Users/datpro/Documents/gitdatpro/ff-transform-data/data/bronze/raw/calendar/2026/02_yellow.html,2026-09-03T06:47:30Z
Feb 13,5:00pm,EUR,yellow,Trade Balance,11.6B,11.8B,10.2B,/Users/datpro/Documents/gitdatpro/ff-transform-data/data/bronze/raw/calendar/2026/02_red.html|/Users/datpro/Documents/gitdatpro/ff-transform-data/data/bronze/raw/calendar/2026/02_orange.html|/Users/datpro/Documents/gitdatpro/ff-transform-data/data/bronze/raw/calendar/2026/02_yellow.html,2026-09-03T06:47:30Z
Feb 13,7:00am,USD,yellow,FOMC Member Logan Speaks,N/A,N/A,N/A,/Users/datpro/Documents/gitdatpro/ff-transform-data/data/bronze/raw/calendar/2026/02_red.html|/Users/datpro/Documents/gitdatpro/ff-transform-data/data/bronze/raw/calendar/2026/02_orange.html|/Users/datpro/Documents/gitdatpro/ff-transform-data/data/bronze/raw/calendar/2026/02_yellow.html,2026-09-03T06:47:30Z
Feb 13,7:00pm,GBP,yellow,MPC Member Pill Speaks,N/A,N/A,N/A,/Users/datpro/Documents/gitdatpro/ff-transform-data/data/bronze/raw/calendar/2026/02_red.html|/Users/datpro/Documents/gitdatpro/ff-transform-data/data/bronze/raw/calendar/2026/02_orange.html|/Users/datpro/Documents/gitdatpro/ff-transform-data/data/bronze/raw/calendar/2026/02_yellow.html,2026-09-03T06:47:30Z
Feb 13,7:05am,USD,yellow,FOMC Member Miran Speaks,N/A,N/A,N/A,/Users/datpro/Documents/gitdatpro/ff-transform-data/data/bronze/raw/calendar/2026/02_red.html|/Users/datpro/Documents/gitdatpro/ff-transform-data/data/bronze/raw/calendar/2026/02_orange.html|/Users/datpro/Documents/gitdatpro/ff-transform-data/data/bronze/raw/calendar/2026/02_yellow.html,2026-09-03T06:47:30Z
Feb 13,8:30am,CNY,yellow,New Home Prices m/m,-0.37%,N/A,-0.37%,/Users/datpro/Documents/gitdatpro/ff-transform-data/data/bronze/raw/calendar/2026/02_red.html|/Users/datpro/Documents/gitdatpro/ff-transform-data/data/bronze/raw/calendar/2026/02_orange.html|/Users/datpro/Documents/gitdatpro/ff-transform-data/data/bronze/raw/calendar/2026/02_yellow.html,2026-09-03T06:47:30Z
Feb 13,8:30pm,USD,red,CPI m/m,0.2%,0.3%,0.3%,/Users/datpro/Documents/gitdatpro/ff-transform-data/data/bronze/raw/calendar/2026/02_red.html|/Users/datpro/Documents/gitdatpro/ff-transform-data/data/bronze/raw/calendar/2026/02_orange.html|/Users/datpro/Documents/gitdatpro/ff-transform-data/data/bronze/raw/calendar/2026/02_yellow.html,2026-09-03T06:47:30Z
Feb 13,8:30pm,USD,red,CPI y/y,2.4%,2.5%,2.7%,/Users/datpro/Documents/gitdatpro/ff-transform-data/data/bronze/raw/calendar/2026/02_red.html|/Users/datpro/Documents/gitdatpro/ff-transform-data/data/bronze/raw/calendar/2026/02_orange.html|/Users/datpro/Documents/gitdatpro/ff-transform-data/data/bronze/raw/calendar/2026/02_yellow.html,2026-09-03T06:47:30Z
Feb 13,8:30pm,USD,red,Core CPI m/m,0.3%,0.3%,0.2%,/Users/datpro/Documents/gitdatpro/ff-transform-data/data/bronze/raw/calendar/2026/02_red.html|/Users/datpro/Documents/gitdatpro/ff-transform-data/data/bronze/raw/calendar/2026/02_orange.html|/Users/datpro/Documents/gitdatpro/ff-transform-data/data/bronze/raw/calendar/2026/02_yellow.html,2026-09-03T06:47:30Z
Feb 13,8:30pm,USD,red,Core CPI y/y,2.5%,2.5%,2.6%,/Users/datpro/Documents/gitdatpro/ff-transform-data/data/bronze/raw/calendar/2026/02_red.html|/Users/datpro/Documents/gitdatpro/ff-transform-data/data/bronze/raw/calendar/2026/02_orange.html|/Users/datpro/Documents/gitdatpro/ff-transform-data/data/bronze/raw/calendar/2026/02_yellow.html,2026-09-03T06:47:30Z
Feb 13,9:00am,NZD,yellow,Inflation Expectations q/q,2.37%,N/A,2.28%,/Users/datpro/Documents/gitdatpro/ff-transform-data/data/bronze/raw/calendar/2026/02_red.html|/Users/datpro/Documents/gitdatpro/ff-transform-data/data/bronze/raw/calendar/2026/02_orange.html|/Users/datpro/Documents/gitdatpro/ff-transform-data/data/bronze/raw/calendar/2026/02_yellow.html,2026-09-03T06:47:30Z
Feb 16,11:30am,JPY,yellow,Revised Industrial Production m/m,-0.1%,-0.1%,-0.1%,/Users/datpro/Documents/gitdatpro/ff-transform-data/data/bronze/raw/calendar/2026/02_red.html|/Users/datpro/Documents/gitdatpro/ff-transform-data/data/bronze/raw/calendar/2026/02_orange.html|/Users/datpro/Documents/gitdatpro/ff-transform-data/data/bronze/raw/calendar/2026/02_yellow.html,2026-09-03T06:47:30Z
Feb 16,5:00pm,EUR,yellow,Industrial Production m/m,-1.4%,-1.5%,0.3%,/Users/datpro/Documents/gitdatpro/ff-transform-data/data/bronze/raw/calendar/2026/02_red.html|/Users/datpro/Documents/gitdatpro/ff-transform-data/data/bronze/raw/calendar/2026/02_orange.html|/Users/datpro/Documents/gitdatpro/ff-transform-data/data/bronze/raw/calendar/2026/02_yellow.html,2026-09-03T06:47:30Z
Feb 16,6:50am,JPY,yellow,Prelim GDP Price Index y/y,3.4%,3.2%,3.4%,/Users/datpro/Documents/gitdatpro/ff-transform-data/data/bronze/raw/calendar/2026/02_red.html|/Users/datpro/Documents/gitdatpro/ff-transform-data/data/bronze/raw/calendar/2026/02_orange.html|/Users/datpro/Documents/gitdatpro/ff-transform-data/data/bronze/raw/calendar/2026/02_yellow.html,2026-09-03T06:47:30Z
Feb 16,6:50am,JPY,yellow,Prelim GDP q/q,0.1%,0.4%,-0.6%,/Users/datpro/Documents/gitdatpro/ff-transform-data/data/bronze/raw/calendar/2026/02_red.html|/Users/datpro/Documents/gitdatpro/ff-transform-data/data/bronze/raw/calendar/2026/02_orange.html|/Users/datpro/Documents/gitdatpro/ff-transform-data/data/bronze/raw/calendar/2026/02_yellow.html,2026-09-03T06:47:30Z
Feb 16,7:01am,GBP,yellow,Rightmove HPI m/m,0.0%,N/A,2.8%,/Users/datpro/Documents/gitdatpro/ff-transform-data/data/bronze/raw/calendar/2026/02_red.html|/Users/datpro/Documents/gitdatpro/ff-transform-data/data/bronze/raw/calendar/2026/02_orange.html|/Users/datpro/Documents/gitdatpro/ff-transform-data/data/bronze/raw/calendar/2026/02_yellow.html,2026-09-03T06:47:30Z
Feb 16,8:15pm,CAD,yellow,Housing Starts,238K,266K,281K,/Users/datpro/Documents/gitdatpro/ff-transform-data/data/bronze/raw/calendar/2026/02_red.html|/Users/datpro/Documents/gitdatpro/ff-transform-data/data/bronze/raw/calendar/2026/02_orange.html|/Users/datpro/Documents/gitdatpro/ff-transform-data/data/bronze/raw/calendar/2026/02_yellow.html,2026-09-03T06:47:30Z
Feb 16,8:25pm,USD,yellow,FOMC Member Bowman Speaks,N/A,N/A,N/A,/Users/datpro/Documents/gitdatpro/ff-transform-data/data/bronze/raw/calendar/2026/02_red.html|/Users/datpro/Documents/gitdatpro/ff-transform-data/data/bronze/raw/calendar/2026/02_orange.html|/Users/datpro/Documents/gitdatpro/ff-transform-data/data/bronze/raw/calendar/2026/02_yellow.html,2026-09-03T06:47:30Z
Feb 16,8:30pm,CAD,yellow,Manufacturing Sales m/m,0.6%,0.5%,-1.3%,/Users/datpro/Documents/gitdatpro/ff-transform-data/data/bronze/raw/calendar/2026/02_red.html|/Users/datpro/Documents/gitdatpro/ff-transform-data/data/bronze/raw/calendar/2026/02_orange.html|/Users/datpro/Documents/gitdatpro/ff-transform-data/data/bronze/raw/calendar/2026/02_yellow.html,2026-09-03T06:47:30Z
Feb 16,All Day,EUR,yellow,Eurogroup Meetings,N/A,N/A,N/A,/Users/datpro/Documents/gitdatpro/ff-transform-data/data/bronze/raw/calendar/2026/02_red.html|/Users/datpro/Documents/gitdatpro/ff-transform-data/data/bronze/raw/calendar/2026/02_orange.html|/Users/datpro/Documents/gitdatpro/ff-transform-data/data/bronze/raw/calendar/2026/02_yellow.html,2026-09-03T06:47:30Z
Feb 17,10:00pm,USD,yellow,NAHB Housing Market Index,36,38,37,/Users/datpro/Documents/gitdatpro/ff-transform-data/data/bronze/raw/calendar/2026/02_red.html|/Users/datpro/Documents/gitdatpro/ff-transform-data/data/bronze/raw/calendar/2026/02_orange.html|/Users/datpro/Documents/gitdatpro/ff-transform-data/data/bronze/raw/calendar/2026/02_yellow.html,2026-09-03T06:47:30Z
Feb 17,11:16pm,NZD,yellow,GDT Price Index,3.6%,N/A,6.7%,/Users/datpro/Documents/gitdatpro/ff-transform-data/data/bronze/raw/calendar/2026/02_red.html|/Users/datpro/Documents/gitdatpro/ff-transform-data/data/bronze/raw/calendar/2026/02_orange.html|/Users/datpro/Documents/gitdatpro/ff-transform-data/data/bronze/raw/calendar/2026/02_yellow.html,2026-09-03T06:47:30Z
Feb 17,11:30am,JPY,yellow,Tertiary Industry Activity m/m,-0.5%,-0.3%,-0.4%,/Users/datpro/Documents/gitdatpro/ff-transform-data/data/bronze/raw/calendar/2026/02_red.html|/Users/datpro/Documents/gitdatpro/ff-transform-data/data/bronze/raw/calendar/2026/02_orange.html|/Users/datpro/Documents/gitdatpro/ff-transform-data/data/bronze/raw/calendar/2026/02_yellow.html,2026-09-03T06:47:30Z
Feb 17,2:00pm,EUR,yellow,German Final CPI m/m,0.1%,0.1%,0.1%,/Users/datpro/Documents/gitdatpro/ff-transform-data/data/bronze/raw/calendar/2026/02_red.html|/Users/datpro/Documents/gitdatpro/ff-transform-data/data/bronze/raw/calendar/2026/02_orange.html|/Users/datpro/Documents/gitdatpro/ff-transform-data/data/bronze/raw/calendar/2026/02_yellow.html,2026-09-03T06:47:30Z
Feb 17,2:00pm,GBP,yellow,Unemployment Rate,5.2%,5.2%,5.1%,/Users/datpro/Documents/gitdatpro/ff-transform-data/data/bronze/raw/calendar/2026/02_red.html|/Users/datpro/Documents/gitdatpro/ff-transform-data/data/bronze/raw/calendar/2026/02_orange.html|/Users/datpro/Documents/gitdatpro/ff-transform-data/data/bronze/raw/calendar/2026/02_yellow.html,2026-09-03T06:47:30Z
Feb 17,4:00pm,EUR,yellow,Italian Trade Balance,6.04B,4.75B,5.06B,/Users/datpro/Documents/gitdatpro/ff-transform-data/data/bronze/raw/calendar/2026/02_red.html|/Users/datpro/Documents/gitdatpro/ff-transform-data/data/bronze/raw/calendar/2026/02_orange.html|/Users/datpro/Documents/gitdatpro/ff-transform-data/data/bronze/raw/calendar/2026/02_yellow.html,2026-09-03T06:47:30Z
Feb 17,4:45am,NZD,yellow,FPI m/m,2.1%,N/A,-0.3%,/Users/datpro/Documents/gitdatpro/ff-transform-data/data/bronze/raw/calendar/2026/02_red.html|/Users/datpro/Documents/gitdatpro/ff-transform-data/data/bronze/raw/calendar/2026/02_orange.html|/Users/datpro/Documents/gitdatpro/ff-transform-data/data/bronze/raw/calendar/2026/02_yellow.html,2026-09-03T06:47:30Z
Feb 17,5:00pm,EUR,yellow,German ZEW Economic Sentiment,58.3,65.8,59.6,/Users/datpro/Documents/gitdatpro/ff-transform-data/data/bronze/raw/calendar/2026/02_red.html|/Users/datpro/Documents/gitdatpro/ff-transform-data/data/bronze/raw/calendar/2026/02_orange.html|/Users/datpro/Documents/gitdatpro/ff-transform-data/data/bronze/raw/calendar/2026/02_yellow.html,2026-09-03T06:47:30Z
Feb 17,5:00pm,EUR,yellow,ZEW Economic Sentiment,39.4,45.7,40.8,/Users/datpro/Documents/gitdatpro/ff-transform-data/data/bronze/raw/calendar/2026/02_red.html|/Users/datpro/Documents/gitdatpro/ff-transform-data/data/bronze/raw/calendar/2026/02_orange.html|/Users/datpro/Documents/gitdatpro/ff-transform-data/data/bronze/raw/calendar/2026/02_yellow.html,2026-09-03T06:47:30Z
Feb 17,7:30am,AUD,yellow,Monetary Policy Meeting Minutes,N/A,N/A,N/A,/Users/datpro/Documents/gitdatpro/ff-transform-data/data/bronze/raw/calendar/2026/02_red.html|/Users/datpro/Documents/gitdatpro/ff-transform-data/data/bronze/raw/calendar/2026/02_orange.html|/Users/datpro/Documents/gitdatpro/ff-transform-data/data/bronze/raw/calendar/2026/02_yellow.html,2026-09-03T06:47:30Z
Feb 17,8:15pm,USD,yellow,ADP Weekly Employment Change,10.3K,N/A,7.8K,/Users/datpro/Documents/gitdatpro/ff-transform-data/data/bronze/raw/calendar/2026/02_red.html|/Users/datpro/Documents/gitdatpro/ff-transform-data/data/bronze/raw/calendar/2026/02_orange.html|/Users/datpro/Documents/gitdatpro/ff-transform-data/data/bronze/raw/calendar/2026/02_yellow.html,2026-09-03T06:47:30Z
Feb 17,8:30pm,CAD,red,CPI m/m,0.0%,0.1%,-0.2%,/Users/datpro/Documents/gitdatpro/ff-transform-data/data/bronze/raw/calendar/2026/02_red.html|/Users/datpro/Documents/gitdatpro/ff-transform-data/data/bronze/raw/calendar/2026/02_orange.html|/Users/datpro/Documents/gitdatpro/ff-transform-data/data/bronze/raw/calendar/2026/02_yellow.html,2026-09-03T06:47:30Z
Feb 17,8:30pm,CAD,orange,Common CPI y/y,2.7%,2.7%,2.8%,/Users/datpro/Documents/gitdatpro/ff-transform-data/data/bronze/raw/calendar/2026/02_red.html|/Users/datpro/Documents/gitdatpro/ff-transform-data/data/bronze/raw/calendar/2026/02_orange.html|/Users/datpro/Documents/gitdatpro/ff-transform-data/data/bronze/raw/calendar/2026/02_yellow.html,2026-09-03T06:47:30Z
Feb 17,8:30pm,CAD,yellow,Foreign Securities Purchases,-5.57B,14.27B,15.96B,/Users/datpro/Documents/gitdatpro/ff-transform-data/data/bronze/raw/calendar/2026/02_red.html|/Users/datpro/Documents/gitdatpro/ff-transform-data/data/bronze/raw/calendar/2026/02_orange.html|/Users/datpro/Documents/gitdatpro/ff-transform-data/data/bronze/raw/calendar/2026/02_yellow.html,2026-09-03T06:47:30Z
Feb 17,8:30pm,CAD,red,Median CPI y/y,2.5%,2.5%,2.6%,/Users/datpro/Documents/gitdatpro/ff-transform-data/data/bronze/raw/calendar/2026/02_red.html|/Users/datpro/Documents/gitdatpro/ff-transform-data/data/bronze/raw/calendar/2026/02_orange.html|/Users/datpro/Documents/gitdatpro/ff-transform-data/data/bronze/raw/calendar/2026/02_yellow.html,2026-09-03T06:47:30Z
Feb 17,8:30pm,CAD,red,Trimmed CPI y/y,2.4%,2.6%,2.7%,/Users/datpro/Documents/gitdatpro/ff-transform-data/data/bronze/raw/calendar/2026/02_red.html|/Users/datpro/Documents/gitdatpro/ff-transform-data/data/bronze/raw/calendar/2026/02_orange.html|/Users/datpro/Documents/gitdatpro/ff-transform-data/data/bronze/raw/calendar/2026/02_yellow.html,2026-09-03T06:47:30Z
Feb 17,8:30pm,CAD,yellow,Wholesale Sales m/m,2.0%,2.0%,-1.8%,/Users/datpro/Documents/gitdatpro/ff-transform-data/data/bronze/raw/calendar/2026/02_red.html|/Users/datpro/Documents/gitdatpro/ff-transform-data/data/bronze/raw/calendar/2026/02_orange.html|/Users/datpro/Documents/gitdatpro/ff-transform-data/data/bronze/raw/calendar/2026/02_yellow.html,2026-09-03T06:47:30Z
Feb 17,8:30pm,USD,orange,Empire State Manufacturing Index,7.1,6.4,7.7,/Users/datpro/Documents/gitdatpro/ff-transform-data/data/bronze/raw/calendar/2026/02_red.html|/Users/datpro/Documents/gitdatpro/ff-transform-data/data/bronze/raw/calendar/2026/02_orange.html|/Users/datpro/Documents/gitdatpro/ff-transform-data/data/bronze/raw/calendar/2026/02_yellow.html,2026-09-03T06:47:30Z
Feb 17,8:32pm,CAD,yellow,Core CPI m/m,0.2%,N/A,-0.4%,/Users/datpro/Documents/gitdatpro/ff-transform-data/data/bronze/raw/calendar/2026/02_red.html|/Users/datpro/Documents/gitdatpro/ff-transform-data/data/bronze/raw/calendar/2026/02_orange.html|/Users/datpro/Documents/gitdatpro/ff-transform-data/data/bronze/raw/calendar/2026/02_yellow.html,2026-09-03T06:47:30Z
Feb 17,9:45pm,USD,yellow,Cleveland Fed Inflation Expectations,3.1%,N/A,3.3%,/Users/datpro/Documents/gitdatpro/ff-transform-data/data/bronze/raw/calendar/2026/02_red.html|/Users/datpro/Documents/gitdatpro/ff-transform-data/data/bronze/raw/calendar/2026/02_orange.html|/Users/datpro/Documents/gitdatpro/ff-transform-data/data/bronze/raw/calendar/2026/02_yellow.html,2026-09-03T06:47:30Z
Feb 17,All Day,EUR,yellow,ECOFIN Meetings,N/A,N/A,N/A,/Users/datpro/Documents/gitdatpro/ff-transform-data/data/bronze/raw/calendar/2026/02_red.html|/Users/datpro/Documents/gitdatpro/ff-transform-data/data/bronze/raw/calendar/2026/02_orange.html|/Users/datpro/Documents/gitdatpro/ff-transform-data/data/bronze/raw/calendar/2026/02_yellow.html,2026-09-03T06:47:30Z
Feb 18,2:00pm,GBP,red,CPI y/y,3.0%,3.0%,3.4%,/Users/datpro/Documents/gitdatpro/ff-transform-data/data/bronze/raw/calendar/2026/02_red.html|/Users/datpro/Documents/gitdatpro/ff-transform-data/data/bronze/raw/calendar/2026/02_orange.html|/Users/datpro/Documents/gitdatpro/ff-transform-data/data/bronze/raw/calendar/2026/02_yellow.html,2026-09-03T06:47:30Z
Feb 18,2:00pm,GBP,yellow,Core CPI y/y,3.1%,3.0%,3.2%,/Users/datpro/Documents/gitdatpro/ff-transform-data/data/bronze/raw/calendar/2026/02_red.html|/Users/datpro/Documents/gitdatpro/ff-transform-data/data/bronze/raw/calendar/2026/02_orange.html|/Users/datpro/Documents/gitdatpro/ff-transform-data/data/bronze/raw/calendar/2026/02_yellow.html,2026-09-03T06:47:30Z
Feb 18,2:00pm,GBP,yellow,PPI Input m/m,0.4%,0.4%,-0.5%,/Users/datpro/Documents/gitdatpro/ff-transform-data/data/bronze/raw/calendar/2026/02_red.html|/Users/datpro/Documents/gitdatpro/ff-transform-data/data/bronze/raw/calendar/2026/02_orange.html|/Users/datpro/Documents/gitdatpro/ff-transform-data/data/bronze/raw/calendar/2026/02_yellow.html,2026-09-03T06:47:30Z
Feb 18,2:00pm,GBP,yellow,PPI Output m/m,0.0%,0.2%,-0.1%,/Users/datpro/Documents/gitdatpro/ff-transform-data/data/bronze/raw/calendar/2026/02_red.html|/Users/datpro/Documents/gitdatpro/ff-transform-data/data/bronze/raw/calendar/2026/02_orange.html|/Users/datpro/Documents/gitdatpro/ff-transform-data/data/bronze/raw/calendar/2026/02_yellow.html,2026-09-03T06:47:30Z
Feb 18,2:00pm,GBP,yellow,RPI y/y,3.8%,3.8%,4.2%,/Users/datpro/Documents/gitdatpro/ff-transform-data/data/bronze/raw/calendar/2026/02_red.html|/Users/datpro/Documents/gitdatpro/ff-transform-data/data/bronze/raw/calendar/2026/02_orange.html|/Users/datpro/Documents/gitdatpro/ff-transform-data/data/bronze/raw/calendar/2026/02_yellow.html,2026-09-03T06:47:30Z
Feb 18,2:30am,USD,yellow,FOMC Member Daly Speaks,N/A,N/A,N/A,/Users/datpro/Documents/gitdatpro/ff-transform-data/data/bronze/raw/calendar/2026/02_red.html|/Users/datpro/Documents/gitdatpro/ff-transform-data/data/bronze/raw/calendar/2026/02_orange.html|/Users/datpro/Documents/gitdatpro/ff-transform-data/data/bronze/raw/calendar/2026/02_yellow.html,2026-09-03T06:47:30Z
Feb 18,2:45pm,EUR,yellow,French Final CPI m/m,-0.3%,-0.3%,-0.3%,/Users/datpro/Documents/gitdatpro/ff-transform-data/data/bronze/raw/calendar/2026/02_red.html|/Users/datpro/Documents/gitdatpro/ff-transform-data/data/bronze/raw/calendar/2026/02_orange.html|/Users/datpro/Documents/gitdatpro/ff-transform-data/data/bronze/raw/calendar/2026/02_yellow.html,2026-09-03T06:47:30Z
Feb 18,4:30pm,GBP,yellow,HPI y/y,2.4%,1.8%,2.8%,/Users/datpro/Documents/gitdatpro/ff-transform-data/data/bronze/raw/calendar/2026/02_red.html|/Users/datpro/Documents/gitdatpro/ff-transform-data/data/bronze/raw/calendar/2026/02_orange.html|/Users/datpro/Documents/gitdatpro/ff-transform-data/data/bronze/raw/calendar/2026/02_yellow.html,2026-09-03T06:47:30Z
Feb 18,4:45am,NZD,yellow,PPI Input q/q,-0.5%,0.4%,0.2%,/Users/datpro/Documents/gitdatpro/ff-transform-data/data/bronze/raw/calendar/2026/02_red.html|/Users/datpro/Documents/gitdatpro/ff-transform-data/data/bronze/raw/calendar/2026/02_orange.html|/Users/datpro/Documents/gitdatpro/ff-transform-data/data/bronze/raw/calendar/2026/02_yellow.html,2026-09-03T06:47:30Z
Feb 18,4:45am,NZD,yellow,PPI Output q/q,0.1%,0.6%,0.6%,/Users/datpro/Documents/gitdatpro/ff-transform-data/data/bronze/raw/calendar/2026/02_red.html|/Users/datpro/Documents/gitdatpro/ff-transform-data/data/bronze/raw/calendar/2026/02_orange.html|/Users/datpro/Documents/gitdatpro/ff-transform-data/data/bronze/raw/calendar/2026/02_yellow.html,2026-09-03T06:47:30Z
Feb 18,5:32pm,EUR,yellow,German 10-y Bond Auction,2.73|1.5,N/A,2.85|1.7,/Users/datpro/Documents/gitdatpro/ff-transform-data/data/bronze/raw/calendar/2026/02_red.html|/Users/datpro/Documents/gitdatpro/ff-transform-data/data/bronze/raw/calendar/2026/02_orange.html|/Users/datpro/Documents/gitdatpro/ff-transform-data/data/bronze/raw/calendar/2026/02_yellow.html,2026-09-03T06:47:30Z
Feb 18,6:30am,AUD,yellow,MI Leading Index m/m,-0.1%,N/A,0.1%,/Users/datpro/Documents/gitdatpro/ff-transform-data/data/bronze/raw/calendar/2026/02_red.html|/Users/datpro/Documents/gitdatpro/ff-transform-data/data/bronze/raw/calendar/2026/02_orange.html|/Users/datpro/Documents/gitdatpro/ff-transform-data/data/bronze/raw/calendar/2026/02_yellow.html,2026-09-03T06:47:30Z
Feb 18,6:50am,JPY,yellow,Trade Balance,0.46T,-0.18T,-0.06T,/Users/datpro/Documents/gitdatpro/ff-transform-data/data/bronze/raw/calendar/2026/02_red.html|/Users/datpro/Documents/gitdatpro/ff-transform-data/data/bronze/raw/calendar/2026/02_orange.html|/Users/datpro/Documents/gitdatpro/ff-transform-data/data/bronze/raw/calendar/2026/02_yellow.html,2026-09-03T06:47:30Z
Feb 18,8:30pm,NZD,red,RBNZ Monetary Policy Statement,N/A,N/A,N/A,/Users/datpro/Documents/gitdatpro/ff-transform-data/data/bronze/raw/calendar/2026/02_red.html|/Users/datpro/Documents/gitdatpro/ff-transform-data/data/bronze/raw/calendar/2026/02_orange.html|/Users/datpro/Documents/gitdatpro/ff-transform-data/data/bronze/raw/calendar/2026/02_yellow.html,2026-09-03T06:47:30Z
Feb 18,8:30pm,NZD,red,RBNZ Rate Statement,N/A,N/A,N/A,/Users/datpro/Documents/gitdatpro/ff-transform-data/data/bronze/raw/calendar/2026/02_red.html|/Users/datpro/Documents/gitdatpro/ff-transform-data/data/bronze/raw/calendar/2026/02_orange.html|/Users/datpro/Documents/gitdatpro/ff-transform-data/data/bronze/raw/calendar/2026/02_yellow.html,2026-09-03T06:47:30Z
Feb 18,8:30pm,USD,yellow,Building Permits,1.45M,1.40M,1.39M,/Users/datpro/Documents/gitdatpro/ff-transform-data/data/bronze/raw/calendar/2026/02_red.html|/Users/datpro/Documents/gitdatpro/ff-transform-data/data/bronze/raw/calendar/2026/02_orange.html|/Users/datpro/Documents/gitdatpro/ff-transform-data/data/bronze/raw/calendar/2026/02_yellow.html,2026-09-03T06:47:30Z
Feb 18,8:30pm,USD,orange,Core Durable Goods Orders m/m,0.9%,0.3%,0.4%,/Users/datpro/Documents/gitdatpro/ff-transform-data/data/bronze/raw/calendar/2026/02_red.html|/Users/datpro/Documents/gitdatpro/ff-transform-data/data/bronze/raw/calendar/2026/02_orange.html|/Users/datpro/Documents/gitdatpro/ff-transform-data/data/bronze/raw/calendar/2026/02_yellow.html,2026-09-03T06:47:30Z
Feb 18,8:30pm,USD,orange,Durable Goods Orders m/m,-1.4%,-1.8%,5.4%,/Users/datpro/Documents/gitdatpro/ff-transform-data/data/bronze/raw/calendar/2026/02_red.html|/Users/datpro/Documents/gitdatpro/ff-transform-data/data/bronze/raw/calendar/2026/02_orange.html|/Users/datpro/Documents/gitdatpro/ff-transform-data/data/bronze/raw/calendar/2026/02_yellow.html,2026-09-03T06:47:30Z
Feb 18,8:30pm,USD,yellow,Housing Starts,1.40M,1.31M,1.32M,/Users/datpro/Documents/gitdatpro/ff-transform-data/data/bronze/raw/calendar/2026/02_red.html|/Users/datpro/Documents/gitdatpro/ff-transform-data/data/bronze/raw/calendar/2026/02_orange.html|/Users/datpro/Documents/gitdatpro/ff-transform-data/data/bronze/raw/calendar/2026/02_yellow.html,2026-09-03T06:47:30Z
Feb 18,9:00am,NZD,red,RBNZ Press Conference,N/A,N/A,N/A,/Users/datpro/Documents/gitdatpro/ff-transform-data/data/bronze/raw/calendar/2026/02_red.html|/Users/datpro/Documents/gitdatpro/ff-transform-data/data/bronze/raw/calendar/2026/02_orange.html|/Users/datpro/Documents/gitdatpro/ff-transform-data/data/bronze/raw/calendar/2026/02_yellow.html,2026-09-03T06:47:30Z
Feb 18,9:15pm,USD,yellow,Capacity Utilization Rate,76.2%,76.6%,75.7%,/Users/datpro/Documents/gitdatpro/ff-transform-data/data/bronze/raw/calendar/2026/02_red.html|/Users/datpro/Documents/gitdatpro/ff-transform-data/data/bronze/raw/calendar/2026/02_orange.html|/Users/datpro/Documents/gitdatpro/ff-transform-data/data/bronze/raw/calendar/2026/02_yellow.html,2026-09-03T06:47:30Z
Feb 18,9:15pm,USD,yellow,Industrial Production m/m,0.7%,0.4%,0.2%,/Users/datpro/Documents/gitdatpro/ff-transform-data/data/bronze/raw/calendar/2026/02_red.html|/Users/datpro/Documents/gitdatpro/ff-transform-data/data/bronze/raw/calendar/2026/02_orange.html|/Users/datpro/Documents/gitdatpro/ff-transform-data/data/bronze/raw/calendar/2026/02_yellow.html,2026-09-03T06:47:30Z
Feb 18,Nov Data,USD,yellow,Building Permits,1.39M,N/A,1.41M,/Users/datpro/Documents/gitdatpro/ff-transform-data/data/bronze/raw/calendar/2026/02_red.html|/Users/datpro/Documents/gitdatpro/ff-transform-data/data/bronze/raw/calendar/2026/02_orange.html|/Users/datpro/Documents/gitdatpro/ff-transform-data/data/bronze/raw/calendar/2026/02_yellow.html,2026-09-03T06:47:30Z
Feb 18,Nov Data,USD,yellow,Housing Starts,1.32M,N/A,1.27M,/Users/datpro/Documents/gitdatpro/ff-transform-data/data/bronze/raw/calendar/2026/02_red.html|/Users/datpro/Documents/gitdatpro/ff-transform-data/data/bronze/raw/calendar/2026/02_orange.html|/Users/datpro/Documents/gitdatpro/ff-transform-data/data/bronze/raw/calendar/2026/02_yellow.html,2026-09-03T06:47:30Z
Feb 19,10:00pm,USD,yellow,CB Leading Index m/m,-0.2%,-0.2%,-0.3%,/Users/datpro/Documents/gitdatpro/ff-transform-data/data/bronze/raw/calendar/2026/02_red.html|/Users/datpro/Documents/gitdatpro/ff-transform-data/data/bronze/raw/calendar/2026/02_orange.html|/Users/datpro/Documents/gitdatpro/ff-transform-data/data/bronze/raw/calendar/2026/02_yellow.html,2026-09-03T06:47:30Z
Feb 19,10:00pm,USD,orange,Pending Home Sales m/m,-0.8%,1.4%,-7.4%,/Users/datpro/Documents/gitdatpro/ff-transform-data/data/bronze/raw/calendar/2026/02_red.html|/Users/datpro/Documents/gitdatpro/ff-transform-data/data/bronze/raw/calendar/2026/02_orange.html|/Users/datpro/Documents/gitdatpro/ff-transform-data/data/bronze/raw/calendar/2026/02_yellow.html,2026-09-03T06:47:30Z
Feb 19,10:10pm,EUR,yellow,Consumer Confidence,-12,-12,-12,/Users/datpro/Documents/gitdatpro/ff-transform-data/data/bronze/raw/calendar/2026/02_red.html|/Users/datpro/Documents/gitdatpro/ff-transform-data/data/bronze/raw/calendar/2026/02_orange.html|/Users/datpro/Documents/gitdatpro/ff-transform-data/data/bronze/raw/calendar/2026/02_yellow.html,2026-09-03T06:47:30Z
Feb 19,10:30pm,USD,yellow,FOMC Member Goolsbee Speaks,N/A,N/A,N/A,/Users/datpro/Documents/gitdatpro/ff-transform-data/data/bronze/raw/calendar/2026/02_red.html|/Users/datpro/Documents/gitdatpro/ff-transform-data/data/bronze/raw/calendar/2026/02_orange.html|/Users/datpro/Documents/gitdatpro/ff-transform-data/data/bronze/raw/calendar/2026/02_yellow.html,2026-09-03T06:47:30Z
Feb 19,10:30pm,USD,yellow,Natural Gas Storage,-144B,-148B,-249B,/Users/datpro/Documents/gitdatpro/ff-transform-data/data/bronze/raw/calendar/2026/02_red.html|/Users/datpro/Documents/gitdatpro/ff-transform-data/data/bronze/raw/calendar/2026/02_orange.html|/Users/datpro/Documents/gitdatpro/ff-transform-data/data/bronze/raw/calendar/2026/02_yellow.html,2026-09-03T06:47:30Z
Feb 19,2:10am,NZD,red,RBNZ Gov Breman Speaks,N/A,N/A,N/A,/Users/datpro/Documents/gitdatpro/ff-transform-data/data/bronze/raw/calendar/2026/02_red.html|/Users/datpro/Documents/gitdatpro/ff-transform-data/data/bronze/raw/calendar/2026/02_orange.html|/Users/datpro/Documents/gitdatpro/ff-transform-data/data/bronze/raw/calendar/2026/02_yellow.html,2026-09-03T06:47:30Z
Feb 19,4:00am,USD,yellow,TIC Long-Term Purchases,28.0B,128.6B,206.6B,/Users/datpro/Documents/gitdatpro/ff-transform-data/data/bronze/raw/calendar/2026/02_red.html|/Users/datpro/Documents/gitdatpro/ff-transform-data/data/bronze/raw/calendar/2026/02_orange.html|/Users/datpro/Documents/gitdatpro/ff-transform-data/data/bronze/raw/calendar/2026/02_yellow.html,2026-09-03T06:47:30Z
Feb 19,4:00pm,EUR,yellow,Current Account,14.6B,9.8B,8.9B,/Users/datpro/Documents/gitdatpro/ff-transform-data/data/bronze/raw/calendar/2026/02_red.html|/Users/datpro/Documents/gitdatpro/ff-transform-data/data/bronze/raw/calendar/2026/02_orange.html|/Users/datpro/Documents/gitdatpro/ff-transform-data/data/bronze/raw/calendar/2026/02_yellow.html,2026-09-03T06:47:30Z
Feb 19,4:00pm,EUR,yellow,ECB Economic Bulletin,N/A,N/A,N/A,/Users/datpro/Documents/gitdatpro/ff-transform-data/data/bronze/raw/calendar/2026/02_red.html|/Users/datpro/Documents/gitdatpro/ff-transform-data/data/bronze/raw/calendar/2026/02_orange.html|/Users/datpro/Documents/gitdatpro/ff-transform-data/data/bronze/raw/calendar/2026/02_yellow.html,2026-09-03T06:47:30Z
Feb 19,4:30am,USD,yellow,API Weekly Statistical Bulletin,N/A,N/A,N/A,/Users/datpro/Documents/gitdatpro/ff-transform-data/data/bronze/raw/calendar/2026/02_red.html|/Users/datpro/Documents/gitdatpro/ff-transform-data/data/bronze/raw/calendar/2026/02_orange.html|/Users/datpro/Documents/gitdatpro/ff-transform-data/data/bronze/raw/calendar/2026/02_yellow.html,2026-09-03T06:47:30Z
Feb 19,4:43pm,EUR,yellow,Spanish 10-y Bond Auction,3.17|2.5,N/A,3.22|2.4,/Users/datpro/Documents/gitdatpro/ff-transform-data/data/bronze/raw/calendar/2026/02_red.html|/Users/datpro/Documents/gitdatpro/ff-transform-data/data/bronze/raw/calendar/2026/02_orange.html|/Users/datpro/Documents/gitdatpro/ff-transform-data/data/bronze/raw/calendar/2026/02_yellow.html,2026-09-03T06:47:30Z
Feb 19,6:00pm,EUR,yellow,German Buba Monthly Report,N/A,N/A,N/A,/Users/datpro/Documents/gitdatpro/ff-transform-data/data/bronze/raw/calendar/2026/02_red.html|/Users/datpro/Documents/gitdatpro/ff-transform-data/data/bronze/raw/calendar/2026/02_orange.html|/Users/datpro/Documents/gitdatpro/ff-transform-data/data/bronze/raw/calendar/2026/02_yellow.html,2026-09-03T06:47:30Z
Feb 19,6:00pm,GBP,yellow,CBI Industrial Order Expectations,-28,-28,-30,/Users/datpro/Documents/gitdatpro/ff-transform-data/data/bronze/raw/calendar/2026/02_red.html|/Users/datpro/Documents/gitdatpro/ff-transform-data/data/bronze/raw/calendar/2026/02_orange.html|/Users/datpro/Documents/gitdatpro/ff-transform-data/data/bronze/raw/calendar/2026/02_yellow.html,2026-09-03T06:47:30Z
Feb 19,6:50am,JPY,yellow,Core Machinery Orders m/m,19.1%,5.1%,-11.0%,/Users/datpro/Documents/gitdatpro/ff-transform-data/data/bronze/raw/calendar/2026/02_red.html|/Users/datpro/Documents/gitdatpro/ff-transform-data/data/bronze/raw/calendar/2026/02_orange.html|/Users/datpro/Documents/gitdatpro/ff-transform-data/data/bronze/raw/calendar/2026/02_yellow.html,2026-09-03T06:47:30Z
Feb 19,7:30am,AUD,red,Employment Change,17.8K,20.0K,68.5K,/Users/datpro/Documents/gitdatpro/ff-transform-data/data/bronze/raw/calendar/2026/02_red.html|/Users/datpro/Documents/gitdatpro/ff-transform-data/data/bronze/raw/calendar/2026/02_orange.html|/Users/datpro/Documents/gitdatpro/ff-transform-data/data/bronze/raw/calendar/2026/02_yellow.html,2026-09-03T06:47:30Z
Feb 19,7:30am,AUD,red,Unemployment Rate,4.1%,4.2%,4.1%,/Users/datpro/Documents/gitdatpro/ff-transform-data/data/bronze/raw/calendar/2026/02_red.html|/Users/datpro/Documents/gitdatpro/ff-transform-data/data/bronze/raw/calendar/2026/02_orange.html|/Users/datpro/Documents/gitdatpro/ff-transform-data/data/bronze/raw/calendar/2026/02_yellow.html,2026-09-03T06:47:30Z
Feb 19,8:20pm,USD,yellow,FOMC Member Bostic Speaks,N/A,N/A,N/A,/Users/datpro/Documents/gitdatpro/ff-transform-data/data/bronze/raw/calendar/2026/02_red.html|/Users/datpro/Documents/gitdatpro/ff-transform-data/data/bronze/raw/calendar/2026/02_orange.html|/Users/datpro/Documents/gitdatpro/ff-transform-data/data/bronze/raw/calendar/2026/02_yellow.html,2026-09-03T06:47:30Z
Feb 19,8:30pm,CAD,yellow,NHPI m/m,-0.4%,0.1%,-0.2%,/Users/datpro/Documents/gitdatpro/ff-transform-data/data/bronze/raw/calendar/2026/02_red.html|/Users/datpro/Documents/gitdatpro/ff-transform-data/data/bronze/raw/calendar/2026/02_orange.html|/Users/datpro/Documents/gitdatpro/ff-transform-data/data/bronze/raw/calendar/2026/02_yellow.html,2026-09-03T06:47:30Z
Feb 19,8:30pm,CAD,yellow,Trade Balance,-1.3B,-2.1B,-2.6B,/Users/datpro/Documents/gitdatpro/ff-transform-data/data/bronze/raw/calendar/2026/02_red.html|/Users/datpro/Documents/gitdatpro/ff-transform-data/data/bronze/raw/calendar/2026/02_orange.html|/Users/datpro/Documents/gitdatpro/ff-transform-data/data/bronze/raw/calendar/2026/02_yellow.html,2026-09-03T06:47:30Z
Feb 19,8:30pm,USD,yellow,FOMC Member Bowman Speaks,N/A,N/A,N/A,/Users/datpro/Documents/gitdatpro/ff-transform-data/data/bronze/raw/calendar/2026/02_red.html|/Users/datpro/Documents/gitdatpro/ff-transform-data/data/bronze/raw/calendar/2026/02_orange.html|/Users/datpro/Documents/gitdatpro/ff-transform-data/data/bronze/raw/calendar/2026/02_yellow.html,2026-09-03T06:47:30Z
Feb 19,8:30pm,USD,yellow,Goods Trade Balance,-98.5B,-86.0B,-82.8B,/Users/datpro/Documents/gitdatpro/ff-transform-data/data/bronze/raw/calendar/2026/02_red.html|/Users/datpro/Documents/gitdatpro/ff-transform-data/data/bronze/raw/calendar/2026/02_orange.html|/Users/datpro/Documents/gitdatpro/ff-transform-data/data/bronze/raw/calendar/2026/02_yellow.html,2026-09-03T06:47:30Z
Feb 19,8:30pm,USD,yellow,Prelim Wholesale Inventories m/m,0.2%,0.2%,0.2%,/Users/datpro/Documents/gitdatpro/ff-transform-data/data/bronze/raw/calendar/2026/02_red.html|/Users/datpro/Documents/gitdatpro/ff-transform-data/data/bronze/raw/calendar/2026/02_orange.html|/Users/datpro/Documents/gitdatpro/ff-transform-data/data/bronze/raw/calendar/2026/02_yellow.html,2026-09-03T06:47:30Z
Feb 19,8:30pm,USD,yellow,Trade Balance,-70.3B,-55.5B,-53.0B,/Users/datpro/Documents/gitdatpro/ff-transform-data/data/bronze/raw/calendar/2026/02_red.html|/Users/datpro/Documents/gitdatpro/ff-transform-data/data/bronze/raw/calendar/2026/02_orange.html|/Users/datpro/Documents/gitdatpro/ff-transform-data/data/bronze/raw/calendar/2026/02_yellow.html,2026-09-03T06:47:30Z
Feb 19,8:30pm,USD,red,Unemployment Claims,206K,223K,229K,/Users/datpro/Documents/gitdatpro/ff-transform-data/data/bronze/raw/calendar/2026/02_red.html|/Users/datpro/Documents/gitdatpro/ff-transform-data/data/bronze/raw/calendar/2026/02_orange.html|/Users/datpro/Documents/gitdatpro/ff-transform-data/data/bronze/raw/calendar/2026/02_yellow.html,2026-09-03T06:47:30Z
Feb 19,9:00pm,USD,yellow,FOMC Member Kashkari Speaks,N/A,N/A,N/A,/Users/datpro/Documents/gitdatpro/ff-transform-data/data/bronze/raw/calendar/2026/02_red.html|/Users/datpro/Documents/gitdatpro/ff-transform-data/data/bronze/raw/calendar/2026/02_orange.html|/Users/datpro/Documents/gitdatpro/ff-transform-data/data/bronze/raw/calendar/2026/02_yellow.html,2026-09-03T06:47:30Z
Feb 2,12:30pm,AUD,yellow,Commodity Prices y/y,2.6%,N/A,-3.2%,/Users/datpro/Documents/gitdatpro/ff-transform-data/data/bronze/raw/calendar/2026/02_red.html|/Users/datpro/Documents/gitdatpro/ff-transform-data/data/bronze/raw/calendar/2026/02_orange.html|/Users/datpro/Documents/gitdatpro/ff-transform-data/data/bronze/raw/calendar/2026/02_yellow.html,2026-09-03T06:47:30Z
Feb 2,2:00pm,EUR,yellow,German Retail Sales m/m,0.1%,-0.1%,-0.5%,/Users/datpro/Documents/gitdatpro/ff-transform-data/data/bronze/raw/calendar/2026/02_red.html|/Users/datpro/Documents/gitdatpro/ff-transform-data/data/bronze/raw/calendar/2026/02_orange.html|/Users/datpro/Documents/gitdatpro/ff-transform-data/data/bronze/raw/calendar/2026/02_yellow.html,2026-09-03T06:47:30Z
Feb 2,2:00pm,GBP,yellow,Nationwide HPI m/m,0.3%,0.3%,-0.4%,/Users/datpro/Documents/gitdatpro/ff-transform-data/data/bronze/raw/calendar/2026/02_red.html|/Users/datpro/Documents/gitdatpro/ff-transform-data/data/bronze/raw/calendar/2026/02_orange.html|/Users/datpro/Documents/gitdatpro/ff-transform-data/data/bronze/raw/calendar/2026/02_yellow.html,2026-09-03T06:47:30Z
Feb 2,2:30pm,CHF,yellow,Retail Sales y/y,2.9%,2.5%,1.7%,/Users/datpro/Documents/gitdatpro/ff-transform-data/data/bronze/raw/calendar/2026/02_red.html|/Users/datpro/Documents/gitdatpro/ff-transform-data/data/bronze/raw/calendar/2026/02_orange.html|/Users/datpro/Documents/gitdatpro/ff-transform-data/data/bronze/raw/calendar/2026/02_yellow.html,2026-09-03T06:47:30Z
Feb 2,3:15pm,EUR,yellow,Spanish Manufacturing PMI,49.2,49.9,49.6,/Users/datpro/Documents/gitdatpro/ff-transform-data/data/bronze/raw/calendar/2026/02_red.html|/Users/datpro/Documents/gitdatpro/ff-transform-data/data/bronze/raw/calendar/2026/02_orange.html|/Users/datpro/Documents/gitdatpro/ff-transform-data/data/bronze/raw/calendar/2026/02_yellow.html,2026-09-03T06:47:30Z
Feb 2,3:30pm,CHF,yellow,Manufacturing PMI,48.8,47.2,45.8,/Users/datpro/Documents/gitdatpro/ff-transform-data/data/bronze/raw/calendar/2026/02_red.html|/Users/datpro/Documents/gitdatpro/ff-transform-data/data/bronze/raw/calendar/2026/02_orange.html|/Users/datpro/Documents/gitdatpro/ff-transform-data/data/bronze/raw/calendar/2026/02_yellow.html,2026-09-03T06:47:30Z
Feb 2,3:45pm,EUR,yellow,Italian Manufacturing PMI,48.1,48.5,47.9,/Users/datpro/Documents/gitdatpro/ff-transform-data/data/bronze/raw/calendar/2026/02_red.html|/Users/datpro/Documents/gitdatpro/ff-transform-data/data/bronze/raw/calendar/2026/02_orange.html|/Users/datpro/Documents/gitdatpro/ff-transform-data/data/bronze/raw/calendar/2026/02_yellow.html,2026-09-03T06:47:30Z
Feb 2,3:50pm,EUR,yellow,French Final Manufacturing PMI,51.2,51.0,51.0,/Users/datpro/Documents/gitdatpro/ff-transform-data/data/bronze/raw/calendar/2026/02_red.html|/Users/datpro/Documents/gitdatpro/ff-transform-data/data/bronze/raw/calendar/2026/02_orange.html|/Users/datpro/Documents/gitdatpro/ff-transform-data/data/bronze/raw/calendar/2026/02_yellow.html,2026-09-03T06:47:30Z
Feb 2,3:55pm,EUR,yellow,German Final Manufacturing PMI,49.1,48.7,48.7,/Users/datpro/Documents/gitdatpro/ff-transform-data/data/bronze/raw/calendar/2026/02_red.html|/Users/datpro/Documents/gitdatpro/ff-transform-data/data/bronze/raw/calendar/2026/02_orange.html|/Users/datpro/Documents/gitdatpro/ff-transform-data/data/bronze/raw/calendar/2026/02_yellow.html,2026-09-03T06:47:30Z
Feb 2,4:00pm,EUR,yellow,Final Manufacturing PMI,49.5,49.4,49.4,/Users/datpro/Documents/gitdatpro/ff-transform-data/data/bronze/raw/calendar/2026/02_red.html|/Users/datpro/Documents/gitdatpro/ff-transform-data/data/bronze/raw/calendar/2026/02_orange.html|/Users/datpro/Documents/gitdatpro/ff-transform-data/data/bronze/raw/calendar/2026/02_yellow.html,2026-09-03T06:47:30Z
Feb 2,4:30pm,GBP,yellow,Final Manufacturing PMI,51.8,51.6,51.6,/Users/datpro/Documents/gitdatpro/ff-transform-data/data/bronze/raw/calendar/2026/02_red.html|/Users/datpro/Documents/gitdatpro/ff-transform-data/data/bronze/raw/calendar/2026/02_orange.html|/Users/datpro/Documents/gitdatpro/ff-transform-data/data/bronze/raw/calendar/2026/02_yellow.html,2026-09-03T06:47:30Z
Feb 2,6:45pm,GBP,yellow,MPC Member Breeden Speaks,N/A,N/A,N/A,/Users/datpro/Documents/gitdatpro/ff-transform-data/data/bronze/raw/calendar/2026/02_red.html|/Users/datpro/Documents/gitdatpro/ff-transform-data/data/bronze/raw/calendar/2026/02_orange.html|/Users/datpro/Documents/gitdatpro/ff-transform-data/data/bronze/raw/calendar/2026/02_yellow.html,2026-09-03T06:47:30Z
Feb 2,7:00am,AUD,yellow,MI Inflation Gauge m/m,0.2%,N/A,1.0%,/Users/datpro/Documents/gitdatpro/ff-transform-data/data/bronze/raw/calendar/2026/02_red.html|/Users/datpro/Documents/gitdatpro/ff-transform-data/data/bronze/raw/calendar/2026/02_orange.html|/Users/datpro/Documents/gitdatpro/ff-transform-data/data/bronze/raw/calendar/2026/02_yellow.html,2026-09-03T06:47:30Z
Feb 2,7:30am,AUD,yellow,ANZ Job Advertisements m/m,4.4%,N/A,-0.8%,/Users/datpro/Documents/gitdatpro/ff-transform-data/data/bronze/raw/calendar/2026/02_red.html|/Users/datpro/Documents/gitdatpro/ff-transform-data/data/bronze/raw/calendar/2026/02_orange.html|/Users/datpro/Documents/gitdatpro/ff-transform-data/data/bronze/raw/calendar/2026/02_yellow.html,2026-09-03T06:47:30Z
Feb 2,7:30am,JPY,yellow,Final Manufacturing PMI,51.5,51.5,51.5,/Users/datpro/Documents/gitdatpro/ff-transform-data/data/bronze/raw/calendar/2026/02_red.html|/Users/datpro/Documents/gitdatpro/ff-transform-data/data/bronze/raw/calendar/2026/02_orange.html|/Users/datpro/Documents/gitdatpro/ff-transform-data/data/bronze/raw/calendar/2026/02_yellow.html,2026-09-03T06:47:30Z
Feb 2,8:45am,CNY,yellow,RatingDog Manufacturing PMI,50.3,50.1,50.1,/Users/datpro/Documents/gitdatpro/ff-transform-data/data/bronze/raw/calendar/2026/02_red.html|/Users/datpro/Documents/gitdatpro/ff-transform-data/data/bronze/raw/calendar/2026/02_orange.html|/Users/datpro/Documents/gitdatpro/ff-transform-data/data/bronze/raw/calendar/2026/02_yellow.html,2026-09-03T06:47:30Z
Feb 2,9:30pm,CAD,yellow,Manufacturing PMI,50.4,N/A,48.6,/Users/datpro/Documents/gitdatpro/ff-transform-data/data/bronze/raw/calendar/2026/02_red.html|/Users/datpro/Documents/gitdatpro/ff-transform-data/data/bronze/raw/calendar/2026/02_orange.html|/Users/datpro/Documents/gitdatpro/ff-transform-data/data/bronze/raw/calendar/2026/02_yellow.html,2026-09-03T06:47:30Z
Feb 2,9:45pm,USD,yellow,Final Manufacturing PMI,52.4,51.9,51.9,/Users/datpro/Documents/gitdatpro/ff-transform-data/data/bronze/raw/calendar/2026/02_red.html|/Users/datpro/Documents/gitdatpro/ff-transform-data/data/bronze/raw/calendar/2026/02_orange.html|/Users/datpro/Documents/gitdatpro/ff-transform-data/data/bronze/raw/calendar/2026/02_yellow.html,2026-09-03T06:47:30Z
Feb 20,10:00pm,USD,orange,New Home Sales,745K,732K,758K,/Users/datpro/Documents/gitdatpro/ff-transform-data/data/bronze/raw/calendar/2026/02_red.html|/Users/datpro/Documents/gitdatpro/ff-transform-data/data/bronze/raw/calendar/2026/02_orange.html|/Users/datpro/Documents/gitdatpro/ff-transform-data/data/bronze/raw/calendar/2026/02_yellow.html,2026-09-03T06:47:30Z
Feb 20,10:00pm,USD,yellow,Revised UoM Consumer Sentiment,56.6,56.9,57.3,/Users/datpro/Documents/gitdatpro/ff-transform-data/data/bronze/raw/calendar/2026/02_red.html|/Users/datpro/Documents/gitdatpro/ff-transform-data/data/bronze/raw/calendar/2026/02_orange.html|/Users/datpro/Documents/gitdatpro/ff-transform-data/data/bronze/raw/calendar/2026/02_yellow.html,2026-09-03T06:47:30Z
Feb 20,10:00pm,USD,yellow,Revised UoM Inflation Expectations,3.4%,N/A,3.5%,/Users/datpro/Documents/gitdatpro/ff-transform-data/data/bronze/raw/calendar/2026/02_red.html|/Users/datpro/Documents/gitdatpro/ff-transform-data/data/bronze/raw/calendar/2026/02_orange.html|/Users/datpro/Documents/gitdatpro/ff-transform-data/data/bronze/raw/calendar/2026/02_yellow.html,2026-09-03T06:47:30Z
Feb 20,2:00pm,EUR,yellow,German PPI m/m,-0.6%,0.3%,-0.2%,/Users/datpro/Documents/gitdatpro/ff-transform-data/data/bronze/raw/calendar/2026/02_red.html|/Users/datpro/Documents/gitdatpro/ff-transform-data/data/bronze/raw/calendar/2026/02_orange.html|/Users/datpro/Documents/gitdatpro/ff-transform-data/data/bronze/raw/calendar/2026/02_yellow.html,2026-09-03T06:47:30Z
Feb 20,2:00pm,GBP,yellow,Public Sector Net Borrowing,-30.4B,-24.0B,13.4B,/Users/datpro/Documents/gitdatpro/ff-transform-data/data/bronze/raw/calendar/2026/02_red.html|/Users/datpro/Documents/gitdatpro/ff-transform-data/data/bronze/raw/calendar/2026/02_orange.html|/Users/datpro/Documents/gitdatpro/ff-transform-data/data/bronze/raw/calendar/2026/02_yellow.html,2026-09-03T06:47:30Z
Feb 20,2:00pm,GBP,red,Retail Sales m/m,1.8%,0.2%,0.4%,/Users/datpro/Documents/gitdatpro/ff-transform-data/data/bronze/raw/calendar/2026/02_red.html|/Users/datpro/Documents/gitdatpro/ff-transform-data/data/bronze/raw/calendar/2026/02_orange.html|/Users/datpro/Documents/gitdatpro/ff-transform-data/data/bronze/raw/calendar/2026/02_yellow.html,2026-09-03T06:47:30Z
Feb 20,3:15pm,EUR,orange,French Flash Manufacturing PMI,49.9,50.9,51.2,/Users/datpro/Documents/gitdatpro/ff-transform-data/data/bronze/raw/calendar/2026/02_red.html|/Users/datpro/Documents/gitdatpro/ff-transform-data/data/bronze/raw/calendar/2026/02_orange.html|/Users/datpro/Documents/gitdatpro/ff-transform-data/data/bronze/raw/calendar/2026/02_yellow.html,2026-09-03T06:47:30Z
Feb 20,3:15pm,EUR,orange,French Flash Services PMI,49.6,49.1,48.4,/Users/datpro/Documents/gitdatpro/ff-transform-data/data/bronze/raw/calendar/2026/02_red.html|/Users/datpro/Documents/gitdatpro/ff-transform-data/data/bronze/raw/calendar/2026/02_orange.html|/Users/datpro/Documents/gitdatpro/ff-transform-data/data/bronze/raw/calendar/2026/02_yellow.html,2026-09-03T06:47:30Z
Feb 20,3:30pm,EUR,red,German Flash Manufacturing PMI,50.7,49.6,49.1,/Users/datpro/Documents/gitdatpro/ff-transform-data/data/bronze/raw/calendar/2026/02_red.html|/Users/datpro/Documents/gitdatpro/ff-transform-data/data/bronze/raw/calendar/2026/02_orange.html|/Users/datpro/Documents/gitdatpro/ff-transform-data/data/bronze/raw/calendar/2026/02_yellow.html,2026-09-03T06:47:30Z
Feb 20,3:30pm,EUR,red,German Flash Services PMI,53.4,52.4,52.4,/Users/datpro/Documents/gitdatpro/ff-transform-data/data/bronze/raw/calendar/2026/02_red.html|/Users/datpro/Documents/gitdatpro/ff-transform-data/data/bronze/raw/calendar/2026/02_orange.html|/Users/datpro/Documents/gitdatpro/ff-transform-data/data/bronze/raw/calendar/2026/02_yellow.html,2026-09-03T06:47:30Z
Feb 20,4:00pm,EUR,yellow,Flash Manufacturing PMI,50.8,49.9,49.5,/Users/datpro/Documents/gitdatpro/ff-transform-data/data/bronze/raw/calendar/2026/02_red.html|/Users/datpro/Documents/gitdatpro/ff-transform-data/data/bronze/raw/calendar/2026/02_orange.html|/Users/datpro/Documents/gitdatpro/ff-transform-data/data/bronze/raw/calendar/2026/02_yellow.html,2026-09-03T06:47:30Z
Feb 20,4:00pm,EUR,yellow,Flash Services PMI,51.8,51.9,51.6,/Users/datpro/Documents/gitdatpro/ff-transform-data/data/bronze/raw/calendar/2026/02_red.html|/Users/datpro/Documents/gitdatpro/ff-transform-data/data/bronze/raw/calendar/2026/02_orange.html|/Users/datpro/Documents/gitdatpro/ff-transform-data/data/bronze/raw/calendar/2026/02_yellow.html,2026-09-03T06:47:30Z
Feb 20,4:30pm,GBP,red,Flash Manufacturing PMI,52.0,51.5,51.8,/Users/datpro/Documents/gitdatpro/ff-transform-data/data/bronze/raw/calendar/2026/02_red.html|/Users/datpro/Documents/gitdatpro/ff-transform-data/data/bronze/raw/calendar/2026/02_orange.html|/Users/datpro/Documents/gitdatpro/ff-transform-data/data/bronze/raw/calendar/2026/02_yellow.html,2026-09-03T06:47:30Z
Feb 20,4:30pm,GBP,red,Flash Services PMI,53.9,53.5,54.0,/Users/datpro/Documents/gitdatpro/ff-transform-data/data/bronze/raw/calendar/2026/02_red.html|/Users/datpro/Documents/gitdatpro/ff-transform-data/data/bronze/raw/calendar/2026/02_orange.html|/Users/datpro/Documents/gitdatpro/ff-transform-data/data/bronze/raw/calendar/2026/02_yellow.html,2026-09-03T06:47:30Z
Feb 20,4:45am,NZD,yellow,Trade Balance,-519M,-745M,-88M,/Users/datpro/Documents/gitdatpro/ff-transform-data/data/bronze/raw/calendar/2026/02_red.html|/Users/datpro/Documents/gitdatpro/ff-transform-data/data/bronze/raw/calendar/2026/02_orange.html|/Users/datpro/Documents/gitdatpro/ff-transform-data/data/bronze/raw/calendar/2026/02_yellow.html,2026-09-03T06:47:30Z
Feb 20,5:00am,AUD,yellow,Flash Manufacturing PMI,51.5,N/A,52.3,/Users/datpro/Documents/gitdatpro/ff-transform-data/data/bronze/raw/calendar/2026/02_red.html|/Users/datpro/Documents/gitdatpro/ff-transform-data/data/bronze/raw/calendar/2026/02_orange.html|/Users/datpro/Documents/gitdatpro/ff-transform-data/data/bronze/raw/calendar/2026/02_yellow.html,2026-09-03T06:47:30Z
Feb 20,5:00am,AUD,yellow,Flash Services PMI,52.2,N/A,56.3,/Users/datpro/Documents/gitdatpro/ff-transform-data/data/bronze/raw/calendar/2026/02_red.html|/Users/datpro/Documents/gitdatpro/ff-transform-data/data/bronze/raw/calendar/2026/02_orange.html|/Users/datpro/Documents/gitdatpro/ff-transform-data/data/bronze/raw/calendar/2026/02_yellow.html,2026-09-03T06:47:30Z
Feb 20,6:30am,JPY,yellow,National Core CPI y/y,2.0%,2.0%,2.4%,/Users/datpro/Documents/gitdatpro/ff-transform-data/data/bronze/raw/calendar/2026/02_red.html|/Users/datpro/Documents/gitdatpro/ff-transform-data/data/bronze/raw/calendar/2026/02_orange.html|/Users/datpro/Documents/gitdatpro/ff-transform-data/data/bronze/raw/calendar/2026/02_yellow.html,2026-09-03T06:47:30Z
Feb 20,7:00am,EUR,yellow,ECB President Lagarde Speaks,N/A,N/A,N/A,/Users/datpro/Documents/gitdatpro/ff-transform-data/data/bronze/raw/calendar/2026/02_red.html|/Users/datpro/Documents/gitdatpro/ff-transform-data/data/bronze/raw/calendar/2026/02_orange.html|/Users/datpro/Documents/gitdatpro/ff-transform-data/data/bronze/raw/calendar/2026/02_yellow.html,2026-09-03T06:47:30Z
Feb 20,7:30am,JPY,yellow,Flash Manufacturing PMI,52.8,51.3,51.5,/Users/datpro/Documents/gitdatpro/ff-transform-data/data/bronze/raw/calendar/2026/02_red.html|/Users/datpro/Documents/gitdatpro/ff-transform-data/data/bronze/raw/calendar/2026/02_orange.html|/Users/datpro/Documents/gitdatpro/ff-transform-data/data/bronze/raw/calendar/2026/02_yellow.html,2026-09-03T06:47:30Z
Feb 20,8:30pm,CAD,orange,Core Retail Sales m/m,0.1%,-0.1%,1.6%,/Users/datpro/Documents/gitdatpro/ff-transform-data/data/bronze/raw/calendar/2026/02_red.html|/Users/datpro/Documents/gitdatpro/ff-transform-data/data/bronze/raw/calendar/2026/02_orange.html|/Users/datpro/Documents/gitdatpro/ff-transform-data/data/bronze/raw/calendar/2026/02_yellow.html,2026-09-03T06:47:30Z
Feb 20,8:30pm,CAD,yellow,IPPI m/m,2.7%,0.2%,-0.9%,/Users/datpro/Documents/gitdatpro/ff-transform-data/data/bronze/raw/calendar/2026/02_red.html|/Users/datpro/Documents/gitdatpro/ff-transform-data/data/bronze/raw/calendar/2026/02_orange.html|/Users/datpro/Documents/gitdatpro/ff-transform-data/data/bronze/raw/calendar/2026/02_yellow.html,2026-09-03T06:47:30Z
Feb 20,8:30pm,CAD,yellow,RMPI m/m,7.7%,0.7%,0.3%,/Users/datpro/Documents/gitdatpro/ff-transform-data/data/bronze/raw/calendar/2026/02_red.html|/Users/datpro/Documents/gitdatpro/ff-transform-data/data/bronze/raw/calendar/2026/02_orange.html|/Users/datpro/Documents/gitdatpro/ff-transform-data/data/bronze/raw/calendar/2026/02_yellow.html,2026-09-03T06:47:30Z
Feb 20,8:30pm,CAD,orange,Retail Sales m/m,-0.4%,-0.5%,1.2%,/Users/datpro/Documents/gitdatpro/ff-transform-data/data/bronze/raw/calendar/2026/02_red.html|/Users/datpro/Documents/gitdatpro/ff-transform-data/data/bronze/raw/calendar/2026/02_orange.html|/Users/datpro/Documents/gitdatpro/ff-transform-data/data/bronze/raw/calendar/2026/02_yellow.html,2026-09-03T06:47:30Z
Feb 20,8:30pm,USD,orange,Advance GDP Price Index q/q,3.6%,2.8%,3.8%,/Users/datpro/Documents/gitdatpro/ff-transform-data/data/bronze/raw/calendar/2026/02_red.html|/Users/datpro/Documents/gitdatpro/ff-transform-data/data/bronze/raw/calendar/2026/02_orange.html|/Users/datpro/Documents/gitdatpro/ff-transform-data/data/bronze/raw/calendar/2026/02_yellow.html,2026-09-03T06:47:30Z
Feb 20,8:30pm,USD,red,Advance GDP q/q,1.4%,2.8%,4.4%,/Users/datpro/Documents/gitdatpro/ff-transform-data/data/bronze/raw/calendar/2026/02_red.html|/Users/datpro/Documents/gitdatpro/ff-transform-data/data/bronze/raw/calendar/2026/02_orange.html|/Users/datpro/Documents/gitdatpro/ff-transform-data/data/bronze/raw/calendar/2026/02_yellow.html,2026-09-03T06:47:30Z
Feb 20,8:30pm,USD,red,Core PCE Price Index m/m,0.4%,0.3%,0.2%,/Users/datpro/Documents/gitdatpro/ff-transform-data/data/bronze/raw/calendar/2026/02_red.html|/Users/datpro/Documents/gitdatpro/ff-transform-data/data/bronze/raw/calendar/2026/02_orange.html|/Users/datpro/Documents/gitdatpro/ff-transform-data/data/bronze/raw/calendar/2026/02_yellow.html,2026-09-03T06:47:30Z
Feb 20,8:30pm,USD,yellow,Personal Income m/m,0.3%,0.3%,0.4%,/Users/datpro/Documents/gitdatpro/ff-transform-data/data/bronze/raw/calendar/2026/02_red.html|/Users/datpro/Documents/gitdatpro/ff-transform-data/data/bronze/raw/calendar/2026/02_orange.html|/Users/datpro/Documents/gitdatpro/ff-transform-data/data/bronze/raw/calendar/2026/02_yellow.html,2026-09-03T06:47:30Z
Feb 20,8:30pm,USD,yellow,Personal Spending m/m,0.4%,0.4%,0.4%,/Users/datpro/Documents/gitdatpro/ff-transform-data/data/bronze/raw/calendar/2026/02_red.html|/Users/datpro/Documents/gitdatpro/ff-transform-data/data/bronze/raw/calendar/2026/02_orange.html|/Users/datpro/Documents/gitdatpro/ff-transform-data/data/bronze/raw/calendar/2026/02_yellow.html,2026-09-03T06:47:30Z
Feb 20,9:45pm,USD,yellow,FOMC Member Bostic Speaks,N/A,N/A,N/A,/Users/datpro/Documents/gitdatpro/ff-transform-data/data/bronze/raw/calendar/2026/02_red.html|/Users/datpro/Documents/gitdatpro/ff-transform-data/data/bronze/raw/calendar/2026/02_orange.html|/Users/datpro/Documents/gitdatpro/ff-transform-data/data/bronze/raw/calendar/2026/02_yellow.html,2026-09-03T06:47:30Z
Feb 20,9:45pm,USD,red,Flash Manufacturing PMI,51.2,52.4,52.4,/Users/datpro/Documents/gitdatpro/ff-transform-data/data/bronze/raw/calendar/2026/02_red.html|/Users/datpro/Documents/gitdatpro/ff-transform-data/data/bronze/raw/calendar/2026/02_orange.html|/Users/datpro/Documents/gitdatpro/ff-transform-data/data/bronze/raw/calendar/2026/02_yellow.html,2026-09-03T06:47:30Z
Feb 20,9:45pm,USD,red,Flash Services PMI,52.3,53.0,52.7,/Users/datpro/Documents/gitdatpro/ff-transform-data/data/bronze/raw/calendar/2026/02_red.html|/Users/datpro/Documents/gitdatpro/ff-transform-data/data/bronze/raw/calendar/2026/02_orange.html|/Users/datpro/Documents/gitdatpro/ff-transform-data/data/bronze/raw/calendar/2026/02_yellow.html,2026-09-03T06:47:30Z
Feb 20,Nov Data,USD,orange,New Home Sales,758K,N/A,737K,/Users/datpro/Documents/gitdatpro/ff-transform-data/data/bronze/raw/calendar/2026/02_red.html|/Users/datpro/Documents/gitdatpro/ff-transform-data/data/bronze/raw/calendar/2026/02_orange.html|/Users/datpro/Documents/gitdatpro/ff-transform-data/data/bronze/raw/calendar/2026/02_yellow.html,2026-09-03T06:47:30Z
Feb 21,3:30am,USD,yellow,FOMC Member Musalem Speaks,N/A,N/A,N/A,/Users/datpro/Documents/gitdatpro/ff-transform-data/data/bronze/raw/calendar/2026/02_red.html|/Users/datpro/Documents/gitdatpro/ff-transform-data/data/bronze/raw/calendar/2026/02_orange.html|/Users/datpro/Documents/gitdatpro/ff-transform-data/data/bronze/raw/calendar/2026/02_yellow.html,2026-09-03T06:47:30Z
Feb 23,10:00pm,USD,yellow,Factory Orders m/m,-0.7%,-0.4%,2.7%,/Users/datpro/Documents/gitdatpro/ff-transform-data/data/bronze/raw/calendar/2026/02_red.html|/Users/datpro/Documents/gitdatpro/ff-transform-data/data/bronze/raw/calendar/2026/02_orange.html|/Users/datpro/Documents/gitdatpro/ff-transform-data/data/bronze/raw/calendar/2026/02_yellow.html,2026-09-03T06:47:30Z
Feb 23,2:30pm,CHF,yellow,PPI m/m,-0.2%,0.1%,-0.2%,/Users/datpro/Documents/gitdatpro/ff-transform-data/data/bronze/raw/calendar/2026/02_red.html|/Users/datpro/Documents/gitdatpro/ff-transform-data/data/bronze/raw/calendar/2026/02_orange.html|/Users/datpro/Documents/gitdatpro/ff-transform-data/data/bronze/raw/calendar/2026/02_yellow.html,2026-09-03T06:47:30Z
Feb 23,4:00pm,EUR,yellow,German ifo Business Climate,88.6,88.4,87.6,/Users/datpro/Documents/gitdatpro/ff-transform-data/data/bronze/raw/calendar/2026/02_red.html|/Users/datpro/Documents/gitdatpro/ff-transform-data/data/bronze/raw/calendar/2026/02_orange.html|/Users/datpro/Documents/gitdatpro/ff-transform-data/data/bronze/raw/calendar/2026/02_yellow.html,2026-09-03T06:47:30Z
Feb 23,6:00pm,GBP,yellow,MPC Member Taylor Speaks,N/A,N/A,N/A,/Users/datpro/Documents/gitdatpro/ff-transform-data/data/bronze/raw/calendar/2026/02_red.html|/Users/datpro/Documents/gitdatpro/ff-transform-data/data/bronze/raw/calendar/2026/02_orange.html|/Users/datpro/Documents/gitdatpro/ff-transform-data/data/bronze/raw/calendar/2026/02_yellow.html,2026-09-03T06:47:30Z
Feb 23,8:00pm,USD,orange,FOMC Member Waller Speaks,N/A,N/A,N/A,/Users/datpro/Documents/gitdatpro/ff-transform-data/data/bronze/raw/calendar/2026/02_red.html|/Users/datpro/Documents/gitdatpro/ff-transform-data/data/bronze/raw/calendar/2026/02_orange.html|/Users/datpro/Documents/gitdatpro/ff-transform-data/data/bronze/raw/calendar/2026/02_yellow.html,2026-09-03T06:47:30Z
Feb 23,8:26pm,EUR,yellow,Belgian NBB Business Climate,-13.7,-7.5,-8.8,/Users/datpro/Documents/gitdatpro/ff-transform-data/data/bronze/raw/calendar/2026/02_red.html|/Users/datpro/Documents/gitdatpro/ff-transform-data/data/bronze/raw/calendar/2026/02_orange.html|/Users/datpro/Documents/gitdatpro/ff-transform-data/data/bronze/raw/calendar/2026/02_yellow.html,2026-09-03T06:47:30Z
Feb 23,9:00am,NZD,yellow,Credit Card Spending y/y,1.0%,N/A,-0.2%,/Users/datpro/Documents/gitdatpro/ff-transform-data/data/bronze/raw/calendar/2026/02_red.html|/Users/datpro/Documents/gitdatpro/ff-transform-data/data/bronze/raw/calendar/2026/02_orange.html|/Users/datpro/Documents/gitdatpro/ff-transform-data/data/bronze/raw/calendar/2026/02_yellow.html,2026-09-03T06:47:30Z
Feb 24,10:00pm,CNY,yellow,5-y Loan Prime Rate,3.50%,3.50%,3.50%,/Users/datpro/Documents/gitdatpro/ff-transform-data/data/bronze/raw/calendar/2026/02_red.html|/Users/datpro/Documents/gitdatpro/ff-transform-data/data/bronze/raw/calendar/2026/02_orange.html|/Users/datpro/Documents/gitdatpro/ff-transform-data/data/bronze/raw/calendar/2026/02_yellow.html,2026-09-03T06:47:30Z
Feb 24,10:00pm,USD,orange,CB Consumer Confidence,91.2,87.4,89.0,/Users/datpro/Documents/gitdatpro/ff-transform-data/data/bronze/raw/calendar/2026/02_red.html|/Users/datpro/Documents/gitdatpro/ff-transform-data/data/bronze/raw/calendar/2026/02_orange.html|/Users/datpro/Documents/gitdatpro/ff-transform-data/data/bronze/raw/calendar/2026/02_yellow.html,2026-09-03T06:47:30Z
Feb 24,10:00pm,USD,yellow,Final Wholesale Inventories m/m,0.2%,0.2%,0.2%,/Users/datpro/Documents/gitdatpro/ff-transform-data/data/bronze/raw/calendar/2026/02_red.html|/Users/datpro/Documents/gitdatpro/ff-transform-data/data/bronze/raw/calendar/2026/02_orange.html|/Users/datpro/Documents/gitdatpro/ff-transform-data/data/bronze/raw/calendar/2026/02_yellow.html,2026-09-03T06:47:30Z
Feb 24,10:00pm,USD,orange,Richmond Manufacturing Index,-10,-8,-6,/Users/datpro/Documents/gitdatpro/ff-transform-data/data/bronze/raw/calendar/2026/02_red.html|/Users/datpro/Documents/gitdatpro/ff-transform-data/data/bronze/raw/calendar/2026/02_orange.html|/Users/datpro/Documents/gitdatpro/ff-transform-data/data/bronze/raw/calendar/2026/02_yellow.html,2026-09-03T06:47:30Z
Feb 24,6:00pm,GBP,yellow,CBI Realized Sales,-43,-27,-17,/Users/datpro/Documents/gitdatpro/ff-transform-data/data/bronze/raw/calendar/2026/02_red.html|/Users/datpro/Documents/gitdatpro/ff-transform-data/data/bronze/raw/calendar/2026/02_orange.html|/Users/datpro/Documents/gitdatpro/ff-transform-data/data/bronze/raw/calendar/2026/02_yellow.html,2026-09-03T06:47:30Z
Feb 24,8:00pm,USD,yellow,FOMC Member Goolsbee Speaks,N/A,N/A,N/A,/Users/datpro/Documents/gitdatpro/ff-transform-data/data/bronze/raw/calendar/2026/02_red.html|/Users/datpro/Documents/gitdatpro/ff-transform-data/data/bronze/raw/calendar/2026/02_orange.html|/Users/datpro/Documents/gitdatpro/ff-transform-data/data/bronze/raw/calendar/2026/02_yellow.html,2026-09-03T06:47:30Z
Feb 24,8:15pm,USD,yellow,ADP Weekly Employment Change,12.8K,N/A,11.5K,/Users/datpro/Documents/gitdatpro/ff-transform-data/data/bronze/raw/calendar/2026/02_red.html|/Users/datpro/Documents/gitdatpro/ff-transform-data/data/bronze/raw/calendar/2026/02_orange.html|/Users/datpro/Documents/gitdatpro/ff-transform-data/data/bronze/raw/calendar/2026/02_yellow.html,2026-09-03T06:47:30Z
Feb 24,9:00pm,USD,yellow,FOMC Member Bostic Speaks,N/A,N/A,N/A,/Users/datpro/Documents/gitdatpro/ff-transform-data/data/bronze/raw/calendar/2026/02_red.html|/Users/datpro/Documents/gitdatpro/ff-transform-data/data/bronze/raw/calendar/2026/02_orange.html|/Users/datpro/Documents/gitdatpro/ff-transform-data/data/bronze/raw/calendar/2026/02_yellow.html,2026-09-03T06:47:30Z
Feb 24,9:00pm,USD,yellow,FOMC Member Collins Speaks,N/A,N/A,N/A,/Users/datpro/Documents/gitdatpro/ff-transform-data/data/bronze/raw/calendar/2026/02_red.html|/Users/datpro/Documents/gitdatpro/ff-transform-data/data/bronze/raw/calendar/2026/02_orange.html|/Users/datpro/Documents/gitdatpro/ff-transform-data/data/bronze/raw/calendar/2026/02_yellow.html,2026-09-03T06:47:30Z
Feb 24,9:00pm,USD,yellow,HPI m/m,0.1%,0.3%,0.7%,/Users/datpro/Documents/gitdatpro/ff-transform-data/data/bronze/raw/calendar/2026/02_red.html|/Users/datpro/Documents/gitdatpro/ff-transform-data/data/bronze/raw/calendar/2026/02_orange.html|/Users/datpro/Documents/gitdatpro/ff-transform-data/data/bronze/raw/calendar/2026/02_yellow.html,2026-09-03T06:47:30Z
Feb 24,9:00pm,USD,yellow,S&P/CS Composite-20 HPI y/y,1.4%,1.3%,1.4%,/Users/datpro/Documents/gitdatpro/ff-transform-data/data/bronze/raw/calendar/2026/02_red.html|/Users/datpro/Documents/gitdatpro/ff-transform-data/data/bronze/raw/calendar/2026/02_orange.html|/Users/datpro/Documents/gitdatpro/ff-transform-data/data/bronze/raw/calendar/2026/02_yellow.html,2026-09-03T06:47:30Z
Feb 24,9:15pm,GBP,orange,Monetary Policy Report Hearings,N/A,N/A,N/A,/Users/datpro/Documents/gitdatpro/ff-transform-data/data/bronze/raw/calendar/2026/02_red.html|/Users/datpro/Documents/gitdatpro/ff-transform-data/data/bronze/raw/calendar/2026/02_orange.html|/Users/datpro/Documents/gitdatpro/ff-transform-data/data/bronze/raw/calendar/2026/02_yellow.html,2026-09-03T06:47:30Z
Feb 24,9:15pm,USD,yellow,FOMC Member Waller Speaks,N/A,N/A,N/A,/Users/datpro/Documents/gitdatpro/ff-transform-data/data/bronze/raw/calendar/2026/02_red.html|/Users/datpro/Documents/gitdatpro/ff-transform-data/data/bronze/raw/calendar/2026/02_orange.html|/Users/datpro/Documents/gitdatpro/ff-transform-data/data/bronze/raw/calendar/2026/02_yellow.html,2026-09-03T06:47:30Z
Feb 24,9:30pm,USD,yellow,FOMC Member Cook Speaks,N/A,N/A,N/A,/Users/datpro/Documents/gitdatpro/ff-transform-data/data/bronze/raw/calendar/2026/02_red.html|/Users/datpro/Documents/gitdatpro/ff-transform-data/data/bronze/raw/calendar/2026/02_orange.html|/Users/datpro/Documents/gitdatpro/ff-transform-data/data/bronze/raw/calendar/2026/02_yellow.html,2026-09-03T06:47:30Z
Feb 25,10:00pm,USD,yellow,FOMC Member Collins Speaks,N/A,N/A,N/A,/Users/datpro/Documents/gitdatpro/ff-transform-data/data/bronze/raw/calendar/2026/02_red.html|/Users/datpro/Documents/gitdatpro/ff-transform-data/data/bronze/raw/calendar/2026/02_orange.html|/Users/datpro/Documents/gitdatpro/ff-transform-data/data/bronze/raw/calendar/2026/02_yellow.html,2026-09-03T06:47:30Z
Feb 25,10:30pm,USD,yellow,Crude Oil Inventories,16.0M,1.8M,-9.0M,/Users/datpro/Documents/gitdatpro/ff-transform-data/data/bronze/raw/calendar/2026/02_red.html|/Users/datpro/Documents/gitdatpro/ff-transform-data/data/bronze/raw/calendar/2026/02_orange.html|/Users/datpro/Documents/gitdatpro/ff-transform-data/data/bronze/raw/calendar/2026/02_yellow.html,2026-09-03T06:47:30Z
Feb 25,11:00pm,USD,yellow,FOMC Member Schmid Speaks,N/A,N/A,N/A,/Users/datpro/Documents/gitdatpro/ff-transform-data/data/bronze/raw/calendar/2026/02_red.html|/Users/datpro/Documents/gitdatpro/ff-transform-data/data/bronze/raw/calendar/2026/02_orange.html|/Users/datpro/Documents/gitdatpro/ff-transform-data/data/bronze/raw/calendar/2026/02_yellow.html,2026-09-03T06:47:30Z
Feb 25,12:00pm,JPY,yellow,BOJ Core CPI y/y,1.7%,1.8%,1.9%,/Users/datpro/Documents/gitdatpro/ff-transform-data/data/bronze/raw/calendar/2026/02_red.html|/Users/datpro/Documents/gitdatpro/ff-transform-data/data/bronze/raw/calendar/2026/02_orange.html|/Users/datpro/Documents/gitdatpro/ff-transform-data/data/bronze/raw/calendar/2026/02_yellow.html,2026-09-03T06:47:30Z
Feb 25,2:00pm,EUR,yellow,German Final GDP q/q,0.3%,0.3%,0.3%,/Users/datpro/Documents/gitdatpro/ff-transform-data/data/bronze/raw/calendar/2026/02_red.html|/Users/datpro/Documents/gitdatpro/ff-transform-data/data/bronze/raw/calendar/2026/02_orange.html|/Users/datpro/Documents/gitdatpro/ff-transform-data/data/bronze/raw/calendar/2026/02_yellow.html,2026-09-03T06:47:30Z
Feb 25,2:00pm,EUR,yellow,German GfK Consumer Climate,-24.7,-23.0,-24.2,/Users/datpro/Documents/gitdatpro/ff-transform-data/data/bronze/raw/calendar/2026/02_red.html|/Users/datpro/Documents/gitdatpro/ff-transform-data/data/bronze/raw/calendar/2026/02_orange.html|/Users/datpro/Documents/gitdatpro/ff-transform-data/data/bronze/raw/calendar/2026/02_yellow.html,2026-09-03T06:47:30Z
Feb 25,3:40pm,AUD,orange,RBA Gov Bullock Speaks,N/A,N/A,N/A,/Users/datpro/Documents/gitdatpro/ff-transform-data/data/bronze/raw/calendar/2026/02_red.html|/Users/datpro/Documents/gitdatpro/ff-transform-data/data/bronze/raw/calendar/2026/02_orange.html|/Users/datpro/Documents/gitdatpro/ff-transform-data/data/bronze/raw/calendar/2026/02_yellow.html,2026-09-03T06:47:30Z
Feb 25,4:00pm,CHF,yellow,UBS Economic Expectations,9.8,N/A,-4.7,/Users/datpro/Documents/gitdatpro/ff-transform-data/data/bronze/raw/calendar/2026/02_red.html|/Users/datpro/Documents/gitdatpro/ff-transform-data/data/bronze/raw/calendar/2026/02_orange.html|/Users/datpro/Documents/gitdatpro/ff-transform-data/data/bronze/raw/calendar/2026/02_yellow.html,2026-09-03T06:47:30Z
Feb 25,4:30am,USD,yellow,API Weekly Statistical Bulletin,N/A,N/A,N/A,/Users/datpro/Documents/gitdatpro/ff-transform-data/data/bronze/raw/calendar/2026/02_red.html|/Users/datpro/Documents/gitdatpro/ff-transform-data/data/bronze/raw/calendar/2026/02_orange.html|/Users/datpro/Documents/gitdatpro/ff-transform-data/data/bronze/raw/calendar/2026/02_yellow.html,2026-09-03T06:47:30Z
Feb 25,5:00pm,EUR,yellow,Final CPI y/y,1.7%,1.7%,1.7%,/Users/datpro/Documents/gitdatpro/ff-transform-data/data/bronze/raw/calendar/2026/02_red.html|/Users/datpro/Documents/gitdatpro/ff-transform-data/data/bronze/raw/calendar/2026/02_orange.html|/Users/datpro/Documents/gitdatpro/ff-transform-data/data/bronze/raw/calendar/2026/02_yellow.html,2026-09-03T06:47:30Z
Feb 25,5:00pm,EUR,yellow,Final Core CPI y/y,2.2%,2.2%,2.2%,/Users/datpro/Documents/gitdatpro/ff-transform-data/data/bronze/raw/calendar/2026/02_red.html|/Users/datpro/Documents/gitdatpro/ff-transform-data/data/bronze/raw/calendar/2026/02_orange.html|/Users/datpro/Documents/gitdatpro/ff-transform-data/data/bronze/raw/calendar/2026/02_yellow.html,2026-09-03T06:47:30Z
Feb 25,6:50am,JPY,yellow,SPPI y/y,2.6%,2.6%,2.6%,/Users/datpro/Documents/gitdatpro/ff-transform-data/data/bronze/raw/calendar/2026/02_red.html|/Users/datpro/Documents/gitdatpro/ff-transform-data/data/bronze/raw/calendar/2026/02_orange.html|/Users/datpro/Documents/gitdatpro/ff-transform-data/data/bronze/raw/calendar/2026/02_yellow.html,2026-09-03T06:47:30Z
Feb 25,7:30am,AUD,yellow,Construction Work Done q/q,-0.1%,1.2%,0.1%,/Users/datpro/Documents/gitdatpro/ff-transform-data/data/bronze/raw/calendar/2026/02_red.html|/Users/datpro/Documents/gitdatpro/ff-transform-data/data/bronze/raw/calendar/2026/02_orange.html|/Users/datpro/Documents/gitdatpro/ff-transform-data/data/bronze/raw/calendar/2026/02_yellow.html,2026-09-03T06:47:30Z
Feb 25,8:30pm,CAD,yellow,Corporate Profits q/q,-1.6%,N/A,7.6%,/Users/datpro/Documents/gitdatpro/ff-transform-data/data/bronze/raw/calendar/2026/02_red.html|/Users/datpro/Documents/gitdatpro/ff-transform-data/data/bronze/raw/calendar/2026/02_orange.html|/Users/datpro/Documents/gitdatpro/ff-transform-data/data/bronze/raw/calendar/2026/02_yellow.html,2026-09-03T06:47:30Z
Feb 25,9:00am,USD,red,President Trump Speaks,N/A,N/A,N/A,/Users/datpro/Documents/gitdatpro/ff-transform-data/data/bronze/raw/calendar/2026/02_red.html|/Users/datpro/Documents/gitdatpro/ff-transform-data/data/bronze/raw/calendar/2026/02_orange.html|/Users/datpro/Documents/gitdatpro/ff-transform-data/data/bronze/raw/calendar/2026/02_yellow.html,2026-09-03T06:47:30Z
Feb 25,9:00pm,CNY,yellow,CB Leading Index m/m,-0.3%,N/A,0.0%,/Users/datpro/Documents/gitdatpro/ff-transform-data/data/bronze/raw/calendar/2026/02_red.html|/Users/datpro/Documents/gitdatpro/ff-transform-data/data/bronze/raw/calendar/2026/02_orange.html|/Users/datpro/Documents/gitdatpro/ff-transform-data/data/bronze/raw/calendar/2026/02_yellow.html,2026-09-03T06:47:30Z
Feb 25,9:30pm,USD,yellow,FOMC Member Barkin Speaks,N/A,N/A,N/A,/Users/datpro/Documents/gitdatpro/ff-transform-data/data/bronze/raw/calendar/2026/02_red.html|/Users/datpro/Documents/gitdatpro/ff-transform-data/data/bronze/raw/calendar/2026/02_orange.html|/Users/datpro/Documents/gitdatpro/ff-transform-data/data/bronze/raw/calendar/2026/02_yellow.html,2026-09-03T06:47:30Z
Feb 25,9:45pm,AUD,red,CPI y/y,3.8%,3.7%,3.8%,/Users/datpro/Documents/gitdatpro/ff-transform-data/data/bronze/raw/calendar/2026/02_red.html|/Users/datpro/Documents/gitdatpro/ff-transform-data/data/bronze/raw/calendar/2026/02_orange.html|/Users/datpro/Documents/gitdatpro/ff-transform-data/data/bronze/raw/calendar/2026/02_yellow.html,2026-09-03T06:47:30Z
Feb 25,9:45pm,AUD,red,Trimmed Mean CPI m/m,0.3%,0.4%,0.2%,/Users/datpro/Documents/gitdatpro/ff-transform-data/data/bronze/raw/calendar/2026/02_red.html|/Users/datpro/Documents/gitdatpro/ff-transform-data/data/bronze/raw/calendar/2026/02_orange.html|/Users/datpro/Documents/gitdatpro/ff-transform-data/data/bronze/raw/calendar/2026/02_yellow.html,2026-09-03T06:47:30Z
Feb 26,10:00pm,USD,yellow,FOMC Member Bowman Speaks,N/A,N/A,N/A,/Users/datpro/Documents/gitdatpro/ff-transform-data/data/bronze/raw/calendar/2026/02_red.html|/Users/datpro/Documents/gitdatpro/ff-transform-data/data/bronze/raw/calendar/2026/02_orange.html|/Users/datpro/Documents/gitdatpro/ff-transform-data/data/bronze/raw/calendar/2026/02_yellow.html,2026-09-03T06:47:30Z
Feb 26,10:30pm,USD,yellow,Natural Gas Storage,-52B,-36B,-144B,/Users/datpro/Documents/gitdatpro/ff-transform-data/data/bronze/raw/calendar/2026/02_red.html|/Users/datpro/Documents/gitdatpro/ff-transform-data/data/bronze/raw/calendar/2026/02_orange.html|/Users/datpro/Documents/gitdatpro/ff-transform-data/data/bronze/raw/calendar/2026/02_yellow.html,2026-09-03T06:47:30Z
Feb 26,4:00pm,EUR,yellow,M3 Money Supply y/y,3.3%,2.9%,2.8%,/Users/datpro/Documents/gitdatpro/ff-transform-data/data/bronze/raw/calendar/2026/02_red.html|/Users/datpro/Documents/gitdatpro/ff-transform-data/data/bronze/raw/calendar/2026/02_orange.html|/Users/datpro/Documents/gitdatpro/ff-transform-data/data/bronze/raw/calendar/2026/02_yellow.html,2026-09-03T06:47:30Z
Feb 26,4:00pm,EUR,yellow,Private Loans y/y,3.0%,3.1%,3.0%,/Users/datpro/Documents/gitdatpro/ff-transform-data/data/bronze/raw/calendar/2026/02_red.html|/Users/datpro/Documents/gitdatpro/ff-transform-data/data/bronze/raw/calendar/2026/02_orange.html|/Users/datpro/Documents/gitdatpro/ff-transform-data/data/bronze/raw/calendar/2026/02_yellow.html,2026-09-03T06:47:30Z
Feb 26,4:00pm,GBP,yellow,MPC Member Lombardelli Speaks,N/A,N/A,N/A,/Users/datpro/Documents/gitdatpro/ff-transform-data/data/bronze/raw/calendar/2026/02_red.html|/Users/datpro/Documents/gitdatpro/ff-transform-data/data/bronze/raw/calendar/2026/02_orange.html|/Users/datpro/Documents/gitdatpro/ff-transform-data/data/bronze/raw/calendar/2026/02_yellow.html,2026-09-03T06:47:30Z
Feb 26,5:06pm,EUR,yellow,Italian 10-y Bond Auction,3.31|1.5,N/A,3.44|1.6,/Users/datpro/Documents/gitdatpro/ff-transform-data/data/bronze/raw/calendar/2026/02_red.html|/Users/datpro/Documents/gitdatpro/ff-transform-data/data/bronze/raw/calendar/2026/02_orange.html|/Users/datpro/Documents/gitdatpro/ff-transform-data/data/bronze/raw/calendar/2026/02_yellow.html,2026-09-03T06:47:30Z
Feb 26,7:00am,NZD,yellow,ANZ Business Confidence,59.2,N/A,64.1,/Users/datpro/Documents/gitdatpro/ff-transform-data/data/bronze/raw/calendar/2026/02_red.html|/Users/datpro/Documents/gitdatpro/ff-transform-data/data/bronze/raw/calendar/2026/02_orange.html|/Users/datpro/Documents/gitdatpro/ff-transform-data/data/bronze/raw/calendar/2026/02_yellow.html,2026-09-03T06:47:30Z
Feb 26,7:30am,AUD,yellow,Private Capital Expenditure q/q,0.4%,-0.1%,6.4%,/Users/datpro/Documents/gitdatpro/ff-transform-data/data/bronze/raw/calendar/2026/02_red.html|/Users/datpro/Documents/gitdatpro/ff-transform-data/data/bronze/raw/calendar/2026/02_orange.html|/Users/datpro/Documents/gitdatpro/ff-transform-data/data/bronze/raw/calendar/2026/02_yellow.html,2026-09-03T06:47:30Z
Feb 26,7:30am,AUD,yellow,RBA Bulletin,N/A,N/A,N/A,/Users/datpro/Documents/gitdatpro/ff-transform-data/data/bronze/raw/calendar/2026/02_red.html|/Users/datpro/Documents/gitdatpro/ff-transform-data/data/bronze/raw/calendar/2026/02_orange.html|/Users/datpro/Documents/gitdatpro/ff-transform-data/data/bronze/raw/calendar/2026/02_yellow.html,2026-09-03T06:47:30Z
Feb 26,8:30pm,CAD,yellow,Current Account,-0.7B,-8.2B,-5.3B,/Users/datpro/Documents/gitdatpro/ff-transform-data/data/bronze/raw/calendar/2026/02_red.html|/Users/datpro/Documents/gitdatpro/ff-transform-data/data/bronze/raw/calendar/2026/02_orange.html|/Users/datpro/Documents/gitdatpro/ff-transform-data/data/bronze/raw/calendar/2026/02_yellow.html,2026-09-03T06:47:30Z
Feb 27,10:00pm,USD,yellow,Construction Spending m/m,0.3%,0.2%,-0.2%,/Users/datpro/Documents/gitdatpro/ff-transform-data/data/bronze/raw/calendar/2026/02_red.html|/Users/datpro/Documents/gitdatpro/ff-transform-data/data/bronze/raw/calendar/2026/02_orange.html|/Users/datpro/Documents/gitdatpro/ff-transform-data/data/bronze/raw/calendar/2026/02_yellow.html,2026-09-03T06:47:30Z
Feb 27,10:30pm,JPY,yellow,Retail Sales y/y,1.8%,0.1%,-0.9%,/Users/datpro/Documents/gitdatpro/ff-transform-data/data/bronze/raw/calendar/2026/02_red.html|/Users/datpro/Documents/gitdatpro/ff-transform-data/data/bronze/raw/calendar/2026/02_orange.html|/Users/datpro/Documents/gitdatpro/ff-transform-data/data/bronze/raw/calendar/2026/02_yellow.html,2026-09-03T06:47:30Z
Feb 27,12:00pm,JPY,yellow,Housing Starts y/y,-0.4%,-1.9%,-1.3%,/Users/datpro/Documents/gitdatpro/ff-transform-data/data/bronze/raw/calendar/2026/02_red.html|/Users/datpro/Documents/gitdatpro/ff-transform-data/data/bronze/raw/calendar/2026/02_orange.html|/Users/datpro/Documents/gitdatpro/ff-transform-data/data/bronze/raw/calendar/2026/02_yellow.html,2026-09-03T06:47:30Z
Feb 27,2:00pm,EUR,yellow,German Import Prices m/m,1.1%,0.6%,-0.1%,/Users/datpro/Documents/gitdatpro/ff-transform-data/data/bronze/raw/calendar/2026/02_red.html|/Users/datpro/Documents/gitdatpro/ff-transform-data/data/bronze/raw/calendar/2026/02_orange.html|/Users/datpro/Documents/gitdatpro/ff-transform-data/data/bronze/raw/calendar/2026/02_yellow.html,2026-09-03T06:47:30Z
Feb 27,2:45pm,EUR,yellow,French Consumer Spending m/m,0.5%,0.4%,-0.5%,/Users/datpro/Documents/gitdatpro/ff-transform-data/data/bronze/raw/calendar/2026/02_red.html|/Users/datpro/Documents/gitdatpro/ff-transform-data/data/bronze/raw/calendar/2026/02_orange.html|/Users/datpro/Documents/gitdatpro/ff-transform-data/data/bronze/raw/calendar/2026/02_yellow.html,2026-09-03T06:47:30Z
Feb 27,2:45pm,EUR,yellow,French Prelim CPI m/m,0.7%,0.5%,-0.3%,/Users/datpro/Documents/gitdatpro/ff-transform-data/data/bronze/raw/calendar/2026/02_red.html|/Users/datpro/Documents/gitdatpro/ff-transform-data/data/bronze/raw/calendar/2026/02_orange.html|/Users/datpro/Documents/gitdatpro/ff-transform-data/data/bronze/raw/calendar/2026/02_yellow.html,2026-09-03T06:47:30Z
Feb 27,2:45pm,EUR,yellow,French Prelim GDP q/q,0.2%,0.2%,0.2%,/Users/datpro/Documents/gitdatpro/ff-transform-data/data/bronze/raw/calendar/2026/02_red.html|/Users/datpro/Documents/gitdatpro/ff-transform-data/data/bronze/raw/calendar/2026/02_orange.html|/Users/datpro/Documents/gitdatpro/ff-transform-data/data/bronze/raw/calendar/2026/02_yellow.html,2026-09-03T06:47:30Z
Feb 27,2:48pm,EUR,yellow,French Final Private Payrolls q/q,-0.1%,-0.1%,-0.1%,/Users/datpro/Documents/gitdatpro/ff-transform-data/data/bronze/raw/calendar/2026/02_red.html|/Users/datpro/Documents/gitdatpro/ff-transform-data/data/bronze/raw/calendar/2026/02_orange.html|/Users/datpro/Documents/gitdatpro/ff-transform-data/data/bronze/raw/calendar/2026/02_yellow.html,2026-09-03T06:47:30Z
Feb 27,3:00pm,CHF,yellow,GDP q/q,0.1%,0.2%,-0.4%,/Users/datpro/Documents/gitdatpro/ff-transform-data/data/bronze/raw/calendar/2026/02_red.html|/Users/datpro/Documents/gitdatpro/ff-transform-data/data/bronze/raw/calendar/2026/02_orange.html|/Users/datpro/Documents/gitdatpro/ff-transform-data/data/bronze/raw/calendar/2026/02_yellow.html,2026-09-03T06:47:30Z
Feb 27,3:00pm,CHF,yellow,KOF Economic Barometer,104.2,103.0,103.3,/Users/datpro/Documents/gitdatpro/ff-transform-data/data/bronze/raw/calendar/2026/02_red.html|/Users/datpro/Documents/gitdatpro/ff-transform-data/data/bronze/raw/calendar/2026/02_orange.html|/Users/datpro/Documents/gitdatpro/ff-transform-data/data/bronze/raw/calendar/2026/02_yellow.html,2026-09-03T06:47:30Z
Feb 27,3:00pm,EUR,yellow,Spanish Flash CPI y/y,2.3%,2.2%,2.3%,/Users/datpro/Documents/gitdatpro/ff-transform-data/data/bronze/raw/calendar/2026/02_red.html|/Users/datpro/Documents/gitdatpro/ff-transform-data/data/bronze/raw/calendar/2026/02_orange.html|/Users/datpro/Documents/gitdatpro/ff-transform-data/data/bronze/raw/calendar/2026/02_yellow.html,2026-09-03T06:47:30Z
Feb 27,3:55pm,EUR,yellow,German Unemployment Change,1K,2K,1K,/Users/datpro/Documents/gitdatpro/ff-transform-data/data/bronze/raw/calendar/2026/02_red.html|/Users/datpro/Documents/gitdatpro/ff-transform-data/data/bronze/raw/calendar/2026/02_orange.html|/Users/datpro/Documents/gitdatpro/ff-transform-data/data/bronze/raw/calendar/2026/02_yellow.html,2026-09-03T06:47:30Z
Feb 27,7:01am,GBP,yellow,GfK Consumer Confidence,-19,-15,-16,/Users/datpro/Documents/gitdatpro/ff-transform-data/data/bronze/raw/calendar/2026/02_red.html|/Users/datpro/Documents/gitdatpro/ff-transform-data/data/bronze/raw/calendar/2026/02_orange.html|/Users/datpro/Documents/gitdatpro/ff-transform-data/data/bronze/raw/calendar/2026/02_yellow.html,2026-09-03T06:47:30Z
Feb 27,7:30am,AUD,yellow,Private Sector Credit m/m,0.5%,0.7%,0.8%,/Users/datpro/Documents/gitdatpro/ff-transform-data/data/bronze/raw/calendar/2026/02_red.html|/Users/datpro/Documents/gitdatpro/ff-transform-data/data/bronze/raw/calendar/2026/02_orange.html|/Users/datpro/Documents/gitdatpro/ff-transform-data/data/bronze/raw/calendar/2026/02_yellow.html,2026-09-03T06:47:30Z
Feb 27,8:00pm,GBP,yellow,MPC Member Pill Speaks,N/A,N/A,N/A,/Users/datpro/Documents/gitdatpro/ff-transform-data/data/bronze/raw/calendar/2026/02_red.html|/Users/datpro/Documents/gitdatpro/ff-transform-data/data/bronze/raw/calendar/2026/02_orange.html|/Users/datpro/Documents/gitdatpro/ff-transform-data/data/bronze/raw/calendar/2026/02_yellow.html,2026-09-03T06:47:30Z
Feb 27,9:00am,USD,red,Core PPI m/m,0.8%,0.3%,0.6%,/Users/datpro/Documents/gitdatpro/ff-transform-data/data/bronze/raw/calendar/2026/02_red.html|/Users/datpro/Documents/gitdatpro/ff-transform-data/data/bronze/raw/calendar/2026/02_orange.html|/Users/datpro/Documents/gitdatpro/ff-transform-data/data/bronze/raw/calendar/2026/02_yellow.html,2026-09-03T06:47:30Z
Feb 27,9:00am,USD,red,PPI m/m,0.5%,0.3%,0.4%,/Users/datpro/Documents/gitdatpro/ff-transform-data/data/bronze/raw/calendar/2026/02_red.html|/Users/datpro/Documents/gitdatpro/ff-transform-data/data/bronze/raw/calendar/2026/02_orange.html|/Users/datpro/Documents/gitdatpro/ff-transform-data/data/bronze/raw/calendar/2026/02_yellow.html,2026-09-03T06:47:30Z
Feb 27,9:45pm,USD,yellow,Chicago PMI,57.7,52.0,54.0,/Users/datpro/Documents/gitdatpro/ff-transform-data/data/bronze/raw/calendar/2026/02_red.html|/Users/datpro/Documents/gitdatpro/ff-transform-data/data/bronze/raw/calendar/2026/02_orange.html|/Users/datpro/Documents/gitdatpro/ff-transform-data/data/bronze/raw/calendar/2026/02_yellow.html,2026-09-03T06:47:30Z
Feb 27,All Day,EUR,orange,German Prelim CPI m/m,0.2%,0.5%,0.1%,/Users/datpro/Documents/gitdatpro/ff-transform-data/data/bronze/raw/calendar/2026/02_red.html|/Users/datpro/Documents/gitdatpro/ff-transform-data/data/bronze/raw/calendar/2026/02_orange.html|/Users/datpro/Documents/gitdatpro/ff-transform-data/data/bronze/raw/calendar/2026/02_yellow.html,2026-09-03T06:47:30Z
Feb 27,Nov Data,USD,yellow,Construction Spending m/m,-0.2%,N/A,-0.1%,/Users/datpro/Documents/gitdatpro/ff-transform-data/data/bronze/raw/calendar/2026/02_red.html|/Users/datpro/Documents/gitdatpro/ff-transform-data/data/bronze/raw/calendar/2026/02_orange.html|/Users/datpro/Documents/gitdatpro/ff-transform-data/data/bronze/raw/calendar/2026/02_yellow.html,2026-09-03T06:47:30Z
Feb 3,10:01pm,USD,yellow,RCM/TIPP Economic Optimism,48.8,47.9,47.2,/Users/datpro/Documents/gitdatpro/ff-transform-data/data/bronze/raw/calendar/2026/02_red.html|/Users/datpro/Documents/gitdatpro/ff-transform-data/data/bronze/raw/calendar/2026/02_orange.html|/Users/datpro/Documents/gitdatpro/ff-transform-data/data/bronze/raw/calendar/2026/02_yellow.html,2026-09-03T06:47:30Z
Feb 3,10:35am,JPY,yellow,10-y Bond Auction,2.25|3.0,N/A,2.10|3.3,/Users/datpro/Documents/gitdatpro/ff-transform-data/data/bronze/raw/calendar/2026/02_red.html|/Users/datpro/Documents/gitdatpro/ff-transform-data/data/bronze/raw/calendar/2026/02_orange.html|/Users/datpro/Documents/gitdatpro/ff-transform-data/data/bronze/raw/calendar/2026/02_yellow.html,2026-09-03T06:47:30Z
Feb 3,11:30am,AUD,red,RBA Press Conference,N/A,N/A,N/A,/Users/datpro/Documents/gitdatpro/ff-transform-data/data/bronze/raw/calendar/2026/02_red.html|/Users/datpro/Documents/gitdatpro/ff-transform-data/data/bronze/raw/calendar/2026/02_orange.html|/Users/datpro/Documents/gitdatpro/ff-transform-data/data/bronze/raw/calendar/2026/02_yellow.html,2026-09-03T06:47:30Z
Feb 3,2:00am,USD,yellow,Loan Officer Survey,N/A,N/A,N/A,/Users/datpro/Documents/gitdatpro/ff-transform-data/data/bronze/raw/calendar/2026/02_red.html|/Users/datpro/Documents/gitdatpro/ff-transform-data/data/bronze/raw/calendar/2026/02_orange.html|/Users/datpro/Documents/gitdatpro/ff-transform-data/data/bronze/raw/calendar/2026/02_yellow.html,2026-09-03T06:47:30Z
Feb 3,2:45pm,EUR,yellow,French Gov Budget Balance,-124.7B,N/A,-155.4B,/Users/datpro/Documents/gitdatpro/ff-transform-data/data/bronze/raw/calendar/2026/02_red.html|/Users/datpro/Documents/gitdatpro/ff-transform-data/data/bronze/raw/calendar/2026/02_orange.html|/Users/datpro/Documents/gitdatpro/ff-transform-data/data/bronze/raw/calendar/2026/02_yellow.html,2026-09-03T06:47:30Z
Feb 3,2:45pm,EUR,yellow,French Prelim CPI m/m,-0.3%,-0.1%,0.1%,/Users/datpro/Documents/gitdatpro/ff-transform-data/data/bronze/raw/calendar/2026/02_red.html|/Users/datpro/Documents/gitdatpro/ff-transform-data/data/bronze/raw/calendar/2026/02_orange.html|/Users/datpro/Documents/gitdatpro/ff-transform-data/data/bronze/raw/calendar/2026/02_yellow.html,2026-09-03T06:47:30Z
Feb 3,3:00pm,EUR,yellow,Spanish Unemployment Change,30.4K,13.4K,-16.3K,/Users/datpro/Documents/gitdatpro/ff-transform-data/data/bronze/raw/calendar/2026/02_red.html|/Users/datpro/Documents/gitdatpro/ff-transform-data/data/bronze/raw/calendar/2026/02_orange.html|/Users/datpro/Documents/gitdatpro/ff-transform-data/data/bronze/raw/calendar/2026/02_yellow.html,2026-09-03T06:47:30Z
Feb 3,4:45am,NZD,yellow,Building Consents m/m,-4.6%,N/A,2.7%,/Users/datpro/Documents/gitdatpro/ff-transform-data/data/bronze/raw/calendar/2026/02_red.html|/Users/datpro/Documents/gitdatpro/ff-transform-data/data/bronze/raw/calendar/2026/02_orange.html|/Users/datpro/Documents/gitdatpro/ff-transform-data/data/bronze/raw/calendar/2026/02_yellow.html,2026-09-03T06:47:30Z
Feb 3,5:02pm,GBP,yellow,10-y Bond Auction,4.59|3.6,N/A,4.46|3.3,/Users/datpro/Documents/gitdatpro/ff-transform-data/data/bronze/raw/calendar/2026/02_red.html|/Users/datpro/Documents/gitdatpro/ff-transform-data/data/bronze/raw/calendar/2026/02_orange.html|/Users/datpro/Documents/gitdatpro/ff-transform-data/data/bronze/raw/calendar/2026/02_yellow.html,2026-09-03T06:47:30Z
Feb 3,6:50am,JPY,yellow,Monetary Base y/y,-9.5%,-10.3%,-9.8%,/Users/datpro/Documents/gitdatpro/ff-transform-data/data/bronze/raw/calendar/2026/02_red.html|/Users/datpro/Documents/gitdatpro/ff-transform-data/data/bronze/raw/calendar/2026/02_orange.html|/Users/datpro/Documents/gitdatpro/ff-transform-data/data/bronze/raw/calendar/2026/02_yellow.html,2026-09-03T06:47:30Z
Feb 3,7:30am,AUD,yellow,Building Approvals m/m,-14.9%,-6.2%,13.1%,/Users/datpro/Documents/gitdatpro/ff-transform-data/data/bronze/raw/calendar/2026/02_red.html|/Users/datpro/Documents/gitdatpro/ff-transform-data/data/bronze/raw/calendar/2026/02_orange.html|/Users/datpro/Documents/gitdatpro/ff-transform-data/data/bronze/raw/calendar/2026/02_yellow.html,2026-09-03T06:47:30Z
Feb 3,8:00pm,USD,yellow,FOMC Member Barkin Speaks,N/A,N/A,N/A,/Users/datpro/Documents/gitdatpro/ff-transform-data/data/bronze/raw/calendar/2026/02_red.html|/Users/datpro/Documents/gitdatpro/ff-transform-data/data/bronze/raw/calendar/2026/02_orange.html|/Users/datpro/Documents/gitdatpro/ff-transform-data/data/bronze/raw/calendar/2026/02_yellow.html,2026-09-03T06:47:30Z
Feb 3,9:40pm,USD,yellow,FOMC Member Bowman Speaks,N/A,N/A,N/A,/Users/datpro/Documents/gitdatpro/ff-transform-data/data/bronze/raw/calendar/2026/02_red.html|/Users/datpro/Documents/gitdatpro/ff-transform-data/data/bronze/raw/calendar/2026/02_orange.html|/Users/datpro/Documents/gitdatpro/ff-transform-data/data/bronze/raw/calendar/2026/02_yellow.html,2026-09-03T06:47:30Z
Feb 3,All Day,USD,yellow,Omdia Total Vehicle Sales,14.9M,15.3M,16.0M,/Users/datpro/Documents/gitdatpro/ff-transform-data/data/bronze/raw/calendar/2026/02_red.html|/Users/datpro/Documents/gitdatpro/ff-transform-data/data/bronze/raw/calendar/2026/02_orange.html|/Users/datpro/Documents/gitdatpro/ff-transform-data/data/bronze/raw/calendar/2026/02_yellow.html,2026-09-03T06:47:30Z
Feb 3,N/A,AUD,red,RBA Monetary Policy Statement,N/A,N/A,N/A,/Users/datpro/Documents/gitdatpro/ff-transform-data/data/bronze/raw/calendar/2026/02_red.html|/Users/datpro/Documents/gitdatpro/ff-transform-data/data/bronze/raw/calendar/2026/02_orange.html|/Users/datpro/Documents/gitdatpro/ff-transform-data/data/bronze/raw/calendar/2026/02_yellow.html,2026-09-03T06:47:30Z
Feb 3,N/A,AUD,red,RBA Rate Statement,N/A,N/A,N/A,/Users/datpro/Documents/gitdatpro/ff-transform-data/data/bronze/raw/calendar/2026/02_red.html|/Users/datpro/Documents/gitdatpro/ff-transform-data/data/bronze/raw/calendar/2026/02_orange.html|/Users/datpro/Documents/gitdatpro/ff-transform-data/data/bronze/raw/calendar/2026/02_yellow.html,2026-09-03T06:47:30Z
Feb 4,10:00pm,USD,red,ISM Services PMI,53.8,53.5,54.4,/Users/datpro/Documents/gitdatpro/ff-transform-data/data/bronze/raw/calendar/2026/02_red.html|/Users/datpro/Documents/gitdatpro/ff-transform-data/data/bronze/raw/calendar/2026/02_orange.html|/Users/datpro/Documents/gitdatpro/ff-transform-data/data/bronze/raw/calendar/2026/02_yellow.html,2026-09-03T06:47:30Z
Feb 4,10:30pm,USD,yellow,Crude Oil Inventories,-3.5M,-2.0M,-2.3M,/Users/datpro/Documents/gitdatpro/ff-transform-data/data/bronze/raw/calendar/2026/02_red.html|/Users/datpro/Documents/gitdatpro/ff-transform-data/data/bronze/raw/calendar/2026/02_orange.html|/Users/datpro/Documents/gitdatpro/ff-transform-data/data/bronze/raw/calendar/2026/02_yellow.html,2026-09-03T06:47:30Z
Feb 4,11:30am,NZD,red,Unemployment Rate,5.4%,5.3%,5.3%,/Users/datpro/Documents/gitdatpro/ff-transform-data/data/bronze/raw/calendar/2026/02_red.html|/Users/datpro/Documents/gitdatpro/ff-transform-data/data/bronze/raw/calendar/2026/02_orange.html|/Users/datpro/Documents/gitdatpro/ff-transform-data/data/bronze/raw/calendar/2026/02_yellow.html,2026-09-03T06:47:30Z
Feb 4,12:10pm,AUD,yellow,RBA Assist Gov Jones Speaks,N/A,N/A,N/A,/Users/datpro/Documents/gitdatpro/ff-transform-data/data/bronze/raw/calendar/2026/02_red.html|/Users/datpro/Documents/gitdatpro/ff-transform-data/data/bronze/raw/calendar/2026/02_orange.html|/Users/datpro/Documents/gitdatpro/ff-transform-data/data/bronze/raw/calendar/2026/02_yellow.html,2026-09-03T06:47:30Z
Feb 4,3:15pm,EUR,yellow,Spanish Services PMI,53.5,56.6,57.1,/Users/datpro/Documents/gitdatpro/ff-transform-data/data/bronze/raw/calendar/2026/02_red.html|/Users/datpro/Documents/gitdatpro/ff-transform-data/data/bronze/raw/calendar/2026/02_orange.html|/Users/datpro/Documents/gitdatpro/ff-transform-data/data/bronze/raw/calendar/2026/02_yellow.html,2026-09-03T06:47:30Z
Feb 4,3:45pm,EUR,yellow,Italian Services PMI,52.9,51.3,51.5,/Users/datpro/Documents/gitdatpro/ff-transform-data/data/bronze/raw/calendar/2026/02_red.html|/Users/datpro/Documents/gitdatpro/ff-transform-data/data/bronze/raw/calendar/2026/02_orange.html|/Users/datpro/Documents/gitdatpro/ff-transform-data/data/bronze/raw/calendar/2026/02_yellow.html,2026-09-03T06:47:30Z
Feb 4,3:50pm,EUR,yellow,French Final Services PMI,48.4,47.9,47.9,/Users/datpro/Documents/gitdatpro/ff-transform-data/data/bronze/raw/calendar/2026/02_red.html|/Users/datpro/Documents/gitdatpro/ff-transform-data/data/bronze/raw/calendar/2026/02_orange.html|/Users/datpro/Documents/gitdatpro/ff-transform-data/data/bronze/raw/calendar/2026/02_yellow.html,2026-09-03T06:47:30Z
Feb 4,3:55pm,EUR,yellow,German Final Services PMI,52.4,53.3,53.3,/Users/datpro/Documents/gitdatpro/ff-transform-data/data/bronze/raw/calendar/2026/02_red.html|/Users/datpro/Documents/gitdatpro/ff-transform-data/data/bronze/raw/calendar/2026/02_orange.html|/Users/datpro/Documents/gitdatpro/ff-transform-data/data/bronze/raw/calendar/2026/02_yellow.html,2026-09-03T06:47:30Z
Feb 4,4:00pm,EUR,yellow,Final Services PMI,51.6,51.9,51.9,/Users/datpro/Documents/gitdatpro/ff-transform-data/data/bronze/raw/calendar/2026/02_red.html|/Users/datpro/Documents/gitdatpro/ff-transform-data/data/bronze/raw/calendar/2026/02_orange.html|/Users/datpro/Documents/gitdatpro/ff-transform-data/data/bronze/raw/calendar/2026/02_yellow.html,2026-09-03T06:47:30Z
Feb 4,4:30pm,GBP,yellow,Final Services PMI,54.0,54.2,54.3,/Users/datpro/Documents/gitdatpro/ff-transform-data/data/bronze/raw/calendar/2026/02_red.html|/Users/datpro/Documents/gitdatpro/ff-transform-data/data/bronze/raw/calendar/2026/02_orange.html|/Users/datpro/Documents/gitdatpro/ff-transform-data/data/bronze/raw/calendar/2026/02_yellow.html,2026-09-03T06:47:30Z
Feb 4,4:45am,NZD,yellow,Labor Cost Index q/q,0.4%,0.5%,0.5%,/Users/datpro/Documents/gitdatpro/ff-transform-data/data/bronze/raw/calendar/2026/02_red.html|/Users/datpro/Documents/gitdatpro/ff-transform-data/data/bronze/raw/calendar/2026/02_orange.html|/Users/datpro/Documents/gitdatpro/ff-transform-data/data/bronze/raw/calendar/2026/02_yellow.html,2026-09-03T06:47:30Z
Feb 4,5:00pm,EUR,yellow,Italian Prelim CPI m/m,0.4%,0.4%,0.2%,/Users/datpro/Documents/gitdatpro/ff-transform-data/data/bronze/raw/calendar/2026/02_red.html|/Users/datpro/Documents/gitdatpro/ff-transform-data/data/bronze/raw/calendar/2026/02_orange.html|/Users/datpro/Documents/gitdatpro/ff-transform-data/data/bronze/raw/calendar/2026/02_yellow.html,2026-09-03T06:47:30Z
Feb 4,5:00pm,EUR,yellow,PPI m/m,-0.3%,-0.3%,0.7%,/Users/datpro/Documents/gitdatpro/ff-transform-data/data/bronze/raw/calendar/2026/02_red.html|/Users/datpro/Documents/gitdatpro/ff-transform-data/data/bronze/raw/calendar/2026/02_orange.html|/Users/datpro/Documents/gitdatpro/ff-transform-data/data/bronze/raw/calendar/2026/02_yellow.html,2026-09-03T06:47:30Z
Feb 4,5:56am,NZD,yellow,GDT Price Index,6.7%,N/A,1.5%,/Users/datpro/Documents/gitdatpro/ff-transform-data/data/bronze/raw/calendar/2026/02_red.html|/Users/datpro/Documents/gitdatpro/ff-transform-data/data/bronze/raw/calendar/2026/02_orange.html|/Users/datpro/Documents/gitdatpro/ff-transform-data/data/bronze/raw/calendar/2026/02_yellow.html,2026-09-03T06:47:30Z
Feb 4,7:00am,NZD,yellow,ANZ Commodity Prices m/m,2.0%,N/A,-2.1%,/Users/datpro/Documents/gitdatpro/ff-transform-data/data/bronze/raw/calendar/2026/02_red.html|/Users/datpro/Documents/gitdatpro/ff-transform-data/data/bronze/raw/calendar/2026/02_orange.html|/Users/datpro/Documents/gitdatpro/ff-transform-data/data/bronze/raw/calendar/2026/02_yellow.html,2026-09-03T06:47:30Z
Feb 4,8:15pm,USD,red,ADP Non-Farm Employment Change,22K,46K,37K,/Users/datpro/Documents/gitdatpro/ff-transform-data/data/bronze/raw/calendar/2026/02_red.html|/Users/datpro/Documents/gitdatpro/ff-transform-data/data/bronze/raw/calendar/2026/02_orange.html|/Users/datpro/Documents/gitdatpro/ff-transform-data/data/bronze/raw/calendar/2026/02_yellow.html,2026-09-03T06:47:30Z
Feb 4,8:45am,CNY,yellow,RatingDog Services PMI,52.3,52.0,52.0,/Users/datpro/Documents/gitdatpro/ff-transform-data/data/bronze/raw/calendar/2026/02_red.html|/Users/datpro/Documents/gitdatpro/ff-transform-data/data/bronze/raw/calendar/2026/02_orange.html|/Users/datpro/Documents/gitdatpro/ff-transform-data/data/bronze/raw/calendar/2026/02_yellow.html,2026-09-03T06:47:30Z
Feb 4,9:45pm,USD,yellow,Final Services PMI,52.7,52.5,52.5,/Users/datpro/Documents/gitdatpro/ff-transform-data/data/bronze/raw/calendar/2026/02_red.html|/Users/datpro/Documents/gitdatpro/ff-transform-data/data/bronze/raw/calendar/2026/02_orange.html|/Users/datpro/Documents/gitdatpro/ff-transform-data/data/bronze/raw/calendar/2026/02_yellow.html,2026-09-03T06:47:30Z
Feb 4,N/A,EUR,orange,CPI Flash Estimate y/y,1.7%,1.7%,1.9%,/Users/datpro/Documents/gitdatpro/ff-transform-data/data/bronze/raw/calendar/2026/02_red.html|/Users/datpro/Documents/gitdatpro/ff-transform-data/data/bronze/raw/calendar/2026/02_orange.html|/Users/datpro/Documents/gitdatpro/ff-transform-data/data/bronze/raw/calendar/2026/02_yellow.html,2026-09-03T06:47:30Z
Feb 5,10:00pm,GBP,red,MPC Official Bank Rate Votes,0-4-5,0-2-7,0-5-4,/Users/datpro/Documents/gitdatpro/ff-transform-data/data/bronze/raw/calendar/2026/02_red.html|/Users/datpro/Documents/gitdatpro/ff-transform-data/data/bronze/raw/calendar/2026/02_orange.html|/Users/datpro/Documents/gitdatpro/ff-transform-data/data/bronze/raw/calendar/2026/02_yellow.html,2026-09-03T06:47:30Z
Feb 5,10:00pm,GBP,red,Monetary Policy Summary,N/A,N/A,N/A,/Users/datpro/Documents/gitdatpro/ff-transform-data/data/bronze/raw/calendar/2026/02_red.html|/Users/datpro/Documents/gitdatpro/ff-transform-data/data/bronze/raw/calendar/2026/02_orange.html|/Users/datpro/Documents/gitdatpro/ff-transform-data/data/bronze/raw/calendar/2026/02_yellow.html,2026-09-03T06:47:30Z
Feb 5,10:00pm,GBP,red,Official Bank Rate,3.75%,3.75%,3.75%,/Users/datpro/Documents/gitdatpro/ff-transform-data/data/bronze/raw/calendar/2026/02_red.html|/Users/datpro/Documents/gitdatpro/ff-transform-data/data/bronze/raw/calendar/2026/02_orange.html|/Users/datpro/Documents/gitdatpro/ff-transform-data/data/bronze/raw/calendar/2026/02_yellow.html,2026-09-03T06:47:30Z
Feb 5,10:00pm,USD,red,JOLTS Job Openings,6.54M,7.25M,6.93M,/Users/datpro/Documents/gitdatpro/ff-transform-data/data/bronze/raw/calendar/2026/02_red.html|/Users/datpro/Documents/gitdatpro/ff-transform-data/data/bronze/raw/calendar/2026/02_orange.html|/Users/datpro/Documents/gitdatpro/ff-transform-data/data/bronze/raw/calendar/2026/02_yellow.html,2026-09-03T06:47:30Z
Feb 5,10:30pm,USD,yellow,Natural Gas Storage,-360B,-379B,-242B,/Users/datpro/Documents/gitdatpro/ff-transform-data/data/bronze/raw/calendar/2026/02_red.html|/Users/datpro/Documents/gitdatpro/ff-transform-data/data/bronze/raw/calendar/2026/02_orange.html|/Users/datpro/Documents/gitdatpro/ff-transform-data/data/bronze/raw/calendar/2026/02_yellow.html,2026-09-03T06:47:30Z
Feb 5,10:35am,JPY,yellow,30-y Bond Auction,3.62|3.6,N/A,3.45|3.1,/Users/datpro/Documents/gitdatpro/ff-transform-data/data/bronze/raw/calendar/2026/02_red.html|/Users/datpro/Documents/gitdatpro/ff-transform-data/data/bronze/raw/calendar/2026/02_orange.html|/Users/datpro/Documents/gitdatpro/ff-transform-data/data/bronze/raw/calendar/2026/02_yellow.html,2026-09-03T06:47:30Z
Feb 5,10:50pm,USD,yellow,FOMC Member Bostic Speaks,N/A,N/A,N/A,/Users/datpro/Documents/gitdatpro/ff-transform-data/data/bronze/raw/calendar/2026/02_red.html|/Users/datpro/Documents/gitdatpro/ff-transform-data/data/bronze/raw/calendar/2026/02_orange.html|/Users/datpro/Documents/gitdatpro/ff-transform-data/data/bronze/raw/calendar/2026/02_yellow.html,2026-09-03T06:47:30Z
Feb 5,2:00pm,EUR,yellow,German Factory Orders m/m,7.8%,-1.8%,5.7%,/Users/datpro/Documents/gitdatpro/ff-transform-data/data/bronze/raw/calendar/2026/02_red.html|/Users/datpro/Documents/gitdatpro/ff-transform-data/data/bronze/raw/calendar/2026/02_orange.html|/Users/datpro/Documents/gitdatpro/ff-transform-data/data/bronze/raw/calendar/2026/02_yellow.html,2026-09-03T06:47:30Z
Feb 5,2:45pm,EUR,yellow,French Industrial Production m/m,-0.7%,0.2%,0.1%,/Users/datpro/Documents/gitdatpro/ff-transform-data/data/bronze/raw/calendar/2026/02_red.html|/Users/datpro/Documents/gitdatpro/ff-transform-data/data/bronze/raw/calendar/2026/02_orange.html|/Users/datpro/Documents/gitdatpro/ff-transform-data/data/bronze/raw/calendar/2026/02_yellow.html,2026-09-03T06:47:30Z
Feb 5,4:00pm,EUR,yellow,Italian Retail Sales m/m,-0.8%,-0.4%,0.5%,/Users/datpro/Documents/gitdatpro/ff-transform-data/data/bronze/raw/calendar/2026/02_red.html|/Users/datpro/Documents/gitdatpro/ff-transform-data/data/bronze/raw/calendar/2026/02_orange.html|/Users/datpro/Documents/gitdatpro/ff-transform-data/data/bronze/raw/calendar/2026/02_yellow.html,2026-09-03T06:47:30Z
Feb 5,4:30pm,GBP,yellow,Construction PMI,46.4,42.2,40.1,/Users/datpro/Documents/gitdatpro/ff-transform-data/data/bronze/raw/calendar/2026/02_red.html|/Users/datpro/Documents/gitdatpro/ff-transform-data/data/bronze/raw/calendar/2026/02_orange.html|/Users/datpro/Documents/gitdatpro/ff-transform-data/data/bronze/raw/calendar/2026/02_yellow.html,2026-09-03T06:47:30Z
Feb 5,4:43pm,EUR,yellow,Spanish 10-y Bond Auction,3.22|2.4,N/A,3.20|1.9,/Users/datpro/Documents/gitdatpro/ff-transform-data/data/bronze/raw/calendar/2026/02_red.html|/Users/datpro/Documents/gitdatpro/ff-transform-data/data/bronze/raw/calendar/2026/02_orange.html|/Users/datpro/Documents/gitdatpro/ff-transform-data/data/bronze/raw/calendar/2026/02_yellow.html,2026-09-03T06:47:30Z
Feb 5,5:00pm,EUR,yellow,Retail Sales m/m,-0.5%,-0.2%,0.1%,/Users/datpro/Documents/gitdatpro/ff-transform-data/data/bronze/raw/calendar/2026/02_red.html|/Users/datpro/Documents/gitdatpro/ff-transform-data/data/bronze/raw/calendar/2026/02_orange.html|/Users/datpro/Documents/gitdatpro/ff-transform-data/data/bronze/raw/calendar/2026/02_yellow.html,2026-09-03T06:47:30Z
Feb 5,5:01pm,EUR,yellow,French 10-y Bond Auction,3.45|2.4,N/A,3.53|2.0,/Users/datpro/Documents/gitdatpro/ff-transform-data/data/bronze/raw/calendar/2026/02_red.html|/Users/datpro/Documents/gitdatpro/ff-transform-data/data/bronze/raw/calendar/2026/02_orange.html|/Users/datpro/Documents/gitdatpro/ff-transform-data/data/bronze/raw/calendar/2026/02_yellow.html,2026-09-03T06:47:30Z
Feb 5,7:30am,AUD,yellow,Goods Trade Balance,3.37B,3.42B,2.60B,/Users/datpro/Documents/gitdatpro/ff-transform-data/data/bronze/raw/calendar/2026/02_red.html|/Users/datpro/Documents/gitdatpro/ff-transform-data/data/bronze/raw/calendar/2026/02_orange.html|/Users/datpro/Documents/gitdatpro/ff-transform-data/data/bronze/raw/calendar/2026/02_yellow.html,2026-09-03T06:47:30Z
Feb 5,7:30pm,GBP,red,BOE Gov Bailey Speaks,N/A,N/A,N/A,/Users/datpro/Documents/gitdatpro/ff-transform-data/data/bronze/raw/calendar/2026/02_red.html|/Users/datpro/Documents/gitdatpro/ff-transform-data/data/bronze/raw/calendar/2026/02_orange.html|/Users/datpro/Documents/gitdatpro/ff-transform-data/data/bronze/raw/calendar/2026/02_yellow.html,2026-09-03T06:47:30Z
Feb 5,7:30pm,USD,yellow,Challenger Job Cuts y/y,117.8%,N/A,-8.3%,/Users/datpro/Documents/gitdatpro/ff-transform-data/data/bronze/raw/calendar/2026/02_red.html|/Users/datpro/Documents/gitdatpro/ff-transform-data/data/bronze/raw/calendar/2026/02_orange.html|/Users/datpro/Documents/gitdatpro/ff-transform-data/data/bronze/raw/calendar/2026/02_yellow.html,2026-09-03T06:47:30Z
Feb 5,8:15pm,EUR,red,Main Refinancing Rate,2.15%,2.15%,2.15%,/Users/datpro/Documents/gitdatpro/ff-transform-data/data/bronze/raw/calendar/2026/02_red.html|/Users/datpro/Documents/gitdatpro/ff-transform-data/data/bronze/raw/calendar/2026/02_orange.html|/Users/datpro/Documents/gitdatpro/ff-transform-data/data/bronze/raw/calendar/2026/02_yellow.html,2026-09-03T06:47:30Z
Feb 5,8:15pm,EUR,red,Monetary Policy Statement,N/A,N/A,N/A,/Users/datpro/Documents/gitdatpro/ff-transform-data/data/bronze/raw/calendar/2026/02_red.html|/Users/datpro/Documents/gitdatpro/ff-transform-data/data/bronze/raw/calendar/2026/02_orange.html|/Users/datpro/Documents/gitdatpro/ff-transform-data/data/bronze/raw/calendar/2026/02_yellow.html,2026-09-03T06:47:30Z
Feb 5,8:30pm,USD,red,Unemployment Claims,231K,212K,209K,/Users/datpro/Documents/gitdatpro/ff-transform-data/data/bronze/raw/calendar/2026/02_red.html|/Users/datpro/Documents/gitdatpro/ff-transform-data/data/bronze/raw/calendar/2026/02_orange.html|/Users/datpro/Documents/gitdatpro/ff-transform-data/data/bronze/raw/calendar/2026/02_yellow.html,2026-09-03T06:47:30Z
Feb 5,8:45pm,EUR,red,ECB Press Conference,N/A,N/A,N/A,/Users/datpro/Documents/gitdatpro/ff-transform-data/data/bronze/raw/calendar/2026/02_red.html|/Users/datpro/Documents/gitdatpro/ff-transform-data/data/bronze/raw/calendar/2026/02_orange.html|/Users/datpro/Documents/gitdatpro/ff-transform-data/data/bronze/raw/calendar/2026/02_yellow.html,2026-09-03T06:47:30Z
Feb 6,10:00pm,CAD,orange,Ivey PMI,50.9,49.7,51.9,/Users/datpro/Documents/gitdatpro/ff-transform-data/data/bronze/raw/calendar/2026/02_red.html|/Users/datpro/Documents/gitdatpro/ff-transform-data/data/bronze/raw/calendar/2026/02_orange.html|/Users/datpro/Documents/gitdatpro/ff-transform-data/data/bronze/raw/calendar/2026/02_yellow.html,2026-09-03T06:47:30Z
Feb 6,10:00pm,USD,red,Prelim UoM Consumer Sentiment,57.3,55.0,56.4,/Users/datpro/Documents/gitdatpro/ff-transform-data/data/bronze/raw/calendar/2026/02_red.html|/Users/datpro/Documents/gitdatpro/ff-transform-data/data/bronze/raw/calendar/2026/02_orange.html|/Users/datpro/Documents/gitdatpro/ff-transform-data/data/bronze/raw/calendar/2026/02_yellow.html,2026-09-03T06:47:30Z
Feb 6,10:00pm,USD,red,Prelim UoM Inflation Expectations,3.5%,N/A,4.0%,/Users/datpro/Documents/gitdatpro/ff-transform-data/data/bronze/raw/calendar/2026/02_red.html|/Users/datpro/Documents/gitdatpro/ff-transform-data/data/bronze/raw/calendar/2026/02_orange.html|/Users/datpro/Documents/gitdatpro/ff-transform-data/data/bronze/raw/calendar/2026/02_yellow.html,2026-09-03T06:47:30Z
Feb 6,12:00pm,JPY,yellow,Leading Indicators,110.2%,109.8%,109.9%,/Users/datpro/Documents/gitdatpro/ff-transform-data/data/bronze/raw/calendar/2026/02_red.html|/Users/datpro/Documents/gitdatpro/ff-transform-data/data/bronze/raw/calendar/2026/02_orange.html|/Users/datpro/Documents/gitdatpro/ff-transform-data/data/bronze/raw/calendar/2026/02_yellow.html,2026-09-03T06:47:30Z
Feb 6,2:00pm,EUR,yellow,German Industrial Production m/m,-1.9%,-0.2%,0.2%,/Users/datpro/Documents/gitdatpro/ff-transform-data/data/bronze/raw/calendar/2026/02_red.html|/Users/datpro/Documents/gitdatpro/ff-transform-data/data/bronze/raw/calendar/2026/02_orange.html|/Users/datpro/Documents/gitdatpro/ff-transform-data/data/bronze/raw/calendar/2026/02_yellow.html,2026-09-03T06:47:30Z
Feb 6,2:00pm,EUR,yellow,German Trade Balance,17.1B,14.1B,13.6B,/Users/datpro/Documents/gitdatpro/ff-transform-data/data/bronze/raw/calendar/2026/02_red.html|/Users/datpro/Documents/gitdatpro/ff-transform-data/data/bronze/raw/calendar/2026/02_orange.html|/Users/datpro/Documents/gitdatpro/ff-transform-data/data/bronze/raw/calendar/2026/02_yellow.html,2026-09-03T06:47:30Z
Feb 6,2:00pm,GBP,yellow,Lloyds HPI m/m,0.7%,0.1%,-0.5%,/Users/datpro/Documents/gitdatpro/ff-transform-data/data/bronze/raw/calendar/2026/02_red.html|/Users/datpro/Documents/gitdatpro/ff-transform-data/data/bronze/raw/calendar/2026/02_orange.html|/Users/datpro/Documents/gitdatpro/ff-transform-data/data/bronze/raw/calendar/2026/02_yellow.html,2026-09-03T06:47:30Z
Feb 6,2:45pm,EUR,yellow,French Trade Balance,-4.8B,-3.8B,-4.0B,/Users/datpro/Documents/gitdatpro/ff-transform-data/data/bronze/raw/calendar/2026/02_red.html|/Users/datpro/Documents/gitdatpro/ff-transform-data/data/bronze/raw/calendar/2026/02_orange.html|/Users/datpro/Documents/gitdatpro/ff-transform-data/data/bronze/raw/calendar/2026/02_yellow.html,2026-09-03T06:47:30Z
Feb 6,3:00pm,CHF,yellow,Foreign Currency Reserves,712B,N/A,725B,/Users/datpro/Documents/gitdatpro/ff-transform-data/data/bronze/raw/calendar/2026/02_red.html|/Users/datpro/Documents/gitdatpro/ff-transform-data/data/bronze/raw/calendar/2026/02_orange.html|/Users/datpro/Documents/gitdatpro/ff-transform-data/data/bronze/raw/calendar/2026/02_yellow.html,2026-09-03T06:47:30Z
Feb 6,3:00pm,CHF,yellow,Unemployment Rate,2.9%,3.0%,3.0%,/Users/datpro/Documents/gitdatpro/ff-transform-data/data/bronze/raw/calendar/2026/02_red.html|/Users/datpro/Documents/gitdatpro/ff-transform-data/data/bronze/raw/calendar/2026/02_orange.html|/Users/datpro/Documents/gitdatpro/ff-transform-data/data/bronze/raw/calendar/2026/02_yellow.html,2026-09-03T06:47:30Z
Feb 6,5:30am,AUD,red,RBA Gov Bullock Speaks,N/A,N/A,N/A,/Users/datpro/Documents/gitdatpro/ff-transform-data/data/bronze/raw/calendar/2026/02_red.html|/Users/datpro/Documents/gitdatpro/ff-transform-data/data/bronze/raw/calendar/2026/02_orange.html|/Users/datpro/Documents/gitdatpro/ff-transform-data/data/bronze/raw/calendar/2026/02_yellow.html,2026-09-03T06:47:30Z
Feb 6,7:00pm,GBP,yellow,MPC Member Pill Speaks,N/A,N/A,N/A,/Users/datpro/Documents/gitdatpro/ff-transform-data/data/bronze/raw/calendar/2026/02_red.html|/Users/datpro/Documents/gitdatpro/ff-transform-data/data/bronze/raw/calendar/2026/02_orange.html|/Users/datpro/Documents/gitdatpro/ff-transform-data/data/bronze/raw/calendar/2026/02_yellow.html,2026-09-03T06:47:30Z
Feb 6,8:30pm,CAD,red,Employment Change,-24.8K,5.2K,8.2K,/Users/datpro/Documents/gitdatpro/ff-transform-data/data/bronze/raw/calendar/2026/02_red.html|/Users/datpro/Documents/gitdatpro/ff-transform-data/data/bronze/raw/calendar/2026/02_orange.html|/Users/datpro/Documents/gitdatpro/ff-transform-data/data/bronze/raw/calendar/2026/02_yellow.html,2026-09-03T06:47:30Z
Feb 6,8:30pm,CAD,red,Unemployment Rate,6.5%,6.8%,6.8%,/Users/datpro/Documents/gitdatpro/ff-transform-data/data/bronze/raw/calendar/2026/02_red.html|/Users/datpro/Documents/gitdatpro/ff-transform-data/data/bronze/raw/calendar/2026/02_orange.html|/Users/datpro/Documents/gitdatpro/ff-transform-data/data/bronze/raw/calendar/2026/02_yellow.html,2026-09-03T06:47:30Z
Feb 7,3:00am,USD,yellow,Consumer Credit m/m,24.0B,9.0B,4.7B,/Users/datpro/Documents/gitdatpro/ff-transform-data/data/bronze/raw/calendar/2026/02_red.html|/Users/datpro/Documents/gitdatpro/ff-transform-data/data/bronze/raw/calendar/2026/02_orange.html|/Users/datpro/Documents/gitdatpro/ff-transform-data/data/bronze/raw/calendar/2026/02_yellow.html,2026-09-03T06:47:30Z
Feb 9,11:00pm,EUR,yellow,German Buba President Nagel Speaks,N/A,N/A,N/A,/Users/datpro/Documents/gitdatpro/ff-transform-data/data/bronze/raw/calendar/2026/02_red.html|/Users/datpro/Documents/gitdatpro/ff-transform-data/data/bronze/raw/calendar/2026/02_orange.html|/Users/datpro/Documents/gitdatpro/ff-transform-data/data/bronze/raw/calendar/2026/02_yellow.html,2026-09-03T06:47:30Z
Feb 9,12:00pm,JPY,yellow,Economy Watchers Sentiment,47.6,49.1,48.6,/Users/datpro/Documents/gitdatpro/ff-transform-data/data/bronze/raw/calendar/2026/02_red.html|/Users/datpro/Documents/gitdatpro/ff-transform-data/data/bronze/raw/calendar/2026/02_orange.html|/Users/datpro/Documents/gitdatpro/ff-transform-data/data/bronze/raw/calendar/2026/02_yellow.html,2026-09-03T06:47:30Z
Feb 9,3:00pm,CHF,yellow,SECO Consumer Climate,-30,-30,-31,/Users/datpro/Documents/gitdatpro/ff-transform-data/data/bronze/raw/calendar/2026/02_red.html|/Users/datpro/Documents/gitdatpro/ff-transform-data/data/bronze/raw/calendar/2026/02_orange.html|/Users/datpro/Documents/gitdatpro/ff-transform-data/data/bronze/raw/calendar/2026/02_yellow.html,2026-09-03T06:47:30Z
Feb 9,4:30pm,EUR,yellow,Sentix Investor Confidence,4.2,-0.2,-1.8,/Users/datpro/Documents/gitdatpro/ff-transform-data/data/bronze/raw/calendar/2026/02_red.html|/Users/datpro/Documents/gitdatpro/ff-transform-data/data/bronze/raw/calendar/2026/02_orange.html|/Users/datpro/Documents/gitdatpro/ff-transform-data/data/bronze/raw/calendar/2026/02_yellow.html,2026-09-03T06:47:30Z
Feb 9,6:50am,JPY,yellow,Bank Lending y/y,4.5%,4.5%,4.3%,/Users/datpro/Documents/gitdatpro/ff-transform-data/data/bronze/raw/calendar/2026/02_red.html|/Users/datpro/Documents/gitdatpro/ff-transform-data/data/bronze/raw/calendar/2026/02_orange.html|/Users/datpro/Documents/gitdatpro/ff-transform-data/data/bronze/raw/calendar/2026/02_yellow.html,2026-09-03T06:47:30Z
Feb 9,6:50am,JPY,yellow,Current Account,2.70T,2.95T,3.14T,/Users/datpro/Documents/gitdatpro/ff-transform-data/data/bronze/raw/calendar/2026/02_red.html|/Users/datpro/Documents/gitdatpro/ff-transform-data/data/bronze/raw/calendar/2026/02_orange.html|/Users/datpro/Documents/gitdatpro/ff-transform-data/data/bronze/raw/calendar/2026/02_yellow.html,2026-09-03T06:47:30Z
Feb 9,7:30am,AUD,yellow,Household Spending m/m,-0.4%,0.2%,1.0%,/Users/datpro/Documents/gitdatpro/ff-transform-data/data/bronze/raw/calendar/2026/02_red.html|/Users/datpro/Documents/gitdatpro/ff-transform-data/data/bronze/raw/calendar/2026/02_orange.html|/Users/datpro/Documents/gitdatpro/ff-transform-data/data/bronze/raw/calendar/2026/02_yellow.html,2026-09-03T06:47:30Z
