fact_id,date_key,currency_key,impact_key,event_key,time_raw,event_datetime_utc,event_datetime_hcm,actual_txt,forecast_txt,previous_txt,source_timezone,updated_at
1,20260102,5,1,358,3:15pm,2026-01-02T08:15:00+00:00,2026-01-02T15:15:00+07:00,49.6,51.2,51.5,Asia/Novosibirsk,2026-09-03T07:55:33Z
2,20260102,5,1,216,3:45pm,2026-01-02T08:45:00+00:00,2026-01-02T15:45:00+07:00,47.9,50.0,50.6,Asia/Novosibirsk,2026-09-03T07:55:33Z
3,20260102,5,1,150,3:50pm,2026-01-02T08:50:00+00:00,2026-01-02T15:50:00+07:00,50.7,50.6,50.6,Asia/Novosibirsk,2026-09-03T07:55:33Z
4,20260102,5,1,173,3:55pm,2026-01-02T08:55:00+00:00,2026-01-02T15:55:00+07:00,47.0,47.7,47.7,Asia/Novosibirsk,2026-09-03T07:55:33Z
5,20260102,5,1,136,4:00pm,2026-01-02T09:00:00+00:00,2026-01-02T16:00:00+07:00,48.8,49.2,49.2,Asia/Novosibirsk,2026-09-03T07:55:33Z
6,20260102,5,1,234,4:00pm,2026-01-02T09:00:00+00:00,2026-01-02T16:00:00+07:00,3.0%,2.7%,2.8%,Asia/Novosibirsk,2026-09-03T07:55:33Z
7,20260102,5,1,308,4:00pm,2026-01-02T09:00:00+00:00,2026-01-02T16:00:00+07:00,2.9%,2.8%,2.8%,Asia/Novosibirsk,2026-09-03T07:55:33Z
8,20260102,6,1,136,4:30pm,2026-01-02T09:30:00+00:00,2026-01-02T16:30:00+07:00,50.6,51.2,51.2,Asia/Novosibirsk,2026-09-03T07:55:33Z
9,20260102,2,1,249,9:30pm,2026-01-02T14:30:00+00:00,2026-01-02T21:30:00+07:00,48.6,,48.4,Asia/Novosibirsk,2026-09-03T07:55:33Z
10,20260102,9,1,136,9:45pm,2026-01-02T14:45:00+00:00,2026-01-02T21:45:00+07:00,51.8,51.8,51.8,Asia/Novosibirsk,2026-09-03T07:55:33Z
11,20260105,3,1,334,2:30pm,2026-01-05T07:30:00+00:00,2026-01-05T14:30:00+07:00,2.3%,2.5%,2.2%,Asia/Novosibirsk,2026-09-03T07:55:33Z
12,20260105,5,1,360,3:00pm,2026-01-05T08:00:00+00:00,2026-01-05T15:00:00+07:00,-16.3K,5.7K,-18.8K,Asia/Novosibirsk,2026-09-03T07:55:33Z
13,20260105,3,1,249,3:30pm,2026-01-05T08:30:00+00:00,2026-01-05T15:30:00+07:00,45.8,49.7,49.7,Asia/Novosibirsk,2026-09-03T07:55:33Z
14,20260105,6,1,235,4:30pm,2026-01-05T09:30:00+00:00,2026-01-05T16:30:00+07:00,0.8%,-0.1%,-0.2%,Asia/Novosibirsk,2026-09-03T07:55:33Z
15,20260105,6,1,259,4:30pm,2026-01-05T09:30:00+00:00,2026-01-05T16:30:00+07:00,65K,64K,65K,Asia/Novosibirsk,2026-09-03T07:55:33Z
16,20260105,6,1,271,4:30pm,2026-01-05T09:30:00+00:00,2026-01-05T16:30:00+07:00,6.6B,5.2B,5.9B,Asia/Novosibirsk,2026-09-03T07:55:33Z
17,20260105,7,1,136,7:30am,2026-01-05T00:30:00+00:00,2026-01-05T07:30:00+07:00,50.0,49.8,49.7,Asia/Novosibirsk,2026-09-03T07:55:33Z
18,20260105,4,1,331,8:45am,2026-01-05T01:45:00+00:00,2026-01-05T08:45:00+07:00,52.0,52.0,52.1,Asia/Novosibirsk,2026-09-03T07:55:33Z
19,20260105,9,1,279,All Day,,,16.0M,15.7M,15.6M,Asia/Novosibirsk,2026-09-03T07:55:33Z
20,20260106,7,1,2,10:35am,2026-01-06T03:35:00+00:00,2026-01-06T10:35:00+07:00,2.10|3.3,,1.87|3.6,Asia/Novosibirsk,2026-09-03T07:55:33Z
21,20260106,8,1,165,10:54pm,2026-01-06T15:54:00+00:00,2026-01-06T22:54:00+07:00,6.3%,,-4.4%,Asia/Novosibirsk,2026-09-03T07:55:33Z
22,20260106,5,1,158,2:45pm,2026-01-06T07:45:00+00:00,2026-01-06T14:45:00+07:00,0.1%,0.2%,-0.2%,Asia/Novosibirsk,2026-09-03T07:55:33Z
23,20260106,5,1,359,3:15pm,2026-01-06T08:15:00+00:00,2026-01-06T15:15:00+07:00,57.1,54.8,55.6,Asia/Novosibirsk,2026-09-03T07:55:33Z
24,20260106,5,1,222,3:45pm,2026-01-06T08:45:00+00:00,2026-01-06T15:45:00+07:00,51.5,54.2,55.0,Asia/Novosibirsk,2026-09-03T07:55:33Z
25,20260106,5,1,152,3:50pm,2026-01-06T08:50:00+00:00,2026-01-06T15:50:00+07:00,50.1,50.3,50.2,Asia/Novosibirsk,2026-09-03T07:55:33Z
26,20260106,5,1,174,3:55pm,2026-01-06T08:55:00+00:00,2026-01-06T15:55:00+07:00,52.7,52.6,52.6,Asia/Novosibirsk,2026-09-03T07:55:33Z
27,20260106,5,1,137,4:00pm,2026-01-06T09:00:00+00:00,2026-01-06T16:00:00+07:00,52.4,52.6,52.6,Asia/Novosibirsk,2026-09-03T07:55:33Z
28,20260106,6,1,137,4:30pm,2026-01-06T09:30:00+00:00,2026-01-06T16:30:00+07:00,51.4,52.1,52.1,Asia/Novosibirsk,2026-09-03T07:55:33Z
29,20260106,6,1,36,7:01am,2026-01-06T00:01:00+00:00,2026-01-06T07:01:00+07:00,0.7%,0.6%,0.6%,Asia/Novosibirsk,2026-09-03T07:55:33Z
30,20260106,9,1,102,8:00pm,2026-01-06T13:00:00+00:00,2026-01-06T20:00:00+07:00,,,,Asia/Novosibirsk,2026-09-03T07:55:33Z
31,20260106,9,1,137,9:45pm,2026-01-06T14:45:00+00:00,2026-01-06T21:45:00+07:00,52.5,52.9,52.9,Asia/Novosibirsk,2026-09-03T07:55:33Z
32,20260107,1,3,55,,,,3.4%,3.6%,3.8%,Asia/Novosibirsk,2026-09-03T07:55:33Z
33,20260107,1,3,371,,,,0.3%,0.2%,0.3%,Asia/Novosibirsk,2026-09-03T07:55:33Z
34,20260107,2,2,224,10:00pm,2026-01-07T15:00:00+00:00,2026-01-07T22:00:00+07:00,51.9,49.5,48.4,Asia/Novosibirsk,2026-09-03T07:55:33Z
35,20260107,9,1,125,10:00pm,2026-01-07T15:00:00+00:00,2026-01-07T22:00:00+07:00,-1.3%,-1.1%,0.2%,Asia/Novosibirsk,2026-09-03T07:55:33Z
36,20260107,9,3,207,10:00pm,2026-01-07T15:00:00+00:00,2026-01-07T22:00:00+07:00,54.4,52.2,52.6,Asia/Novosibirsk,2026-09-03T07:55:33Z
37,20260107,9,3,225,10:00pm,2026-01-07T15:00:00+00:00,2026-01-07T22:00:00+07:00,7.15M,7.61M,7.45M,Asia/Novosibirsk,2026-09-03T07:55:33Z
38,20260107,9,1,83,10:30pm,2026-01-07T15:30:00+00:00,2026-01-07T22:30:00+07:00,-3.8M,-1.2M,-1.9M,Asia/Novosibirsk,2026-09-03T07:55:33Z
39,20260107,5,1,183,2:00pm,2026-01-07T07:00:00+00:00,2026-01-07T14:00:00+07:00,-0.6%,0.2%,0.3%,Asia/Novosibirsk,2026-09-03T07:55:33Z
40,20260107,5,1,185,3:55pm,2026-01-07T08:55:00+00:00,2026-01-07T15:55:00+07:00,3K,5K,1K,Asia/Novosibirsk,2026-09-03T07:55:33Z
41,20260107,6,1,67,4:30pm,2026-01-07T09:30:00+00:00,2026-01-07T16:30:00+07:00,40.1,42.4,39.4,Asia/Novosibirsk,2026-09-03T07:55:33Z
42,20260107,6,1,201,4:30pm,2026-01-07T09:30:00+00:00,2026-01-07T16:30:00+07:00,-10.9B,-8.7B,-17.9B,Asia/Novosibirsk,2026-09-03T07:55:33Z
43,20260107,5,2,53,5:00pm,2026-01-07T10:00:00+00:00,2026-01-07T17:00:00+07:00,2.0%,2.0%,2.1%,Asia/Novosibirsk,2026-09-03T07:55:33Z
44,20260107,5,2,73,5:00pm,2026-01-07T10:00:00+00:00,2026-01-07T17:00:00+07:00,2.3%,2.4%,2.4%,Asia/Novosibirsk,2026-09-03T07:55:33Z
45,20260107,5,1,218,5:00pm,2026-01-07T10:00:00+00:00,2026-01-07T17:00:00+07:00,0.2%,0.2%,-0.2%,Asia/Novosibirsk,2026-09-03T07:55:33Z
46,20260107,5,1,166,5:34pm,2026-01-07T10:34:00+00:00,2026-01-07T17:34:00+07:00,2.83|1.3,,2.67|2.0,Asia/Novosibirsk,2026-09-03T07:55:33Z
47,20260107,1,1,42,7:30am,2026-01-07T00:30:00+00:00,2026-01-07T07:30:00+07:00,15.2%,1.9%,-6.1%,Asia/Novosibirsk,2026-09-03T07:55:33Z
48,20260107,9,3,5,8:15pm,2026-01-07T13:15:00+00:00,2026-01-07T20:15:00+07:00,41K,49K,-29K,Asia/Novosibirsk,2026-09-03T07:55:33Z
49,20260108,9,1,138,10:00pm,2026-01-08T15:00:00+00:00,2026-01-08T22:00:00+07:00,0.2%,0.2%,0.5%,Asia/Novosibirsk,2026-09-03T07:55:33Z
50,20260108,9,1,270,10:30pm,2026-01-08T15:30:00+00:00,2026-01-08T22:30:00+07:00,-119B,-109B,-38B,Asia/Novosibirsk,2026-09-03T07:55:33Z
51,20260108,7,1,3,10:35am,2026-01-08T03:35:00+00:00,2026-01-08T10:35:00+07:00,3.45|3.1,,3.43|4.0,Asia/Novosibirsk,2026-09-03T07:55:33Z
52,20260108,7,1,70,12:00pm,2026-01-08T05:00:00+00:00,2026-01-08T12:00:00+07:00,37.2,37.8,37.5,Asia/Novosibirsk,2026-09-03T07:55:33Z
53,20260108,5,1,170,2:00pm,2026-01-08T07:00:00+00:00,2026-01-08T14:00:00+07:00,5.6%,-0.9%,1.6%,Asia/Novosibirsk,2026-09-03T07:55:33Z
54,20260108,6,1,230,2:02pm,2026-01-08T07:02:00+00:00,2026-01-08T14:02:00+07:00,-0.6%,0.1%,-0.1%,Asia/Novosibirsk,2026-09-03T07:55:33Z
55,20260108,5,1,161,2:45pm,2026-01-08T07:45:00+00:00,2026-01-08T14:45:00+07:00,-4.2B,-4.3B,-3.5B,Asia/Novosibirsk,2026-09-03T07:55:33Z
56,20260108,3,1,362,3:30pm,2026-01-08T08:30:00+00:00,2026-01-08T15:30:00+07:00,,,,Asia/Novosibirsk,2026-09-03T07:55:33Z
57,20260108,5,1,217,4:00pm,2026-01-08T09:00:00+00:00,2026-01-08T16:00:00+07:00,5.7%,6.0%,5.8%,Asia/Novosibirsk,2026-09-03T07:55:33Z
58,20260108,5,1,147,4:59pm,2026-01-08T09:59:00+00:00,2026-01-08T16:59:00+07:00,3.53|2.0,,3.38|2.3,Asia/Novosibirsk,2026-09-03T07:55:33Z
59,20260108,5,1,286,5:00pm,2026-01-08T10:00:00+00:00,2026-01-08T17:00:00+07:00,0.5%,0.4%,0.1%,Asia/Novosibirsk,2026-09-03T07:55:33Z
60,20260108,5,1,375,5:00pm,2026-01-08T10:00:00+00:00,2026-01-08T17:00:00+07:00,6.3%,6.4%,6.4%,Asia/Novosibirsk,2026-09-03T07:55:33Z
61,20260108,9,1,59,5:30pm,2026-01-08T10:30:00+00:00,2026-01-08T17:30:00+07:00,-8.3%,,23.5%,Asia/Novosibirsk,2026-09-03T07:55:33Z
62,20260108,7,1,14,6:30am,2026-01-07T23:30:00+00:00,2026-01-08T06:30:00+07:00,0.5%,2.3%,2.5%,Asia/Novosibirsk,2026-09-03T07:55:33Z
63,20260108,1,1,190,7:30am,2026-01-08T00:30:00+00:00,2026-01-08T07:30:00+07:00,2.94B,5.14B,4.35B,Asia/Novosibirsk,2026-09-03T07:55:33Z
64,20260108,9,1,114,8:00pm,2026-01-08T13:00:00+00:00,2026-01-08T20:00:00+07:00,,,,Asia/Novosibirsk,2026-09-03T07:55:33Z
65,20260108,2,1,368,8:30pm,2026-01-08T13:30:00+00:00,2026-01-08T20:30:00+07:00,-0.6B,-1.4B,0.2B,Asia/Novosibirsk,2026-09-03T07:55:33Z
66,20260108,9,1,190,8:30pm,2026-01-08T13:30:00+00:00,2026-01-08T20:30:00+07:00,-59.1B,,-78.3B,Asia/Novosibirsk,2026-09-03T07:55:33Z
67,20260108,9,1,301,8:30pm,2026-01-08T13:30:00+00:00,2026-01-08T20:30:00+07:00,4.9%,4.9%,3.3%,Asia/Novosibirsk,2026-09-03T07:55:33Z
68,20260108,9,1,302,8:30pm,2026-01-08T13:30:00+00:00,2026-01-08T20:30:00+07:00,-1.9%,0.0%,1.0%,Asia/Novosibirsk,2026-09-03T07:55:33Z
69,20260108,9,1,368,8:30pm,2026-01-08T13:30:00+00:00,2026-01-08T20:30:00+07:00,-29.4B,-58.1B,-48.1B,Asia/Novosibirsk,2026-09-03T07:55:33Z
70,20260108,9,3,374,8:30pm,2026-01-08T13:30:00+00:00,2026-01-08T20:30:00+07:00,208K,213K,200K,Asia/Novosibirsk,2026-09-03T07:55:33Z
71,20260109,4,2,288,10:00pm,2026-01-09T15:00:00+00:00,2026-01-09T22:00:00+07:00,-1.9%,-2.0%,-2.2%,Asia/Novosibirsk,2026-09-03T07:55:33Z
72,20260109,9,1,112,10:00pm,2026-01-09T15:00:00+00:00,2026-01-09T22:00:00+07:00,,,,Asia/Novosibirsk,2026-09-03T07:55:33Z
73,20260109,9,3,303,10:00pm,2026-01-09T15:00:00+00:00,2026-01-09T22:00:00+07:00,54.0,53.5,52.9,Asia/Novosibirsk,2026-09-03T07:55:33Z
74,20260109,9,3,304,10:00pm,2026-01-09T15:00:00+00:00,2026-01-09T22:00:00+07:00,4.2%,,4.2%,Asia/Novosibirsk,2026-09-03T07:55:33Z
75,20260109,7,1,229,12:00pm,2026-01-09T05:00:00+00:00,2026-01-09T12:00:00+07:00,110.5%,110.4%,109.8%,Asia/Novosibirsk,2026-09-03T07:55:33Z
76,20260109,5,1,179,2:00pm,2026-01-09T07:00:00+00:00,2026-01-09T14:00:00+07:00,0.8%,-0.6%,2.0%,Asia/Novosibirsk,2026-09-03T07:55:33Z
77,20260109,5,1,184,2:00pm,2026-01-09T07:00:00+00:00,2026-01-09T14:00:00+07:00,13.1B,16.3B,17.2B,Asia/Novosibirsk,2026-09-03T07:55:33Z
78,20260109,5,1,148,2:45pm,2026-01-09T07:45:00+00:00,2026-01-09T14:45:00+07:00,-0.3%,-0.1%,0.5%,Asia/Novosibirsk,2026-09-03T07:55:33Z
79,20260109,5,1,157,2:45pm,2026-01-09T07:45:00+00:00,2026-01-09T14:45:00+07:00,-0.1%,-0.2%,0.2%,Asia/Novosibirsk,2026-09-03T07:55:33Z
80,20260109,3,1,144,3:00pm,2026-01-09T08:00:00+00:00,2026-01-09T15:00:00+07:00,725B,,727B,Asia/Novosibirsk,2026-09-03T07:55:33Z
81,20260109,3,1,375,3:00pm,2026-01-09T08:00:00+00:00,2026-01-09T15:00:00+07:00,3.0%,3.0%,3.0%,Asia/Novosibirsk,2026-09-03T07:55:33Z
82,20260109,5,1,221,4:00pm,2026-01-09T09:00:00+00:00,2026-01-09T16:00:00+07:00,0.5%,0.3%,0.5%,Asia/Novosibirsk,2026-09-03T07:55:33Z
83,20260109,5,1,332,5:00pm,2026-01-09T10:00:00+00:00,2026-01-09T17:00:00+07:00,0.2%,0.1%,0.0%,Asia/Novosibirsk,2026-09-03T07:55:33Z
84,20260109,7,1,200,6:30am,2026-01-08T23:30:00+00:00,2026-01-09T06:30:00+07:00,2.9%,-1.0%,-3.0%,Asia/Novosibirsk,2026-09-03T07:55:33Z
85,20260109,2,3,375,8:30pm,2026-01-09T13:30:00+00:00,2026-01-09T20:30:00+07:00,6.8%,6.7%,6.5%,Asia/Novosibirsk,2026-09-03T07:55:33Z
86,20260109,9,3,16,8:30pm,2026-01-09T13:30:00+00:00,2026-01-09T20:30:00+07:00,0.3%,0.3%,0.1%,Asia/Novosibirsk,2026-09-03T07:55:33Z
87,20260109,9,1,44,8:30pm,2026-01-09T13:30:00+00:00,2026-01-09T20:30:00+07:00,1.41M,1.35M,1.42M,Asia/Novosibirsk,2026-09-03T07:55:33Z
88,20260109,9,1,202,8:30pm,2026-01-09T13:30:00+00:00,2026-01-09T20:30:00+07:00,1.25M,1.33M,1.31M,Asia/Novosibirsk,2026-09-03T07:55:33Z
89,20260109,9,3,275,8:30pm,2026-01-09T13:30:00+00:00,2026-01-09T20:30:00+07:00,50K,66K,56K,Asia/Novosibirsk,2026-09-03T07:55:33Z
90,20260109,9,3,375,8:30pm,2026-01-09T13:30:00+00:00,2026-01-09T20:30:00+07:00,4.4%,4.5%,4.6%,Asia/Novosibirsk,2026-09-03T07:55:33Z
91,20260109,9,1,44,Sep Data,,,1.42M,1.33M,1.31M,Asia/Novosibirsk,2026-09-03T07:55:33Z
92,20260109,9,1,202,Sep Data,,,1.31M,1.29M,1.31M,Asia/Novosibirsk,2026-09-03T07:55:33Z
93,20260112,1,1,199,10:00pm,2026-01-12T15:00:00+00:00,2026-01-12T22:00:00+07:00,1.0%,0.6%,1.4%,Asia/Novosibirsk,2026-09-03T07:55:33Z
94,20260112,3,1,345,3:00pm,2026-01-12T08:00:00+00:00,2026-01-12T15:00:00+07:00,-31,-33,-34,Asia/Novosibirsk,2026-09-03T07:55:33Z
95,20260112,5,1,354,4:30pm,2026-01-12T09:30:00+00:00,2026-01-12T16:30:00+07:00,-1.8,-5.1,-6.2,Asia/Novosibirsk,2026-09-03T07:55:33Z
96,20260113,9,3,54,10:00pm,2026-01-13T15:00:00+00:00,2026-01-13T22:00:00+07:00,0.3%,0.3%,0.3%,Asia/Novosibirsk,2026-09-03T07:55:33Z
97,20260113,9,3,55,10:00pm,2026-01-13T15:00:00+00:00,2026-01-13T22:00:00+07:00,2.7%,2.7%,2.7%,Asia/Novosibirsk,2026-09-03T07:55:33Z
98,20260113,9,3,75,10:00pm,2026-01-13T15:00:00+00:00,2026-01-13T22:00:00+07:00,2.6%,2.7%,2.6%,Asia/Novosibirsk,2026-09-03T07:55:33Z
99,20260113,9,1,115,10:00pm,2026-01-13T15:00:00+00:00,2026-01-13T22:00:00+07:00,,,,Asia/Novosibirsk,2026-09-03T07:55:33Z
100,20260113,9,2,273,10:00pm,2026-01-13T15:00:00+00:00,2026-01-13T22:00:00+07:00,737K,716K,738K,Asia/Novosibirsk,2026-09-03T07:55:33Z
101,20260113,9,1,326,10:03pm,2026-01-13T15:03:00+00:00,2026-01-13T22:03:00+07:00,47.2,48.2,47.9,Asia/Novosibirsk,2026-09-03T07:55:33Z
102,20260113,7,1,93,12:00pm,2026-01-13T05:00:00+00:00,2026-01-13T12:00:00+07:00,48.6,48.7,48.7,Asia/Novosibirsk,2026-09-03T07:55:33Z
103,20260113,9,1,2,1:01am,2026-01-12T18:01:00+00:00,2026-01-13T01:01:00+07:00,4.17|2.6,,4.18|2.6,Asia/Novosibirsk,2026-09-03T07:55:33Z
104,20260113,5,1,156,3:36pm,2026-01-13T08:36:00+00:00,2026-01-13T15:36:00+07:00,-155.4B,,-136.2B,Asia/Novosibirsk,2026-09-03T07:55:33Z
105,20260113,8,1,267,4:00am,2026-01-12T21:00:00+00:00,2026-01-13T04:00:00+07:00,48,,18,Asia/Novosibirsk,2026-09-03T07:55:33Z
106,20260113,1,1,377,5:50am,2026-01-12T22:50:00+00:00,2026-01-13T05:50:00+07:00,-1.7%,,-9.0%,Asia/Novosibirsk,2026-09-03T07:55:33Z
107,20260113,9,1,119,6:00am,2026-01-12T23:00:00+00:00,2026-01-13T06:00:00+07:00,,,,Asia/Novosibirsk,2026-09-03T07:55:33Z
108,20260113,9,1,265,6:00pm,2026-01-13T11:00:00+00:00,2026-01-13T18:00:00+07:00,99.5,99.5,99.0,Asia/Novosibirsk,2026-09-03T07:55:33Z
109,20260113,7,1,38,6:50am,2026-01-12T23:50:00+00:00,2026-01-13T06:50:00+07:00,4.4%,4.1%,4.1%,Asia/Novosibirsk,2026-09-03T07:55:33Z
110,20260113,7,1,84,6:50am,2026-01-12T23:50:00+00:00,2026-01-13T06:50:00+07:00,3.14T,3.04T,2.48T,Asia/Novosibirsk,2026-09-03T07:55:33Z
111,20260113,6,1,35,7:01am,2026-01-13T00:01:00+00:00,2026-01-13T07:01:00+07:00,1.0%,1.3%,1.2%,Asia/Novosibirsk,2026-09-03T07:55:33Z
112,20260113,9,2,6,8:15pm,2026-01-13T13:15:00+00:00,2026-01-13T20:15:00+07:00,11.8K,,11.0K,Asia/Novosibirsk,2026-09-03T07:55:33Z
113,20260113,2,1,45,8:30pm,2026-01-13T13:30:00+00:00,2026-01-13T20:30:00+07:00,-13.1%,-5.6%,15.7%,Asia/Novosibirsk,2026-09-03T07:55:33Z
114,20260113,9,1,273,Sep Data,,,738K,,711K,Asia/Novosibirsk,2026-09-03T07:55:33Z
115,20260114,9,1,46,10:00pm,2026-01-14T15:00:00+00:00,2026-01-14T22:00:00+07:00,0.3%,0.1%,0.3%,Asia/Novosibirsk,2026-09-03T07:55:33Z
116,20260114,9,3,80,10:00pm,2026-01-14T15:00:00+00:00,2026-01-14T22:00:00+07:00,0.5%,0.4%,0.2%,Asia/Novosibirsk,2026-09-03T07:55:33Z
117,20260114,9,1,99,10:00pm,2026-01-14T15:00:00+00:00,2026-01-14T22:00:00+07:00,4.35M,4.21M,4.14M,Asia/Novosibirsk,2026-09-03T07:55:33Z
118,20260114,9,3,286,10:00pm,2026-01-14T15:00:00+00:00,2026-01-14T22:00:00+07:00,0.2%,0.2%,0.1%,Asia/Novosibirsk,2026-09-03T07:55:33Z
119,20260114,9,3,332,10:00pm,2026-01-14T15:00:00+00:00,2026-01-14T22:00:00+07:00,0.6%,0.5%,-0.1%,Asia/Novosibirsk,2026-09-03T07:55:33Z
120,20260114,6,1,245,10:30pm,2026-01-14T15:30:00+00:00,2026-01-14T22:30:00+07:00,,,,Asia/Novosibirsk,2026-09-03T07:55:33Z
121,20260114,9,1,83,10:30pm,2026-01-14T15:30:00+00:00,2026-01-14T22:30:00+07:00,3.4M,-1.7M,-3.8M,Asia/Novosibirsk,2026-09-03T07:55:33Z
122,20260114,9,1,114,10:30pm,2026-01-14T15:30:00+00:00,2026-01-14T22:30:00+07:00,,,,Asia/Novosibirsk,2026-09-03T07:55:33Z
123,20260114,7,1,300,1:00pm,2026-01-14T06:00:00+00:00,2026-01-14T13:00:00+07:00,10.6%,,14.8%,Asia/Novosibirsk,2026-09-03T07:55:33Z
124,20260114,9,1,129,2:00am,2026-01-13T19:00:00+00:00,2026-01-14T02:00:00+07:00,-144.7B,-144.5B,-173.3B,Asia/Novosibirsk,2026-09-03T07:55:33Z
125,20260114,6,1,246,3:00pm,2026-01-14T08:00:00+00:00,2026-01-14T15:00:00+07:00,,,,Asia/Novosibirsk,2026-09-03T07:55:33Z
126,20260114,9,1,102,4:00am,2026-01-13T21:00:00+00:00,2026-01-14T04:00:00+07:00,,,,Asia/Novosibirsk,2026-09-03T07:55:33Z
127,20260114,9,1,10,4:30am,2026-01-13T21:30:00+00:00,2026-01-14T04:30:00+07:00,,,,Asia/Novosibirsk,2026-09-03T07:55:33Z
128,20260114,8,1,43,4:45am,2026-01-13T21:45:00+00:00,2026-01-14T04:45:00+07:00,2.8%,,-0.7%,Asia/Novosibirsk,2026-09-03T07:55:33Z
129,20260114,6,1,2,5:02pm,2026-01-14T10:02:00+00:00,2026-01-14T17:02:00+07:00,4.46|3.3,,4.61|3.1,Asia/Novosibirsk,2026-09-03T07:55:33Z
130,20260114,5,1,167,5:36pm,2026-01-14T10:36:00+00:00,2026-01-14T17:36:00+07:00,3.45|2.1,,3.26|1.3,Asia/Novosibirsk,2026-09-03T07:55:33Z
131,20260114,7,1,232,6:50am,2026-01-13T23:50:00+00:00,2026-01-14T06:50:00+07:00,1.7%,1.9%,1.7%,Asia/Novosibirsk,2026-09-03T07:55:33Z
132,20260114,8,1,8,7:00am,2026-01-14T00:00:00+00:00,2026-01-14T07:00:00+07:00,-2.1%,,-1.6%,Asia/Novosibirsk,2026-09-03T07:55:33Z
133,20260114,9,1,84,8:30pm,2026-01-14T13:30:00+00:00,2026-01-14T20:30:00+07:00,-226B,-235B,-249B,Asia/Novosibirsk,2026-09-03T07:55:33Z
134,20260114,4,1,368,9:24am,2026-01-14T02:24:00+00:00,2026-01-14T09:24:00+07:00,809B,805B,793B,Asia/Novosibirsk,2026-09-03T07:55:33Z
135,20260114,4,1,373,9:24am,2026-01-14T02:24:00+00:00,2026-01-14T09:24:00+07:00,114.1B,114.3B,111.7B,Asia/Novosibirsk,2026-09-03T07:55:33Z
136,20260114,9,1,116,9:50pm,2026-01-14T14:50:00+00:00,2026-01-14T21:50:00+07:00,,,,Asia/Novosibirsk,2026-09-03T07:55:33Z
137,20260114,9,2,79,Oct Data,,,0.3%,,0.4%,Asia/Novosibirsk,2026-09-03T07:55:33Z
138,20260114,9,2,286,Oct Data,,,0.1%,,0.6%,Asia/Novosibirsk,2026-09-03T07:55:33Z
139,20260115,9,1,112,10:30pm,2026-01-15T15:30:00+00:00,2026-01-15T22:30:00+07:00,,,,Asia/Novosibirsk,2026-09-03T07:55:33Z
140,20260115,9,1,270,10:30pm,2026-01-15T15:30:00+00:00,2026-01-15T22:30:00+07:00,-71B,-89B,-119B,Asia/Novosibirsk,2026-09-03T07:55:33Z
141,20260115,9,1,40,2:00am,2026-01-14T19:00:00+00:00,2026-01-15T02:00:00+07:00,,,,Asia/Novosibirsk,2026-09-03T07:55:33Z
142,20260115,5,1,186,2:00pm,2026-01-15T07:00:00+00:00,2026-01-15T14:00:00+07:00,-0.2%,0.2%,0.3%,Asia/Novosibirsk,2026-09-03T07:55:33Z
143,20260115,6,1,66,2:00pm,2026-01-15T07:00:00+00:00,2026-01-15T14:00:00+07:00,-1.3%,-0.3%,-1.2%,Asia/Novosibirsk,2026-09-03T07:55:33Z
144,20260115,6,1,190,2:00pm,2026-01-15T07:00:00+00:00,2026-01-15T14:00:00+07:00,-23.7B,-20.3B,-24.2B,Asia/Novosibirsk,2026-09-03T07:55:33Z
145,20260115,6,1,210,2:00pm,2026-01-15T07:00:00+00:00,2026-01-15T14:00:00+07:00,0.2%,0.0%,0.1%,Asia/Novosibirsk,2026-09-03T07:55:33Z
146,20260115,6,1,211,2:00pm,2026-01-15T07:00:00+00:00,2026-01-15T14:00:00+07:00,1.1%,0.2%,1.3%,Asia/Novosibirsk,2026-09-03T07:55:33Z
147,20260115,6,1,250,2:00pm,2026-01-15T07:00:00+00:00,2026-01-15T14:00:00+07:00,2.1%,0.4%,0.4%,Asia/Novosibirsk,2026-09-03T07:55:33Z
148,20260115,4,1,233,2:02pm,2026-01-15T07:02:00+00:00,2026-01-15T14:02:00+07:00,8.5%,8.0%,8.0%,Asia/Novosibirsk,2026-09-03T07:55:33Z
149,20260115,4,1,274,2:02pm,2026-01-15T07:02:00+00:00,2026-01-15T14:02:00+07:00,910B,820B,390B,Asia/Novosibirsk,2026-09-03T07:55:33Z
150,20260115,9,1,119,2:10am,2026-01-14T19:10:00+00:00,2026-01-15T02:10:00+07:00,,,,Asia/Novosibirsk,2026-09-03T07:55:33Z
151,20260115,5,1,149,2:45pm,2026-01-15T07:45:00+00:00,2026-01-15T14:45:00+07:00,0.1%,0.1%,0.1%,Asia/Novosibirsk,2026-09-03T07:55:33Z
152,20260115,5,1,86,4:00pm,2026-01-15T09:00:00+00:00,2026-01-15T16:00:00+07:00,,,,Asia/Novosibirsk,2026-09-03T07:55:33Z
153,20260115,5,1,215,4:00pm,2026-01-15T09:00:00+00:00,2026-01-15T16:00:00+07:00,1.5%,0.6%,-1.0%,Asia/Novosibirsk,2026-09-03T07:55:33Z
154,20260115,6,1,24,4:30pm,2026-01-15T09:30:00+00:00,2026-01-15T16:30:00+07:00,,,,Asia/Novosibirsk,2026-09-03T07:55:33Z
155,20260115,5,1,211,5:00pm,2026-01-15T10:00:00+00:00,2026-01-15T17:00:00+07:00,0.7%,0.5%,0.7%,Asia/Novosibirsk,2026-09-03T07:55:33Z
156,20260115,5,1,368,5:00pm,2026-01-15T10:00:00+00:00,2026-01-15T17:00:00+07:00,10.7B,14.8B,13.7B,Asia/Novosibirsk,2026-09-03T07:55:33Z
157,20260115,5,1,223,6:00pm,2026-01-15T11:00:00+00:00,2026-01-15T18:00:00+07:00,5.08B,5.22B,4.18B,Asia/Novosibirsk,2026-09-03T07:55:33Z
158,20260115,7,1,288,6:50am,2026-01-14T23:50:00+00:00,2026-01-15T06:50:00+07:00,2.4%,2.4%,2.7%,Asia/Novosibirsk,2026-09-03T07:55:33Z
159,20260115,1,1,236,7:00am,2026-01-15T00:00:00+00:00,2026-01-15T07:00:00+07:00,4.6%,,4.7%,Asia/Novosibirsk,2026-09-03T07:55:33Z
160,20260115,6,1,327,7:01am,2026-01-15T00:01:00+00:00,2026-01-15T07:01:00+07:00,-14%,-17%,-14%,Asia/Novosibirsk,2026-09-03T07:55:33Z
161,20260115,1,1,262,7:30am,2026-01-15T00:30:00+00:00,2026-01-15T07:30:00+07:00,0,,2,Asia/Novosibirsk,2026-09-03T07:55:33Z
162,20260115,2,1,251,8:30pm,2026-01-15T13:30:00+00:00,2026-01-15T20:30:00+07:00,-1.2%,-1.1%,-1.0%,Asia/Novosibirsk,2026-09-03T07:55:33Z
163,20260115,2,1,378,8:30pm,2026-01-15T13:30:00+00:00,2026-01-15T20:30:00+07:00,-1.8%,0.1%,0.4%,Asia/Novosibirsk,2026-09-03T07:55:33Z
164,20260115,9,1,208,8:30pm,2026-01-15T13:30:00+00:00,2026-01-15T20:30:00+07:00,0.4%,-0.1%,0.0%,Asia/Novosibirsk,2026-09-03T07:55:33Z
165,20260115,9,3,374,8:30pm,2026-01-15T13:30:00+00:00,2026-01-15T20:30:00+07:00,198K,215K,207K,Asia/Novosibirsk,2026-09-03T07:55:33Z
166,20260115,9,1,104,8:35pm,2026-01-15T13:35:00+00:00,2026-01-15T20:35:00+07:00,,,,Asia/Novosibirsk,2026-09-03T07:55:33Z
167,20260115,9,1,103,9:15pm,2026-01-15T14:15:00+00:00,2026-01-15T21:15:00+07:00,,,,Asia/Novosibirsk,2026-09-03T07:55:33Z
168,20260115,9,2,292,Oct Data,,,12.6,-1.6,-10.2,Asia/Novosibirsk,2026-09-03T07:55:33Z
169,20260116,9,1,263,10:00pm,2026-01-16T15:00:00+00:00,2026-01-16T22:00:00+07:00,37,40,39,Asia/Novosibirsk,2026-09-03T07:55:33Z
170,20260116,1,1,50,10:30pm,2026-01-16T15:30:00+00:00,2026-01-16T22:30:00+07:00,0.2%,,0.4%,Asia/Novosibirsk,2026-09-03T07:55:33Z
171,20260116,9,1,106,10:50pm,2026-01-16T15:50:00+00:00,2026-01-16T22:50:00+07:00,,,,Asia/Novosibirsk,2026-09-03T07:55:33Z
172,20260116,9,1,105,11:00pm,2026-01-16T16:00:00+00:00,2026-01-16T23:00:00+07:00,,,,Asia/Novosibirsk,2026-09-03T07:55:33Z
173,20260116,9,1,117,1:30am,2026-01-15T18:30:00+00:00,2026-01-16T01:30:00+07:00,,,,Asia/Novosibirsk,2026-09-03T07:55:33Z
174,20260116,5,1,171,2:00pm,2026-01-16T07:00:00+00:00,2026-01-16T14:00:00+07:00,0.0%,0.0%,0.0%,Asia/Novosibirsk,2026-09-03T07:55:33Z
175,20260116,9,1,363,4:00am,2026-01-15T21:00:00+00:00,2026-01-16T04:00:00+07:00,220.2B,48.7B,30.9B,Asia/Novosibirsk,2026-09-03T07:55:33Z
176,20260116,8,1,47,4:30am,2026-01-15T21:30:00+00:00,2026-01-16T04:30:00+07:00,56.1,,51.7,Asia/Novosibirsk,2026-09-03T07:55:33Z
177,20260116,8,1,124,4:45am,2026-01-15T21:45:00+00:00,2026-01-16T04:45:00+07:00,-0.3%,,-0.4%,Asia/Novosibirsk,2026-09-03T07:55:33Z
178,20260116,2,1,202,8:15pm,2026-01-16T13:15:00+00:00,2026-01-16T20:15:00+07:00,282K,257K,255K,Asia/Novosibirsk,2026-09-03T07:55:33Z
179,20260116,2,1,146,8:30pm,2026-01-16T13:30:00+00:00,2026-01-16T20:30:00+07:00,16.33B,24.61B,46.62B,Asia/Novosibirsk,2026-09-03T07:55:33Z
180,20260116,9,1,56,9:15pm,2026-01-16T14:15:00+00:00,2026-01-16T21:15:00+07:00,76.3%,76.0%,76.1%,Asia/Novosibirsk,2026-09-03T07:55:33Z
181,20260116,9,1,211,9:15pm,2026-01-16T14:15:00+00:00,2026-01-16T21:15:00+07:00,0.4%,0.1%,0.4%,Asia/Novosibirsk,2026-09-03T07:55:33Z
182,20260116,6,1,50,9:30pm,2026-01-16T14:30:00+00:00,2026-01-16T21:30:00+07:00,-0.1%,,0.0%,Asia/Novosibirsk,2026-09-03T07:55:33Z
183,20260119,2,2,17,10:30pm,2026-01-19T15:30:00+00:00,2026-01-19T22:30:00+07:00,,,,Asia/Novosibirsk,2026-09-03T07:55:33Z
184,20260119,7,1,337,11:30am,2026-01-19T04:30:00+00:00,2026-01-19T11:30:00+07:00,-2.7%,-2.6%,-2.6%,Asia/Novosibirsk,2026-09-03T07:55:33Z
185,20260119,7,1,366,11:30am,2026-01-19T04:30:00+00:00,2026-01-19T11:30:00+07:00,-0.2%,0.0%,0.9%,Asia/Novosibirsk,2026-09-03T07:55:33Z
186,20260119,5,1,130,5:00pm,2026-01-19T10:00:00+00:00,2026-01-19T17:00:00+07:00,1.9%,2.0%,2.0%,Asia/Novosibirsk,2026-09-03T07:55:33Z
187,20260119,5,1,131,5:00pm,2026-01-19T10:00:00+00:00,2026-01-19T17:00:00+07:00,2.3%,2.3%,2.3%,Asia/Novosibirsk,2026-09-03T07:55:33Z
188,20260119,1,1,237,7:00am,2026-01-19T00:00:00+00:00,2026-01-19T07:00:00+07:00,1.0%,,0.3%,Asia/Novosibirsk,2026-09-03T07:55:33Z
189,20260119,6,1,343,7:01am,2026-01-19T00:01:00+00:00,2026-01-19T07:01:00+07:00,2.8%,,-1.8%,Asia/Novosibirsk,2026-09-03T07:55:33Z
190,20260119,4,1,272,8:30am,2026-01-19T01:30:00+00:00,2026-01-19T08:30:00+07:00,-0.37%,,-0.39%,Asia/Novosibirsk,2026-09-03T07:55:33Z
191,20260119,2,3,253,8:30pm,2026-01-19T13:30:00+00:00,2026-01-19T20:30:00+07:00,2.5%,2.7%,2.8%,Asia/Novosibirsk,2026-09-03T07:55:33Z
192,20260119,2,3,370,8:30pm,2026-01-19T13:30:00+00:00,2026-01-19T20:30:00+07:00,2.7%,2.7%,2.9%,Asia/Novosibirsk,2026-09-03T07:55:33Z
193,20260119,2,1,74,8:32pm,2026-01-19T13:32:00+00:00,2026-01-19T20:32:00+07:00,-0.4%,,-0.1%,Asia/Novosibirsk,2026-09-03T07:55:33Z
194,20260119,4,1,139,9:00am,2026-01-19T02:00:00+00:00,2026-01-19T09:00:00+07:00,-3.8%,-3.1%,-2.6%,Asia/Novosibirsk,2026-09-03T07:55:33Z
195,20260119,4,1,164,9:00am,2026-01-19T02:00:00+00:00,2026-01-19T09:00:00+07:00,4.5%,4.5%,4.8%,Asia/Novosibirsk,2026-09-03T07:55:33Z
196,20260119,4,1,212,9:00am,2026-01-19T02:00:00+00:00,2026-01-19T09:00:00+07:00,5.2%,5.1%,4.8%,Asia/Novosibirsk,2026-09-03T07:55:33Z
197,20260119,4,1,264,9:00am,2026-01-19T02:00:00+00:00,2026-01-19T09:00:00+07:00,,,,Asia/Novosibirsk,2026-09-03T07:55:33Z
198,20260119,4,1,334,9:00am,2026-01-19T02:00:00+00:00,2026-01-19T09:00:00+07:00,0.9%,1.1%,1.3%,Asia/Novosibirsk,2026-09-03T07:55:33Z
199,20260119,4,1,375,9:00am,2026-01-19T02:00:00+00:00,2026-01-19T09:00:00+07:00,5.1%,5.2%,5.1%,Asia/Novosibirsk,2026-09-03T07:55:33Z
200,20260119,5,1,98,All Day,,,,,,Asia/Novosibirsk,2026-09-03T07:55:33Z
201,20260120,3,2,347,11:30pm,2026-01-20T16:30:00+00:00,2026-01-20T23:30:00+07:00,,,,Asia/Novosibirsk,2026-09-03T07:55:33Z
202,20260120,5,1,169,11:30pm,2026-01-20T16:30:00+00:00,2026-01-20T23:30:00+07:00,,,,Asia/Novosibirsk,2026-09-03T07:55:33Z
203,20260120,5,1,180,2:00pm,2026-01-20T07:00:00+00:00,2026-01-20T14:00:00+07:00,-0.2%,-0.2%,0.0%,Asia/Novosibirsk,2026-09-03T07:55:33Z
204,20260120,6,1,375,2:00pm,2026-01-20T07:00:00+00:00,2026-01-20T14:00:00+07:00,5.1%,5.1%,5.1%,Asia/Novosibirsk,2026-09-03T07:55:33Z
205,20260120,3,1,286,2:30pm,2026-01-20T07:30:00+00:00,2026-01-20T14:30:00+07:00,-0.2%,-0.2%,-0.5%,Asia/Novosibirsk,2026-09-03T07:55:33Z
206,20260120,5,1,84,4:00pm,2026-01-20T09:00:00+00:00,2026-01-20T16:00:00+07:00,8.6B,20.3B,26.7B,Asia/Novosibirsk,2026-09-03T07:55:33Z
207,20260120,6,3,26,4:45pm,2026-01-20T09:45:00+00:00,2026-01-20T16:45:00+07:00,,,,Asia/Novosibirsk,2026-09-03T07:55:33Z
208,20260120,5,1,187,5:00pm,2026-01-20T10:00:00+00:00,2026-01-20T17:00:00+07:00,59.6,50.0,45.8,Asia/Novosibirsk,2026-09-03T07:55:33Z
209,20260120,5,1,379,5:00pm,2026-01-20T10:00:00+00:00,2026-01-20T17:00:00+07:00,40.8,36.7,33.7,Asia/Novosibirsk,2026-09-03T07:55:33Z
210,20260120,4,1,1,8:00am,2026-01-20T01:00:00+00:00,2026-01-20T08:00:00+07:00,3.00%,3.00%,3.00%,Asia/Novosibirsk,2026-09-03T07:55:33Z
211,20260120,4,1,4,8:00am,2026-01-20T01:00:00+00:00,2026-01-20T08:00:00+07:00,3.50%,3.50%,3.50%,Asia/Novosibirsk,2026-09-03T07:55:33Z
212,20260120,9,1,6,8:15pm,2026-01-20T13:15:00+00:00,2026-01-20T20:15:00+07:00,8.0K,,11.3K,Asia/Novosibirsk,2026-09-03T07:55:33Z
213,20260120,8,1,165,9:43pm,2026-01-20T14:43:00+00:00,2026-01-20T21:43:00+07:00,1.5%,,6.3%,Asia/Novosibirsk,2026-09-03T07:55:33Z
214,20260120,5,1,91,All Day,,,,,,Asia/Novosibirsk,2026-09-03T07:55:33Z
215,20260121,9,1,68,10:00pm,2026-01-21T15:00:00+00:00,2026-01-21T22:00:00+07:00,0.5%,0.1%,-0.6%,Asia/Novosibirsk,2026-09-03T07:55:33Z
216,20260121,9,2,289,10:00pm,2026-01-21T15:00:00+00:00,2026-01-21T22:00:00+07:00,-9.3%,-0.3%,3.3%,Asia/Novosibirsk,2026-09-03T07:55:33Z
217,20260121,5,2,89,11:45pm,2026-01-21T16:45:00+00:00,2026-01-21T23:45:00+07:00,,,,Asia/Novosibirsk,2026-09-03T07:55:33Z
218,20260121,6,1,75,2:00pm,2026-01-21T07:00:00+00:00,2026-01-21T14:00:00+07:00,3.2%,3.3%,3.2%,Asia/Novosibirsk,2026-09-03T07:55:33Z
219,20260121,6,1,282,2:00pm,2026-01-21T07:00:00+00:00,2026-01-21T14:00:00+07:00,-0.2%,-0.1%,0.5%,Asia/Novosibirsk,2026-09-03T07:55:33Z
220,20260121,6,1,284,2:00pm,2026-01-21T07:00:00+00:00,2026-01-21T14:00:00+07:00,0.0%,0.1%,0.1%,Asia/Novosibirsk,2026-09-03T07:55:33Z
221,20260121,6,1,329,2:00pm,2026-01-21T07:00:00+00:00,2026-01-21T14:00:00+07:00,4.2%,4.1%,3.8%,Asia/Novosibirsk,2026-09-03T07:55:33Z
222,20260121,5,2,89,2:30pm,2026-01-21T07:30:00+00:00,2026-01-21T14:30:00+07:00,,,,Asia/Novosibirsk,2026-09-03T07:55:33Z
223,20260121,6,1,198,4:30pm,2026-01-21T09:30:00+00:00,2026-01-21T16:30:00+07:00,2.5%,1.8%,1.9%,Asia/Novosibirsk,2026-09-03T07:55:33Z
224,20260121,5,1,167,5:34pm,2026-01-21T10:34:00+00:00,2026-01-21T17:34:00+07:00,3.49|2.4,,3.45|2.1,Asia/Novosibirsk,2026-09-03T07:55:33Z
225,20260121,6,1,51,6:00pm,2026-01-21T11:00:00+00:00,2026-01-21T18:00:00+07:00,-30,-33,-32,Asia/Novosibirsk,2026-09-03T07:55:33Z
226,20260121,2,1,204,8:30pm,2026-01-21T13:30:00+00:00,2026-01-21T20:30:00+07:00,-0.6%,0.3%,1.1%,Asia/Novosibirsk,2026-09-03T07:55:33Z
227,20260121,2,1,328,8:30pm,2026-01-21T13:30:00+00:00,2026-01-21T20:30:00+07:00,0.5%,-0.5%,0.6%,Asia/Novosibirsk,2026-09-03T07:55:33Z
228,20260121,9,3,306,8:30pm,2026-01-21T13:30:00+00:00,2026-01-21T20:30:00+07:00,,,,Asia/Novosibirsk,2026-09-03T07:55:33Z
229,20260121,9,1,68,Sep Data,,,-0.6%,,0.4%,Asia/Novosibirsk,2026-09-03T07:55:33Z
230,20260122,5,1,70,10:00pm,2026-01-22T15:00:00+00:00,2026-01-22T22:00:00+07:00,-12,-13,-15,Asia/Novosibirsk,2026-09-03T07:55:33Z
231,20260122,9,3,78,10:00pm,2026-01-22T15:00:00+00:00,2026-01-22T22:00:00+07:00,0.2%,0.2%,0.2%,Asia/Novosibirsk,2026-09-03T07:55:33Z
232,20260122,9,1,290,10:00pm,2026-01-22T15:00:00+00:00,2026-01-22T22:00:00+07:00,0.3%,0.4%,0.1%,Asia/Novosibirsk,2026-09-03T07:55:33Z
233,20260122,9,1,291,10:00pm,2026-01-22T15:00:00+00:00,2026-01-22T22:00:00+07:00,0.5%,0.5%,0.5%,Asia/Novosibirsk,2026-09-03T07:55:33Z
234,20260122,9,1,270,10:30pm,2026-01-22T15:30:00+00:00,2026-01-22T22:30:00+07:00,-120B,-90B,-71B,Asia/Novosibirsk,2026-09-03T07:55:33Z
235,20260122,6,1,310,2:00pm,2026-01-22T07:00:00+00:00,2026-01-22T14:00:00+07:00,11.6B,13.4B,10.9B,Asia/Novosibirsk,2026-09-03T07:55:33Z
236,20260122,9,1,10,4:30am,2026-01-21T21:30:00+00:00,2026-01-22T04:30:00+07:00,,,,Asia/Novosibirsk,2026-09-03T07:55:33Z
237,20260122,8,1,376,4:45am,2026-01-21T21:45:00+00:00,2026-01-22T04:45:00+07:00,0.8%,,0.7%,Asia/Novosibirsk,2026-09-03T07:55:33Z
238,20260122,5,1,168,6:00pm,2026-01-22T11:00:00+00:00,2026-01-22T18:00:00+07:00,,,,Asia/Novosibirsk,2026-09-03T07:55:33Z
239,20260122,6,1,52,6:00pm,2026-01-22T11:00:00+00:00,2026-01-22T18:00:00+07:00,-17,-35,-44,Asia/Novosibirsk,2026-09-03T07:55:33Z
240,20260122,7,1,368,6:50am,2026-01-21T23:50:00+00:00,2026-01-22T06:50:00+07:00,-0.21T,-0.06T,0.01T,Asia/Novosibirsk,2026-09-03T07:55:33Z
241,20260122,5,1,88,7:30pm,2026-01-22T12:30:00+00:00,2026-01-22T19:30:00+07:00,,,,Asia/Novosibirsk,2026-09-03T07:55:33Z
242,20260122,1,3,375,8:30pm,2026-01-22T13:30:00+00:00,2026-01-22T20:30:00+07:00,4.1%,4.4%,4.3%,Asia/Novosibirsk,2026-09-03T07:55:33Z
243,20260122,2,1,266,8:30pm,2026-01-22T13:30:00+00:00,2026-01-22T20:30:00+07:00,-0.2%,-0.2%,0.0%,Asia/Novosibirsk,2026-09-03T07:55:33Z
244,20260122,9,2,133,8:30pm,2026-01-22T13:30:00+00:00,2026-01-22T20:30:00+07:00,3.8%,3.8%,3.8%,Asia/Novosibirsk,2026-09-03T07:55:33Z
245,20260122,9,3,135,8:30pm,2026-01-22T13:30:00+00:00,2026-01-22T20:30:00+07:00,4.4%,4.3%,4.3%,Asia/Novosibirsk,2026-09-03T07:55:33Z
246,20260122,9,3,374,8:30pm,2026-01-22T13:30:00+00:00,2026-01-22T20:30:00+07:00,200K,209K,199K,Asia/Novosibirsk,2026-09-03T07:55:33Z
247,20260122,9,2,78,Oct Data,,,0.2%,,0.2%,Asia/Novosibirsk,2026-09-03T07:55:33Z
248,20260122,9,1,290,Oct Data,,,0.1%,,0.4%,Asia/Novosibirsk,2026-09-03T07:55:33Z
249,20260122,9,1,291,Oct Data,,,0.5%,,0.4%,Asia/Novosibirsk,2026-09-03T07:55:33Z
250,20260123,9,2,340,10:00pm,2026-01-23T15:00:00+00:00,2026-01-23T22:00:00+07:00,56.4,54.0,54.0,Asia/Novosibirsk,2026-09-03T07:55:33Z
251,20260123,9,1,341,10:00pm,2026-01-23T15:00:00+00:00,2026-01-23T22:00:00+07:00,4.0%,,4.2%,Asia/Novosibirsk,2026-09-03T07:55:33Z
252,20260123,7,3,31,10:07am,2026-01-23T03:07:00+00:00,2026-01-23T10:07:00+07:00,,,,Asia/Novosibirsk,2026-09-03T07:55:33Z
253,20260123,7,3,32,10:07am,2026-01-23T03:07:00+00:00,2026-01-23T10:07:00+07:00,<0.75%,<0.75%,<0.75%,Asia/Novosibirsk,2026-09-03T07:55:33Z
254,20260123,7,3,257,10:07am,2026-01-23T03:07:00+00:00,2026-01-23T10:07:00+07:00,,,,Asia/Novosibirsk,2026-09-03T07:55:33Z
255,20260123,9,1,50,10:54pm,2026-01-23T15:54:00+00:00,2026-01-23T22:54:00+07:00,-0.3%,-0.2%,-0.1%,Asia/Novosibirsk,2026-09-03T07:55:33Z
256,20260123,7,3,33,1:30pm,2026-01-23T06:30:00+00:00,2026-01-23T13:30:00+07:00,,,,Asia/Novosibirsk,2026-09-03T07:55:33Z
257,20260123,6,3,332,2:00pm,2026-01-23T07:00:00+00:00,2026-01-23T14:00:00+07:00,0.4%,0.0%,-0.1%,Asia/Novosibirsk,2026-09-03T07:55:33Z
258,20260123,5,3,175,3:30pm,2026-01-23T08:30:00+00:00,2026-01-23T15:30:00+07:00,48.7,47.8,47.0,Asia/Novosibirsk,2026-09-03T07:55:33Z
259,20260123,5,3,176,3:30pm,2026-01-23T08:30:00+00:00,2026-01-23T15:30:00+07:00,53.3,52.6,52.7,Asia/Novosibirsk,2026-09-03T07:55:33Z
260,20260123,5,1,142,4:00pm,2026-01-23T09:00:00+00:00,2026-01-23T16:00:00+07:00,49.4,49.1,48.8,Asia/Novosibirsk,2026-09-03T07:55:33Z
261,20260123,5,1,143,4:00pm,2026-01-23T09:00:00+00:00,2026-01-23T16:00:00+07:00,51.9,52.6,52.4,Asia/Novosibirsk,2026-09-03T07:55:33Z
262,20260123,6,3,142,4:30pm,2026-01-23T09:30:00+00:00,2026-01-23T16:30:00+07:00,51.6,50.6,50.6,Asia/Novosibirsk,2026-09-03T07:55:33Z
263,20260123,6,3,143,4:30pm,2026-01-23T09:30:00+00:00,2026-01-23T16:30:00+07:00,54.3,51.7,51.4,Asia/Novosibirsk,2026-09-03T07:55:33Z
264,20260123,6,1,241,4:30pm,2026-01-23T09:30:00+00:00,2026-01-23T16:30:00+07:00,,,,Asia/Novosibirsk,2026-09-03T07:55:33Z
265,20260123,1,1,142,5:00am,2026-01-22T22:00:00+00:00,2026-01-23T05:00:00+07:00,52.4,,51.6,Asia/Novosibirsk,2026-09-03T07:55:33Z
266,20260123,1,1,143,5:00am,2026-01-22T22:00:00+00:00,2026-01-23T05:00:00+07:00,56.0,,51.1,Asia/Novosibirsk,2026-09-03T07:55:33Z
267,20260123,5,2,89,5:00pm,2026-01-23T10:00:00+00:00,2026-01-23T17:00:00+07:00,,,,Asia/Novosibirsk,2026-09-03T07:55:33Z
268,20260123,7,1,268,6:30am,2026-01-22T23:30:00+00:00,2026-01-23T06:30:00+07:00,2.4%,2.4%,3.0%,Asia/Novosibirsk,2026-09-03T07:55:33Z
269,20260123,6,1,189,7:01am,2026-01-23T00:01:00+00:00,2026-01-23T07:01:00+07:00,-16,-17,-17,Asia/Novosibirsk,2026-09-03T07:55:33Z
270,20260123,4,1,145,7:11pm,2026-01-23T12:11:00+00:00,2026-01-23T19:11:00+07:00,-9.5%,,-7.5%,Asia/Novosibirsk,2026-09-03T07:55:33Z
271,20260123,7,1,142,7:30am,2026-01-23T00:30:00+00:00,2026-01-23T07:30:00+07:00,51.5,50.1,50.0,Asia/Novosibirsk,2026-09-03T07:55:33Z
272,20260123,2,2,80,8:30pm,2026-01-23T13:30:00+00:00,2026-01-23T20:30:00+07:00,1.7%,1.0%,-0.6%,Asia/Novosibirsk,2026-09-03T07:55:33Z
273,20260123,2,2,332,8:30pm,2026-01-23T13:30:00+00:00,2026-01-23T20:30:00+07:00,1.3%,1.2%,-0.3%,Asia/Novosibirsk,2026-09-03T07:55:33Z
274,20260123,9,3,142,9:45pm,2026-01-23T14:45:00+00:00,2026-01-23T21:45:00+07:00,51.9,51.9,51.8,Asia/Novosibirsk,2026-09-03T07:55:33Z
275,20260123,9,3,143,9:45pm,2026-01-23T14:45:00+00:00,2026-01-23T21:45:00+07:00,52.5,52.9,52.5,Asia/Novosibirsk,2026-09-03T07:55:33Z
276,20260123,5,2,155,Oct Data,,,47.9,50.3,50.1,Asia/Novosibirsk,2026-09-03T07:55:33Z
277,20260123,9,1,50,Oct Data,,,-0.1%,,-0.2%,Asia/Novosibirsk,2026-09-03T07:55:33Z
278,20260126,5,1,169,8:30pm,2026-01-26T13:30:00+00:00,2026-01-26T20:30:00+07:00,,,,Asia/Novosibirsk,2026-09-03T07:55:33Z
279,20260126,9,2,76,8:30pm,2026-01-26T13:30:00+00:00,2026-01-26T20:30:00+07:00,0.5%,0.3%,0.1%,Asia/Novosibirsk,2026-09-03T07:55:33Z
280,20260126,9,2,85,8:30pm,2026-01-26T13:30:00+00:00,2026-01-26T20:30:00+07:00,5.3%,3.1%,-2.1%,Asia/Novosibirsk,2026-09-03T07:55:33Z
281,20260126,5,1,41,8:33pm,2026-01-26T13:33:00+00:00,2026-01-26T20:33:00+07:00,-8.8,-10.2,-11.9,Asia/Novosibirsk,2026-09-03T07:55:33Z
282,20260127,7,1,29,12:00pm,2026-01-27T05:00:00+00:00,2026-01-27T12:00:00+07:00,1.9%,2.0%,2.2%,Asia/Novosibirsk,2026-09-03T07:55:33Z
283,20260127,5,1,361,3:00pm,2026-01-27T08:00:00+00:00,2026-01-27T15:00:00+07:00,9.9%,10.2%,10.5%,Asia/Novosibirsk,2026-09-03T07:55:33Z
284,20260127,6,1,36,7:01am,2026-01-27T00:01:00+00:00,2026-01-27T07:01:00+07:00,1.5%,0.7%,0.7%,Asia/Novosibirsk,2026-09-03T07:55:33Z
285,20260127,1,1,261,7:30am,2026-01-27T00:30:00+00:00,2026-01-27T07:30:00+07:00,3,,2,Asia/Novosibirsk,2026-09-03T07:55:33Z
286,20260127,9,1,6,8:15pm,2026-01-27T13:15:00+00:00,2026-01-27T20:15:00+07:00,7.8K,,8.0K,Asia/Novosibirsk,2026-09-03T07:55:33Z
287,20260127,9,2,342,8:30pm,2026-01-27T13:30:00+00:00,2026-01-27T20:30:00+07:00,-6,-5,-7,Asia/Novosibirsk,2026-09-03T07:55:33Z
288,20260127,8,1,82,9:00am,2026-01-27T02:00:00+00:00,2026-01-27T09:00:00+07:00,-0.3%,,4.4%,Asia/Novosibirsk,2026-09-03T07:55:33Z
289,20260127,9,1,197,9:00pm,2026-01-27T14:00:00+00:00,2026-01-27T21:00:00+07:00,0.6%,0.3%,0.4%,Asia/Novosibirsk,2026-09-03T07:55:33Z
290,20260127,9,1,344,9:00pm,2026-01-27T14:00:00+00:00,2026-01-27T21:00:00+07:00,1.4%,1.2%,1.3%,Asia/Novosibirsk,2026-09-03T07:55:33Z
291,20260128,2,3,21,10:30pm,2026-01-28T15:30:00+00:00,2026-01-28T22:30:00+07:00,,,,Asia/Novosibirsk,2026-09-03T07:55:33Z
292,20260128,9,1,83,10:30pm,2026-01-28T15:30:00+00:00,2026-01-28T22:30:00+07:00,-2.3M,-0.2M,3.6M,Asia/Novosibirsk,2026-09-03T07:55:33Z
293,20260128,5,1,177,2:00pm,2026-01-28T07:00:00+00:00,2026-01-28T14:00:00+07:00,-24.1,-25.5,-26.9,Asia/Novosibirsk,2026-09-03T07:55:33Z
294,20260128,3,1,372,4:00pm,2026-01-28T09:00:00+00:00,2026-01-28T16:00:00+07:00,-4.7,,6.2,Asia/Novosibirsk,2026-09-03T07:55:33Z
295,20260128,9,1,10,4:30am,2026-01-27T21:30:00+00:00,2026-01-28T04:30:00+07:00,,,,Asia/Novosibirsk,2026-09-03T07:55:33Z
296,20260128,5,1,166,5:34pm,2026-01-28T10:34:00+00:00,2026-01-28T17:34:00+07:00,2.85|1.7,,2.83|1.3,Asia/Novosibirsk,2026-09-03T07:55:33Z
297,20260128,7,1,255,6:50am,2026-01-27T23:50:00+00:00,2026-01-28T06:50:00+07:00,,,,Asia/Novosibirsk,2026-09-03T07:55:33Z
298,20260128,4,1,50,9:00pm,2026-01-28T14:00:00+00:00,2026-01-28T21:00:00+07:00,-0.1%,,-0.2%,Asia/Novosibirsk,2026-09-03T07:55:33Z
299,20260128,1,3,55,9:45pm,2026-01-28T14:45:00+00:00,2026-01-28T21:45:00+07:00,3.8%,3.5%,3.4%,Asia/Novosibirsk,2026-09-03T07:55:33Z
300,20260128,1,3,371,9:45pm,2026-01-28T14:45:00+00:00,2026-01-28T21:45:00+07:00,0.2%,0.3%,0.3%,Asia/Novosibirsk,2026-09-03T07:55:33Z
301,20260128,2,3,20,9:45pm,2026-01-28T14:45:00+00:00,2026-01-28T21:45:00+07:00,,,,Asia/Novosibirsk,2026-09-03T07:55:33Z
302,20260128,2,3,22,9:45pm,2026-01-28T14:45:00+00:00,2026-01-28T21:45:00+07:00,,,,Asia/Novosibirsk,2026-09-03T07:55:33Z
303,20260128,2,3,280,9:45pm,2026-01-28T14:45:00+00:00,2026-01-28T21:45:00+07:00,2.25%,2.25%,2.25%,Asia/Novosibirsk,2026-09-03T07:55:33Z
304,20260129,9,1,125,10:00pm,2026-01-29T15:00:00+00:00,2026-01-29T22:00:00+07:00,2.7%,1.7%,-1.2%,Asia/Novosibirsk,2026-09-03T07:55:33Z
305,20260129,9,1,138,10:00pm,2026-01-29T15:00:00+00:00,2026-01-29T22:00:00+07:00,0.2%,0.2%,0.2%,Asia/Novosibirsk,2026-09-03T07:55:33Z
306,20260129,9,3,121,10:30pm,2026-01-29T15:30:00+00:00,2026-01-29T22:30:00+07:00,,,,Asia/Novosibirsk,2026-09-03T07:55:33Z
307,20260129,9,1,270,10:30pm,2026-01-29T15:30:00+00:00,2026-01-29T22:30:00+07:00,-242B,-237B,-120B,Asia/Novosibirsk,2026-09-03T07:55:33Z
308,20260129,7,1,70,12:00pm,2026-01-29T05:00:00+00:00,2026-01-29T12:00:00+07:00,37.9,37.1,37.2,Asia/Novosibirsk,2026-09-03T07:55:33Z
309,20260129,9,3,120,2:30am,2026-01-28T19:30:00+00:00,2026-01-29T02:30:00+07:00,,,,Asia/Novosibirsk,2026-09-03T07:55:33Z
310,20260129,5,1,234,4:00pm,2026-01-29T09:00:00+00:00,2026-01-29T16:00:00+07:00,2.8%,3.0%,3.0%,Asia/Novosibirsk,2026-09-03T07:55:33Z
311,20260129,5,1,308,4:00pm,2026-01-29T09:00:00+00:00,2026-01-29T16:00:00+07:00,3.0%,2.9%,2.9%,Asia/Novosibirsk,2026-09-03T07:55:33Z
312,20260129,8,1,7,7:00am,2026-01-29T00:00:00+00:00,2026-01-29T07:00:00+07:00,64.1,,73.6,Asia/Novosibirsk,2026-09-03T07:55:33Z
313,20260129,1,1,209,7:30am,2026-01-29T00:30:00+00:00,2026-01-29T07:30:00+07:00,0.9%,-0.2%,-0.4%,Asia/Novosibirsk,2026-09-03T07:55:33Z
314,20260129,2,1,368,8:30pm,2026-01-29T13:30:00+00:00,2026-01-29T20:30:00+07:00,-2.2B,-0.7B,-0.4B,Asia/Novosibirsk,2026-09-03T07:55:33Z
315,20260129,9,1,190,8:30pm,2026-01-29T13:30:00+00:00,2026-01-29T20:30:00+07:00,-86.9B,,-59.0B,Asia/Novosibirsk,2026-09-03T07:55:33Z
316,20260129,9,1,338,8:30pm,2026-01-29T13:30:00+00:00,2026-01-29T20:30:00+07:00,4.9%,4.9%,4.9%,Asia/Novosibirsk,2026-09-03T07:55:33Z
317,20260129,9,1,339,8:30pm,2026-01-29T13:30:00+00:00,2026-01-29T20:30:00+07:00,-1.9%,-1.9%,-1.9%,Asia/Novosibirsk,2026-09-03T07:55:33Z
318,20260129,9,1,368,8:30pm,2026-01-29T13:30:00+00:00,2026-01-29T20:30:00+07:00,-56.8B,-43.4B,-29.2B,Asia/Novosibirsk,2026-09-03T07:55:33Z
319,20260129,9,3,374,8:30pm,2026-01-29T13:30:00+00:00,2026-01-29T20:30:00+07:00,209K,206K,210K,Asia/Novosibirsk,2026-09-03T07:55:33Z
320,20260130,7,1,203,12:00pm,2026-01-30T05:00:00+00:00,2026-01-30T12:00:00+07:00,-1.3%,-4.5%,-8.5%,Asia/Novosibirsk,2026-09-03T07:55:33Z
321,20260130,5,1,148,1:30pm,2026-01-30T06:30:00+00:00,2026-01-30T13:30:00+07:00,-0.6%,-0.4%,-0.3%,Asia/Novosibirsk,2026-09-03T07:55:33Z
322,20260130,5,1,153,1:30pm,2026-01-30T06:30:00+00:00,2026-01-30T13:30:00+07:00,0.2%,0.2%,0.5%,Asia/Novosibirsk,2026-09-03T07:55:33Z
323,20260130,5,1,178,2:00pm,2026-01-30T07:00:00+00:00,2026-01-30T14:00:00+07:00,-0.1%,-0.4%,0.5%,Asia/Novosibirsk,2026-09-03T07:55:33Z
324,20260130,5,1,160,2:45pm,2026-01-30T07:45:00+00:00,2026-01-30T14:45:00+07:00,-0.1%,0.1%,-0.1%,Asia/Novosibirsk,2026-09-03T07:55:33Z
325,20260130,3,1,226,3:00pm,2026-01-30T08:00:00+00:00,2026-01-30T15:00:00+07:00,102.5,103.1,103.6,Asia/Novosibirsk,2026-09-03T07:55:33Z
326,20260130,5,1,356,3:00pm,2026-01-30T08:00:00+00:00,2026-01-30T15:00:00+07:00,2.4%,2.4%,2.9%,Asia/Novosibirsk,2026-09-03T07:55:33Z
327,20260130,5,1,357,3:00pm,2026-01-30T08:00:00+00:00,2026-01-30T15:00:00+07:00,0.8%,0.6%,0.6%,Asia/Novosibirsk,2026-09-03T07:55:33Z
328,20260130,5,1,185,3:55pm,2026-01-30T08:55:00+00:00,2026-01-30T15:55:00+07:00,0K,4K,3K,Asia/Novosibirsk,2026-09-03T07:55:33Z
329,20260130,5,2,182,4:00pm,2026-01-30T09:00:00+00:00,2026-01-30T16:00:00+07:00,0.3%,0.2%,0.0%,Asia/Novosibirsk,2026-09-03T07:55:33Z
330,20260130,5,1,219,4:00pm,2026-01-30T09:00:00+00:00,2026-01-30T16:00:00+07:00,0.3%,0.2%,0.1%,Asia/Novosibirsk,2026-09-03T07:55:33Z
331,20260130,9,2,306,4:30am,2026-01-29T21:30:00+00:00,2026-01-30T04:30:00+07:00,,,,Asia/Novosibirsk,2026-09-03T07:55:33Z
332,20260130,6,1,235,4:30pm,2026-01-30T09:30:00+00:00,2026-01-30T16:30:00+07:00,0.3%,0.3%,0.8%,Asia/Novosibirsk,2026-09-03T07:55:33Z
333,20260130,6,1,259,4:30pm,2026-01-30T09:30:00+00:00,2026-01-30T16:30:00+07:00,61K,65K,64K,Asia/Novosibirsk,2026-09-03T07:55:33Z
334,20260130,6,1,271,4:30pm,2026-01-30T09:30:00+00:00,2026-01-30T16:30:00+07:00,6.1B,6.1B,6.7B,Asia/Novosibirsk,2026-09-03T07:55:33Z
335,20260130,5,1,217,5:00pm,2026-01-30T10:00:00+00:00,2026-01-30T17:00:00+07:00,5.6%,5.8%,5.6%,Asia/Novosibirsk,2026-09-03T07:55:33Z
336,20260130,5,1,295,5:00pm,2026-01-30T10:00:00+00:00,2026-01-30T17:00:00+07:00,0.3%,0.2%,0.3%,Asia/Novosibirsk,2026-09-03T07:55:33Z
337,20260130,5,1,375,5:00pm,2026-01-30T10:00:00+00:00,2026-01-30T17:00:00+07:00,6.2%,6.3%,6.3%,Asia/Novosibirsk,2026-09-03T07:55:33Z
338,20260130,7,2,367,6:30am,2026-01-29T23:30:00+00:00,2026-01-30T06:30:00+07:00,2.0%,2.2%,2.3%,Asia/Novosibirsk,2026-09-03T07:55:33Z
339,20260130,7,1,299,6:50am,2026-01-29T23:50:00+00:00,2026-01-30T06:50:00+07:00,-0.1%,-0.4%,-2.7%,Asia/Novosibirsk,2026-09-03T07:55:33Z
340,20260130,7,1,334,6:50am,2026-01-29T23:50:00+00:00,2026-01-30T06:50:00+07:00,-0.9%,0.7%,1.1%,Asia/Novosibirsk,2026-09-03T07:55:33Z
341,20260130,1,1,287,7:30am,2026-01-30T00:30:00+00:00,2026-01-30T07:30:00+07:00,0.8%,1.1%,1.0%,Asia/Novosibirsk,2026-09-03T07:55:33Z
342,20260130,1,1,309,7:30am,2026-01-30T00:30:00+00:00,2026-01-30T07:30:00+07:00,0.8%,0.6%,0.6%,Asia/Novosibirsk,2026-09-03T07:55:33Z
343,20260130,9,3,79,8:30pm,2026-01-30T13:30:00+00:00,2026-01-30T20:30:00+07:00,0.7%,0.2%,0.0%,Asia/Novosibirsk,2026-09-03T07:55:33Z
344,20260130,9,3,286,8:30pm,2026-01-30T13:30:00+00:00,2026-01-30T20:30:00+07:00,0.5%,0.2%,0.2%,Asia/Novosibirsk,2026-09-03T07:55:33Z
345,20260130,9,1,60,9:45pm,2026-01-30T14:45:00+00:00,2026-01-30T21:45:00+07:00,54.0,43.5,43.5,Asia/Novosibirsk,2026-09-03T07:55:33Z
346,20260130,5,2,181,All Day,,,0.1%,0.0%,0.0%,Asia/Novosibirsk,2026-09-03T07:55:33Z
347,20260131,9,1,105,5:00am,2026-01-30T22:00:00+00:00,2026-01-31T05:00:00+07:00,,,,Asia/Novosibirsk,2026-09-03T07:55:33Z
348,20260131,4,1,276,8:30am,2026-01-31T01:30:00+00:00,2026-01-31T08:30:00+07:00,49.4,50.3,50.2,Asia/Novosibirsk,2026-09-03T07:55:33Z
349,20260202,1,1,63,12:30pm,2026-02-02T05:30:00+00:00,2026-02-02T12:30:00+07:00,2.6%,,-3.2%,Asia/Novosibirsk,2026-09-03T07:55:33Z
350,20260202,5,1,183,2:00pm,2026-02-02T07:00:00+00:00,2026-02-02T14:00:00+07:00,0.1%,-0.1%,-0.5%,Asia/Novosibirsk,2026-09-03T07:55:33Z
351,20260202,6,1,269,2:00pm,2026-02-02T07:00:00+00:00,2026-02-02T14:00:00+07:00,0.3%,0.3%,-0.4%,Asia/Novosibirsk,2026-09-03T07:55:33Z
352,20260202,3,1,334,2:30pm,2026-02-02T07:30:00+00:00,2026-02-02T14:30:00+07:00,2.9%,2.5%,1.7%,Asia/Novosibirsk,2026-09-03T07:55:33Z
353,20260202,5,1,358,3:15pm,2026-02-02T08:15:00+00:00,2026-02-02T15:15:00+07:00,49.2,49.9,49.6,Asia/Novosibirsk,2026-09-03T07:55:33Z
354,20260202,3,1,249,3:30pm,2026-02-02T08:30:00+00:00,2026-02-02T15:30:00+07:00,48.8,47.2,45.8,Asia/Novosibirsk,2026-09-03T07:55:33Z
355,20260202,5,1,216,3:45pm,2026-02-02T08:45:00+00:00,2026-02-02T15:45:00+07:00,48.1,48.5,47.9,Asia/Novosibirsk,2026-09-03T07:55:33Z
356,20260202,5,1,150,3:50pm,2026-02-02T08:50:00+00:00,2026-02-02T15:50:00+07:00,51.2,51.0,51.0,Asia/Novosibirsk,2026-09-03T07:55:33Z
357,20260202,5,1,173,3:55pm,2026-02-02T08:55:00+00:00,2026-02-02T15:55:00+07:00,49.1,48.7,48.7,Asia/Novosibirsk,2026-09-03T07:55:33Z
358,20260202,5,1,136,4:00pm,2026-02-02T09:00:00+00:00,2026-02-02T16:00:00+07:00,49.5,49.4,49.4,Asia/Novosibirsk,2026-09-03T07:55:33Z
359,20260202,6,1,136,4:30pm,2026-02-02T09:30:00+00:00,2026-02-02T16:30:00+07:00,51.8,51.6,51.6,Asia/Novosibirsk,2026-09-03T07:55:33Z
360,20260202,6,1,239,6:45pm,2026-02-02T11:45:00+00:00,2026-02-02T18:45:00+07:00,,,,Asia/Novosibirsk,2026-09-03T07:55:33Z
361,20260202,1,1,237,7:00am,2026-02-02T00:00:00+00:00,2026-02-02T07:00:00+07:00,0.2%,,1.0%,Asia/Novosibirsk,2026-09-03T07:55:33Z
362,20260202,1,1,9,7:30am,2026-02-02T00:30:00+00:00,2026-02-02T07:30:00+07:00,4.4%,,-0.8%,Asia/Novosibirsk,2026-09-03T07:55:33Z
363,20260202,7,1,136,7:30am,2026-02-02T00:30:00+00:00,2026-02-02T07:30:00+07:00,51.5,51.5,51.5,Asia/Novosibirsk,2026-09-03T07:55:33Z
364,20260202,4,1,330,8:45am,2026-02-02T01:45:00+00:00,2026-02-02T08:45:00+07:00,50.3,50.1,50.1,Asia/Novosibirsk,2026-09-03T07:55:33Z
365,20260202,2,1,249,9:30pm,2026-02-02T14:30:00+00:00,2026-02-02T21:30:00+07:00,50.4,,48.6,Asia/Novosibirsk,2026-09-03T07:55:33Z
366,20260202,9,1,136,9:45pm,2026-02-02T14:45:00+00:00,2026-02-02T21:45:00+07:00,52.4,51.9,51.9,Asia/Novosibirsk,2026-09-03T07:55:33Z
367,20260203,1,3,318,,,,,,,Asia/Novosibirsk,2026-09-03T07:55:33Z
368,20260203,1,3,320,,,,,,,Asia/Novosibirsk,2026-09-03T07:55:33Z
369,20260203,9,1,326,10:01pm,2026-02-03T15:01:00+00:00,2026-02-03T22:01:00+07:00,48.8,47.9,47.2,Asia/Novosibirsk,2026-09-03T07:55:33Z
370,20260203,7,1,2,10:35am,2026-02-03T03:35:00+00:00,2026-02-03T10:35:00+07:00,2.25|3.0,,2.10|3.3,Asia/Novosibirsk,2026-09-03T07:55:33Z
371,20260203,1,3,319,11:30am,2026-02-03T04:30:00+00:00,2026-02-03T11:30:00+07:00,,,,Asia/Novosibirsk,2026-09-03T07:55:33Z
372,20260203,9,1,231,2:00am,2026-02-02T19:00:00+00:00,2026-02-03T02:00:00+07:00,,,,Asia/Novosibirsk,2026-09-03T07:55:33Z
373,20260203,5,1,156,2:45pm,2026-02-03T07:45:00+00:00,2026-02-03T14:45:00+07:00,-124.7B,,-155.4B,Asia/Novosibirsk,2026-09-03T07:55:33Z
374,20260203,5,1,158,2:45pm,2026-02-03T07:45:00+00:00,2026-02-03T14:45:00+07:00,-0.3%,-0.1%,0.1%,Asia/Novosibirsk,2026-09-03T07:55:33Z
375,20260203,5,1,360,3:00pm,2026-02-03T08:00:00+00:00,2026-02-03T15:00:00+07:00,30.4K,13.4K,-16.3K,Asia/Novosibirsk,2026-09-03T07:55:33Z
376,20260203,8,1,43,4:45am,2026-02-02T21:45:00+00:00,2026-02-03T04:45:00+07:00,-4.6%,,2.7%,Asia/Novosibirsk,2026-09-03T07:55:33Z
377,20260203,6,1,2,5:02pm,2026-02-03T10:02:00+00:00,2026-02-03T17:02:00+07:00,4.59|3.6,,4.46|3.3,Asia/Novosibirsk,2026-09-03T07:55:33Z
378,20260203,7,1,254,6:50am,2026-02-02T23:50:00+00:00,2026-02-03T06:50:00+07:00,-9.5%,-10.3%,-9.8%,Asia/Novosibirsk,2026-09-03T07:55:33Z
379,20260203,1,1,42,7:30am,2026-02-03T00:30:00+00:00,2026-02-03T07:30:00+07:00,-14.9%,-6.2%,13.1%,Asia/Novosibirsk,2026-09-03T07:55:33Z
380,20260203,9,1,102,8:00pm,2026-02-03T13:00:00+00:00,2026-02-03T20:00:00+07:00,,,,Asia/Novosibirsk,2026-09-03T07:55:33Z
381,20260203,9,1,105,9:40pm,2026-02-03T14:40:00+00:00,2026-02-03T21:40:00+07:00,,,,Asia/Novosibirsk,2026-09-03T07:55:33Z
382,20260203,9,1,279,All Day,,,14.9M,15.3M,16.0M,Asia/Novosibirsk,2026-09-03T07:55:33Z
383,20260204,5,2,53,,,,1.7%,1.7%,1.9%,Asia/Novosibirsk,2026-09-03T07:55:33Z
384,20260204,9,3,207,10:00pm,2026-02-04T15:00:00+00:00,2026-02-04T22:00:00+07:00,53.8,53.5,54.4,Asia/Novosibirsk,2026-09-03T07:55:33Z
385,20260204,9,1,83,10:30pm,2026-02-04T15:30:00+00:00,2026-02-04T22:30:00+07:00,-3.5M,-2.0M,-2.3M,Asia/Novosibirsk,2026-09-03T07:55:33Z
386,20260204,8,3,375,11:30am,2026-02-04T04:30:00+00:00,2026-02-04T11:30:00+07:00,5.4%,5.3%,5.3%,Asia/Novosibirsk,2026-09-03T07:55:33Z
387,20260204,1,1,312,12:10pm,2026-02-04T05:10:00+00:00,2026-02-04T12:10:00+07:00,,,,Asia/Novosibirsk,2026-09-03T07:55:33Z
388,20260204,5,1,359,3:15pm,2026-02-04T08:15:00+00:00,2026-02-04T15:15:00+07:00,53.5,56.6,57.1,Asia/Novosibirsk,2026-09-03T07:55:33Z
389,20260204,5,1,222,3:45pm,2026-02-04T08:45:00+00:00,2026-02-04T15:45:00+07:00,52.9,51.3,51.5,Asia/Novosibirsk,2026-09-03T07:55:33Z
390,20260204,5,1,152,3:50pm,2026-02-04T08:50:00+00:00,2026-02-04T15:50:00+07:00,48.4,47.9,47.9,Asia/Novosibirsk,2026-09-03T07:55:33Z
391,20260204,5,1,174,3:55pm,2026-02-04T08:55:00+00:00,2026-02-04T15:55:00+07:00,52.4,53.3,53.3,Asia/Novosibirsk,2026-09-03T07:55:33Z
392,20260204,5,1,137,4:00pm,2026-02-04T09:00:00+00:00,2026-02-04T16:00:00+07:00,51.6,51.9,51.9,Asia/Novosibirsk,2026-09-03T07:55:33Z
393,20260204,6,1,137,4:30pm,2026-02-04T09:30:00+00:00,2026-02-04T16:30:00+07:00,54.0,54.2,54.3,Asia/Novosibirsk,2026-09-03T07:55:33Z
394,20260204,8,1,227,4:45am,2026-02-03T21:45:00+00:00,2026-02-04T04:45:00+07:00,0.4%,0.5%,0.5%,Asia/Novosibirsk,2026-09-03T07:55:33Z
395,20260204,5,1,218,5:00pm,2026-02-04T10:00:00+00:00,2026-02-04T17:00:00+07:00,0.4%,0.4%,0.2%,Asia/Novosibirsk,2026-09-03T07:55:33Z
396,20260204,5,1,286,5:00pm,2026-02-04T10:00:00+00:00,2026-02-04T17:00:00+07:00,-0.3%,-0.3%,0.7%,Asia/Novosibirsk,2026-09-03T07:55:33Z
397,20260204,8,1,165,5:56am,2026-02-03T22:56:00+00:00,2026-02-04T05:56:00+07:00,6.7%,,1.5%,Asia/Novosibirsk,2026-09-03T07:55:33Z
398,20260204,8,1,8,7:00am,2026-02-04T00:00:00+00:00,2026-02-04T07:00:00+07:00,2.0%,,-2.1%,Asia/Novosibirsk,2026-09-03T07:55:33Z
399,20260204,9,3,5,8:15pm,2026-02-04T13:15:00+00:00,2026-02-04T20:15:00+07:00,22K,46K,37K,Asia/Novosibirsk,2026-09-03T07:55:33Z
400,20260204,4,1,331,8:45am,2026-02-04T01:45:00+00:00,2026-02-04T08:45:00+07:00,52.3,52.0,52.0,Asia/Novosibirsk,2026-09-03T07:55:33Z
401,20260204,9,1,137,9:45pm,2026-02-04T14:45:00+00:00,2026-02-04T21:45:00+07:00,52.7,52.5,52.5,Asia/Novosibirsk,2026-09-03T07:55:33Z
402,20260205,6,3,247,10:00pm,2026-02-05T15:00:00+00:00,2026-02-05T22:00:00+07:00,0-4-5,0-2-7,0-5-4,Asia/Novosibirsk,2026-09-03T07:55:33Z
403,20260205,6,3,258,10:00pm,2026-02-05T15:00:00+00:00,2026-02-05T22:00:00+07:00,,,,Asia/Novosibirsk,2026-09-03T07:55:33Z
404,20260205,6,3,277,10:00pm,2026-02-05T15:00:00+00:00,2026-02-05T22:00:00+07:00,3.75%,3.75%,3.75%,Asia/Novosibirsk,2026-09-03T07:55:33Z
405,20260205,9,3,225,10:00pm,2026-02-05T15:00:00+00:00,2026-02-05T22:00:00+07:00,6.54M,7.25M,6.93M,Asia/Novosibirsk,2026-09-03T07:55:33Z
406,20260205,9,1,270,10:30pm,2026-02-05T15:30:00+00:00,2026-02-05T22:30:00+07:00,-360B,-379B,-242B,Asia/Novosibirsk,2026-09-03T07:55:33Z
407,20260205,7,1,3,10:35am,2026-02-05T03:35:00+00:00,2026-02-05T10:35:00+07:00,3.62|3.6,,3.45|3.1,Asia/Novosibirsk,2026-09-03T07:55:33Z
408,20260205,9,1,104,10:50pm,2026-02-05T15:50:00+00:00,2026-02-05T22:50:00+07:00,,,,Asia/Novosibirsk,2026-09-03T07:55:33Z
409,20260205,5,1,170,2:00pm,2026-02-05T07:00:00+00:00,2026-02-05T14:00:00+07:00,7.8%,-1.8%,5.7%,Asia/Novosibirsk,2026-09-03T07:55:33Z
410,20260205,5,1,157,2:45pm,2026-02-05T07:45:00+00:00,2026-02-05T14:45:00+07:00,-0.7%,0.2%,0.1%,Asia/Novosibirsk,2026-09-03T07:55:33Z
411,20260205,5,1,221,4:00pm,2026-02-05T09:00:00+00:00,2026-02-05T16:00:00+07:00,-0.8%,-0.4%,0.5%,Asia/Novosibirsk,2026-09-03T07:55:33Z
412,20260205,6,1,67,4:30pm,2026-02-05T09:30:00+00:00,2026-02-05T16:30:00+07:00,46.4,42.2,40.1,Asia/Novosibirsk,2026-09-03T07:55:33Z
413,20260205,5,1,355,4:43pm,2026-02-05T09:43:00+00:00,2026-02-05T16:43:00+07:00,3.22|2.4,,3.20|1.9,Asia/Novosibirsk,2026-09-03T07:55:33Z
414,20260205,5,1,332,5:00pm,2026-02-05T10:00:00+00:00,2026-02-05T17:00:00+07:00,-0.5%,-0.2%,0.1%,Asia/Novosibirsk,2026-09-03T07:55:33Z
415,20260205,5,1,147,5:01pm,2026-02-05T10:01:00+00:00,2026-02-05T17:01:00+07:00,3.45|2.4,,3.53|2.0,Asia/Novosibirsk,2026-09-03T07:55:33Z
416,20260205,1,1,190,7:30am,2026-02-05T00:30:00+00:00,2026-02-05T07:30:00+07:00,3.37B,3.42B,2.60B,Asia/Novosibirsk,2026-09-03T07:55:33Z
417,20260205,6,3,26,7:30pm,2026-02-05T12:30:00+00:00,2026-02-05T19:30:00+07:00,,,,Asia/Novosibirsk,2026-09-03T07:55:33Z
418,20260205,9,1,59,7:30pm,2026-02-05T12:30:00+00:00,2026-02-05T19:30:00+07:00,117.8%,,-8.3%,Asia/Novosibirsk,2026-09-03T07:55:33Z
419,20260205,5,3,248,8:15pm,2026-02-05T13:15:00+00:00,2026-02-05T20:15:00+07:00,2.15%,2.15%,2.15%,Asia/Novosibirsk,2026-09-03T07:55:33Z
420,20260205,5,3,257,8:15pm,2026-02-05T13:15:00+00:00,2026-02-05T20:15:00+07:00,,,,Asia/Novosibirsk,2026-09-03T07:55:33Z
421,20260205,9,3,374,8:30pm,2026-02-05T13:30:00+00:00,2026-02-05T20:30:00+07:00,231K,212K,209K,Asia/Novosibirsk,2026-09-03T07:55:33Z
422,20260205,5,3,90,8:45pm,2026-02-05T13:45:00+00:00,2026-02-05T20:45:00+07:00,,,,Asia/Novosibirsk,2026-09-03T07:55:33Z
423,20260206,2,2,224,10:00pm,2026-02-06T15:00:00+00:00,2026-02-06T22:00:00+07:00,50.9,49.7,51.9,Asia/Novosibirsk,2026-09-03T07:55:33Z
424,20260206,9,3,303,10:00pm,2026-02-06T15:00:00+00:00,2026-02-06T22:00:00+07:00,57.3,55.0,56.4,Asia/Novosibirsk,2026-09-03T07:55:33Z
425,20260206,9,3,304,10:00pm,2026-02-06T15:00:00+00:00,2026-02-06T22:00:00+07:00,3.5%,,4.0%,Asia/Novosibirsk,2026-09-03T07:55:33Z
426,20260206,7,1,229,12:00pm,2026-02-06T05:00:00+00:00,2026-02-06T12:00:00+07:00,110.2%,109.8%,109.9%,Asia/Novosibirsk,2026-09-03T07:55:33Z
427,20260206,5,1,179,2:00pm,2026-02-06T07:00:00+00:00,2026-02-06T14:00:00+07:00,-1.9%,-0.2%,0.2%,Asia/Novosibirsk,2026-09-03T07:55:33Z
428,20260206,5,1,184,2:00pm,2026-02-06T07:00:00+00:00,2026-02-06T14:00:00+07:00,17.1B,14.1B,13.6B,Asia/Novosibirsk,2026-09-03T07:55:33Z
429,20260206,6,1,230,2:00pm,2026-02-06T07:00:00+00:00,2026-02-06T14:00:00+07:00,0.7%,0.1%,-0.5%,Asia/Novosibirsk,2026-09-03T07:55:33Z
430,20260206,5,1,161,2:45pm,2026-02-06T07:45:00+00:00,2026-02-06T14:45:00+07:00,-4.8B,-3.8B,-4.0B,Asia/Novosibirsk,2026-09-03T07:55:33Z
431,20260206,3,1,144,3:00pm,2026-02-06T08:00:00+00:00,2026-02-06T15:00:00+07:00,712B,,725B,Asia/Novosibirsk,2026-09-03T07:55:33Z
432,20260206,3,1,375,3:00pm,2026-02-06T08:00:00+00:00,2026-02-06T15:00:00+07:00,2.9%,3.0%,3.0%,Asia/Novosibirsk,2026-09-03T07:55:33Z
433,20260206,1,3,317,5:30am,2026-02-05T22:30:00+00:00,2026-02-06T05:30:00+07:00,,,,Asia/Novosibirsk,2026-09-03T07:55:33Z
434,20260206,6,1,244,7:00pm,2026-02-06T12:00:00+00:00,2026-02-06T19:00:00+07:00,,,,Asia/Novosibirsk,2026-09-03T07:55:33Z
435,20260206,2,3,95,8:30pm,2026-02-06T13:30:00+00:00,2026-02-06T20:30:00+07:00,-24.8K,5.2K,8.2K,Asia/Novosibirsk,2026-09-03T07:55:33Z
436,20260206,2,3,375,8:30pm,2026-02-06T13:30:00+00:00,2026-02-06T20:30:00+07:00,6.5%,6.8%,6.8%,Asia/Novosibirsk,2026-09-03T07:55:33Z
437,20260207,9,1,71,3:00am,2026-02-06T20:00:00+00:00,2026-02-07T03:00:00+07:00,24.0B,9.0B,4.7B,Asia/Novosibirsk,2026-09-03T07:55:33Z
438,20260209,5,1,169,11:00pm,2026-02-09T16:00:00+00:00,2026-02-09T23:00:00+07:00,,,,Asia/Novosibirsk,2026-09-03T07:55:33Z
439,20260209,7,1,93,12:00pm,2026-02-09T05:00:00+00:00,2026-02-09T12:00:00+07:00,47.6,49.1,48.6,Asia/Novosibirsk,2026-09-03T07:55:33Z
440,20260209,3,1,345,3:00pm,2026-02-09T08:00:00+00:00,2026-02-09T15:00:00+07:00,-30,-30,-31,Asia/Novosibirsk,2026-09-03T07:55:33Z
441,20260209,5,1,354,4:30pm,2026-02-09T09:30:00+00:00,2026-02-09T16:30:00+07:00,4.2,-0.2,-1.8,Asia/Novosibirsk,2026-09-03T07:55:33Z
442,20260209,7,1,38,6:50am,2026-02-08T23:50:00+00:00,2026-02-09T06:50:00+07:00,4.5%,4.5%,4.3%,Asia/Novosibirsk,2026-09-03T07:55:33Z
443,20260209,7,1,84,6:50am,2026-02-08T23:50:00+00:00,2026-02-09T06:50:00+07:00,2.70T,2.95T,3.14T,Asia/Novosibirsk,2026-09-03T07:55:33Z
444,20260209,1,1,199,7:30am,2026-02-09T00:30:00+00:00,2026-02-09T07:30:00+07:00,-0.4%,0.2%,1.0%,Asia/Novosibirsk,2026-09-03T07:55:33Z
445,20260210,9,1,46,10:00pm,2026-02-10T15:00:00+00:00,2026-02-10T22:00:00+07:00,0.1%,0.2%,0.2%,Asia/Novosibirsk,2026-09-03T07:55:33Z
446,20260210,9,3,332,10:00pm,2026-02-10T15:00:00+00:00,2026-02-10T22:00:00+07:00,0.0%,0.4%,0.6%,Asia/Novosibirsk,2026-09-03T07:55:33Z
447,20260210,7,1,300,1:00pm,2026-02-10T06:00:00+00:00,2026-02-10T13:00:00+07:00,25.3%,,10.9%,Asia/Novosibirsk,2026-09-03T07:55:33Z
448,20260210,6,1,243,2:30am,2026-02-09T19:30:00+00:00,2026-02-10T02:30:00+07:00,,,,Asia/Novosibirsk,2026-09-03T07:55:33Z
449,20260210,9,1,114,2:30am,2026-02-09T19:30:00+00:00,2026-02-10T02:30:00+07:00,,,,Asia/Novosibirsk,2026-09-03T07:55:33Z
450,20260210,9,1,104,3:15am,2026-02-09T20:15:00+00:00,2026-02-10T03:15:00+07:00,,,,Asia/Novosibirsk,2026-09-03T07:55:33Z
451,20260210,9,1,114,5:00am,2026-02-09T22:00:00+00:00,2026-02-10T05:00:00+07:00,,,,Asia/Novosibirsk,2026-09-03T07:55:33Z
452,20260210,6,1,243,5:15am,2026-02-09T22:15:00+00:00,2026-02-10T05:15:00+07:00,,,,Asia/Novosibirsk,2026-09-03T07:55:33Z
453,20260210,9,1,265,6:00pm,2026-02-10T11:00:00+00:00,2026-02-10T18:00:00+07:00,99.3,99.8,99.5,Asia/Novosibirsk,2026-09-03T07:55:33Z
454,20260210,1,1,377,6:30am,2026-02-09T23:30:00+00:00,2026-02-10T06:30:00+07:00,-2.6%,,-1.7%,Asia/Novosibirsk,2026-09-03T07:55:33Z
455,20260210,7,1,232,6:50am,2026-02-09T23:50:00+00:00,2026-02-10T06:50:00+07:00,1.6%,1.7%,1.7%,Asia/Novosibirsk,2026-09-03T07:55:33Z
456,20260210,6,1,35,7:01am,2026-02-10T00:01:00+00:00,2026-02-10T07:01:00+07:00,2.3%,1.3%,1.0%,Asia/Novosibirsk,2026-09-03T07:55:33Z
457,20260210,1,1,261,7:30am,2026-02-10T00:30:00+00:00,2026-02-10T07:30:00+07:00,3,,2,Asia/Novosibirsk,2026-09-03T07:55:33Z
458,20260210,9,1,6,8:15pm,2026-02-10T13:15:00+00:00,2026-02-10T20:15:00+07:00,6.5K,,5.0K,Asia/Novosibirsk,2026-09-03T07:55:33Z
459,20260210,9,2,96,8:30pm,2026-02-10T13:30:00+00:00,2026-02-10T20:30:00+07:00,0.7%,0.8%,0.8%,Asia/Novosibirsk,2026-09-03T07:55:33Z
460,20260210,9,1,208,8:30pm,2026-02-10T13:30:00+00:00,2026-02-10T20:30:00+07:00,0.1%,0.1%,0.4%,Asia/Novosibirsk,2026-09-03T07:55:33Z
461,20260210,9,1,6,Jan 10th,,,3.8K,,8.3K,Asia/Novosibirsk,2026-09-03T07:55:33Z
462,20260210,9,1,6,Jan 17th,,,5.0K,,3.8K,Asia/Novosibirsk,2026-09-03T07:55:33Z
463,20260211,9,1,117,10:00pm,2026-02-11T15:00:00+00:00,2026-02-11T22:00:00+07:00,,,,Asia/Novosibirsk,2026-09-03T07:55:33Z
464,20260211,9,3,275,10:00pm,2026-02-11T15:00:00+00:00,2026-02-11T22:00:00+07:00,130K,66K,48K,Asia/Novosibirsk,2026-09-03T07:55:33Z
465,20260211,9,3,375,10:00pm,2026-02-11T15:00:00+00:00,2026-02-11T22:00:00+07:00,4.3%,4.4%,4.4%,Asia/Novosibirsk,2026-09-03T07:55:33Z
466,20260211,9,1,105,10:15pm,2026-02-11T15:15:00+00:00,2026-02-11T22:15:00+07:00,,,,Asia/Novosibirsk,2026-09-03T07:55:33Z
467,20260211,9,1,83,10:30pm,2026-02-11T15:30:00+00:00,2026-02-11T22:30:00+07:00,8.5M,-0.2M,-3.5M,Asia/Novosibirsk,2026-09-03T07:55:33Z
468,20260211,9,1,113,1:00am,2026-02-10T18:00:00+00:00,2026-02-11T01:00:00+07:00,,,,Asia/Novosibirsk,2026-09-03T07:55:33Z
469,20260211,5,1,215,4:00pm,2026-02-11T09:00:00+00:00,2026-02-11T16:00:00+07:00,-0.4%,-0.6%,1.5%,Asia/Novosibirsk,2026-09-03T07:55:33Z
470,20260211,9,1,10,4:30am,2026-02-10T21:30:00+00:00,2026-02-11T04:30:00+07:00,,,,Asia/Novosibirsk,2026-09-03T07:55:33Z
471,20260211,5,1,167,5:33pm,2026-02-11T10:33:00+00:00,2026-02-11T17:33:00+07:00,3.47|1.6,,3.49|2.4,Asia/Novosibirsk,2026-09-03T07:55:33Z
472,20260211,1,1,315,8:30am,2026-02-11T01:30:00+00:00,2026-02-11T08:30:00+07:00,,,,Asia/Novosibirsk,2026-09-03T07:55:33Z
473,20260211,2,1,45,8:30pm,2026-02-11T13:30:00+00:00,2026-02-11T20:30:00+07:00,6.8%,4.9%,-13.2%,Asia/Novosibirsk,2026-09-03T07:55:33Z
474,20260211,4,2,288,8:30pm,2026-02-11T13:30:00+00:00,2026-02-11T20:30:00+07:00,-1.4%,-1.5%,-1.9%,Asia/Novosibirsk,2026-09-03T07:55:33Z
475,20260212,9,1,99,10:00pm,2026-02-12T15:00:00+00:00,2026-02-12T22:00:00+07:00,3.91M,4.16M,4.27M,Asia/Novosibirsk,2026-09-03T07:55:33Z
476,20260212,1,1,50,10:30pm,2026-02-12T15:30:00+00:00,2026-02-12T22:30:00+07:00,0.3%,,0.3%,Asia/Novosibirsk,2026-09-03T07:55:33Z
477,20260212,9,1,270,10:30pm,2026-02-12T15:30:00+00:00,2026-02-12T22:30:00+07:00,-249B,-256B,-360B,Asia/Novosibirsk,2026-09-03T07:55:33Z
478,20260212,1,1,311,11:45am,2026-02-12T04:45:00+00:00,2026-02-12T11:45:00+07:00,,,,Asia/Novosibirsk,2026-09-03T07:55:33Z
479,20260212,2,1,23,1:30am,2026-02-11T18:30:00+00:00,2026-02-12T01:30:00+07:00,,,,Asia/Novosibirsk,2026-09-03T07:55:33Z
480,20260212,9,1,129,2:00am,2026-02-11T19:00:00+00:00,2026-02-12T02:00:00+07:00,-94.6B,-94.6B,-144.7B,Asia/Novosibirsk,2026-09-03T07:55:33Z
481,20260212,6,1,66,2:00pm,2026-02-12T07:00:00+00:00,2026-02-12T14:00:00+07:00,-0.5%,0.5%,-0.8%,Asia/Novosibirsk,2026-09-03T07:55:33Z
482,20260212,6,1,190,2:00pm,2026-02-12T07:00:00+00:00,2026-02-12T14:00:00+07:00,-22.7B,-22.3B,-23.6B,Asia/Novosibirsk,2026-09-03T07:55:33Z
483,20260212,6,1,210,2:00pm,2026-02-12T07:00:00+00:00,2026-02-12T14:00:00+07:00,0.0%,0.2%,0.0%,Asia/Novosibirsk,2026-09-03T07:55:33Z
484,20260212,6,1,211,2:00pm,2026-02-12T07:00:00+00:00,2026-02-12T14:00:00+07:00,-0.9%,-0.1%,1.3%,Asia/Novosibirsk,2026-09-03T07:55:33Z
485,20260212,6,1,250,2:00pm,2026-02-12T07:00:00+00:00,2026-02-12T14:00:00+07:00,-0.5%,-0.2%,1.9%,Asia/Novosibirsk,2026-09-03T07:55:33Z
486,20260212,6,1,294,2:00pm,2026-02-12T07:00:00+00:00,2026-02-12T14:00:00+07:00,-2.7%,-0.5%,1.5%,Asia/Novosibirsk,2026-09-03T07:55:33Z
487,20260212,9,1,110,4:00am,2026-02-11T21:00:00+00:00,2026-02-12T04:00:00+07:00,,,,Asia/Novosibirsk,2026-09-03T07:55:33Z
488,20260212,7,1,288,6:50am,2026-02-11T23:50:00+00:00,2026-02-12T06:50:00+07:00,2.3%,2.3%,2.4%,Asia/Novosibirsk,2026-09-03T07:55:33Z
489,20260212,1,1,236,7:00am,2026-02-12T00:00:00+00:00,2026-02-12T07:00:00+07:00,5.0%,,4.6%,Asia/Novosibirsk,2026-09-03T07:55:33Z
490,20260212,6,1,327,7:01am,2026-02-12T00:01:00+00:00,2026-02-12T07:01:00+07:00,-10%,-11%,-13%,Asia/Novosibirsk,2026-09-03T07:55:33Z
491,20260212,9,3,374,8:30pm,2026-02-12T13:30:00+00:00,2026-02-12T20:30:00+07:00,227K,222K,232K,Asia/Novosibirsk,2026-09-03T07:55:33Z
492,20260212,2,1,195,8:45pm,2026-02-12T13:45:00+00:00,2026-02-12T20:45:00+07:00,,,,Asia/Novosibirsk,2026-09-03T07:55:33Z
493,20260212,6,1,50,9:30pm,2026-02-12T14:30:00+00:00,2026-02-12T21:30:00+07:00,0.0%,,-0.1%,Asia/Novosibirsk,2026-09-03T07:55:33Z
494,20260213,9,1,3,1:01am,2026-02-12T18:01:00+00:00,2026-02-13T01:01:00+07:00,4.75|2.7,,4.83|2.4,Asia/Novosibirsk,2026-09-03T07:55:33Z
495,20260213,5,1,186,2:00pm,2026-02-13T07:00:00+00:00,2026-02-13T14:00:00+07:00,0.9%,0.1%,-0.2%,Asia/Novosibirsk,2026-09-03T07:55:33Z
496,20260213,5,1,169,3:30am,2026-02-12T20:30:00+00:00,2026-02-13T03:30:00+07:00,,,,Asia/Novosibirsk,2026-09-03T07:55:33Z
497,20260213,4,1,233,4:03pm,2026-02-13T09:03:00+00:00,2026-02-13T16:03:00+07:00,9.0%,8.3%,8.5%,Asia/Novosibirsk,2026-09-03T07:55:33Z
498,20260213,4,1,274,4:03pm,2026-02-13T09:03:00+00:00,2026-02-13T16:03:00+07:00,4710B,5000B,910B,Asia/Novosibirsk,2026-09-03T07:55:33Z
499,20260213,8,1,47,4:30am,2026-02-12T21:30:00+00:00,2026-02-13T04:30:00+07:00,55.2,,56.1,Asia/Novosibirsk,2026-09-03T07:55:33Z
500,20260213,8,1,376,4:45am,2026-02-12T21:45:00+00:00,2026-02-13T04:45:00+07:00,1.7%,,0.8%,Asia/Novosibirsk,2026-09-03T07:55:33Z
501,20260213,5,1,140,5:00pm,2026-02-13T10:00:00+00:00,2026-02-13T17:00:00+07:00,0.2%,0.1%,0.2%,Asia/Novosibirsk,2026-09-03T07:55:33Z
502,20260213,5,1,141,5:00pm,2026-02-13T10:00:00+00:00,2026-02-13T17:00:00+07:00,0.3%,0.3%,0.3%,Asia/Novosibirsk,2026-09-03T07:55:33Z
503,20260213,5,1,368,5:00pm,2026-02-13T10:00:00+00:00,2026-02-13T17:00:00+07:00,11.6B,11.8B,10.2B,Asia/Novosibirsk,2026-09-03T07:55:33Z
504,20260213,9,1,113,7:00am,2026-02-13T00:00:00+00:00,2026-02-13T07:00:00+07:00,,,,Asia/Novosibirsk,2026-09-03T07:55:33Z
505,20260213,6,1,244,7:00pm,2026-02-13T12:00:00+00:00,2026-02-13T19:00:00+07:00,,,,Asia/Novosibirsk,2026-09-03T07:55:33Z
506,20260213,9,1,114,7:05am,2026-02-13T00:05:00+00:00,2026-02-13T07:05:00+07:00,,,,Asia/Novosibirsk,2026-09-03T07:55:33Z
507,20260213,4,1,272,8:30am,2026-02-13T01:30:00+00:00,2026-02-13T08:30:00+07:00,-0.37%,,-0.37%,Asia/Novosibirsk,2026-09-03T07:55:33Z
508,20260213,9,3,54,8:30pm,2026-02-13T13:30:00+00:00,2026-02-13T20:30:00+07:00,0.2%,0.3%,0.3%,Asia/Novosibirsk,2026-09-03T07:55:33Z
509,20260213,9,3,55,8:30pm,2026-02-13T13:30:00+00:00,2026-02-13T20:30:00+07:00,2.4%,2.5%,2.7%,Asia/Novosibirsk,2026-09-03T07:55:33Z
510,20260213,9,3,74,8:30pm,2026-02-13T13:30:00+00:00,2026-02-13T20:30:00+07:00,0.3%,0.3%,0.2%,Asia/Novosibirsk,2026-09-03T07:55:33Z
511,20260213,9,3,75,8:30pm,2026-02-13T13:30:00+00:00,2026-02-13T20:30:00+07:00,2.5%,2.5%,2.6%,Asia/Novosibirsk,2026-09-03T07:55:33Z
512,20260213,8,1,213,9:00am,2026-02-13T02:00:00+00:00,2026-02-13T09:00:00+07:00,2.37%,,2.28%,Asia/Novosibirsk,2026-09-03T07:55:33Z
513,20260216,7,1,337,11:30am,2026-02-16T04:30:00+00:00,2026-02-16T11:30:00+07:00,-0.1%,-0.1%,-0.1%,Asia/Novosibirsk,2026-09-03T07:55:33Z
514,20260216,5,1,211,5:00pm,2026-02-16T10:00:00+00:00,2026-02-16T17:00:00+07:00,-1.4%,-1.5%,0.3%,Asia/Novosibirsk,2026-09-03T07:55:33Z
515,20260216,7,1,297,6:50am,2026-02-15T23:50:00+00:00,2026-02-16T06:50:00+07:00,3.4%,3.2%,3.4%,Asia/Novosibirsk,2026-09-03T07:55:33Z
516,20260216,7,1,298,6:50am,2026-02-15T23:50:00+00:00,2026-02-16T06:50:00+07:00,0.1%,0.4%,-0.6%,Asia/Novosibirsk,2026-09-03T07:55:33Z
517,20260216,6,1,343,7:01am,2026-02-16T00:01:00+00:00,2026-02-16T07:01:00+07:00,0.0%,,2.8%,Asia/Novosibirsk,2026-09-03T07:55:33Z
518,20260216,2,1,202,8:15pm,2026-02-16T13:15:00+00:00,2026-02-16T20:15:00+07:00,238K,266K,281K,Asia/Novosibirsk,2026-09-03T07:55:33Z
519,20260216,9,1,105,8:25pm,2026-02-16T13:25:00+00:00,2026-02-16T20:25:00+07:00,,,,Asia/Novosibirsk,2026-09-03T07:55:33Z
520,20260216,2,1,251,8:30pm,2026-02-16T13:30:00+00:00,2026-02-16T20:30:00+07:00,0.6%,0.5%,-1.3%,Asia/Novosibirsk,2026-09-03T07:55:33Z
521,20260216,5,1,98,All Day,,,,,,Asia/Novosibirsk,2026-09-03T07:55:33Z
522,20260217,9,1,263,10:00pm,2026-02-17T15:00:00+00:00,2026-02-17T22:00:00+07:00,36,38,37,Asia/Novosibirsk,2026-09-03T07:55:33Z
523,20260217,8,1,165,11:16pm,2026-02-17T16:16:00+00:00,2026-02-17T23:16:00+07:00,3.6%,,6.7%,Asia/Novosibirsk,2026-09-03T07:55:33Z
524,20260217,7,1,366,11:30am,2026-02-17T04:30:00+00:00,2026-02-17T11:30:00+07:00,-0.5%,-0.3%,-0.4%,Asia/Novosibirsk,2026-09-03T07:55:33Z
525,20260217,5,1,171,2:00pm,2026-02-17T07:00:00+00:00,2026-02-17T14:00:00+07:00,0.1%,0.1%,0.1%,Asia/Novosibirsk,2026-09-03T07:55:33Z
526,20260217,6,1,375,2:00pm,2026-02-17T07:00:00+00:00,2026-02-17T14:00:00+07:00,5.2%,5.2%,5.1%,Asia/Novosibirsk,2026-09-03T07:55:33Z
527,20260217,5,1,223,4:00pm,2026-02-17T09:00:00+00:00,2026-02-17T16:00:00+07:00,6.04B,4.75B,5.06B,Asia/Novosibirsk,2026-09-03T07:55:33Z
528,20260217,8,1,124,4:45am,2026-02-16T21:45:00+00:00,2026-02-17T04:45:00+07:00,2.1%,,-0.3%,Asia/Novosibirsk,2026-09-03T07:55:33Z
529,20260217,5,1,187,5:00pm,2026-02-17T10:00:00+00:00,2026-02-17T17:00:00+07:00,58.3,65.8,59.6,Asia/Novosibirsk,2026-09-03T07:55:33Z
530,20260217,5,1,379,5:00pm,2026-02-17T10:00:00+00:00,2026-02-17T17:00:00+07:00,39.4,45.7,40.8,Asia/Novosibirsk,2026-09-03T07:55:33Z
531,20260217,1,1,255,7:30am,2026-02-17T00:30:00+00:00,2026-02-17T07:30:00+07:00,,,,Asia/Novosibirsk,2026-09-03T07:55:33Z
532,20260217,9,1,6,8:15pm,2026-02-17T13:15:00+00:00,2026-02-17T20:15:00+07:00,10.3K,,7.8K,Asia/Novosibirsk,2026-09-03T07:55:33Z
533,20260217,2,3,54,8:30pm,2026-02-17T13:30:00+00:00,2026-02-17T20:30:00+07:00,0.0%,0.1%,-0.2%,Asia/Novosibirsk,2026-09-03T07:55:33Z
534,20260217,2,2,64,8:30pm,2026-02-17T13:30:00+00:00,2026-02-17T20:30:00+07:00,2.7%,2.7%,2.8%,Asia/Novosibirsk,2026-09-03T07:55:33Z
535,20260217,2,1,146,8:30pm,2026-02-17T13:30:00+00:00,2026-02-17T20:30:00+07:00,-5.57B,14.27B,15.96B,Asia/Novosibirsk,2026-09-03T07:55:33Z
536,20260217,2,3,253,8:30pm,2026-02-17T13:30:00+00:00,2026-02-17T20:30:00+07:00,2.5%,2.5%,2.6%,Asia/Novosibirsk,2026-09-03T07:55:33Z
537,20260217,2,3,370,8:30pm,2026-02-17T13:30:00+00:00,2026-02-17T20:30:00+07:00,2.4%,2.6%,2.7%,Asia/Novosibirsk,2026-09-03T07:55:33Z
538,20260217,2,1,378,8:30pm,2026-02-17T13:30:00+00:00,2026-02-17T20:30:00+07:00,2.0%,2.0%,-1.8%,Asia/Novosibirsk,2026-09-03T07:55:33Z
539,20260217,9,2,94,8:30pm,2026-02-17T13:30:00+00:00,2026-02-17T20:30:00+07:00,7.1,6.4,7.7,Asia/Novosibirsk,2026-09-03T07:55:33Z
540,20260217,2,1,74,8:32pm,2026-02-17T13:32:00+00:00,2026-02-17T20:32:00+07:00,0.2%,,-0.4%,Asia/Novosibirsk,2026-09-03T07:55:33Z
541,20260217,9,1,62,9:45pm,2026-02-17T14:45:00+00:00,2026-02-17T21:45:00+07:00,3.1%,,3.3%,Asia/Novosibirsk,2026-09-03T07:55:33Z
542,20260217,5,1,91,All Day,,,,,,Asia/Novosibirsk,2026-09-03T07:55:33Z
543,20260218,6,3,55,2:00pm,2026-02-18T07:00:00+00:00,2026-02-18T14:00:00+07:00,3.0%,3.0%,3.4%,Asia/Novosibirsk,2026-09-03T07:55:33Z
544,20260218,6,1,75,2:00pm,2026-02-18T07:00:00+00:00,2026-02-18T14:00:00+07:00,3.1%,3.0%,3.2%,Asia/Novosibirsk,2026-09-03T07:55:33Z
545,20260218,6,1,282,2:00pm,2026-02-18T07:00:00+00:00,2026-02-18T14:00:00+07:00,0.4%,0.4%,-0.5%,Asia/Novosibirsk,2026-09-03T07:55:33Z
546,20260218,6,1,284,2:00pm,2026-02-18T07:00:00+00:00,2026-02-18T14:00:00+07:00,0.0%,0.2%,-0.1%,Asia/Novosibirsk,2026-09-03T07:55:33Z
547,20260218,6,1,329,2:00pm,2026-02-18T07:00:00+00:00,2026-02-18T14:00:00+07:00,3.8%,3.8%,4.2%,Asia/Novosibirsk,2026-09-03T07:55:33Z
548,20260218,9,1,108,2:30am,2026-02-17T19:30:00+00:00,2026-02-18T02:30:00+07:00,,,,Asia/Novosibirsk,2026-09-03T07:55:33Z
549,20260218,5,1,149,2:45pm,2026-02-18T07:45:00+00:00,2026-02-18T14:45:00+07:00,-0.3%,-0.3%,-0.3%,Asia/Novosibirsk,2026-09-03T07:55:33Z
550,20260218,6,1,198,4:30pm,2026-02-18T09:30:00+00:00,2026-02-18T16:30:00+07:00,2.4%,1.8%,2.8%,Asia/Novosibirsk,2026-09-03T07:55:33Z
551,20260218,8,1,283,4:45am,2026-02-17T21:45:00+00:00,2026-02-18T04:45:00+07:00,-0.5%,0.4%,0.2%,Asia/Novosibirsk,2026-09-03T07:55:33Z
552,20260218,8,1,285,4:45am,2026-02-17T21:45:00+00:00,2026-02-18T04:45:00+07:00,0.1%,0.6%,0.6%,Asia/Novosibirsk,2026-09-03T07:55:33Z
553,20260218,5,1,166,5:32pm,2026-02-18T10:32:00+00:00,2026-02-18T17:32:00+07:00,2.73|1.5,,2.85|1.7,Asia/Novosibirsk,2026-09-03T07:55:33Z
554,20260218,1,1,238,6:30am,2026-02-17T23:30:00+00:00,2026-02-18T06:30:00+07:00,-0.1%,,0.1%,Asia/Novosibirsk,2026-09-03T07:55:33Z
555,20260218,7,1,368,6:50am,2026-02-17T23:50:00+00:00,2026-02-18T06:50:00+07:00,0.46T,-0.18T,-0.06T,Asia/Novosibirsk,2026-09-03T07:55:33Z
556,20260218,8,3,323,8:30pm,2026-02-18T13:30:00+00:00,2026-02-18T20:30:00+07:00,,,,Asia/Novosibirsk,2026-09-03T07:55:33Z
557,20260218,8,3,325,8:30pm,2026-02-18T13:30:00+00:00,2026-02-18T20:30:00+07:00,,,,Asia/Novosibirsk,2026-09-03T07:55:33Z
558,20260218,9,1,44,8:30pm,2026-02-18T13:30:00+00:00,2026-02-18T20:30:00+07:00,1.45M,1.40M,1.39M,Asia/Novosibirsk,2026-09-03T07:55:33Z
559,20260218,9,2,76,8:30pm,2026-02-18T13:30:00+00:00,2026-02-18T20:30:00+07:00,0.9%,0.3%,0.4%,Asia/Novosibirsk,2026-09-03T07:55:33Z
560,20260218,9,2,85,8:30pm,2026-02-18T13:30:00+00:00,2026-02-18T20:30:00+07:00,-1.4%,-1.8%,5.4%,Asia/Novosibirsk,2026-09-03T07:55:33Z
561,20260218,9,1,202,8:30pm,2026-02-18T13:30:00+00:00,2026-02-18T20:30:00+07:00,1.40M,1.31M,1.32M,Asia/Novosibirsk,2026-09-03T07:55:33Z
562,20260218,8,3,324,9:00am,2026-02-18T02:00:00+00:00,2026-02-18T09:00:00+07:00,,,,Asia/Novosibirsk,2026-09-03T07:55:33Z
563,20260218,9,1,56,9:15pm,2026-02-18T14:15:00+00:00,2026-02-18T21:15:00+07:00,76.2%,76.6%,75.7%,Asia/Novosibirsk,2026-09-03T07:55:33Z
564,20260218,9,1,211,9:15pm,2026-02-18T14:15:00+00:00,2026-02-18T21:15:00+07:00,0.7%,0.4%,0.2%,Asia/Novosibirsk,2026-09-03T07:55:33Z
565,20260218,9,1,44,Nov Data,,,1.39M,,1.41M,Asia/Novosibirsk,2026-09-03T07:55:33Z
566,20260218,9,1,202,Nov Data,,,1.32M,,1.27M,Asia/Novosibirsk,2026-09-03T07:55:33Z
567,20260219,9,1,50,10:00pm,2026-02-19T15:00:00+00:00,2026-02-19T22:00:00+07:00,-0.2%,-0.2%,-0.3%,Asia/Novosibirsk,2026-09-03T07:55:33Z
568,20260219,9,2,289,10:00pm,2026-02-19T15:00:00+00:00,2026-02-19T22:00:00+07:00,-0.8%,1.4%,-7.4%,Asia/Novosibirsk,2026-09-03T07:55:33Z
569,20260219,5,1,70,10:10pm,2026-02-19T15:10:00+00:00,2026-02-19T22:10:00+07:00,-12,-12,-12,Asia/Novosibirsk,2026-09-03T07:55:33Z
570,20260219,9,1,109,10:30pm,2026-02-19T15:30:00+00:00,2026-02-19T22:30:00+07:00,,,,Asia/Novosibirsk,2026-09-03T07:55:33Z
571,20260219,9,1,270,10:30pm,2026-02-19T15:30:00+00:00,2026-02-19T22:30:00+07:00,-144B,-148B,-249B,Asia/Novosibirsk,2026-09-03T07:55:33Z
572,20260219,8,3,322,2:10am,2026-02-18T19:10:00+00:00,2026-02-19T02:10:00+07:00,,,,Asia/Novosibirsk,2026-09-03T07:55:33Z
573,20260219,9,1,363,4:00am,2026-02-18T21:00:00+00:00,2026-02-19T04:00:00+07:00,28.0B,128.6B,206.6B,Asia/Novosibirsk,2026-09-03T07:55:33Z
574,20260219,5,1,84,4:00pm,2026-02-19T09:00:00+00:00,2026-02-19T16:00:00+07:00,14.6B,9.8B,8.9B,Asia/Novosibirsk,2026-09-03T07:55:33Z
575,20260219,5,1,86,4:00pm,2026-02-19T09:00:00+00:00,2026-02-19T16:00:00+07:00,,,,Asia/Novosibirsk,2026-09-03T07:55:33Z
576,20260219,9,1,10,4:30am,2026-02-18T21:30:00+00:00,2026-02-19T04:30:00+07:00,,,,Asia/Novosibirsk,2026-09-03T07:55:33Z
577,20260219,5,1,355,4:43pm,2026-02-19T09:43:00+00:00,2026-02-19T16:43:00+07:00,3.17|2.5,,3.22|2.4,Asia/Novosibirsk,2026-09-03T07:55:33Z
578,20260219,5,1,168,6:00pm,2026-02-19T11:00:00+00:00,2026-02-19T18:00:00+07:00,,,,Asia/Novosibirsk,2026-09-03T07:55:33Z
579,20260219,6,1,51,6:00pm,2026-02-19T11:00:00+00:00,2026-02-19T18:00:00+07:00,-28,-28,-30,Asia/Novosibirsk,2026-09-03T07:55:33Z
580,20260219,7,1,77,6:50am,2026-02-18T23:50:00+00:00,2026-02-19T06:50:00+07:00,19.1%,5.1%,-11.0%,Asia/Novosibirsk,2026-09-03T07:55:33Z
581,20260219,1,3,95,7:30am,2026-02-19T00:30:00+00:00,2026-02-19T07:30:00+07:00,17.8K,20.0K,68.5K,Asia/Novosibirsk,2026-09-03T07:55:33Z
582,20260219,1,3,375,7:30am,2026-02-19T00:30:00+00:00,2026-02-19T07:30:00+07:00,4.1%,4.2%,4.1%,Asia/Novosibirsk,2026-09-03T07:55:33Z
583,20260219,9,1,104,8:20pm,2026-02-19T13:20:00+00:00,2026-02-19T20:20:00+07:00,,,,Asia/Novosibirsk,2026-09-03T07:55:33Z
584,20260219,2,1,266,8:30pm,2026-02-19T13:30:00+00:00,2026-02-19T20:30:00+07:00,-0.4%,0.1%,-0.2%,Asia/Novosibirsk,2026-09-03T07:55:33Z
585,20260219,2,1,368,8:30pm,2026-02-19T13:30:00+00:00,2026-02-19T20:30:00+07:00,-1.3B,-2.1B,-2.6B,Asia/Novosibirsk,2026-09-03T07:55:33Z
586,20260219,9,1,105,8:30pm,2026-02-19T13:30:00+00:00,2026-02-19T20:30:00+07:00,,,,Asia/Novosibirsk,2026-09-03T07:55:33Z
587,20260219,9,1,190,8:30pm,2026-02-19T13:30:00+00:00,2026-02-19T20:30:00+07:00,-98.5B,-86.0B,-82.8B,Asia/Novosibirsk,2026-09-03T07:55:33Z
588,20260219,9,1,305,8:30pm,2026-02-19T13:30:00+00:00,2026-02-19T20:30:00+07:00,0.2%,0.2%,0.2%,Asia/Novosibirsk,2026-09-03T07:55:33Z
589,20260219,9,1,368,8:30pm,2026-02-19T13:30:00+00:00,2026-02-19T20:30:00+07:00,-70.3B,-55.5B,-53.0B,Asia/Novosibirsk,2026-09-03T07:55:33Z
590,20260219,9,3,374,8:30pm,2026-02-19T13:30:00+00:00,2026-02-19T20:30:00+07:00,206K,223K,229K,Asia/Novosibirsk,2026-09-03T07:55:33Z
591,20260219,9,1,112,9:00pm,2026-02-19T14:00:00+00:00,2026-02-19T21:00:00+07:00,,,,Asia/Novosibirsk,2026-09-03T07:55:33Z
592,20260220,9,2,273,10:00pm,2026-02-20T15:00:00+00:00,2026-02-20T22:00:00+07:00,745K,732K,758K,Asia/Novosibirsk,2026-09-03T07:55:33Z
593,20260220,9,1,340,10:00pm,2026-02-20T15:00:00+00:00,2026-02-20T22:00:00+07:00,56.6,56.9,57.3,Asia/Novosibirsk,2026-09-03T07:55:33Z
594,20260220,9,1,341,10:00pm,2026-02-20T15:00:00+00:00,2026-02-20T22:00:00+07:00,3.4%,,3.5%,Asia/Novosibirsk,2026-09-03T07:55:33Z
595,20260220,5,1,180,2:00pm,2026-02-20T07:00:00+00:00,2026-02-20T14:00:00+07:00,-0.6%,0.3%,-0.2%,Asia/Novosibirsk,2026-09-03T07:55:33Z
596,20260220,6,1,310,2:00pm,2026-02-20T07:00:00+00:00,2026-02-20T14:00:00+07:00,-30.4B,-24.0B,13.4B,Asia/Novosibirsk,2026-09-03T07:55:33Z
597,20260220,6,3,332,2:00pm,2026-02-20T07:00:00+00:00,2026-02-20T14:00:00+07:00,1.8%,0.2%,0.4%,Asia/Novosibirsk,2026-09-03T07:55:33Z
598,20260220,5,2,154,3:15pm,2026-02-20T08:15:00+00:00,2026-02-20T15:15:00+07:00,49.9,50.9,51.2,Asia/Novosibirsk,2026-09-03T07:55:33Z
599,20260220,5,2,155,3:15pm,2026-02-20T08:15:00+00:00,2026-02-20T15:15:00+07:00,49.6,49.1,48.4,Asia/Novosibirsk,2026-09-03T07:55:33Z
600,20260220,5,3,175,3:30pm,2026-02-20T08:30:00+00:00,2026-02-20T15:30:00+07:00,50.7,49.6,49.1,Asia/Novosibirsk,2026-09-03T07:55:33Z
601,20260220,5,3,176,3:30pm,2026-02-20T08:30:00+00:00,2026-02-20T15:30:00+07:00,53.4,52.4,52.4,Asia/Novosibirsk,2026-09-03T07:55:33Z
602,20260220,5,1,142,4:00pm,2026-02-20T09:00:00+00:00,2026-02-20T16:00:00+07:00,50.8,49.9,49.5,Asia/Novosibirsk,2026-09-03T07:55:33Z
603,20260220,5,1,143,4:00pm,2026-02-20T09:00:00+00:00,2026-02-20T16:00:00+07:00,51.8,51.9,51.6,Asia/Novosibirsk,2026-09-03T07:55:33Z
604,20260220,6,3,142,4:30pm,2026-02-20T09:30:00+00:00,2026-02-20T16:30:00+07:00,52.0,51.5,51.8,Asia/Novosibirsk,2026-09-03T07:55:33Z
605,20260220,6,3,143,4:30pm,2026-02-20T09:30:00+00:00,2026-02-20T16:30:00+07:00,53.9,53.5,54.0,Asia/Novosibirsk,2026-09-03T07:55:33Z
606,20260220,8,1,368,4:45am,2026-02-19T21:45:00+00:00,2026-02-20T04:45:00+07:00,-519M,-745M,-88M,Asia/Novosibirsk,2026-09-03T07:55:33Z
607,20260220,1,1,142,5:00am,2026-02-19T22:00:00+00:00,2026-02-20T05:00:00+07:00,51.5,,52.3,Asia/Novosibirsk,2026-09-03T07:55:33Z
608,20260220,1,1,143,5:00am,2026-02-19T22:00:00+00:00,2026-02-20T05:00:00+07:00,52.2,,56.3,Asia/Novosibirsk,2026-09-03T07:55:33Z
609,20260220,7,1,268,6:30am,2026-02-19T23:30:00+00:00,2026-02-20T06:30:00+07:00,2.0%,2.0%,2.4%,Asia/Novosibirsk,2026-09-03T07:55:33Z
610,20260220,5,1,89,7:00am,2026-02-20T00:00:00+00:00,2026-02-20T07:00:00+07:00,,,,Asia/Novosibirsk,2026-09-03T07:55:33Z
611,20260220,7,1,142,7:30am,2026-02-20T00:30:00+00:00,2026-02-20T07:30:00+07:00,52.8,51.3,51.5,Asia/Novosibirsk,2026-09-03T07:55:33Z
612,20260220,2,2,80,8:30pm,2026-02-20T13:30:00+00:00,2026-02-20T20:30:00+07:00,0.1%,-0.1%,1.6%,Asia/Novosibirsk,2026-09-03T07:55:33Z
613,20260220,2,1,204,8:30pm,2026-02-20T13:30:00+00:00,2026-02-20T20:30:00+07:00,2.7%,0.2%,-0.9%,Asia/Novosibirsk,2026-09-03T07:55:33Z
614,20260220,2,1,328,8:30pm,2026-02-20T13:30:00+00:00,2026-02-20T20:30:00+07:00,7.7%,0.7%,0.3%,Asia/Novosibirsk,2026-09-03T07:55:33Z
615,20260220,2,2,332,8:30pm,2026-02-20T13:30:00+00:00,2026-02-20T20:30:00+07:00,-0.4%,-0.5%,1.2%,Asia/Novosibirsk,2026-09-03T07:55:33Z
616,20260220,9,2,11,8:30pm,2026-02-20T13:30:00+00:00,2026-02-20T20:30:00+07:00,3.6%,2.8%,3.8%,Asia/Novosibirsk,2026-09-03T07:55:33Z
617,20260220,9,3,12,8:30pm,2026-02-20T13:30:00+00:00,2026-02-20T20:30:00+07:00,1.4%,2.8%,4.4%,Asia/Novosibirsk,2026-09-03T07:55:33Z
618,20260220,9,3,78,8:30pm,2026-02-20T13:30:00+00:00,2026-02-20T20:30:00+07:00,0.4%,0.3%,0.2%,Asia/Novosibirsk,2026-09-03T07:55:33Z
619,20260220,9,1,290,8:30pm,2026-02-20T13:30:00+00:00,2026-02-20T20:30:00+07:00,0.3%,0.3%,0.4%,Asia/Novosibirsk,2026-09-03T07:55:33Z
620,20260220,9,1,291,8:30pm,2026-02-20T13:30:00+00:00,2026-02-20T20:30:00+07:00,0.4%,0.4%,0.4%,Asia/Novosibirsk,2026-09-03T07:55:33Z
621,20260220,9,1,104,9:45pm,2026-02-20T14:45:00+00:00,2026-02-20T21:45:00+07:00,,,,Asia/Novosibirsk,2026-09-03T07:55:33Z
622,20260220,9,3,142,9:45pm,2026-02-20T14:45:00+00:00,2026-02-20T21:45:00+07:00,51.2,52.4,52.4,Asia/Novosibirsk,2026-09-03T07:55:33Z
623,20260220,9,3,143,9:45pm,2026-02-20T14:45:00+00:00,2026-02-20T21:45:00+07:00,52.3,53.0,52.7,Asia/Novosibirsk,2026-09-03T07:55:33Z
624,20260220,9,2,273,Nov Data,,,758K,,737K,Asia/Novosibirsk,2026-09-03T07:55:33Z
625,20260221,9,1,115,3:30am,2026-02-20T20:30:00+00:00,2026-02-21T03:30:00+07:00,,,,Asia/Novosibirsk,2026-09-03T07:55:33Z
626,20260223,9,1,125,10:00pm,2026-02-23T15:00:00+00:00,2026-02-23T22:00:00+07:00,-0.7%,-0.4%,2.7%,Asia/Novosibirsk,2026-09-03T07:55:33Z
627,20260223,3,1,286,2:30pm,2026-02-23T07:30:00+00:00,2026-02-23T14:30:00+07:00,-0.2%,0.1%,-0.2%,Asia/Novosibirsk,2026-09-03T07:55:33Z
628,20260223,5,1,188,4:00pm,2026-02-23T09:00:00+00:00,2026-02-23T16:00:00+07:00,88.6,88.4,87.6,Asia/Novosibirsk,2026-09-03T07:55:33Z
629,20260223,6,1,246,6:00pm,2026-02-23T11:00:00+00:00,2026-02-23T18:00:00+07:00,,,,Asia/Novosibirsk,2026-09-03T07:55:33Z
630,20260223,9,2,118,8:00pm,2026-02-23T13:00:00+00:00,2026-02-23T20:00:00+07:00,,,,Asia/Novosibirsk,2026-09-03T07:55:33Z
631,20260223,5,1,41,8:26pm,2026-02-23T13:26:00+00:00,2026-02-23T20:26:00+07:00,-13.7,-7.5,-8.8,Asia/Novosibirsk,2026-09-03T07:55:33Z
632,20260223,8,1,82,9:00am,2026-02-23T02:00:00+00:00,2026-02-23T09:00:00+07:00,1.0%,,-0.2%,Asia/Novosibirsk,2026-09-03T07:55:33Z
633,20260224,4,1,4,10:00pm,2026-02-24T15:00:00+00:00,2026-02-24T22:00:00+07:00,3.50%,3.50%,3.50%,Asia/Novosibirsk,2026-09-03T07:55:33Z
634,20260224,9,2,49,10:00pm,2026-02-24T15:00:00+00:00,2026-02-24T22:00:00+07:00,91.2,87.4,89.0,Asia/Novosibirsk,2026-09-03T07:55:33Z
635,20260224,9,1,138,10:00pm,2026-02-24T15:00:00+00:00,2026-02-24T22:00:00+07:00,0.2%,0.2%,0.2%,Asia/Novosibirsk,2026-09-03T07:55:33Z
636,20260224,9,2,342,10:00pm,2026-02-24T15:00:00+00:00,2026-02-24T22:00:00+07:00,-10,-8,-6,Asia/Novosibirsk,2026-09-03T07:55:33Z
637,20260224,6,1,52,6:00pm,2026-02-24T11:00:00+00:00,2026-02-24T18:00:00+07:00,-43,-27,-17,Asia/Novosibirsk,2026-09-03T07:55:33Z
638,20260224,9,1,109,8:00pm,2026-02-24T13:00:00+00:00,2026-02-24T20:00:00+07:00,,,,Asia/Novosibirsk,2026-09-03T07:55:33Z
639,20260224,9,1,6,8:15pm,2026-02-24T13:15:00+00:00,2026-02-24T20:15:00+07:00,12.8K,,11.5K,Asia/Novosibirsk,2026-09-03T07:55:33Z
640,20260224,9,1,104,9:00pm,2026-02-24T14:00:00+00:00,2026-02-24T21:00:00+07:00,,,,Asia/Novosibirsk,2026-09-03T07:55:33Z
641,20260224,9,1,106,9:00pm,2026-02-24T14:00:00+00:00,2026-02-24T21:00:00+07:00,,,,Asia/Novosibirsk,2026-09-03T07:55:33Z
642,20260224,9,1,197,9:00pm,2026-02-24T14:00:00+00:00,2026-02-24T21:00:00+07:00,0.1%,0.3%,0.7%,Asia/Novosibirsk,2026-09-03T07:55:33Z
643,20260224,9,1,344,9:00pm,2026-02-24T14:00:00+00:00,2026-02-24T21:00:00+07:00,1.4%,1.3%,1.4%,Asia/Novosibirsk,2026-09-03T07:55:33Z
644,20260224,6,2,256,9:15pm,2026-02-24T14:15:00+00:00,2026-02-24T21:15:00+07:00,,,,Asia/Novosibirsk,2026-09-03T07:55:33Z
645,20260224,9,1,118,9:15pm,2026-02-24T14:15:00+00:00,2026-02-24T21:15:00+07:00,,,,Asia/Novosibirsk,2026-09-03T07:55:33Z
646,20260224,9,1,107,9:30pm,2026-02-24T14:30:00+00:00,2026-02-24T21:30:00+07:00,,,,Asia/Novosibirsk,2026-09-03T07:55:33Z
647,20260225,9,1,106,10:00pm,2026-02-25T15:00:00+00:00,2026-02-25T22:00:00+07:00,,,,Asia/Novosibirsk,2026-09-03T07:55:33Z
648,20260225,9,1,83,10:30pm,2026-02-25T15:30:00+00:00,2026-02-25T22:30:00+07:00,16.0M,1.8M,-9.0M,Asia/Novosibirsk,2026-09-03T07:55:33Z
649,20260225,9,1,117,11:00pm,2026-02-25T16:00:00+00:00,2026-02-25T23:00:00+07:00,,,,Asia/Novosibirsk,2026-09-03T07:55:33Z
650,20260225,7,1,29,12:00pm,2026-02-25T05:00:00+00:00,2026-02-25T12:00:00+07:00,1.7%,1.8%,1.9%,Asia/Novosibirsk,2026-09-03T07:55:33Z
651,20260225,5,1,172,2:00pm,2026-02-25T07:00:00+00:00,2026-02-25T14:00:00+07:00,0.3%,0.3%,0.3%,Asia/Novosibirsk,2026-09-03T07:55:33Z
652,20260225,5,1,177,2:00pm,2026-02-25T07:00:00+00:00,2026-02-25T14:00:00+07:00,-24.7,-23.0,-24.2,Asia/Novosibirsk,2026-09-03T07:55:33Z
653,20260225,1,2,317,3:40pm,2026-02-25T08:40:00+00:00,2026-02-25T15:40:00+07:00,,,,Asia/Novosibirsk,2026-09-03T07:55:33Z
654,20260225,3,1,372,4:00pm,2026-02-25T09:00:00+00:00,2026-02-25T16:00:00+07:00,9.8,,-4.7,Asia/Novosibirsk,2026-09-03T07:55:33Z
655,20260225,9,1,10,4:30am,2026-02-24T21:30:00+00:00,2026-02-25T04:30:00+07:00,,,,Asia/Novosibirsk,2026-09-03T07:55:33Z
656,20260225,5,1,130,5:00pm,2026-02-25T10:00:00+00:00,2026-02-25T17:00:00+07:00,1.7%,1.7%,1.7%,Asia/Novosibirsk,2026-09-03T07:55:33Z
657,20260225,5,1,131,5:00pm,2026-02-25T10:00:00+00:00,2026-02-25T17:00:00+07:00,2.2%,2.2%,2.2%,Asia/Novosibirsk,2026-09-03T07:55:33Z
658,20260225,7,1,353,6:50am,2026-02-24T23:50:00+00:00,2026-02-25T06:50:00+07:00,2.6%,2.6%,2.6%,Asia/Novosibirsk,2026-09-03T07:55:33Z
659,20260225,1,1,69,7:30am,2026-02-25T00:30:00+00:00,2026-02-25T07:30:00+07:00,-0.1%,1.2%,0.1%,Asia/Novosibirsk,2026-09-03T07:55:33Z
660,20260225,2,1,81,8:30pm,2026-02-25T13:30:00+00:00,2026-02-25T20:30:00+07:00,-1.6%,,7.6%,Asia/Novosibirsk,2026-09-03T07:55:33Z
661,20260225,9,3,306,9:00am,2026-02-25T02:00:00+00:00,2026-02-25T09:00:00+07:00,,,,Asia/Novosibirsk,2026-09-03T07:55:33Z
662,20260225,4,1,50,9:00pm,2026-02-25T14:00:00+00:00,2026-02-25T21:00:00+07:00,-0.3%,,0.0%,Asia/Novosibirsk,2026-09-03T07:55:33Z
663,20260225,9,1,102,9:30pm,2026-02-25T14:30:00+00:00,2026-02-25T21:30:00+07:00,,,,Asia/Novosibirsk,2026-09-03T07:55:33Z
664,20260225,1,3,55,9:45pm,2026-02-25T14:45:00+00:00,2026-02-25T21:45:00+07:00,3.8%,3.7%,3.8%,Asia/Novosibirsk,2026-09-03T07:55:33Z
665,20260225,1,3,371,9:45pm,2026-02-25T14:45:00+00:00,2026-02-25T21:45:00+07:00,0.3%,0.4%,0.2%,Asia/Novosibirsk,2026-09-03T07:55:33Z
666,20260226,9,1,105,10:00pm,2026-02-26T15:00:00+00:00,2026-02-26T22:00:00+07:00,,,,Asia/Novosibirsk,2026-09-03T07:55:33Z
667,20260226,9,1,270,10:30pm,2026-02-26T15:30:00+00:00,2026-02-26T22:30:00+07:00,-52B,-36B,-144B,Asia/Novosibirsk,2026-09-03T07:55:33Z
668,20260226,5,1,234,4:00pm,2026-02-26T09:00:00+00:00,2026-02-26T16:00:00+07:00,3.3%,2.9%,2.8%,Asia/Novosibirsk,2026-09-03T07:55:33Z
669,20260226,5,1,308,4:00pm,2026-02-26T09:00:00+00:00,2026-02-26T16:00:00+07:00,3.0%,3.1%,3.0%,Asia/Novosibirsk,2026-09-03T07:55:33Z
670,20260226,6,1,242,4:00pm,2026-02-26T09:00:00+00:00,2026-02-26T16:00:00+07:00,,,,Asia/Novosibirsk,2026-09-03T07:55:33Z
671,20260226,5,1,214,5:06pm,2026-02-26T10:06:00+00:00,2026-02-26T17:06:00+07:00,3.31|1.5,,3.44|1.6,Asia/Novosibirsk,2026-09-03T07:55:33Z
672,20260226,8,1,7,7:00am,2026-02-26T00:00:00+00:00,2026-02-26T07:00:00+07:00,59.2,,64.1,Asia/Novosibirsk,2026-09-03T07:55:33Z
673,20260226,1,1,307,7:30am,2026-02-26T00:30:00+00:00,2026-02-26T07:30:00+07:00,0.4%,-0.1%,6.4%,Asia/Novosibirsk,2026-09-03T07:55:33Z
674,20260226,1,1,314,7:30am,2026-02-26T00:30:00+00:00,2026-02-26T07:30:00+07:00,,,,Asia/Novosibirsk,2026-09-03T07:55:33Z
675,20260226,2,1,84,8:30pm,2026-02-26T13:30:00+00:00,2026-02-26T20:30:00+07:00,-0.7B,-8.2B,-5.3B,Asia/Novosibirsk,2026-09-03T07:55:33Z
676,20260227,9,1,68,10:00pm,2026-02-27T15:00:00+00:00,2026-02-27T22:00:00+07:00,0.3%,0.2%,-0.2%,Asia/Novosibirsk,2026-09-03T07:55:33Z
677,20260227,7,1,334,10:30pm,2026-02-27T15:30:00+00:00,2026-02-27T22:30:00+07:00,1.8%,0.1%,-0.9%,Asia/Novosibirsk,2026-09-03T07:55:33Z
678,20260227,7,1,203,12:00pm,2026-02-27T05:00:00+00:00,2026-02-27T12:00:00+07:00,-0.4%,-1.9%,-1.3%,Asia/Novosibirsk,2026-09-03T07:55:33Z
679,20260227,5,1,178,2:00pm,2026-02-27T07:00:00+00:00,2026-02-27T14:00:00+07:00,1.1%,0.6%,-0.1%,Asia/Novosibirsk,2026-09-03T07:55:33Z
680,20260227,5,1,148,2:45pm,2026-02-27T07:45:00+00:00,2026-02-27T14:45:00+07:00,0.5%,0.4%,-0.5%,Asia/Novosibirsk,2026-09-03T07:55:33Z
681,20260227,5,1,158,2:45pm,2026-02-27T07:45:00+00:00,2026-02-27T14:45:00+07:00,0.7%,0.5%,-0.3%,Asia/Novosibirsk,2026-09-03T07:55:33Z
682,20260227,5,1,159,2:45pm,2026-02-27T07:45:00+00:00,2026-02-27T14:45:00+07:00,0.2%,0.2%,0.2%,Asia/Novosibirsk,2026-09-03T07:55:33Z
683,20260227,5,1,151,2:48pm,2026-02-27T07:48:00+00:00,2026-02-27T14:48:00+07:00,-0.1%,-0.1%,-0.1%,Asia/Novosibirsk,2026-09-03T07:55:33Z
684,20260227,3,1,163,3:00pm,2026-02-27T08:00:00+00:00,2026-02-27T15:00:00+07:00,0.1%,0.2%,-0.4%,Asia/Novosibirsk,2026-09-03T07:55:33Z
685,20260227,3,1,226,3:00pm,2026-02-27T08:00:00+00:00,2026-02-27T15:00:00+07:00,104.2,103.0,103.3,Asia/Novosibirsk,2026-09-03T07:55:33Z
686,20260227,5,1,356,3:00pm,2026-02-27T08:00:00+00:00,2026-02-27T15:00:00+07:00,2.3%,2.2%,2.3%,Asia/Novosibirsk,2026-09-03T07:55:33Z
687,20260227,5,1,185,3:55pm,2026-02-27T08:55:00+00:00,2026-02-27T15:55:00+07:00,1K,2K,1K,Asia/Novosibirsk,2026-09-03T07:55:33Z
688,20260227,6,1,189,7:01am,2026-02-27T00:01:00+00:00,2026-02-27T07:01:00+07:00,-19,-15,-16,Asia/Novosibirsk,2026-09-03T07:55:33Z
689,20260227,1,1,309,7:30am,2026-02-27T00:30:00+00:00,2026-02-27T07:30:00+07:00,0.5%,0.7%,0.8%,Asia/Novosibirsk,2026-09-03T07:55:33Z
690,20260227,6,1,244,8:00pm,2026-02-27T13:00:00+00:00,2026-02-27T20:00:00+07:00,,,,Asia/Novosibirsk,2026-09-03T07:55:33Z
691,20260227,9,3,79,9:00am,2026-02-27T02:00:00+00:00,2026-02-27T09:00:00+07:00,0.8%,0.3%,0.6%,Asia/Novosibirsk,2026-09-03T07:55:33Z
692,20260227,9,3,286,9:00am,2026-02-27T02:00:00+00:00,2026-02-27T09:00:00+07:00,0.5%,0.3%,0.4%,Asia/Novosibirsk,2026-09-03T07:55:33Z
693,20260227,9,1,60,9:45pm,2026-02-27T14:45:00+00:00,2026-02-27T21:45:00+07:00,57.7,52.0,54.0,Asia/Novosibirsk,2026-09-03T07:55:33Z
694,20260227,5,2,181,All Day,,,0.2%,0.5%,0.1%,Asia/Novosibirsk,2026-09-03T07:55:33Z
695,20260227,9,1,68,Nov Data,,,-0.2%,,-0.1%,Asia/Novosibirsk,2026-09-03T07:55:33Z
696,20260302,9,2,206,10:00pm,2026-03-02T15:00:00+00:00,2026-03-02T22:00:00+07:00,70.5,60.6,59.0,Asia/Novosibirsk,2026-09-03T07:55:33Z
697,20260302,6,1,245,10:30pm,2026-03-02T15:30:00+00:00,2026-03-02T22:30:00+07:00,,,,Asia/Novosibirsk,2026-09-03T07:55:33Z
698,20260302,9,2,306,11:00pm,2026-03-02T16:00:00+00:00,2026-03-02T23:00:00+07:00,,,,Asia/Novosibirsk,2026-09-03T07:55:33Z
699,20260302,1,1,63,12:30pm,2026-03-02T05:30:00+00:00,2026-03-02T12:30:00+07:00,3.4%,,2.8%,Asia/Novosibirsk,2026-09-03T07:55:33Z
700,20260302,5,1,183,2:00pm,2026-03-02T07:00:00+00:00,2026-03-02T14:00:00+07:00,-0.9%,0.0%,1.2%,Asia/Novosibirsk,2026-09-03T07:55:33Z
701,20260302,6,1,269,2:00pm,2026-03-02T07:00:00+00:00,2026-03-02T14:00:00+07:00,0.3%,0.2%,0.3%,Asia/Novosibirsk,2026-09-03T07:55:33Z
702,20260302,3,1,334,2:30pm,2026-03-02T07:30:00+00:00,2026-03-02T14:30:00+07:00,-1.1%,2.7%,2.8%,Asia/Novosibirsk,2026-09-03T07:55:33Z
703,20260302,5,1,358,3:15pm,2026-03-02T08:15:00+00:00,2026-03-02T15:15:00+07:00,50.0,49.9,49.2,Asia/Novosibirsk,2026-09-03T07:55:33Z
704,20260302,3,1,249,3:30pm,2026-03-02T08:30:00+00:00,2026-03-02T15:30:00+07:00,47.4,49.8,48.8,Asia/Novosibirsk,2026-09-03T07:55:33Z
705,20260302,5,1,216,3:45pm,2026-03-02T08:45:00+00:00,2026-03-02T15:45:00+07:00,50.6,49.1,48.1,Asia/Novosibirsk,2026-09-03T07:55:33Z
706,20260302,5,1,150,3:50pm,2026-03-02T08:50:00+00:00,2026-03-02T15:50:00+07:00,50.1,49.9,49.9,Asia/Novosibirsk,2026-09-03T07:55:33Z
707,20260302,5,1,173,3:55pm,2026-03-02T08:55:00+00:00,2026-03-02T15:55:00+07:00,50.9,50.7,50.7,Asia/Novosibirsk,2026-09-03T07:55:33Z
708,20260302,5,1,136,4:00pm,2026-03-02T09:00:00+00:00,2026-03-02T16:00:00+07:00,50.8,50.8,50.8,Asia/Novosibirsk,2026-09-03T07:55:33Z
709,20260302,6,1,136,4:30pm,2026-03-02T09:30:00+00:00,2026-03-02T16:30:00+07:00,51.7,52.0,52.0,Asia/Novosibirsk,2026-09-03T07:55:33Z
710,20260302,6,1,235,4:30pm,2026-03-02T09:30:00+00:00,2026-03-02T16:30:00+07:00,-0.1%,0.2%,0.4%,Asia/Novosibirsk,2026-09-03T07:55:33Z
711,20260302,6,1,259,4:30pm,2026-03-02T09:30:00+00:00,2026-03-02T16:30:00+07:00,60K,62K,61K,Asia/Novosibirsk,2026-09-03T07:55:33Z
712,20260302,6,1,271,4:30pm,2026-03-02T09:30:00+00:00,2026-03-02T16:30:00+07:00,5.9B,6.2B,6.1B,Asia/Novosibirsk,2026-09-03T07:55:33Z
713,20260302,1,1,9,7:30am,2026-03-02T00:30:00+00:00,2026-03-02T07:30:00+07:00,3.2%,,5.2%,Asia/Novosibirsk,2026-09-03T07:55:33Z
714,20260302,1,1,65,7:30am,2026-03-02T00:30:00+00:00,2026-03-02T07:30:00+07:00,5.8%,1.8%,1.5%,Asia/Novosibirsk,2026-09-03T07:55:33Z
715,20260302,7,1,136,7:30am,2026-03-02T00:30:00+00:00,2026-03-02T07:30:00+07:00,53.0,52.8,52.8,Asia/Novosibirsk,2026-09-03T07:55:33Z
716,20260302,1,1,311,7:30pm,2026-03-02T12:30:00+00:00,2026-03-02T19:30:00+07:00,,,,Asia/Novosibirsk,2026-09-03T07:55:33Z
717,20260302,6,1,246,7:30pm,2026-03-02T12:30:00+00:00,2026-03-02T19:30:00+07:00,,,,Asia/Novosibirsk,2026-09-03T07:55:33Z
718,20260302,2,1,194,9:00pm,2026-03-02T14:00:00+00:00,2026-03-02T21:00:00+07:00,,,,Asia/Novosibirsk,2026-09-03T07:55:33Z
719,20260302,5,1,169,9:10pm,2026-03-02T14:10:00+00:00,2026-03-02T21:10:00+07:00,,,,Asia/Novosibirsk,2026-09-03T07:55:33Z
720,20260302,2,2,249,9:30pm,2026-03-02T14:30:00+00:00,2026-03-02T21:30:00+07:00,51.0,,50.4,Asia/Novosibirsk,2026-09-03T07:55:33Z
721,20260302,9,1,136,9:45pm,2026-03-02T14:45:00+00:00,2026-03-02T21:45:00+07:00,51.6,51.2,51.2,Asia/Novosibirsk,2026-09-03T07:55:33Z
722,20260303,9,1,326,10:01pm,2026-03-03T15:01:00+00:00,2026-03-03T22:01:00+07:00,47.5,50.1,48.8,Asia/Novosibirsk,2026-09-03T07:55:33Z
723,20260303,9,1,117,10:10pm,2026-03-03T15:10:00+00:00,2026-03-03T22:10:00+07:00,,,,Asia/Novosibirsk,2026-09-03T07:55:33Z
724,20260303,8,1,165,10:26pm,2026-03-03T15:26:00+00:00,2026-03-03T22:26:00+07:00,5.7%,,3.6%,Asia/Novosibirsk,2026-09-03T07:55:33Z
725,20260303,7,1,2,10:35am,2026-03-03T03:35:00+00:00,2026-03-03T10:35:00+07:00,2.12|3.3,,2.25|3.0,Asia/Novosibirsk,2026-09-03T07:55:33Z
726,20260303,7,3,30,11:00am,2026-03-03T04:00:00+00:00,2026-03-03T11:00:00+07:00,,,,Asia/Novosibirsk,2026-09-03T07:55:33Z
727,20260303,5,2,53,11:00pm,2026-03-03T16:00:00+00:00,2026-03-03T23:00:00+07:00,1.9%,1.7%,1.7%,Asia/Novosibirsk,2026-09-03T07:55:33Z
728,20260303,9,1,112,11:45pm,2026-03-03T16:45:00+00:00,2026-03-03T23:45:00+07:00,,,,Asia/Novosibirsk,2026-09-03T07:55:33Z
729,20260303,5,1,156,2:45pm,2026-03-03T07:45:00+00:00,2026-03-03T14:45:00+07:00,-9.7B,,-124.7B,Asia/Novosibirsk,2026-09-03T07:55:33Z
730,20260303,5,1,360,3:00pm,2026-03-03T08:00:00+00:00,2026-03-03T15:00:00+07:00,3.6K,26.7K,30.4K,Asia/Novosibirsk,2026-09-03T07:55:33Z
731,20260303,5,1,218,5:00pm,2026-03-03T10:00:00+00:00,2026-03-03T17:00:00+07:00,0.8%,0.3%,0.4%,Asia/Novosibirsk,2026-09-03T07:55:33Z
732,20260303,7,1,375,6:30am,2026-03-02T23:30:00+00:00,2026-03-03T06:30:00+07:00,2.7%,2.6%,2.6%,Asia/Novosibirsk,2026-09-03T07:55:33Z
733,20260303,7,1,57,6:50am,2026-03-02T23:50:00+00:00,2026-03-03T06:50:00+07:00,6.5%,3.0%,2.9%,Asia/Novosibirsk,2026-09-03T07:55:33Z
734,20260303,7,1,254,6:50am,2026-03-02T23:50:00+00:00,2026-03-03T06:50:00+07:00,-10.6%,-9.8%,-9.5%,Asia/Novosibirsk,2026-09-03T07:55:33Z
735,20260303,6,1,36,7:01am,2026-03-03T00:01:00+00:00,2026-03-03T07:01:00+07:00,1.1%,1.4%,1.5%,Asia/Novosibirsk,2026-09-03T07:55:33Z
736,20260303,1,1,42,7:30am,2026-03-03T00:30:00+00:00,2026-03-03T07:30:00+07:00,-7.2%,5.4%,-14.9%,Asia/Novosibirsk,2026-09-03T07:55:33Z
737,20260303,1,1,84,7:30am,2026-03-03T00:30:00+00:00,2026-03-03T07:30:00+07:00,-21.1B,-16.8B,-18.3B,Asia/Novosibirsk,2026-09-03T07:55:33Z
738,20260303,6,3,13,7:30pm,2026-03-03T12:30:00+00:00,2026-03-03T19:30:00+07:00,,,,Asia/Novosibirsk,2026-09-03T07:55:33Z
739,20260303,9,1,105,8:30pm,2026-03-03T13:30:00+00:00,2026-03-03T20:30:00+07:00,,,,Asia/Novosibirsk,2026-09-03T07:55:33Z
740,20260303,9,1,119,9:55pm,2026-03-03T14:55:00+00:00,2026-03-03T21:55:00+07:00,,,,Asia/Novosibirsk,2026-09-03T07:55:33Z
741,20260303,9,1,279,All Day,,,15.8M,15.4M,14.9M,Asia/Novosibirsk,2026-09-03T07:55:33Z
742,20260304,9,3,207,10:00pm,2026-03-04T15:00:00+00:00,2026-03-04T22:00:00+07:00,56.1,53.5,53.8,Asia/Novosibirsk,2026-09-03T07:55:33Z
743,20260304,2,2,19,10:30pm,2026-03-04T15:30:00+00:00,2026-03-04T22:30:00+07:00,,,,Asia/Novosibirsk,2026-09-03T07:55:33Z
744,20260304,9,1,83,10:30pm,2026-03-04T15:30:00+00:00,2026-03-04T22:30:00+07:00,3.5M,3.0M,16.0M,Asia/Novosibirsk,2026-09-03T07:55:33Z
745,20260304,7,1,70,12:00pm,2026-03-04T05:00:00+00:00,2026-03-04T12:00:00+07:00,40.0,38.2,37.9,Asia/Novosibirsk,2026-09-03T07:55:33Z
746,20260304,5,1,359,3:15pm,2026-03-04T08:15:00+00:00,2026-03-04T15:15:00+07:00,51.9,52.9,53.5,Asia/Novosibirsk,2026-09-03T07:55:33Z
747,20260304,5,1,222,3:45pm,2026-03-04T08:45:00+00:00,2026-03-04T15:45:00+07:00,52.3,52.6,52.9,Asia/Novosibirsk,2026-09-03T07:55:33Z
748,20260304,5,1,152,3:50pm,2026-03-04T08:50:00+00:00,2026-03-04T15:50:00+07:00,49.6,49.6,49.6,Asia/Novosibirsk,2026-09-03T07:55:33Z
749,20260304,5,1,174,3:55pm,2026-03-04T08:55:00+00:00,2026-03-04T15:55:00+07:00,53.5,53.4,53.4,Asia/Novosibirsk,2026-09-03T07:55:33Z
750,20260304,3,1,191,4:00pm,2026-03-04T09:00:00+00:00,2026-03-04T16:00:00+07:00,,,,Asia/Novosibirsk,2026-09-03T07:55:33Z
751,20260304,5,1,137,4:00pm,2026-03-04T09:00:00+00:00,2026-03-04T16:00:00+07:00,51.9,51.8,51.8,Asia/Novosibirsk,2026-09-03T07:55:33Z
752,20260304,5,1,217,4:00pm,2026-03-04T09:00:00+00:00,2026-03-04T16:00:00+07:00,5.1%,5.6%,5.5%,Asia/Novosibirsk,2026-09-03T07:55:33Z
753,20260304,6,1,137,4:30pm,2026-03-04T09:30:00+00:00,2026-03-04T16:30:00+07:00,53.9,53.9,53.9,Asia/Novosibirsk,2026-09-03T07:55:33Z
754,20260304,8,1,281,4:45am,2026-03-03T21:45:00+00:00,2026-03-04T04:45:00+07:00,3.7%,-0.1%,-2.1%,Asia/Novosibirsk,2026-09-03T07:55:33Z
755,20260304,5,1,286,5:00pm,2026-03-04T10:00:00+00:00,2026-03-04T17:00:00+07:00,0.7%,0.2%,-0.3%,Asia/Novosibirsk,2026-09-03T07:55:33Z
756,20260304,5,1,375,5:00pm,2026-03-04T10:00:00+00:00,2026-03-04T17:00:00+07:00,6.1%,6.2%,6.3%,Asia/Novosibirsk,2026-09-03T07:55:33Z
757,20260304,8,1,8,7:00am,2026-03-04T00:00:00+00:00,2026-03-04T07:00:00+07:00,4.2%,,2.0%,Asia/Novosibirsk,2026-09-03T07:55:33Z
758,20260304,9,3,5,8:15pm,2026-03-04T13:15:00+00:00,2026-03-04T20:15:00+07:00,63K,50K,11K,Asia/Novosibirsk,2026-09-03T07:55:33Z
759,20260304,4,1,249,8:30am,2026-03-04T01:30:00+00:00,2026-03-04T08:30:00+07:00,49.0,49.2,49.3,Asia/Novosibirsk,2026-09-03T07:55:33Z
760,20260304,4,1,276,8:30am,2026-03-04T01:30:00+00:00,2026-03-04T08:30:00+07:00,49.5,49.7,49.4,Asia/Novosibirsk,2026-09-03T07:55:33Z
761,20260304,2,1,228,8:30pm,2026-03-04T13:30:00+00:00,2026-03-04T20:30:00+07:00,-0.1%,-0.1%,1.1%,Asia/Novosibirsk,2026-09-03T07:55:33Z
762,20260304,4,1,330,8:45am,2026-03-04T01:45:00+00:00,2026-03-04T08:45:00+07:00,52.1,50.1,50.3,Asia/Novosibirsk,2026-09-03T07:55:33Z
763,20260304,4,1,331,8:45am,2026-03-04T01:45:00+00:00,2026-03-04T08:45:00+07:00,56.7,52.3,52.3,Asia/Novosibirsk,2026-09-03T07:55:33Z
764,20260304,9,1,137,9:45pm,2026-03-04T14:45:00+00:00,2026-03-04T21:45:00+07:00,51.7,52.4,52.3,Asia/Novosibirsk,2026-09-03T07:55:33Z
765,20260305,9,1,270,10:30pm,2026-03-05T15:30:00+00:00,2026-03-05T22:30:00+07:00,-132B,-122B,-52B,Asia/Novosibirsk,2026-09-03T07:55:33Z
766,20260305,7,1,3,10:35am,2026-03-05T03:35:00+00:00,2026-03-05T10:35:00+07:00,3.40|3.7,,3.62|3.6,Asia/Novosibirsk,2026-09-03T07:55:33Z
767,20260305,5,1,157,2:45pm,2026-03-05T07:45:00+00:00,2026-03-05T14:45:00+07:00,0.5%,0.4%,-0.5%,Asia/Novosibirsk,2026-09-03T07:55:33Z
768,20260305,3,1,375,3:00pm,2026-03-05T08:00:00+00:00,2026-03-05T15:00:00+07:00,3.0%,2.9%,2.9%,Asia/Novosibirsk,2026-09-03T07:55:33Z
769,20260305,5,1,221,4:00pm,2026-03-05T09:00:00+00:00,2026-03-05T16:00:00+07:00,0.6%,-0.1%,-0.7%,Asia/Novosibirsk,2026-09-03T07:55:33Z
770,20260305,6,1,67,4:30pm,2026-03-05T09:30:00+00:00,2026-03-05T16:30:00+07:00,44.5,47.0,46.4,Asia/Novosibirsk,2026-09-03T07:55:33Z
771,20260305,5,1,147,4:59pm,2026-03-05T09:59:00+00:00,2026-03-05T16:59:00+07:00,3.39|2.2,,3.45|2.4,Asia/Novosibirsk,2026-09-03T07:55:33Z
772,20260305,5,1,169,5:00pm,2026-03-05T10:00:00+00:00,2026-03-05T17:00:00+07:00,,,,Asia/Novosibirsk,2026-09-03T07:55:33Z
773,20260305,5,1,332,5:00pm,2026-03-05T10:00:00+00:00,2026-03-05T17:00:00+07:00,-0.1%,0.3%,0.1%,Asia/Novosibirsk,2026-09-03T07:55:33Z
774,20260305,1,1,190,7:30am,2026-03-05T00:30:00+00:00,2026-03-05T07:30:00+07:00,2.63B,3.78B,3.37B,Asia/Novosibirsk,2026-09-03T07:55:33Z
775,20260305,1,1,199,7:30am,2026-03-05T00:30:00+00:00,2026-03-05T07:30:00+07:00,0.3%,0.4%,-0.5%,Asia/Novosibirsk,2026-09-03T07:55:33Z
776,20260305,5,1,88,7:30pm,2026-03-05T12:30:00+00:00,2026-03-05T19:30:00+07:00,,,,Asia/Novosibirsk,2026-09-03T07:55:33Z
777,20260305,9,1,59,7:30pm,2026-03-05T12:30:00+00:00,2026-03-05T19:30:00+07:00,-71.9%,,117.8%,Asia/Novosibirsk,2026-09-03T07:55:33Z
778,20260305,9,1,208,8:30pm,2026-03-05T13:30:00+00:00,2026-03-05T20:30:00+07:00,0.2%,0.3%,0.2%,Asia/Novosibirsk,2026-09-03T07:55:33Z
779,20260305,9,1,301,8:30pm,2026-03-05T13:30:00+00:00,2026-03-05T20:30:00+07:00,2.8%,1.9%,5.2%,Asia/Novosibirsk,2026-09-03T07:55:33Z
780,20260305,9,1,302,8:30pm,2026-03-05T13:30:00+00:00,2026-03-05T20:30:00+07:00,2.8%,2.0%,-1.8%,Asia/Novosibirsk,2026-09-03T07:55:33Z
781,20260306,2,2,224,10:00pm,2026-03-06T15:00:00+00:00,2026-03-06T22:00:00+07:00,56.6,51.1,50.9,Asia/Novosibirsk,2026-09-03T07:55:33Z
782,20260306,9,1,46,10:00pm,2026-03-06T15:00:00+00:00,2026-03-06T22:00:00+07:00,0.1%,0.1%,0.0%,Asia/Novosibirsk,2026-09-03T07:55:33Z
783,20260306,9,3,80,10:00pm,2026-03-06T15:00:00+00:00,2026-03-06T22:00:00+07:00,0.0%,0.1%,0.0%,Asia/Novosibirsk,2026-09-03T07:55:33Z
784,20260306,9,3,275,10:00pm,2026-03-06T15:00:00+00:00,2026-03-06T22:00:00+07:00,-92K,58K,126K,Asia/Novosibirsk,2026-09-03T07:55:33Z
785,20260306,9,3,332,10:00pm,2026-03-06T15:00:00+00:00,2026-03-06T22:00:00+07:00,-0.2%,-0.3%,0.0%,Asia/Novosibirsk,2026-09-03T07:55:33Z
786,20260306,9,3,375,10:00pm,2026-03-06T15:00:00+00:00,2026-03-06T22:00:00+07:00,4.4%,4.3%,4.3%,Asia/Novosibirsk,2026-09-03T07:55:33Z
787,20260306,9,1,108,10:15pm,2026-03-06T15:15:00+00:00,2026-03-06T22:15:00+07:00,,,,Asia/Novosibirsk,2026-09-03T07:55:33Z
788,20260306,9,1,116,10:15pm,2026-03-06T15:15:00+00:00,2026-03-06T22:15:00+07:00,,,,Asia/Novosibirsk,2026-09-03T07:55:33Z
789,20260306,9,1,114,11:30pm,2026-03-06T16:30:00+00:00,2026-03-06T23:30:00+07:00,,,,Asia/Novosibirsk,2026-09-03T07:55:33Z
790,20260306,9,1,117,11:30pm,2026-03-06T16:30:00+00:00,2026-03-06T23:30:00+07:00,,,,Asia/Novosibirsk,2026-09-03T07:55:33Z
791,20260306,6,1,230,2:00pm,2026-03-06T07:00:00+00:00,2026-03-06T14:00:00+07:00,0.3%,0.3%,0.8%,Asia/Novosibirsk,2026-09-03T07:55:33Z
792,20260306,3,1,144,3:00pm,2026-03-06T08:00:00+00:00,2026-03-06T15:00:00+07:00,710B,,712B,Asia/Novosibirsk,2026-09-03T07:55:33Z
793,20260306,5,1,132,5:00pm,2026-03-06T10:00:00+00:00,2026-03-06T17:00:00+07:00,0.2%,0.2%,0.2%,Asia/Novosibirsk,2026-09-03T07:55:33Z
794,20260306,5,1,336,5:00pm,2026-03-06T10:00:00+00:00,2026-03-06T17:00:00+07:00,0.2%,0.3%,0.3%,Asia/Novosibirsk,2026-09-03T07:55:33Z
795,20260306,9,1,109,7:00am,2026-03-06T00:00:00+00:00,2026-03-06T07:00:00+07:00,,,,Asia/Novosibirsk,2026-09-03T07:55:33Z
796,20260306,9,2,118,7:30pm,2026-03-06T12:30:00+00:00,2026-03-06T19:30:00+07:00,,,,Asia/Novosibirsk,2026-09-03T07:55:33Z
797,20260306,9,1,108,8:30pm,2026-03-06T13:30:00+00:00,2026-03-06T20:30:00+07:00,,,,Asia/Novosibirsk,2026-09-03T07:55:33Z
798,20260306,9,1,109,9:50pm,2026-03-06T14:50:00+00:00,2026-03-06T21:50:00+07:00,,,,Asia/Novosibirsk,2026-09-03T07:55:33Z
799,20260307,1,1,315,1:30am,2026-03-06T18:30:00+00:00,2026-03-07T01:30:00+07:00,,,,Asia/Novosibirsk,2026-09-03T07:55:33Z
800,20260307,9,1,110,1:30am,2026-03-06T18:30:00+00:00,2026-03-07T01:30:00+07:00,,,,Asia/Novosibirsk,2026-09-03T07:55:33Z
801,20260307,9,1,71,3:00am,2026-03-06T20:00:00+00:00,2026-03-07T03:00:00+07:00,8.0B,12.4B,25.2B,Asia/Novosibirsk,2026-09-03T07:55:33Z
802,20260307,9,1,110,3:10am,2026-03-06T20:10:00+00:00,2026-03-07T03:10:00+07:00,,,,Asia/Novosibirsk,2026-09-03T07:55:33Z
803,20260309,4,2,288,10:00pm,2026-03-09T15:00:00+00:00,2026-03-09T22:00:00+07:00,-0.9%,-1.1%,-1.4%,Asia/Novosibirsk,2026-09-03T07:55:33Z
804,20260309,7,1,229,12:00pm,2026-03-09T05:00:00+00:00,2026-03-09T12:00:00+07:00,112.4%,113.0%,111.0%,Asia/Novosibirsk,2026-09-03T07:55:33Z
805,20260309,7,1,93,1:00pm,2026-03-09T06:00:00+00:00,2026-03-09T13:00:00+07:00,48.9,48.1,47.6,Asia/Novosibirsk,2026-09-03T07:55:33Z
806,20260309,5,1,170,2:00pm,2026-03-09T07:00:00+00:00,2026-03-09T14:00:00+07:00,-11.1%,-4.2%,6.4%,Asia/Novosibirsk,2026-09-03T07:55:33Z
807,20260309,5,1,179,2:00pm,2026-03-09T07:00:00+00:00,2026-03-09T14:00:00+07:00,-0.5%,1.0%,-1.0%,Asia/Novosibirsk,2026-09-03T07:55:33Z
808,20260309,3,1,345,3:00pm,2026-03-09T08:00:00+00:00,2026-03-09T15:00:00+07:00,-30,-29,-30,Asia/Novosibirsk,2026-09-03T07:55:33Z
809,20260309,5,1,354,4:30pm,2026-03-09T09:30:00+00:00,2026-03-09T16:30:00+07:00,-3.1,-3.1,4.2,Asia/Novosibirsk,2026-09-03T07:55:33Z
810,20260309,7,1,38,6:50am,2026-03-08T23:50:00+00:00,2026-03-09T06:50:00+07:00,4.5%,4.4%,4.4%,Asia/Novosibirsk,2026-09-03T07:55:33Z
811,20260309,7,1,84,6:50am,2026-03-08T23:50:00+00:00,2026-03-09T06:50:00+07:00,3.15T,3.19T,2.70T,Asia/Novosibirsk,2026-09-03T07:55:33Z
812,20260309,5,1,98,All Day,,,,,,Asia/Novosibirsk,2026-09-03T07:55:33Z
813,20260310,4,1,373,10:01am,2026-03-10T03:01:00+00:00,2026-03-10T10:01:00+07:00,213.6B,177.4B,114.1B,Asia/Novosibirsk,2026-09-03T07:55:33Z
814,20260310,4,1,368,10:02am,2026-03-10T03:02:00+00:00,2026-03-10T10:02:00+07:00,1503B,1250B,809B,Asia/Novosibirsk,2026-09-03T07:55:33Z
815,20260310,7,1,300,1:00pm,2026-03-10T06:00:00+00:00,2026-03-10T13:00:00+07:00,24.2%,,25.3%,Asia/Novosibirsk,2026-09-03T07:55:33Z
816,20260310,5,1,184,2:00pm,2026-03-10T07:00:00+00:00,2026-03-10T14:00:00+07:00,21.2B,15.4B,17.4B,Asia/Novosibirsk,2026-09-03T07:55:33Z
817,20260310,5,1,161,2:45pm,2026-03-10T07:45:00+00:00,2026-03-10T14:45:00+07:00,-1.8B,-5.2B,-4.3B,Asia/Novosibirsk,2026-09-03T07:55:33Z
818,20260310,9,1,265,5:00pm,2026-03-10T10:00:00+00:00,2026-03-10T17:00:00+07:00,98.8,99.6,99.3,Asia/Novosibirsk,2026-09-03T07:55:33Z
819,20260310,7,1,134,6:50am,2026-03-09T23:50:00+00:00,2026-03-10T06:50:00+07:00,3.4%,3.4%,3.4%,Asia/Novosibirsk,2026-09-03T07:55:33Z
820,20260310,7,1,135,6:50am,2026-03-09T23:50:00+00:00,2026-03-10T06:50:00+07:00,0.3%,0.3%,0.1%,Asia/Novosibirsk,2026-09-03T07:55:33Z
821,20260310,7,1,232,6:50am,2026-03-09T23:50:00+00:00,2026-03-10T06:50:00+07:00,1.7%,1.5%,1.6%,Asia/Novosibirsk,2026-09-03T07:55:33Z
822,20260310,6,1,35,7:01am,2026-03-10T00:01:00+00:00,2026-03-10T07:01:00+07:00,0.7%,2.0%,2.3%,Asia/Novosibirsk,2026-09-03T07:55:33Z
823,20260310,9,1,6,7:15pm,2026-03-10T12:15:00+00:00,2026-03-10T19:15:00+07:00,15.5K,,15.5K,Asia/Novosibirsk,2026-09-03T07:55:33Z
824,20260310,1,1,261,7:30am,2026-03-10T00:30:00+00:00,2026-03-10T07:30:00+07:00,-1,,4,Asia/Novosibirsk,2026-09-03T07:55:33Z
825,20260310,9,1,99,9:00pm,2026-03-10T14:00:00+00:00,2026-03-10T21:00:00+07:00,4.09M,3.89M,4.02M,Asia/Novosibirsk,2026-09-03T07:55:33Z
826,20260310,5,1,91,All Day,,,,,,Asia/Novosibirsk,2026-09-03T07:55:33Z
827,20260310,7,1,200,All Day,,,-1.0%,2.4%,-2.6%,Asia/Novosibirsk,2026-09-03T07:55:33Z
828,20260310,9,1,6,Feb 14th,,,15.5K,,12.0K,Asia/Novosibirsk,2026-09-03T07:55:33Z
829,20260311,9,3,54,10:00pm,2026-03-11T15:00:00+00:00,2026-03-11T22:00:00+07:00,0.3%,0.3%,0.2%,Asia/Novosibirsk,2026-09-03T07:55:33Z
830,20260311,9,3,55,10:00pm,2026-03-11T15:00:00+00:00,2026-03-11T22:00:00+07:00,2.4%,2.4%,2.4%,Asia/Novosibirsk,2026-09-03T07:55:33Z
831,20260311,9,3,75,10:00pm,2026-03-11T15:00:00+00:00,2026-03-11T22:00:00+07:00,2.5%,2.5%,2.5%,Asia/Novosibirsk,2026-09-03T07:55:33Z
832,20260311,5,1,171,2:00pm,2026-03-11T07:00:00+00:00,2026-03-11T14:00:00+07:00,0.2%,0.2%,0.2%,Asia/Novosibirsk,2026-09-03T07:55:33Z
833,20260311,6,1,239,5:00pm,2026-03-11T10:00:00+00:00,2026-03-11T17:00:00+07:00,,,,Asia/Novosibirsk,2026-09-03T07:55:33Z
834,20260311,5,1,166,5:33pm,2026-03-11T10:33:00+00:00,2026-03-11T17:33:00+07:00,2.89|1.2,,2.73|1.5,Asia/Novosibirsk,2026-09-03T07:55:33Z
835,20260311,7,1,288,6:50am,2026-03-10T23:50:00+00:00,2026-03-11T06:50:00+07:00,2.0%,2.2%,2.3%,Asia/Novosibirsk,2026-09-03T07:55:33Z
836,20260311,9,1,105,7:30pm,2026-03-11T12:30:00+00:00,2026-03-11T19:30:00+07:00,,,,Asia/Novosibirsk,2026-09-03T07:55:33Z
837,20260311,9,1,83,9:30pm,2026-03-11T14:30:00+00:00,2026-03-11T21:30:00+07:00,3.8M,2.8M,3.5M,Asia/Novosibirsk,2026-09-03T07:55:33Z
838,20260312,9,1,105,10:00pm,2026-03-12T15:00:00+00:00,2026-03-12T22:00:00+07:00,,,,Asia/Novosibirsk,2026-09-03T07:55:33Z
839,20260312,9,1,129,1:00am,2026-03-11T18:00:00+00:00,2026-03-12T01:00:00+07:00,-307.5B,-304.4B,-94.6B,Asia/Novosibirsk,2026-09-03T07:55:33Z
840,20260312,5,1,220,4:00pm,2026-03-12T09:00:00+00:00,2026-03-12T16:00:00+07:00,5.6%,6.1%,6.0%,Asia/Novosibirsk,2026-09-03T07:55:33Z
841,20260312,6,2,26,4:30pm,2026-03-12T09:30:00+00:00,2026-03-12T16:30:00+07:00,,,,Asia/Novosibirsk,2026-09-03T07:55:33Z
842,20260312,8,1,252,4:45am,2026-03-11T21:45:00+00:00,2026-03-12T04:45:00+07:00,0.6%,,2.6%,Asia/Novosibirsk,2026-09-03T07:55:33Z
843,20260312,7,1,37,6:50am,2026-03-11T23:50:00+00:00,2026-03-12T06:50:00+07:00,3.8,5.3,4.7,Asia/Novosibirsk,2026-09-03T07:55:33Z
844,20260312,1,1,236,7:00am,2026-03-12T00:00:00+00:00,2026-03-12T07:00:00+07:00,5.2%,,5.0%,Asia/Novosibirsk,2026-09-03T07:55:33Z
845,20260312,6,1,327,7:01am,2026-03-12T00:01:00+00:00,2026-03-12T07:01:00+07:00,-12%,-8%,-10%,Asia/Novosibirsk,2026-09-03T07:55:33Z
846,20260312,2,1,45,7:30pm,2026-03-12T12:30:00+00:00,2026-03-12T19:30:00+07:00,4.8%,-2.0%,6.1%,Asia/Novosibirsk,2026-09-03T07:55:33Z
847,20260312,2,1,368,7:30pm,2026-03-12T12:30:00+00:00,2026-03-12T19:30:00+07:00,-3.6B,-1.1B,-1.3B,Asia/Novosibirsk,2026-09-03T07:55:33Z
848,20260312,2,1,378,7:30pm,2026-03-12T12:30:00+00:00,2026-03-12T19:30:00+07:00,-1.0%,-0.6%,1.8%,Asia/Novosibirsk,2026-09-03T07:55:33Z
849,20260312,9,1,44,7:30pm,2026-03-12T12:30:00+00:00,2026-03-12T19:30:00+07:00,1.38M,1.42M,1.45M,Asia/Novosibirsk,2026-09-03T07:55:33Z
850,20260312,9,1,190,7:30pm,2026-03-12T12:30:00+00:00,2026-03-12T19:30:00+07:00,-80.8B,,-98.5B,Asia/Novosibirsk,2026-09-03T07:55:33Z
851,20260312,9,1,202,7:30pm,2026-03-12T12:30:00+00:00,2026-03-12T19:30:00+07:00,1.49M,1.34M,1.39M,Asia/Novosibirsk,2026-09-03T07:55:33Z
852,20260312,9,1,368,7:30pm,2026-03-12T12:30:00+00:00,2026-03-12T19:30:00+07:00,-54.5B,-66.6B,-72.9B,Asia/Novosibirsk,2026-09-03T07:55:33Z
853,20260312,6,1,50,8:30pm,2026-03-12T13:30:00+00:00,2026-03-12T20:30:00+07:00,0.0%,,0.0%,Asia/Novosibirsk,2026-09-03T07:55:33Z
854,20260312,9,1,270,9:30pm,2026-03-12T14:30:00+00:00,2026-03-12T21:30:00+07:00,-38B,-42B,-132B,Asia/Novosibirsk,2026-09-03T07:55:33Z
855,20260313,5,1,186,2:00pm,2026-03-13T07:00:00+00:00,2026-03-13T14:00:00+07:00,0.6%,0.3%,0.9%,Asia/Novosibirsk,2026-09-03T07:55:33Z
856,20260313,6,1,66,2:00pm,2026-03-13T07:00:00+00:00,2026-03-13T14:00:00+07:00,0.2%,0.0%,-0.5%,Asia/Novosibirsk,2026-09-03T07:55:33Z
857,20260313,6,1,190,2:00pm,2026-03-13T07:00:00+00:00,2026-03-13T14:00:00+07:00,-14.4B,-22.2B,-22.7B,Asia/Novosibirsk,2026-09-03T07:55:33Z
858,20260313,6,1,210,2:00pm,2026-03-13T07:00:00+00:00,2026-03-13T14:00:00+07:00,0.2%,0.3%,0.0%,Asia/Novosibirsk,2026-09-03T07:55:33Z
859,20260313,6,1,211,2:00pm,2026-03-13T07:00:00+00:00,2026-03-13T14:00:00+07:00,-0.1%,0.3%,-0.9%,Asia/Novosibirsk,2026-09-03T07:55:33Z
860,20260313,6,1,250,2:00pm,2026-03-13T07:00:00+00:00,2026-03-13T14:00:00+07:00,0.1%,0.2%,-0.5%,Asia/Novosibirsk,2026-09-03T07:55:33Z
861,20260313,5,1,149,2:45pm,2026-03-13T07:45:00+00:00,2026-03-13T14:45:00+07:00,0.6%,0.7%,0.7%,Asia/Novosibirsk,2026-09-03T07:55:33Z
862,20260313,5,1,215,4:00pm,2026-03-13T09:00:00+00:00,2026-03-13T16:00:00+07:00,-0.6%,0.4%,-0.5%,Asia/Novosibirsk,2026-09-03T07:55:33Z
863,20260313,4,1,233,4:02pm,2026-03-13T09:02:00+00:00,2026-03-13T16:02:00+07:00,9.0%,8.9%,9.0%,Asia/Novosibirsk,2026-09-03T07:55:33Z
864,20260313,4,1,274,4:03pm,2026-03-13T09:03:00+00:00,2026-03-13T16:03:00+07:00,900B,865B,4710B,Asia/Novosibirsk,2026-09-03T07:55:33Z
865,20260313,8,1,47,4:30am,2026-03-12T21:30:00+00:00,2026-03-13T04:30:00+07:00,55.0,,55.1,Asia/Novosibirsk,2026-09-03T07:55:33Z
866,20260313,6,1,72,4:30pm,2026-03-13T09:30:00+00:00,2026-03-13T16:30:00+07:00,3.2%,,3.5%,Asia/Novosibirsk,2026-09-03T07:55:33Z
867,20260313,9,2,85,4:30pm,2026-03-13T09:30:00+00:00,2026-03-13T16:30:00+07:00,0.0%,1.1%,-0.9%,Asia/Novosibirsk,2026-09-03T07:55:33Z
868,20260313,9,2,296,4:30pm,2026-03-13T09:30:00+00:00,2026-03-13T16:30:00+07:00,3.8%,3.6%,3.6%,Asia/Novosibirsk,2026-09-03T07:55:33Z
869,20260313,8,1,376,4:45am,2026-03-12T21:45:00+00:00,2026-03-13T04:45:00+07:00,0.9%,,1.6%,Asia/Novosibirsk,2026-09-03T07:55:33Z
870,20260313,5,1,211,5:00pm,2026-03-13T10:00:00+00:00,2026-03-13T17:00:00+07:00,-1.5%,0.6%,-0.5%,Asia/Novosibirsk,2026-09-03T07:55:33Z
871,20260313,2,1,56,7:30pm,2026-03-13T12:30:00+00:00,2026-03-13T19:30:00+07:00,78.5%,78.4%,78.9%,Asia/Novosibirsk,2026-09-03T07:55:33Z
872,20260313,2,3,95,7:30pm,2026-03-13T12:30:00+00:00,2026-03-13T19:30:00+07:00,-83.9K,10.3K,-24.8K,Asia/Novosibirsk,2026-09-03T07:55:33Z
873,20260313,2,1,251,7:30pm,2026-03-13T12:30:00+00:00,2026-03-13T19:30:00+07:00,-3.0%,-3.3%,0.4%,Asia/Novosibirsk,2026-09-03T07:55:33Z
874,20260313,2,3,375,7:30pm,2026-03-13T12:30:00+00:00,2026-03-13T19:30:00+07:00,6.7%,6.6%,6.5%,Asia/Novosibirsk,2026-09-03T07:55:33Z
875,20260313,9,3,78,7:30pm,2026-03-13T12:30:00+00:00,2026-03-13T19:30:00+07:00,0.4%,0.4%,0.4%,Asia/Novosibirsk,2026-09-03T07:55:33Z
876,20260313,9,1,290,7:30pm,2026-03-13T12:30:00+00:00,2026-03-13T19:30:00+07:00,0.4%,0.5%,0.3%,Asia/Novosibirsk,2026-09-03T07:55:33Z
877,20260313,9,1,291,7:30pm,2026-03-13T12:30:00+00:00,2026-03-13T19:30:00+07:00,0.4%,0.3%,0.4%,Asia/Novosibirsk,2026-09-03T07:55:33Z
878,20260313,9,3,298,7:30pm,2026-03-13T12:30:00+00:00,2026-03-13T19:30:00+07:00,0.7%,1.4%,1.4%,Asia/Novosibirsk,2026-09-03T07:55:33Z
879,20260313,9,3,225,9:00pm,2026-03-13T14:00:00+00:00,2026-03-13T21:00:00+07:00,6.95M,6.76M,6.55M,Asia/Novosibirsk,2026-09-03T07:55:33Z
880,20260313,9,2,303,9:00pm,2026-03-13T14:00:00+00:00,2026-03-13T21:00:00+07:00,55.5,55.0,56.6,Asia/Novosibirsk,2026-09-03T07:55:33Z
881,20260313,9,2,304,9:00pm,2026-03-13T14:00:00+00:00,2026-03-13T21:00:00+07:00,3.4%,,3.4%,Asia/Novosibirsk,2026-09-03T07:55:33Z
882,20260316,9,2,306,10:30pm,2026-03-16T15:30:00+00:00,2026-03-16T22:30:00+07:00,,,,Asia/Novosibirsk,2026-09-03T07:55:33Z
883,20260316,6,1,343,6:54am,2026-03-15T23:54:00+00:00,2026-03-16T06:54:00+07:00,0.8%,,0.0%,Asia/Novosibirsk,2026-09-03T07:55:33Z
884,20260316,2,1,202,7:15pm,2026-03-16T12:15:00+00:00,2026-03-16T19:15:00+07:00,251K,243K,240K,Asia/Novosibirsk,2026-09-03T07:55:33Z
885,20260316,2,1,74,7:32pm,2026-03-16T12:32:00+00:00,2026-03-16T19:32:00+07:00,0.4%,,0.2%,Asia/Novosibirsk,2026-09-03T07:55:33Z
886,20260316,9,1,56,8:15pm,2026-03-16T13:15:00+00:00,2026-03-16T20:15:00+07:00,76.3%,76.2%,76.3%,Asia/Novosibirsk,2026-09-03T07:55:33Z
887,20260316,9,1,211,8:15pm,2026-03-16T13:15:00+00:00,2026-03-16T20:15:00+07:00,0.2%,0.1%,0.7%,Asia/Novosibirsk,2026-09-03T07:55:33Z
888,20260316,4,1,272,8:30am,2026-03-16T01:30:00+00:00,2026-03-16T08:30:00+07:00,-0.28%,,-0.37%,Asia/Novosibirsk,2026-09-03T07:55:33Z
889,20260316,4,1,139,9:00am,2026-03-16T02:00:00+00:00,2026-03-16T09:00:00+07:00,1.8%,-5.0%,-3.8%,Asia/Novosibirsk,2026-09-03T07:55:33Z
890,20260316,4,1,212,9:00am,2026-03-16T02:00:00+00:00,2026-03-16T09:00:00+07:00,6.3%,5.3%,5.2%,Asia/Novosibirsk,2026-09-03T07:55:33Z
891,20260316,4,1,264,9:00am,2026-03-16T02:00:00+00:00,2026-03-16T09:00:00+07:00,,,,Asia/Novosibirsk,2026-09-03T07:55:33Z
892,20260316,4,1,334,9:00am,2026-03-16T02:00:00+00:00,2026-03-16T09:00:00+07:00,2.8%,2.6%,0.9%,Asia/Novosibirsk,2026-09-03T07:55:33Z
893,20260316,4,1,375,9:00am,2026-03-16T02:00:00+00:00,2026-03-16T09:00:00+07:00,5.3%,5.1%,5.1%,Asia/Novosibirsk,2026-09-03T07:55:33Z
894,20260316,2,3,253,9:00pm,2026-03-16T14:00:00+00:00,2026-03-16T21:00:00+07:00,2.3%,2.4%,2.5%,Asia/Novosibirsk,2026-09-03T07:55:33Z
895,20260316,2,3,370,9:00pm,2026-03-16T14:00:00+00:00,2026-03-16T21:00:00+07:00,2.3%,2.4%,2.4%,Asia/Novosibirsk,2026-09-03T07:55:33Z
896,20260316,9,2,94,9:00pm,2026-03-16T14:00:00+00:00,2026-03-16T21:00:00+07:00,-0.2,4.0,7.1,Asia/Novosibirsk,2026-09-03T07:55:33Z
897,20260316,9,1,263,9:00pm,2026-03-16T14:00:00+00:00,2026-03-16T21:00:00+07:00,38,37,37,Asia/Novosibirsk,2026-09-03T07:55:33Z
898,20260317,5,1,169,10:15pm,2026-03-17T15:15:00+00:00,2026-03-17T22:15:00+07:00,,,,Asia/Novosibirsk,2026-09-03T07:55:33Z
899,20260317,8,1,165,10:18pm,2026-03-17T15:18:00+00:00,2026-03-17T22:18:00+07:00,0.1%,,5.7%,Asia/Novosibirsk,2026-09-03T07:55:33Z
900,20260317,1,3,319,11:30am,2026-03-17T04:30:00+00:00,2026-03-17T11:30:00+07:00,,,,Asia/Novosibirsk,2026-09-03T07:55:33Z
901,20260317,7,1,366,11:30am,2026-03-17T04:30:00+00:00,2026-03-17T11:30:00+07:00,1.7%,0.9%,-0.8%,Asia/Novosibirsk,2026-09-03T07:55:33Z
902,20260317,3,1,286,2:30pm,2026-03-17T07:30:00+00:00,2026-03-17T14:30:00+07:00,-0.3%,0.0%,-0.2%,Asia/Novosibirsk,2026-09-03T07:55:33Z
903,20260317,5,1,187,5:00pm,2026-03-17T10:00:00+00:00,2026-03-17T17:00:00+07:00,-0.5,39.0,58.3,Asia/Novosibirsk,2026-09-03T07:55:33Z
904,20260317,5,1,379,5:00pm,2026-03-17T10:00:00+00:00,2026-03-17T17:00:00+07:00,-8.5,26.5,39.4,Asia/Novosibirsk,2026-09-03T07:55:33Z
905,20260317,9,1,6,7:15pm,2026-03-17T12:15:00+00:00,2026-03-17T19:15:00+07:00,9.0K,,14.8K,Asia/Novosibirsk,2026-09-03T07:55:33Z
906,20260317,1,3,320,9:00pm,2026-03-17T14:00:00+00:00,2026-03-17T21:00:00+07:00,,,,Asia/Novosibirsk,2026-09-03T07:55:33Z
907,20260317,1,1,50,9:25pm,2026-03-17T14:25:00+00:00,2026-03-17T21:25:00+07:00,0.2%,,0.3%,Asia/Novosibirsk,2026-09-03T07:55:33Z
908,20260318,9,3,286,11:30am,2026-03-18T04:30:00+00:00,2026-03-18T11:30:00+07:00,0.7%,0.3%,0.5%,Asia/Novosibirsk,2026-09-03T07:55:33Z
909,20260318,3,1,346,3:00pm,2026-03-18T08:00:00+00:00,2026-03-18T15:00:00+07:00,,,,Asia/Novosibirsk,2026-09-03T07:55:33Z
910,20260318,9,1,10,3:30am,2026-03-17T20:30:00+00:00,2026-03-18T03:30:00+07:00,,,,Asia/Novosibirsk,2026-09-03T07:55:33Z
911,20260318,8,1,84,4:45am,2026-03-17T21:45:00+00:00,2026-03-18T04:45:00+07:00,-5.98B,-4.78B,-8.36B,Asia/Novosibirsk,2026-09-03T07:55:33Z
912,20260318,5,1,130,5:00pm,2026-03-18T10:00:00+00:00,2026-03-18T17:00:00+07:00,1.9%,1.9%,1.9%,Asia/Novosibirsk,2026-09-03T07:55:33Z
913,20260318,5,1,131,5:00pm,2026-03-18T10:00:00+00:00,2026-03-18T17:00:00+07:00,2.4%,2.4%,2.4%,Asia/Novosibirsk,2026-09-03T07:55:33Z
914,20260318,5,1,167,5:34pm,2026-03-18T10:34:00+00:00,2026-03-18T17:34:00+07:00,3.45|1.7,,3.47|1.6,Asia/Novosibirsk,2026-09-03T07:55:33Z
915,20260318,1,1,238,6:30am,2026-03-17T23:30:00+00:00,2026-03-18T06:30:00+07:00,-0.1%,,0.0%,Asia/Novosibirsk,2026-09-03T07:55:33Z
916,20260318,7,1,368,6:50am,2026-03-17T23:50:00+00:00,2026-03-18T06:50:00+07:00,-0.37T,-0.62T,0.50T,Asia/Novosibirsk,2026-09-03T07:55:33Z
917,20260318,2,1,146,7:30pm,2026-03-18T12:30:00+00:00,2026-03-18T19:30:00+07:00,46.73B,4.72B,-5.84B,Asia/Novosibirsk,2026-09-03T07:55:33Z
918,20260318,2,3,22,8:45pm,2026-03-18T13:45:00+00:00,2026-03-18T20:45:00+07:00,,,,Asia/Novosibirsk,2026-09-03T07:55:33Z
919,20260318,2,3,280,8:45pm,2026-03-18T13:45:00+00:00,2026-03-18T20:45:00+07:00,2.25%,2.25%,2.25%,Asia/Novosibirsk,2026-09-03T07:55:33Z
920,20260318,9,1,125,9:00pm,2026-03-18T14:00:00+00:00,2026-03-18T21:00:00+07:00,0.1%,0.1%,-0.7%,Asia/Novosibirsk,2026-09-03T07:55:33Z
921,20260318,2,3,21,9:30pm,2026-03-18T14:30:00+00:00,2026-03-18T21:30:00+07:00,,,,Asia/Novosibirsk,2026-09-03T07:55:33Z
922,20260318,9,1,83,9:30pm,2026-03-18T14:30:00+00:00,2026-03-18T21:30:00+07:00,6.2M,-1.5M,3.8M,Asia/Novosibirsk,2026-09-03T07:55:33Z
923,20260319,7,1,337,11:30am,2026-03-19T04:30:00+00:00,2026-03-19T11:30:00+07:00,4.3%,2.2%,2.2%,Asia/Novosibirsk,2026-09-03T07:55:33Z
924,20260319,9,3,120,1:30am,2026-03-18T18:30:00+00:00,2026-03-19T01:30:00+07:00,,,,Asia/Novosibirsk,2026-09-03T07:55:33Z
925,20260319,7,3,33,1:30pm,2026-03-19T06:30:00+00:00,2026-03-19T13:30:00+07:00,,,,Asia/Novosibirsk,2026-09-03T07:55:33Z
926,20260319,6,3,61,2:00pm,2026-03-19T07:00:00+00:00,2026-03-19T14:00:00+07:00,24.7K,25.8K,4.7K,Asia/Novosibirsk,2026-09-03T07:55:33Z
927,20260319,6,1,375,2:00pm,2026-03-19T07:00:00+00:00,2026-03-19T14:00:00+07:00,5.2%,5.3%,5.2%,Asia/Novosibirsk,2026-09-03T07:55:33Z
928,20260319,3,3,349,3:30pm,2026-03-19T08:30:00+00:00,2026-03-19T15:30:00+07:00,,,,Asia/Novosibirsk,2026-09-03T07:55:33Z
929,20260319,3,3,350,3:30pm,2026-03-19T08:30:00+00:00,2026-03-19T15:30:00+07:00,0.00%,0.00%,0.00%,Asia/Novosibirsk,2026-09-03T07:55:33Z
930,20260319,3,3,351,4:00pm,2026-03-19T09:00:00+00:00,2026-03-19T16:00:00+07:00,,,,Asia/Novosibirsk,2026-09-03T07:55:33Z
931,20260319,5,1,355,4:44pm,2026-03-19T09:44:00+00:00,2026-03-19T16:44:00+07:00,3.48|2.3,,3.17|2.5,Asia/Novosibirsk,2026-09-03T07:55:33Z
932,20260319,8,3,163,4:45am,2026-03-18T21:45:00+00:00,2026-03-19T04:45:00+07:00,0.2%,0.5%,0.9%,Asia/Novosibirsk,2026-09-03T07:55:33Z
933,20260319,7,1,77,6:50am,2026-03-18T23:50:00+00:00,2026-03-19T06:50:00+07:00,-5.5%,-9.6%,19.1%,Asia/Novosibirsk,2026-09-03T07:55:33Z
934,20260319,6,3,247,7:00pm,2026-03-19T12:00:00+00:00,2026-03-19T19:00:00+07:00,0-0-9,0-2-7,0-4-5,Asia/Novosibirsk,2026-09-03T07:55:33Z
935,20260319,6,3,258,7:00pm,2026-03-19T12:00:00+00:00,2026-03-19T19:00:00+07:00,,,,Asia/Novosibirsk,2026-09-03T07:55:33Z
936,20260319,6,3,277,7:00pm,2026-03-19T12:00:00+00:00,2026-03-19T19:00:00+07:00,3.75%,3.75%,3.75%,Asia/Novosibirsk,2026-09-03T07:55:33Z
937,20260319,1,3,95,7:30am,2026-03-19T00:30:00+00:00,2026-03-19T07:30:00+07:00,48.9K,20.8K,26.1K,Asia/Novosibirsk,2026-09-03T07:55:33Z
938,20260319,1,1,316,7:30am,2026-03-19T00:30:00+00:00,2026-03-19T07:30:00+07:00,,,,Asia/Novosibirsk,2026-09-03T07:55:33Z
939,20260319,1,3,375,7:30am,2026-03-19T00:30:00+00:00,2026-03-19T07:30:00+07:00,4.3%,4.1%,4.1%,Asia/Novosibirsk,2026-09-03T07:55:33Z
940,20260319,9,2,292,7:30pm,2026-03-19T12:30:00+00:00,2026-03-19T19:30:00+07:00,18.1,8.3,16.3,Asia/Novosibirsk,2026-09-03T07:55:33Z
941,20260319,9,3,374,7:30pm,2026-03-19T12:30:00+00:00,2026-03-19T19:30:00+07:00,205K,215K,213K,Asia/Novosibirsk,2026-09-03T07:55:33Z
942,20260319,5,3,248,8:15pm,2026-03-19T13:15:00+00:00,2026-03-19T20:15:00+07:00,2.15%,2.15%,2.15%,Asia/Novosibirsk,2026-09-03T07:55:33Z
943,20260319,5,3,257,8:15pm,2026-03-19T13:15:00+00:00,2026-03-19T20:15:00+07:00,,,,Asia/Novosibirsk,2026-09-03T07:55:33Z
944,20260319,5,3,90,8:45pm,2026-03-19T13:45:00+00:00,2026-03-19T20:45:00+07:00,,,,Asia/Novosibirsk,2026-09-03T07:55:33Z
945,20260319,9,1,50,9:00pm,2026-03-19T14:00:00+00:00,2026-03-19T21:00:00+07:00,-0.1%,-0.1%,-0.2%,Asia/Novosibirsk,2026-09-03T07:55:33Z
946,20260319,9,1,138,9:00pm,2026-03-19T14:00:00+00:00,2026-03-19T21:00:00+07:00,-0.5%,0.2%,0.2%,Asia/Novosibirsk,2026-09-03T07:55:33Z
947,20260319,9,2,273,9:00pm,2026-03-19T14:00:00+00:00,2026-03-19T21:00:00+07:00,587K,722K,712K,Asia/Novosibirsk,2026-09-03T07:55:33Z
948,20260319,9,3,100,9:30pm,2026-03-19T14:30:00+00:00,2026-03-19T21:30:00+07:00,,,,Asia/Novosibirsk,2026-09-03T07:55:33Z
949,20260319,9,3,121,9:30pm,2026-03-19T14:30:00+00:00,2026-03-19T21:30:00+07:00,,,,Asia/Novosibirsk,2026-09-03T07:55:33Z
950,20260319,9,1,270,9:30pm,2026-03-19T14:30:00+00:00,2026-03-19T21:30:00+07:00,35B,39B,-38B,Asia/Novosibirsk,2026-09-03T07:55:33Z
951,20260319,7,3,32,9:46am,2026-03-19T02:46:00+00:00,2026-03-19T09:46:00+07:00,<0.75%,<0.75%,<0.75%,Asia/Novosibirsk,2026-09-03T07:55:33Z
952,20260319,7,3,257,9:46am,2026-03-19T02:46:00+00:00,2026-03-19T09:46:00+07:00,,,,Asia/Novosibirsk,2026-09-03T07:55:33Z
953,20260319,5,1,97,All Day,,,,,,Asia/Novosibirsk,2026-09-03T07:55:33Z
954,20260320,5,1,180,2:00pm,2026-03-20T07:00:00+00:00,2026-03-20T14:00:00+07:00,-0.5%,0.3%,-0.6%,Asia/Novosibirsk,2026-09-03T07:55:33Z
955,20260320,6,1,310,2:00pm,2026-03-20T07:00:00+00:00,2026-03-20T14:00:00+07:00,14.3B,8.7B,-31.9B,Asia/Novosibirsk,2026-09-03T07:55:33Z
956,20260320,5,1,84,4:00pm,2026-03-20T09:00:00+00:00,2026-03-20T16:00:00+07:00,37.9B,17.2B,13.3B,Asia/Novosibirsk,2026-09-03T07:55:33Z
957,20260320,5,1,223,4:00pm,2026-03-20T09:00:00+00:00,2026-03-20T16:00:00+07:00,1.09B,5.65B,5.99B,Asia/Novosibirsk,2026-09-03T07:55:33Z
958,20260320,4,1,145,4:06pm,2026-03-20T09:06:00+00:00,2026-03-20T16:06:00+07:00,-5.7%,,-5.7%,Asia/Novosibirsk,2026-09-03T07:55:33Z
959,20260320,5,1,368,5:00pm,2026-03-20T10:00:00+00:00,2026-03-20T17:00:00+07:00,12.1B,12.8B,10.3B,Asia/Novosibirsk,2026-09-03T07:55:33Z
960,20260320,6,1,51,6:00pm,2026-03-20T11:00:00+00:00,2026-03-20T18:00:00+07:00,-27,-30,-28,Asia/Novosibirsk,2026-09-03T07:55:33Z
961,20260320,2,1,204,7:30pm,2026-03-20T12:30:00+00:00,2026-03-20T19:30:00+07:00,0.4%,1.1%,2.8%,Asia/Novosibirsk,2026-09-03T07:55:33Z
962,20260320,2,1,266,7:30pm,2026-03-20T12:30:00+00:00,2026-03-20T19:30:00+07:00,0.3%,-0.2%,-0.4%,Asia/Novosibirsk,2026-09-03T07:55:33Z
963,20260320,2,1,328,7:30pm,2026-03-20T12:30:00+00:00,2026-03-20T19:30:00+07:00,0.6%,2.4%,7.7%,Asia/Novosibirsk,2026-09-03T07:55:33Z
964,20260320,4,1,1,8:00am,2026-03-20T01:00:00+00:00,2026-03-20T08:00:00+07:00,3.00%,3.00%,3.00%,Asia/Novosibirsk,2026-09-03T07:55:33Z
965,20260320,4,1,4,8:00am,2026-03-20T01:00:00+00:00,2026-03-20T08:00:00+07:00,3.50%,3.50%,3.50%,Asia/Novosibirsk,2026-09-03T07:55:33Z
966,20260320,8,1,82,9:00am,2026-03-20T02:00:00+00:00,2026-03-20T09:00:00+07:00,-1.1%,,0.9%,Asia/Novosibirsk,2026-09-03T07:55:33Z
967,20260320,2,2,332,9:00pm,2026-03-20T14:00:00+00:00,2026-03-20T21:00:00+07:00,1.1%,1.4%,-0.4%,Asia/Novosibirsk,2026-09-03T07:55:33Z
968,20260323,5,1,70,10:00pm,2026-03-23T15:00:00+00:00,2026-03-23T22:00:00+07:00,-16,-15,-12,Asia/Novosibirsk,2026-09-03T07:55:33Z
969,20260323,9,1,68,9:00pm,2026-03-23T14:00:00+00:00,2026-03-23T21:00:00+07:00,-0.3%,0.1%,0.8%,Asia/Novosibirsk,2026-09-03T07:55:33Z
970,20260324,1,1,143,10:00pm,2026-03-24T15:00:00+00:00,2026-03-24T22:00:00+07:00,46.6,,52.8,Asia/Novosibirsk,2026-09-03T07:55:33Z
971,20260324,5,1,169,10:00pm,2026-03-24T15:00:00+00:00,2026-03-24T22:00:00+07:00,,,,Asia/Novosibirsk,2026-09-03T07:55:33Z
972,20260324,3,1,192,10:15pm,2026-03-24T15:15:00+00:00,2026-03-24T22:15:00+07:00,,,,Asia/Novosibirsk,2026-09-03T07:55:33Z
973,20260324,5,2,154,3:15pm,2026-03-24T08:15:00+00:00,2026-03-24T15:15:00+07:00,50.2,49.4,50.1,Asia/Novosibirsk,2026-09-03T07:55:33Z
974,20260324,5,2,155,3:15pm,2026-03-24T08:15:00+00:00,2026-03-24T15:15:00+07:00,48.3,49.2,49.6,Asia/Novosibirsk,2026-09-03T07:55:33Z
975,20260324,5,1,142,4:00pm,2026-03-24T09:00:00+00:00,2026-03-24T16:00:00+07:00,51.4,49.4,50.8,Asia/Novosibirsk,2026-09-03T07:55:33Z
976,20260324,5,1,143,4:00pm,2026-03-24T09:00:00+00:00,2026-03-24T16:00:00+07:00,50.1,51.1,51.9,Asia/Novosibirsk,2026-09-03T07:55:33Z
977,20260324,6,3,142,4:30pm,2026-03-24T09:30:00+00:00,2026-03-24T16:30:00+07:00,51.4,50.0,51.7,Asia/Novosibirsk,2026-09-03T07:55:33Z
978,20260324,6,3,143,4:30pm,2026-03-24T09:30:00+00:00,2026-03-24T16:30:00+07:00,51.2,52.8,53.9,Asia/Novosibirsk,2026-09-03T07:55:33Z
979,20260324,6,1,2,5:02pm,2026-03-24T10:02:00+00:00,2026-03-24T17:02:00+07:00,4.91|3.5,,4.59|3.6,Asia/Novosibirsk,2026-09-03T07:55:33Z
980,20260324,6,1,52,6:00pm,2026-03-24T11:00:00+00:00,2026-03-24T18:00:00+07:00,-52,-43,-43,Asia/Novosibirsk,2026-09-03T07:55:33Z
981,20260324,7,1,268,6:30am,2026-03-23T23:30:00+00:00,2026-03-24T06:30:00+07:00,1.6%,1.7%,2.0%,Asia/Novosibirsk,2026-09-03T07:55:33Z
982,20260324,9,1,6,7:15pm,2026-03-24T12:15:00+00:00,2026-03-24T19:15:00+07:00,10.0K,,9.0K,Asia/Novosibirsk,2026-09-03T07:55:33Z
983,20260324,7,1,142,7:30am,2026-03-24T00:30:00+00:00,2026-03-24T07:30:00+07:00,51.4,53.2,53.0,Asia/Novosibirsk,2026-09-03T07:55:33Z
984,20260324,9,1,338,7:30pm,2026-03-24T12:30:00+00:00,2026-03-24T19:30:00+07:00,1.8%,1.9%,2.8%,Asia/Novosibirsk,2026-09-03T07:55:33Z
985,20260324,9,1,339,7:30pm,2026-03-24T12:30:00+00:00,2026-03-24T19:30:00+07:00,4.4%,3.6%,2.8%,Asia/Novosibirsk,2026-09-03T07:55:33Z
986,20260324,6,1,244,8:25pm,2026-03-24T13:25:00+00:00,2026-03-24T20:25:00+07:00,,,,Asia/Novosibirsk,2026-09-03T07:55:33Z
987,20260324,5,3,176,8:45pm,2026-03-24T13:45:00+00:00,2026-03-24T20:45:00+07:00,51.2,52.5,53.5,Asia/Novosibirsk,2026-09-03T07:55:33Z
988,20260324,9,3,142,8:45pm,2026-03-24T13:45:00+00:00,2026-03-24T20:45:00+07:00,52.4,51.5,51.6,Asia/Novosibirsk,2026-09-03T07:55:33Z
989,20260324,9,3,143,8:45pm,2026-03-24T13:45:00+00:00,2026-03-24T20:45:00+07:00,51.1,52.0,51.7,Asia/Novosibirsk,2026-09-03T07:55:33Z
990,20260324,9,2,342,9:00pm,2026-03-24T14:00:00+00:00,2026-03-24T21:00:00+07:00,0,-8,-10,Asia/Novosibirsk,2026-09-03T07:55:33Z
991,20260325,6,3,55,2:00pm,2026-03-25T07:00:00+00:00,2026-03-25T14:00:00+07:00,3.0%,3.0%,3.0%,Asia/Novosibirsk,2026-09-03T07:55:33Z
992,20260325,6,1,75,2:00pm,2026-03-25T07:00:00+00:00,2026-03-25T14:00:00+07:00,3.2%,3.1%,3.1%,Asia/Novosibirsk,2026-09-03T07:55:33Z
993,20260325,6,1,282,2:00pm,2026-03-25T07:00:00+00:00,2026-03-25T14:00:00+07:00,0.8%,0.5%,0.3%,Asia/Novosibirsk,2026-09-03T07:55:33Z
994,20260325,6,1,284,2:00pm,2026-03-25T07:00:00+00:00,2026-03-25T14:00:00+07:00,-0.5%,0.3%,0.0%,Asia/Novosibirsk,2026-09-03T07:55:33Z
995,20260325,6,1,329,2:00pm,2026-03-25T07:00:00+00:00,2026-03-25T14:00:00+07:00,3.6%,3.7%,3.8%,Asia/Novosibirsk,2026-09-03T07:55:33Z
996,20260325,5,2,89,3:45pm,2026-03-25T08:45:00+00:00,2026-03-25T15:45:00+07:00,,,,Asia/Novosibirsk,2026-09-03T07:55:33Z
997,20260325,3,1,372,4:00pm,2026-03-25T09:00:00+00:00,2026-03-25T16:00:00+07:00,-35.0,,9.8,Asia/Novosibirsk,2026-09-03T07:55:33Z
998,20260325,5,1,188,4:00pm,2026-03-25T09:00:00+00:00,2026-03-25T16:00:00+07:00,86.4,86.2,88.4,Asia/Novosibirsk,2026-09-03T07:55:33Z
999,20260325,6,1,198,4:30pm,2026-03-25T09:30:00+00:00,2026-03-25T16:30:00+07:00,1.3%,1.7%,1.9%,Asia/Novosibirsk,2026-09-03T07:55:33Z
1000,20260325,9,1,109,5:00am,2026-03-24T22:00:00+00:00,2026-03-25T05:00:00+07:00,,,,Asia/Novosibirsk,2026-09-03T07:55:33Z
1001,20260325,9,1,103,5:30am,2026-03-24T22:30:00+00:00,2026-03-25T05:30:00+07:00,,,,Asia/Novosibirsk,2026-09-03T07:55:33Z
1002,20260325,7,1,255,6:50am,2026-03-24T23:50:00+00:00,2026-03-25T06:50:00+07:00,,,,Asia/Novosibirsk,2026-09-03T07:55:33Z
1003,20260325,6,1,241,7:00pm,2026-03-25T12:00:00+00:00,2026-03-25T19:00:00+07:00,,,,Asia/Novosibirsk,2026-09-03T07:55:33Z
1004,20260325,9,1,84,7:30pm,2026-03-25T12:30:00+00:00,2026-03-25T19:30:00+07:00,-191B,-211B,-239B,Asia/Novosibirsk,2026-09-03T07:55:33Z
1005,20260325,9,1,208,7:30pm,2026-03-25T12:30:00+00:00,2026-03-25T19:30:00+07:00,1.3%,0.6%,0.6%,Asia/Novosibirsk,2026-09-03T07:55:33Z
1006,20260325,4,1,50,8:00pm,2026-03-25T13:00:00+00:00,2026-03-25T20:00:00+07:00,-0.2%,,0.1%,Asia/Novosibirsk,2026-09-03T07:55:33Z
1007,20260325,5,1,41,8:28pm,2026-03-25T13:28:00+00:00,2026-03-25T20:28:00+07:00,-13.7,-14.8,-13.7,Asia/Novosibirsk,2026-09-03T07:55:33Z
1008,20260325,1,3,55,8:45pm,2026-03-25T13:45:00+00:00,2026-03-25T20:45:00+07:00,3.7%,3.8%,3.8%,Asia/Novosibirsk,2026-09-03T07:55:33Z
1009,20260325,1,3,371,8:45pm,2026-03-25T13:45:00+00:00,2026-03-25T20:45:00+07:00,0.2%,0.3%,0.3%,Asia/Novosibirsk,2026-09-03T07:55:33Z
1010,20260325,3,1,352,9:00pm,2026-03-25T14:00:00+00:00,2026-03-25T21:00:00+07:00,,,,Asia/Novosibirsk,2026-09-03T07:55:33Z
1011,20260325,9,1,83,9:30pm,2026-03-25T14:30:00+00:00,2026-03-25T21:30:00+07:00,6.9M,-1.3M,6.2M,Asia/Novosibirsk,2026-09-03T07:55:33Z
1012,20260325,1,1,312,9:40am,2026-03-25T02:40:00+00:00,2026-03-25T09:40:00+07:00,,,,Asia/Novosibirsk,2026-09-03T07:55:33Z
1013,20260326,6,1,246,11:00pm,2026-03-26T16:00:00+00:00,2026-03-26T23:00:00+07:00,,,,Asia/Novosibirsk,2026-09-03T07:55:33Z
1014,20260326,6,1,241,11:30pm,2026-03-26T16:30:00+00:00,2026-03-26T23:30:00+07:00,,,,Asia/Novosibirsk,2026-09-03T07:55:33Z
1015,20260326,7,1,29,12:02pm,2026-03-26T05:02:00+00:00,2026-03-26T12:02:00+07:00,1.7%,1.6%,1.7%,Asia/Novosibirsk,2026-09-03T07:55:33Z
1016,20260326,5,1,177,2:00pm,2026-03-26T07:00:00+00:00,2026-03-26T14:00:00+07:00,-28.0,-27.3,-24.8,Asia/Novosibirsk,2026-09-03T07:55:33Z
1017,20260326,5,1,234,4:00pm,2026-03-26T09:00:00+00:00,2026-03-26T16:00:00+07:00,3.0%,3.3%,3.2%,Asia/Novosibirsk,2026-09-03T07:55:33Z
1018,20260326,5,1,308,4:00pm,2026-03-26T09:00:00+00:00,2026-03-26T16:00:00+07:00,3.0%,3.1%,3.0%,Asia/Novosibirsk,2026-09-03T07:55:33Z
1019,20260326,6,1,239,4:30pm,2026-03-26T09:30:00+00:00,2026-03-26T16:30:00+07:00,,,,Asia/Novosibirsk,2026-09-03T07:55:33Z
1020,20260326,6,1,3,5:02pm,2026-03-26T10:02:00+00:00,2026-03-26T17:02:00+07:00,5.52|3.8,,5.29|3.2,Asia/Novosibirsk,2026-09-03T07:55:33Z
1021,20260326,1,1,313,5:15am,2026-03-25T22:15:00+00:00,2026-03-26T05:15:00+07:00,,,,Asia/Novosibirsk,2026-09-03T07:55:33Z
1022,20260326,5,1,168,6:00pm,2026-03-26T11:00:00+00:00,2026-03-26T18:00:00+07:00,,,,Asia/Novosibirsk,2026-09-03T07:55:33Z
1023,20260326,7,1,353,6:50am,2026-03-25T23:50:00+00:00,2026-03-26T06:50:00+07:00,2.7%,2.6%,2.6%,Asia/Novosibirsk,2026-09-03T07:55:33Z
1024,20260326,1,1,262,7:30am,2026-03-26T00:30:00+00:00,2026-03-26T07:30:00+07:00,-4,,0,Asia/Novosibirsk,2026-09-03T07:55:33Z
1025,20260326,9,1,270,9:30pm,2026-03-26T14:30:00+00:00,2026-03-26T21:30:00+07:00,-54B,-49B,35B,Asia/Novosibirsk,2026-09-03T07:55:33Z
1026,20260327,9,1,102,10:00pm,2026-03-27T15:00:00+00:00,2026-03-27T22:00:00+07:00,,,,Asia/Novosibirsk,2026-09-03T07:55:33Z
1027,20260327,9,1,108,10:30pm,2026-03-27T15:30:00+00:00,2026-03-27T22:30:00+07:00,,,,Asia/Novosibirsk,2026-09-03T07:55:33Z
1028,20260327,9,1,116,10:30pm,2026-03-27T15:30:00+00:00,2026-03-27T22:30:00+07:00,,,,Asia/Novosibirsk,2026-09-03T07:55:33Z
1029,20260327,9,1,107,3:00am,2026-03-26T20:00:00+00:00,2026-03-27T03:00:00+07:00,,,,Asia/Novosibirsk,2026-09-03T07:55:33Z
1030,20260327,5,1,356,3:00pm,2026-03-27T08:00:00+00:00,2026-03-27T15:00:00+07:00,3.3%,3.6%,2.3%,Asia/Novosibirsk,2026-09-03T07:55:33Z
1031,20260327,5,1,214,5:04pm,2026-03-27T10:04:00+00:00,2026-03-27T17:04:00+07:00,4.09|1.7,,3.31|1.5,Asia/Novosibirsk,2026-09-03T07:55:33Z
1032,20260327,9,1,114,5:30am,2026-03-26T22:30:00+00:00,2026-03-27T05:30:00+07:00,,,,Asia/Novosibirsk,2026-09-03T07:55:33Z
1033,20260327,9,1,111,6:00am,2026-03-26T23:00:00+00:00,2026-03-27T06:00:00+07:00,,,,Asia/Novosibirsk,2026-09-03T07:55:33Z
1034,20260327,9,1,103,6:10am,2026-03-26T23:10:00+00:00,2026-03-27T06:10:00+07:00,,,,Asia/Novosibirsk,2026-09-03T07:55:33Z
1035,20260327,6,1,189,7:01am,2026-03-27T00:01:00+00:00,2026-03-27T07:01:00+07:00,-21,-24,-19,Asia/Novosibirsk,2026-09-03T07:55:33Z
1036,20260327,9,2,340,9:00pm,2026-03-27T14:00:00+00:00,2026-03-27T21:00:00+07:00,53.3,53.9,55.5,Asia/Novosibirsk,2026-09-03T07:55:33Z
1037,20260327,9,1,341,9:00pm,2026-03-27T14:00:00+00:00,2026-03-27T21:00:00+07:00,3.8%,,3.4%,Asia/Novosibirsk,2026-09-03T07:55:33Z
1038,20260327,5,1,98,All Day,,,,,,Asia/Novosibirsk,2026-09-03T07:55:33Z
1039,20260330,3,1,226,2:00pm,2026-03-30T07:00:00+00:00,2026-03-30T14:00:00+07:00,96.1,101.1,103.8,Asia/Novosibirsk,2026-09-03T07:55:33Z
1040,20260330,6,1,235,3:30pm,2026-03-30T08:30:00+00:00,2026-03-30T15:30:00+07:00,0.6%,0.1%,-0.1%,Asia/Novosibirsk,2026-09-03T07:55:33Z
1041,20260330,6,1,259,3:30pm,2026-03-30T08:30:00+00:00,2026-03-30T15:30:00+07:00,63K,61K,60K,Asia/Novosibirsk,2026-09-03T07:55:33Z
1042,20260330,6,1,271,3:30pm,2026-03-30T08:30:00+00:00,2026-03-30T15:30:00+07:00,6.8B,5.6B,6.0B,Asia/Novosibirsk,2026-09-03T07:55:33Z
1043,20260331,9,1,109,11:00pm,2026-03-31T16:00:00+00:00,2026-03-31T23:00:00+07:00,,,,Asia/Novosibirsk,2026-09-03T07:55:33Z
1044,20260331,7,1,203,12:00pm,2026-03-31T05:00:00+00:00,2026-03-31T12:00:00+07:00,-4.9%,-4.5%,-0.4%,Asia/Novosibirsk,2026-09-03T07:55:33Z
1045,20260331,5,1,178,1:00pm,2026-03-31T06:00:00+00:00,2026-03-31T13:00:00+07:00,0.3%,0.7%,1.1%,Asia/Novosibirsk,2026-09-03T07:55:33Z
1046,20260331,5,1,183,1:00pm,2026-03-31T06:00:00+00:00,2026-03-31T13:00:00+07:00,-0.6%,0.3%,-1.1%,Asia/Novosibirsk,2026-09-03T07:55:33Z
1047,20260331,6,1,84,1:00pm,2026-03-31T06:00:00+00:00,2026-03-31T13:00:00+07:00,-18.4B,-24.0B,-10.7B,Asia/Novosibirsk,2026-09-03T07:55:33Z
1048,20260331,6,1,135,1:00pm,2026-03-31T06:00:00+00:00,2026-03-31T13:00:00+07:00,0.1%,0.1%,0.1%,Asia/Novosibirsk,2026-09-03T07:55:33Z
1049,20260331,6,1,269,1:00pm,2026-03-31T06:00:00+00:00,2026-03-31T13:00:00+07:00,0.9%,0.0%,0.3%,Asia/Novosibirsk,2026-09-03T07:55:33Z
1050,20260331,6,1,335,1:00pm,2026-03-31T06:00:00+00:00,2026-03-31T13:00:00+07:00,-2.5%,-2.7%,-2.7%,Asia/Novosibirsk,2026-09-03T07:55:33Z
1051,20260331,5,1,148,1:45pm,2026-03-31T06:45:00+00:00,2026-03-31T13:45:00+07:00,-1.4%,-0.3%,0.4%,Asia/Novosibirsk,2026-09-03T07:55:33Z
1052,20260331,5,1,158,1:45pm,2026-03-31T06:45:00+00:00,2026-03-31T13:45:00+07:00,0.9%,0.9%,0.6%,Asia/Novosibirsk,2026-09-03T07:55:33Z
1053,20260331,5,1,185,2:55pm,2026-03-31T07:55:00+00:00,2026-03-31T14:55:00+07:00,0K,2K,1K,Asia/Novosibirsk,2026-09-03T07:55:33Z
1054,20260331,5,2,53,4:00pm,2026-03-31T09:00:00+00:00,2026-03-31T16:00:00+07:00,2.5%,2.6%,1.9%,Asia/Novosibirsk,2026-09-03T07:55:33Z
1055,20260331,5,2,73,4:00pm,2026-03-31T09:00:00+00:00,2026-03-31T16:00:00+07:00,2.3%,2.4%,2.4%,Asia/Novosibirsk,2026-09-03T07:55:33Z
1056,20260331,5,1,218,4:00pm,2026-03-31T09:00:00+00:00,2026-03-31T16:00:00+07:00,0.5%,0.6%,0.7%,Asia/Novosibirsk,2026-09-03T07:55:33Z
1057,20260331,6,1,36,6:01am,2026-03-30T23:01:00+00:00,2026-03-31T06:01:00+07:00,1.2%,1.2%,1.1%,Asia/Novosibirsk,2026-09-03T07:55:33Z
1058,20260331,7,1,375,6:30am,2026-03-30T23:30:00+00:00,2026-03-31T06:30:00+07:00,2.6%,2.7%,2.7%,Asia/Novosibirsk,2026-09-03T07:55:33Z
1059,20260331,7,1,299,6:50am,2026-03-30T23:50:00+00:00,2026-03-31T06:50:00+07:00,-2.1%,-2.1%,4.3%,Asia/Novosibirsk,2026-09-03T07:55:33Z
1060,20260331,7,1,334,6:50am,2026-03-30T23:50:00+00:00,2026-03-31T06:50:00+07:00,-0.2%,0.9%,1.8%,Asia/Novosibirsk,2026-09-03T07:55:33Z
1061,20260331,8,1,7,7:00am,2026-03-31T00:00:00+00:00,2026-03-31T07:00:00+07:00,32.5,,59.2,Asia/Novosibirsk,2026-09-03T07:55:33Z
1062,20260331,1,1,255,7:30am,2026-03-31T00:30:00+00:00,2026-03-31T07:30:00+07:00,,,,Asia/Novosibirsk,2026-09-03T07:55:33Z
1063,20260331,1,1,309,7:30am,2026-03-31T00:30:00+00:00,2026-03-31T07:30:00+07:00,0.6%,0.6%,0.5%,Asia/Novosibirsk,2026-09-03T07:55:33Z
1064,20260331,9,1,197,8:00pm,2026-03-31T13:00:00+00:00,2026-03-31T20:00:00+07:00,0.1%,0.1%,0.3%,Asia/Novosibirsk,2026-09-03T07:55:33Z
1065,20260331,9,1,344,8:00pm,2026-03-31T13:00:00+00:00,2026-03-31T20:00:00+07:00,1.2%,1.4%,1.4%,Asia/Novosibirsk,2026-09-03T07:55:33Z
1066,20260331,4,1,249,8:30am,2026-03-31T01:30:00+00:00,2026-03-31T08:30:00+07:00,50.4,50.1,49.0,Asia/Novosibirsk,2026-09-03T07:55:33Z
1067,20260331,4,1,276,8:30am,2026-03-31T01:30:00+00:00,2026-03-31T08:30:00+07:00,50.1,49.9,49.5,Asia/Novosibirsk,2026-09-03T07:55:33Z
1068,20260331,9,1,60,8:45pm,2026-03-31T13:45:00+00:00,2026-03-31T20:45:00+07:00,52.8,54.8,57.7,Asia/Novosibirsk,2026-09-03T07:55:33Z
1069,20260331,9,2,49,9:00pm,2026-03-31T14:00:00+00:00,2026-03-31T21:00:00+07:00,91.8,87.8,91.0,Asia/Novosibirsk,2026-09-03T07:55:33Z
1070,20260331,9,3,225,9:00pm,2026-03-31T14:00:00+00:00,2026-03-31T21:00:00+07:00,6.88M,6.89M,7.24M,Asia/Novosibirsk,2026-09-03T07:55:33Z
1071,20260401,1,1,63,12:30pm,2026-04-01T05:30:00+00:00,2026-04-01T12:30:00+07:00,12.8%,,4.9%,Asia/Novosibirsk,2026-09-03T07:55:33Z
1072,20260401,3,1,334,1:30pm,2026-04-01T06:30:00+00:00,2026-04-01T13:30:00+07:00,0.9%,1.5%,-0.6%,Asia/Novosibirsk,2026-09-03T07:55:33Z
1073,20260401,9,1,103,2:00am,2026-03-31T19:00:00+00:00,2026-04-01T02:00:00+07:00,,,,Asia/Novosibirsk,2026-09-03T07:55:33Z
1074,20260401,5,1,358,2:15pm,2026-04-01T07:15:00+00:00,2026-04-01T14:15:00+07:00,48.7,50.5,50.0,Asia/Novosibirsk,2026-09-03T07:55:33Z
1075,20260401,3,1,249,2:30pm,2026-04-01T07:30:00+00:00,2026-04-01T14:30:00+07:00,53.3,47.2,47.4,Asia/Novosibirsk,2026-09-03T07:55:33Z
1076,20260401,5,1,216,2:45pm,2026-04-01T07:45:00+00:00,2026-04-01T14:45:00+07:00,51.3,50.9,50.6,Asia/Novosibirsk,2026-09-03T07:55:33Z
1077,20260401,5,1,150,2:50pm,2026-04-01T07:50:00+00:00,2026-04-01T14:50:00+07:00,50.0,50.2,50.2,Asia/Novosibirsk,2026-09-03T07:55:33Z
1078,20260401,5,1,173,2:55pm,2026-04-01T07:55:00+00:00,2026-04-01T14:55:00+07:00,52.2,51.7,51.7,Asia/Novosibirsk,2026-09-03T07:55:33Z
1079,20260401,5,1,136,3:00pm,2026-04-01T08:00:00+00:00,2026-04-01T15:00:00+07:00,51.6,51.4,51.4,Asia/Novosibirsk,2026-09-03T07:55:33Z
1080,20260401,5,1,217,3:00pm,2026-04-01T08:00:00+00:00,2026-04-01T15:00:00+07:00,5.3%,5.2%,5.1%,Asia/Novosibirsk,2026-09-03T07:55:33Z
1081,20260401,9,1,10,3:30am,2026-03-31T20:30:00+00:00,2026-04-01T03:30:00+07:00,,,,Asia/Novosibirsk,2026-09-03T07:55:33Z
1082,20260401,6,1,136,3:30pm,2026-04-01T08:30:00+00:00,2026-04-01T15:30:00+07:00,51.0,51.4,51.4,Asia/Novosibirsk,2026-09-03T07:55:33Z
1083,20260401,5,1,375,4:00pm,2026-04-01T09:00:00+00:00,2026-04-01T16:00:00+07:00,6.2%,6.1%,6.1%,Asia/Novosibirsk,2026-09-03T07:55:33Z
1084,20260401,9,1,105,4:10am,2026-03-31T21:10:00+00:00,2026-04-01T04:10:00+07:00,,,,Asia/Novosibirsk,2026-09-03T07:55:33Z
1085,20260401,6,1,122,4:30pm,2026-04-01T09:30:00+00:00,2026-04-01T16:30:00+07:00,,,,Asia/Novosibirsk,2026-09-03T07:55:33Z
1086,20260401,6,1,123,4:30pm,2026-04-01T09:30:00+00:00,2026-04-01T16:30:00+07:00,,,,Asia/Novosibirsk,2026-09-03T07:55:33Z
1087,20260401,8,1,43,4:45am,2026-03-31T21:45:00+00:00,2026-04-01T04:45:00+07:00,2.7%,,2.0%,Asia/Novosibirsk,2026-09-03T07:55:33Z
1088,20260401,7,1,364,6:50am,2026-03-31T23:50:00+00:00,2026-04-01T06:50:00+07:00,17,16,15,Asia/Novosibirsk,2026-09-03T07:55:33Z
1089,20260401,7,1,365,6:50am,2026-03-31T23:50:00+00:00,2026-04-01T06:50:00+07:00,36,33,34,Asia/Novosibirsk,2026-09-03T07:55:33Z
1090,20260401,1,1,42,7:30am,2026-04-01T00:30:00+00:00,2026-04-01T07:30:00+07:00,29.7%,5.8%,-7.2%,Asia/Novosibirsk,2026-09-03T07:55:33Z
1091,20260401,7,1,136,7:30am,2026-04-01T00:30:00+00:00,2026-04-01T07:30:00+07:00,51.6,51.6,51.4,Asia/Novosibirsk,2026-09-03T07:55:33Z
1092,20260401,9,3,80,7:30pm,2026-04-01T12:30:00+00:00,2026-04-01T19:30:00+07:00,0.5%,0.3%,0.0%,Asia/Novosibirsk,2026-09-03T07:55:33Z
1093,20260401,9,3,332,7:30pm,2026-04-01T12:30:00+00:00,2026-04-01T19:30:00+07:00,0.6%,0.5%,-0.1%,Asia/Novosibirsk,2026-09-03T07:55:33Z
1094,20260401,9,1,115,8:05pm,2026-04-01T13:05:00+00:00,2026-04-01T20:05:00+07:00,,,,Asia/Novosibirsk,2026-09-03T07:55:33Z
1095,20260401,9,1,103,8:10pm,2026-04-01T13:10:00+00:00,2026-04-01T20:10:00+07:00,,,,Asia/Novosibirsk,2026-09-03T07:55:33Z
1096,20260401,2,1,249,8:30pm,2026-04-01T13:30:00+00:00,2026-04-01T20:30:00+07:00,50.0,,51.0,Asia/Novosibirsk,2026-09-03T07:55:33Z
1097,20260401,4,1,330,8:45am,2026-04-01T01:45:00+00:00,2026-04-01T08:45:00+07:00,50.8,51.6,52.1,Asia/Novosibirsk,2026-09-03T07:55:33Z
1098,20260401,9,1,136,8:45pm,2026-04-01T13:45:00+00:00,2026-04-01T20:45:00+07:00,52.3,52.3,52.4,Asia/Novosibirsk,2026-09-03T07:55:33Z
1099,20260401,9,1,46,9:00pm,2026-04-01T14:00:00+00:00,2026-04-01T21:00:00+07:00,-0.1%,0.0%,0.0%,Asia/Novosibirsk,2026-09-03T07:55:33Z
1100,20260401,9,3,205,9:00pm,2026-04-01T14:00:00+00:00,2026-04-01T21:00:00+07:00,52.7,52.3,52.4,Asia/Novosibirsk,2026-09-03T07:55:33Z
1101,20260401,9,1,83,9:30pm,2026-04-01T14:30:00+00:00,2026-04-01T21:30:00+07:00,5.5M,1.8M,6.9M,Asia/Novosibirsk,2026-09-03T07:55:33Z
1102,20260401,9,1,279,All Day,,,16.3M,15.9M,15.8M,Asia/Novosibirsk,2026-09-03T07:55:33Z
1103,20260402,7,1,2,10:35am,2026-04-02T03:35:00+00:00,2026-04-02T10:35:00+07:00,2.35|2.6,,2.12|3.3,Asia/Novosibirsk,2026-09-03T07:55:33Z
1104,20260402,9,1,105,11:45pm,2026-04-02T16:45:00+00:00,2026-04-02T23:45:00+07:00,,,,Asia/Novosibirsk,2026-09-03T07:55:33Z
1105,20260402,5,1,156,1:45pm,2026-04-02T06:45:00+00:00,2026-04-02T13:45:00+07:00,-32.1B,,-9.7B,Asia/Novosibirsk,2026-09-03T07:55:33Z
1106,20260402,5,1,86,3:00pm,2026-04-02T08:00:00+00:00,2026-04-02T15:00:00+07:00,,,,Asia/Novosibirsk,2026-09-03T07:55:33Z
1107,20260402,5,1,147,3:55pm,2026-04-02T08:55:00+00:00,2026-04-02T15:55:00+07:00,3.73|1.9,,3.39|2.2,Asia/Novosibirsk,2026-09-03T07:55:33Z
1108,20260402,5,1,221,4:06pm,2026-04-02T09:06:00+00:00,2026-04-02T16:06:00+07:00,0.0%,0.3%,0.6%,Asia/Novosibirsk,2026-09-03T07:55:33Z
1109,20260402,9,1,59,6:30pm,2026-04-02T11:30:00+00:00,2026-04-02T18:30:00+07:00,-78.0%,,-71.9%,Asia/Novosibirsk,2026-09-03T07:55:33Z
1110,20260402,7,1,254,6:50am,2026-04-01T23:50:00+00:00,2026-04-02T06:50:00+07:00,-11.6%,-10.8%,-10.6%,Asia/Novosibirsk,2026-09-03T07:55:33Z
1111,20260402,1,1,190,7:30am,2026-04-02T00:30:00+00:00,2026-04-02T07:30:00+07:00,5.69B,2.81B,2.26B,Asia/Novosibirsk,2026-09-03T07:55:33Z
1112,20260402,2,1,368,7:30pm,2026-04-02T12:30:00+00:00,2026-04-02T19:30:00+07:00,-5.7B,-2.5B,-4.2B,Asia/Novosibirsk,2026-09-03T07:55:33Z
1113,20260402,9,1,190,7:30pm,2026-04-02T12:30:00+00:00,2026-04-02T19:30:00+07:00,-83.5B,,-80.9B,Asia/Novosibirsk,2026-09-03T07:55:33Z
1114,20260402,9,1,368,7:30pm,2026-04-02T12:30:00+00:00,2026-04-02T19:30:00+07:00,-57.3B,-60.5B,-54.7B,Asia/Novosibirsk,2026-09-03T07:55:33Z
1115,20260402,9,3,374,7:30pm,2026-04-02T12:30:00+00:00,2026-04-02T19:30:00+07:00,202K,212K,211K,Asia/Novosibirsk,2026-09-03T07:55:33Z
1116,20260402,9,1,113,9:15pm,2026-04-02T14:15:00+00:00,2026-04-02T21:15:00+07:00,,,,Asia/Novosibirsk,2026-09-03T07:55:33Z
1117,20260402,9,1,270,9:30pm,2026-04-02T14:30:00+00:00,2026-04-02T21:30:00+07:00,36B,38B,-54B,Asia/Novosibirsk,2026-09-03T07:55:33Z
1118,20260403,5,1,157,1:45pm,2026-04-03T06:45:00+00:00,2026-04-03T13:45:00+07:00,-0.7%,-0.1%,0.2%,Asia/Novosibirsk,2026-09-03T07:55:33Z
1119,20260403,9,3,275,7:30pm,2026-04-03T12:30:00+00:00,2026-04-03T19:30:00+07:00,178K,65K,-133K,Asia/Novosibirsk,2026-09-03T07:55:33Z
1120,20260403,9,3,375,7:30pm,2026-04-03T12:30:00+00:00,2026-04-03T19:30:00+07:00,4.3%,4.4%,4.4%,Asia/Novosibirsk,2026-09-03T07:55:33Z
1121,20260403,9,1,137,8:45pm,2026-04-03T13:45:00+00:00,2026-04-03T20:45:00+07:00,49.8,51.1,51.1,Asia/Novosibirsk,2026-09-03T07:55:33Z
1122,20260407,9,2,85,,,,-1.4%,-1.1%,-0.5%,Asia/Novosibirsk,2026-09-03T07:55:33Z
1123,20260407,7,1,3,10:35am,2026-04-07T03:35:00+00:00,2026-04-07T10:35:00+07:00,3.70|3.1,,3.40|3.7,Asia/Novosibirsk,2026-09-03T07:55:33Z
1124,20260407,9,1,109,11:35pm,2026-04-07T16:35:00+00:00,2026-04-07T23:35:00+07:00,,,,Asia/Novosibirsk,2026-09-03T07:55:33Z
1125,20260407,7,1,229,12:00pm,2026-04-07T05:00:00+00:00,2026-04-07T12:00:00+07:00,112.4%,112.4%,112.1%,Asia/Novosibirsk,2026-09-03T07:55:33Z
1126,20260407,3,1,144,2:00pm,2026-04-07T07:00:00+00:00,2026-04-07T14:00:00+07:00,721B,,710B,Asia/Novosibirsk,2026-09-03T07:55:33Z
1127,20260407,5,1,359,2:15pm,2026-04-07T07:15:00+00:00,2026-04-07T14:15:00+07:00,53.3,50.7,51.9,Asia/Novosibirsk,2026-09-03T07:55:33Z
1128,20260407,5,1,222,2:45pm,2026-04-07T07:45:00+00:00,2026-04-07T14:45:00+07:00,48.8,51.0,52.3,Asia/Novosibirsk,2026-09-03T07:55:33Z
1129,20260407,5,1,152,2:50pm,2026-04-07T07:50:00+00:00,2026-04-07T14:50:00+07:00,48.8,48.3,48.3,Asia/Novosibirsk,2026-09-03T07:55:33Z
1130,20260407,5,1,174,2:55pm,2026-04-07T07:55:00+00:00,2026-04-07T14:55:00+07:00,50.9,51.2,51.2,Asia/Novosibirsk,2026-09-03T07:55:33Z
1131,20260407,5,1,137,3:00pm,2026-04-07T08:00:00+00:00,2026-04-07T15:00:00+07:00,50.2,50.1,50.1,Asia/Novosibirsk,2026-09-03T07:55:33Z
1132,20260407,5,1,354,3:30pm,2026-04-07T08:30:00+00:00,2026-04-07T15:30:00+07:00,-19.2,-7.8,-3.1,Asia/Novosibirsk,2026-09-03T07:55:33Z
1133,20260407,6,1,137,3:30pm,2026-04-07T08:30:00+00:00,2026-04-07T15:30:00+07:00,50.5,51.1,51.2,Asia/Novosibirsk,2026-09-03T07:55:33Z
1134,20260407,9,1,6,7:15pm,2026-04-07T12:15:00+00:00,2026-04-07T19:15:00+07:00,26.0K,,15.3K,Asia/Novosibirsk,2026-09-03T07:55:33Z
1135,20260407,1,1,237,8:00am,2026-04-07T01:00:00+00:00,2026-04-07T08:00:00+07:00,1.3%,,-0.2%,Asia/Novosibirsk,2026-09-03T07:55:33Z
1136,20260407,8,1,8,8:00am,2026-04-07T01:00:00+00:00,2026-04-07T08:00:00+07:00,4.1%,,4.2%,Asia/Novosibirsk,2026-09-03T07:55:33Z
1137,20260407,1,1,9,8:30am,2026-04-07T01:30:00+00:00,2026-04-07T08:30:00+07:00,-3.1%,,3.2%,Asia/Novosibirsk,2026-09-03T07:55:33Z
1138,20260407,1,1,199,8:30am,2026-04-07T01:30:00+00:00,2026-04-07T08:30:00+07:00,0.3%,0.2%,0.3%,Asia/Novosibirsk,2026-09-03T07:55:33Z
1139,20260407,2,2,224,9:00pm,2026-04-07T14:00:00+00:00,2026-04-07T21:00:00+07:00,49.7,55.9,56.6,Asia/Novosibirsk,2026-09-03T07:55:33Z
1140,20260407,9,1,326,9:01pm,2026-04-07T14:01:00+00:00,2026-04-07T21:01:00+07:00,42.8,48.1,47.5,Asia/Novosibirsk,2026-09-03T07:55:33Z
1141,20260407,8,1,165,9:35pm,2026-04-07T14:35:00+00:00,2026-04-07T21:35:00+07:00,-3.4%,,0.1%,Asia/Novosibirsk,2026-09-03T07:55:33Z
1142,20260407,9,1,6,Mar 14th,,,15.3K,,10.0K,Asia/Novosibirsk,2026-09-03T07:55:33Z
1143,20260408,8,3,324,10:00am,2026-04-08T03:00:00+00:00,2026-04-08T10:00:00+07:00,,,,Asia/Novosibirsk,2026-09-03T07:55:33Z
1144,20260408,7,1,93,12:00pm,2026-04-08T05:00:00+00:00,2026-04-08T12:00:00+07:00,42.2,48.0,48.9,Asia/Novosibirsk,2026-09-03T07:55:33Z
1145,20260408,5,1,170,1:00pm,2026-04-08T06:00:00+00:00,2026-04-08T13:00:00+07:00,0.9%,3.0%,-11.1%,Asia/Novosibirsk,2026-09-03T07:55:33Z
1146,20260408,6,1,230,1:04pm,2026-04-08T06:04:00+00:00,2026-04-08T13:04:00+07:00,-0.5%,0.2%,0.3%,Asia/Novosibirsk,2026-09-03T07:55:33Z
1147,20260408,5,1,161,1:45pm,2026-04-08T06:45:00+00:00,2026-04-08T13:45:00+07:00,-5.8B,-2.4B,-2.0B,Asia/Novosibirsk,2026-09-03T07:55:33Z
1148,20260408,3,1,375,2:00pm,2026-04-08T07:00:00+00:00,2026-04-08T14:00:00+07:00,3.0%,3.0%,3.0%,Asia/Novosibirsk,2026-09-03T07:55:33Z
1149,20260408,9,1,10,3:30am,2026-04-07T20:30:00+00:00,2026-04-08T03:30:00+07:00,,,,Asia/Novosibirsk,2026-09-03T07:55:33Z
1150,20260408,6,1,67,3:30pm,2026-04-08T08:30:00+00:00,2026-04-08T15:30:00+07:00,45.6,43.6,44.5,Asia/Novosibirsk,2026-09-03T07:55:33Z
1151,20260408,6,1,201,3:30pm,2026-04-08T08:30:00+00:00,2026-04-08T15:30:00+07:00,-13.8B,-9.6B,-11.2B,Asia/Novosibirsk,2026-09-03T07:55:33Z
1152,20260408,5,1,286,4:00pm,2026-04-08T09:00:00+00:00,2026-04-08T16:00:00+07:00,-0.7%,-0.6%,0.8%,Asia/Novosibirsk,2026-09-03T07:55:33Z
1153,20260408,5,1,332,4:00pm,2026-04-08T09:00:00+00:00,2026-04-08T16:00:00+07:00,-0.2%,-0.2%,0.0%,Asia/Novosibirsk,2026-09-03T07:55:33Z
1154,20260408,5,1,166,4:32pm,2026-04-08T09:32:00+00:00,2026-04-08T16:32:00+07:00,2.92|1.2,,2.89|1.2,Asia/Novosibirsk,2026-09-03T07:55:33Z
1155,20260408,9,1,111,4:50am,2026-04-07T21:50:00+00:00,2026-04-08T04:50:00+07:00,,,,Asia/Novosibirsk,2026-09-03T07:55:33Z
1156,20260408,7,1,14,6:30am,2026-04-07T23:30:00+00:00,2026-04-08T06:30:00+07:00,3.3%,2.7%,2.5%,Asia/Novosibirsk,2026-09-03T07:55:33Z
1157,20260408,7,1,84,6:50am,2026-04-07T23:50:00+00:00,2026-04-08T06:50:00+07:00,2.71T,2.40T,3.13T,Asia/Novosibirsk,2026-09-03T07:55:33Z
1158,20260408,8,3,325,7:30pm,2026-04-08T12:30:00+00:00,2026-04-08T19:30:00+07:00,,,,Asia/Novosibirsk,2026-09-03T07:55:33Z
1159,20260408,9,1,83,9:30pm,2026-04-08T14:30:00+00:00,2026-04-08T21:30:00+07:00,3.1M,-1.0M,5.5M,Asia/Novosibirsk,2026-09-03T07:55:33Z
1160,20260409,7,1,70,12:00pm,2026-04-09T05:00:00+00:00,2026-04-09T12:00:00+07:00,33.3,38.3,40.0,Asia/Novosibirsk,2026-09-03T07:55:33Z
1161,20260409,9,1,108,12:05am,2026-04-08T17:05:00+00:00,2026-04-09T00:05:00+07:00,,,,Asia/Novosibirsk,2026-09-03T07:55:33Z
1162,20260409,5,1,179,1:00pm,2026-04-09T06:00:00+00:00,2026-04-09T13:00:00+07:00,-0.3%,0.6%,0.0%,Asia/Novosibirsk,2026-09-03T07:55:33Z
1163,20260409,5,1,184,1:00pm,2026-04-09T06:00:00+00:00,2026-04-09T13:00:00+07:00,19.8B,18.1B,21.4B,Asia/Novosibirsk,2026-09-03T07:55:33Z
1164,20260409,7,1,300,1:00pm,2026-04-09T06:00:00+00:00,2026-04-09T13:00:00+07:00,28.1%,,24.2%,Asia/Novosibirsk,2026-09-03T07:55:33Z
1165,20260409,3,1,347,3:00pm,2026-04-09T08:00:00+00:00,2026-04-09T15:00:00+07:00,,,,Asia/Novosibirsk,2026-09-03T07:55:33Z
1166,20260409,6,1,24,3:30pm,2026-04-09T08:30:00+00:00,2026-04-09T15:30:00+07:00,,,,Asia/Novosibirsk,2026-09-03T07:55:33Z
1167,20260409,5,1,355,3:40pm,2026-04-09T08:40:00+00:00,2026-04-09T15:40:00+07:00,3.44|2.0,,3.48|2.3,Asia/Novosibirsk,2026-09-03T07:55:33Z
1168,20260409,6,1,327,6:01am,2026-04-08T23:01:00+00:00,2026-04-09T06:01:00+07:00,-23%,-18%,-14%,Asia/Novosibirsk,2026-09-03T07:55:33Z
1169,20260409,9,3,78,7:30pm,2026-04-09T12:30:00+00:00,2026-04-09T19:30:00+07:00,0.4%,0.4%,0.4%,Asia/Novosibirsk,2026-09-03T07:55:33Z
1170,20260409,9,3,135,7:30pm,2026-04-09T12:30:00+00:00,2026-04-09T19:30:00+07:00,0.5%,0.7%,0.7%,Asia/Novosibirsk,2026-09-03T07:55:33Z
1171,20260409,9,1,290,7:30pm,2026-04-09T12:30:00+00:00,2026-04-09T19:30:00+07:00,-0.1%,0.3%,0.4%,Asia/Novosibirsk,2026-09-03T07:55:33Z
1172,20260409,9,1,291,7:30pm,2026-04-09T12:30:00+00:00,2026-04-09T19:30:00+07:00,0.5%,0.6%,0.3%,Asia/Novosibirsk,2026-09-03T07:55:33Z
1173,20260409,9,2,133,7:33pm,2026-04-09T12:33:00+00:00,2026-04-09T19:33:00+07:00,3.7%,3.8%,3.8%,Asia/Novosibirsk,2026-09-03T07:55:33Z
1174,20260409,9,1,138,9:00pm,2026-04-09T14:00:00+00:00,2026-04-09T21:00:00+07:00,0.8%,-0.1%,-0.5%,Asia/Novosibirsk,2026-09-03T07:55:33Z
1175,20260409,9,1,270,9:30pm,2026-04-09T14:30:00+00:00,2026-04-09T21:30:00+07:00,50B,41B,36B,Asia/Novosibirsk,2026-09-03T07:55:33Z
1176,20260410,5,1,171,1:00pm,2026-04-10T06:00:00+00:00,2026-04-10T13:00:00+07:00,1.1%,1.1%,1.1%,Asia/Novosibirsk,2026-09-03T07:55:33Z
1177,20260410,3,1,345,2:00pm,2026-04-10T07:00:00+00:00,2026-04-10T14:00:00+07:00,-43,-32,-30,Asia/Novosibirsk,2026-09-03T07:55:33Z
1178,20260410,5,1,215,3:00pm,2026-04-10T08:00:00+00:00,2026-04-10T15:00:00+07:00,0.1%,0.5%,-0.6%,Asia/Novosibirsk,2026-09-03T07:55:33Z
1179,20260410,8,1,47,5:30am,2026-04-09T22:30:00+00:00,2026-04-10T05:30:00+07:00,53.2,,54.8,Asia/Novosibirsk,2026-09-03T07:55:33Z
1180,20260410,7,1,38,6:50am,2026-04-09T23:50:00+00:00,2026-04-10T06:50:00+07:00,4.8%,4.4%,4.5%,Asia/Novosibirsk,2026-09-03T07:55:33Z
1181,20260410,7,1,288,6:50am,2026-04-09T23:50:00+00:00,2026-04-10T06:50:00+07:00,2.6%,2.4%,2.1%,Asia/Novosibirsk,2026-09-03T07:55:33Z
1182,20260410,2,3,375,7:30pm,2026-04-10T12:30:00+00:00,2026-04-10T19:30:00+07:00,6.7%,6.8%,6.7%,Asia/Novosibirsk,2026-09-03T07:55:33Z
1183,20260410,9,3,54,7:30pm,2026-04-10T12:30:00+00:00,2026-04-10T19:30:00+07:00,0.9%,1.0%,0.3%,Asia/Novosibirsk,2026-09-03T07:55:33Z
1184,20260410,9,3,55,7:30pm,2026-04-10T12:30:00+00:00,2026-04-10T19:30:00+07:00,3.3%,3.4%,2.4%,Asia/Novosibirsk,2026-09-03T07:55:33Z
1185,20260410,9,3,74,7:30pm,2026-04-10T12:30:00+00:00,2026-04-10T19:30:00+07:00,0.2%,0.3%,0.2%,Asia/Novosibirsk,2026-09-03T07:55:33Z
1186,20260410,9,3,75,7:30pm,2026-04-10T12:30:00+00:00,2026-04-10T19:30:00+07:00,2.6%,2.7%,2.5%,Asia/Novosibirsk,2026-09-03T07:55:33Z
1187,20260410,4,2,288,7:33pm,2026-04-10T12:33:00+00:00,2026-04-10T19:33:00+07:00,0.5%,0.4%,-0.9%,Asia/Novosibirsk,2026-09-03T07:55:33Z
1188,20260410,9,1,125,9:00pm,2026-04-10T14:00:00+00:00,2026-04-10T21:00:00+07:00,0.0%,-0.3%,0.0%,Asia/Novosibirsk,2026-09-03T07:55:33Z
1189,20260410,9,2,303,9:00pm,2026-04-10T14:00:00+00:00,2026-04-10T21:00:00+07:00,47.6,51.6,53.3,Asia/Novosibirsk,2026-09-03T07:55:33Z
1190,20260410,9,2,304,9:00pm,2026-04-10T14:00:00+00:00,2026-04-10T21:00:00+07:00,4.8%,,3.8%,Asia/Novosibirsk,2026-09-03T07:55:33Z
1191,20260413,4,1,233,4:00pm,2026-04-13T09:00:00+00:00,2026-04-13T16:00:00+07:00,8.5%,8.9%,9.0%,Asia/Novosibirsk,2026-09-03T07:55:33Z
1192,20260413,4,1,274,4:01pm,2026-04-13T09:01:00+00:00,2026-04-13T16:01:00+07:00,2990B,3465B,900B,Asia/Novosibirsk,2026-09-03T07:55:33Z
1193,20260413,7,1,232,6:50am,2026-04-12T23:50:00+00:00,2026-04-13T06:50:00+07:00,2.0%,1.6%,1.7%,Asia/Novosibirsk,2026-09-03T07:55:33Z
1194,20260413,2,1,45,7:30pm,2026-04-13T12:30:00+00:00,2026-04-13T19:30:00+07:00,-8.4%,-0.4%,3.5%,Asia/Novosibirsk,2026-09-03T07:55:33Z
1195,20260413,9,1,99,9:00pm,2026-04-13T14:00:00+00:00,2026-04-13T21:00:00+07:00,3.98M,4.07M,4.13M,Asia/Novosibirsk,2026-09-03T07:55:33Z
1196,20260414,6,2,26,11:05pm,2026-04-14T16:05:00+00:00,2026-04-14T23:05:00+07:00,,,,Asia/Novosibirsk,2026-09-03T07:55:33Z
1197,20260414,9,1,109,11:10pm,2026-04-14T16:10:00+00:00,2026-04-14T23:10:00+07:00,,,,Asia/Novosibirsk,2026-09-03T07:55:33Z
1198,20260414,7,1,337,11:30am,2026-04-14T04:30:00+00:00,2026-04-14T11:30:00+07:00,-2.0%,-2.1%,-2.1%,Asia/Novosibirsk,2026-09-03T07:55:33Z
1199,20260414,9,1,103,11:45pm,2026-04-14T16:45:00+00:00,2026-04-14T23:45:00+07:00,,,,Asia/Novosibirsk,2026-09-03T07:55:33Z
1200,20260414,5,1,186,1:00pm,2026-04-14T06:00:00+00:00,2026-04-14T13:00:00+07:00,2.7%,0.4%,0.6%,Asia/Novosibirsk,2026-09-03T07:55:33Z
1201,20260414,6,1,243,3:50pm,2026-04-14T08:50:00+00:00,2026-04-14T15:50:00+07:00,,,,Asia/Novosibirsk,2026-09-03T07:55:33Z
1202,20260414,9,1,265,5:00pm,2026-04-14T10:00:00+00:00,2026-04-14T17:00:00+07:00,95.8,97.8,98.8,Asia/Novosibirsk,2026-09-03T07:55:33Z
1203,20260414,9,1,114,5:20am,2026-04-13T22:20:00+00:00,2026-04-14T05:20:00+07:00,,,,Asia/Novosibirsk,2026-09-03T07:55:33Z
1204,20260414,8,1,376,5:45am,2026-04-13T22:45:00+00:00,2026-04-14T05:45:00+07:00,1.7%,,1.1%,Asia/Novosibirsk,2026-09-03T07:55:33Z
1205,20260414,6,1,35,6:01am,2026-04-13T23:01:00+00:00,2026-04-14T06:01:00+07:00,3.1%,0.9%,0.7%,Asia/Novosibirsk,2026-09-03T07:55:33Z
1206,20260414,9,1,6,7:15pm,2026-04-14T12:15:00+00:00,2026-04-14T19:15:00+07:00,39.3K,,26.0K,Asia/Novosibirsk,2026-09-03T07:55:33Z
1207,20260414,1,1,377,7:30am,2026-04-14T00:30:00+00:00,2026-04-14T07:30:00+07:00,-12.5%,,1.2%,Asia/Novosibirsk,2026-09-03T07:55:33Z
1208,20260414,9,3,286,7:30pm,2026-04-14T12:30:00+00:00,2026-04-14T19:30:00+07:00,0.5%,1.1%,0.5%,Asia/Novosibirsk,2026-09-03T07:55:33Z
1209,20260414,1,1,261,8:30am,2026-04-14T01:30:00+00:00,2026-04-14T08:30:00+07:00,-29,,0,Asia/Novosibirsk,2026-09-03T07:55:33Z
1210,20260414,6,1,50,8:30pm,2026-04-14T13:30:00+00:00,2026-04-14T20:30:00+07:00,-0.1%,,-0.1%,Asia/Novosibirsk,2026-09-03T07:55:33Z
1211,20260414,9,1,109,8:45pm,2026-04-14T13:45:00+00:00,2026-04-14T20:45:00+07:00,,,,Asia/Novosibirsk,2026-09-03T07:55:33Z
1212,20260414,6,1,241,9:00pm,2026-04-14T14:00:00+00:00,2026-04-14T21:00:00+07:00,,,,Asia/Novosibirsk,2026-09-03T07:55:33Z
1213,20260414,9,1,109,9:15pm,2026-04-14T14:15:00+00:00,2026-04-14T21:15:00+07:00,,,,Asia/Novosibirsk,2026-09-03T07:55:33Z
1214,20260414,4,1,373,9:56am,2026-04-14T02:56:00+00:00,2026-04-14T09:56:00+07:00,51.1B,107.2B,213.6B,Asia/Novosibirsk,2026-09-03T07:55:33Z
1215,20260414,4,1,368,9:57am,2026-04-14T02:57:00+00:00,2026-04-14T09:57:00+07:00,355B,760B,1503B,Asia/Novosibirsk,2026-09-03T07:55:33Z
1216,20260415,6,2,26,10:50pm,2026-04-15T15:50:00+00:00,2026-04-15T22:50:00+07:00,,,,Asia/Novosibirsk,2026-09-03T07:55:33Z
1217,20260415,9,1,106,11:45pm,2026-04-15T16:45:00+00:00,2026-04-15T23:45:00+07:00,,,,Asia/Novosibirsk,2026-09-03T07:55:33Z
1218,20260415,9,1,116,11:45pm,2026-04-15T16:45:00+00:00,2026-04-15T23:45:00+07:00,,,,Asia/Novosibirsk,2026-09-03T07:55:33Z
1219,20260415,5,1,149,1:45pm,2026-04-15T06:45:00+00:00,2026-04-15T13:45:00+07:00,1.0%,0.9%,0.9%,Asia/Novosibirsk,2026-09-03T07:55:33Z
1220,20260415,6,1,239,3:10am,2026-04-14T20:10:00+00:00,2026-04-15T03:10:00+07:00,,,,Asia/Novosibirsk,2026-09-03T07:55:33Z
1221,20260415,9,1,10,3:30am,2026-04-14T20:30:00+00:00,2026-04-15T03:30:00+07:00,,,,Asia/Novosibirsk,2026-09-03T07:55:33Z
1222,20260415,5,1,211,4:00pm,2026-04-15T09:00:00+00:00,2026-04-15T16:00:00+07:00,0.4%,0.3%,-0.8%,Asia/Novosibirsk,2026-09-03T07:55:33Z
1223,20260415,5,1,167,4:34pm,2026-04-15T09:34:00+00:00,2026-04-15T16:34:00+07:00,3.58|1.4,,3.45|1.7,Asia/Novosibirsk,2026-09-03T07:55:33Z
1224,20260415,9,2,306,5:00pm,2026-04-15T10:00:00+00:00,2026-04-15T17:00:00+07:00,,,,Asia/Novosibirsk,2026-09-03T07:55:33Z
1225,20260415,7,1,77,6:50am,2026-04-14T23:50:00+00:00,2026-04-15T06:50:00+07:00,13.6%,-1.1%,-5.5%,Asia/Novosibirsk,2026-09-03T07:55:33Z
1226,20260415,2,1,251,7:30pm,2026-04-15T12:30:00+00:00,2026-04-15T19:30:00+07:00,3.6%,3.8%,-3.1%,Asia/Novosibirsk,2026-09-03T07:55:33Z
1227,20260415,2,1,378,7:30pm,2026-04-15T12:30:00+00:00,2026-04-15T19:30:00+07:00,2.0%,2.3%,-1.1%,Asia/Novosibirsk,2026-09-03T07:55:33Z
1228,20260415,9,2,94,7:30pm,2026-04-15T12:30:00+00:00,2026-04-15T19:30:00+07:00,11.0,0.3,-0.2,Asia/Novosibirsk,2026-09-03T07:55:33Z
1229,20260415,9,1,103,7:30pm,2026-04-15T12:30:00+00:00,2026-04-15T19:30:00+07:00,,,,Asia/Novosibirsk,2026-09-03T07:55:33Z
1230,20260415,9,1,110,7:30pm,2026-04-15T12:30:00+00:00,2026-04-15T19:30:00+07:00,,,,Asia/Novosibirsk,2026-09-03T07:55:33Z
1231,20260415,9,1,208,7:30pm,2026-04-15T12:30:00+00:00,2026-04-15T19:30:00+07:00,0.8%,2.3%,0.9%,Asia/Novosibirsk,2026-09-03T07:55:33Z
1232,20260415,9,1,263,9:00pm,2026-04-15T14:00:00+00:00,2026-04-15T21:00:00+07:00,34,37,38,Asia/Novosibirsk,2026-09-03T07:55:33Z
1233,20260415,1,1,50,9:30pm,2026-04-15T14:30:00+00:00,2026-04-15T21:30:00+07:00,1.1%,,0.1%,Asia/Novosibirsk,2026-09-03T07:55:33Z
1234,20260415,9,1,83,9:30pm,2026-04-15T14:30:00+00:00,2026-04-15T21:30:00+07:00,-0.9M,2.1M,3.1M,Asia/Novosibirsk,2026-09-03T07:55:33Z
1235,20260416,6,1,246,10:40pm,2026-04-16T15:40:00+00:00,2026-04-16T22:40:00+07:00,,,,Asia/Novosibirsk,2026-09-03T07:55:33Z
1236,20260416,8,2,322,10:50pm,2026-04-16T15:50:00+00:00,2026-04-16T22:50:00+07:00,,,,Asia/Novosibirsk,2026-09-03T07:55:33Z
1237,20260416,3,1,192,11:00pm,2026-04-16T16:00:00+00:00,2026-04-16T23:00:00+07:00,,,,Asia/Novosibirsk,2026-09-03T07:55:33Z
1238,20260416,5,1,169,11:45pm,2026-04-16T16:45:00+00:00,2026-04-16T23:45:00+07:00,,,,Asia/Novosibirsk,2026-09-03T07:55:33Z
1239,20260416,6,2,26,1:00am,2026-04-15T18:00:00+00:00,2026-04-16T01:00:00+07:00,,,,Asia/Novosibirsk,2026-09-03T07:55:33Z
1240,20260416,9,1,40,1:00am,2026-04-15T18:00:00+00:00,2026-04-16T01:00:00+07:00,,,,Asia/Novosibirsk,2026-09-03T07:55:33Z
1241,20260416,6,1,66,1:00pm,2026-04-16T06:00:00+00:00,2026-04-16T13:00:00+07:00,1.0%,-0.4%,0.5%,Asia/Novosibirsk,2026-09-03T07:55:33Z
1242,20260416,6,3,162,1:00pm,2026-04-16T06:00:00+00:00,2026-04-16T13:00:00+07:00,0.5%,0.1%,0.1%,Asia/Novosibirsk,2026-09-03T07:55:33Z
1243,20260416,6,1,190,1:00pm,2026-04-16T06:00:00+00:00,2026-04-16T13:00:00+07:00,-18.8B,-19.4B,-15.1B,Asia/Novosibirsk,2026-09-03T07:55:33Z
1244,20260416,6,1,210,1:00pm,2026-04-16T06:00:00+00:00,2026-04-16T13:00:00+07:00,0.5%,0.3%,0.3%,Asia/Novosibirsk,2026-09-03T07:55:33Z
1245,20260416,6,1,211,1:00pm,2026-04-16T06:00:00+00:00,2026-04-16T13:00:00+07:00,0.5%,0.3%,-0.1%,Asia/Novosibirsk,2026-09-03T07:55:33Z
1246,20260416,6,1,250,1:00pm,2026-04-16T06:00:00+00:00,2026-04-16T13:00:00+07:00,-0.1%,0.3%,0.2%,Asia/Novosibirsk,2026-09-03T07:55:33Z
1247,20260416,3,1,286,1:30pm,2026-04-16T06:30:00+00:00,2026-04-16T13:30:00+07:00,0.2%,0.5%,-0.3%,Asia/Novosibirsk,2026-09-03T07:55:33Z
1248,20260416,5,2,89,2:30am,2026-04-15T19:30:00+00:00,2026-04-16T02:30:00+07:00,,,,Asia/Novosibirsk,2026-09-03T07:55:33Z
1249,20260416,3,1,362,2:30pm,2026-04-16T07:30:00+00:00,2026-04-16T14:30:00+07:00,,,,Asia/Novosibirsk,2026-09-03T07:55:33Z
1250,20260416,1,1,315,3:00am,2026-04-15T20:00:00+00:00,2026-04-16T03:00:00+07:00,,,,Asia/Novosibirsk,2026-09-03T07:55:33Z
1251,20260416,9,1,363,3:04am,2026-04-15T20:04:00+00:00,2026-04-16T03:04:00+07:00,58.6B,36.6B,2.4B,Asia/Novosibirsk,2026-09-03T07:55:33Z
1252,20260416,5,1,130,4:00pm,2026-04-16T09:00:00+00:00,2026-04-16T16:00:00+07:00,2.6%,2.5%,2.5%,Asia/Novosibirsk,2026-09-03T07:55:33Z
1253,20260416,5,1,131,4:00pm,2026-04-16T09:00:00+00:00,2026-04-16T16:00:00+07:00,2.3%,2.3%,2.3%,Asia/Novosibirsk,2026-09-03T07:55:33Z
1254,20260416,5,1,88,6:30pm,2026-04-16T11:30:00+00:00,2026-04-16T18:30:00+07:00,,,,Asia/Novosibirsk,2026-09-03T07:55:33Z
1255,20260416,1,3,375,7:30pm,2026-04-16T12:30:00+00:00,2026-04-16T19:30:00+07:00,4.3%,4.3%,4.3%,Asia/Novosibirsk,2026-09-03T07:55:33Z
1256,20260416,9,2,292,7:30pm,2026-04-16T12:30:00+00:00,2026-04-16T19:30:00+07:00,26.7,10.3,18.1,Asia/Novosibirsk,2026-09-03T07:55:33Z
1257,20260416,9,2,374,7:30pm,2026-04-16T12:30:00+00:00,2026-04-16T19:30:00+07:00,207K,213K,218K,Asia/Novosibirsk,2026-09-03T07:55:33Z
1258,20260416,9,1,119,7:35pm,2026-04-16T12:35:00+00:00,2026-04-16T19:35:00+07:00,,,,Asia/Novosibirsk,2026-09-03T07:55:33Z
1259,20260416,1,1,236,8:00am,2026-04-16T01:00:00+00:00,2026-04-16T08:00:00+07:00,5.9%,,5.2%,Asia/Novosibirsk,2026-09-03T07:55:33Z
1260,20260416,9,1,56,8:15pm,2026-04-16T13:15:00+00:00,2026-04-16T20:15:00+07:00,75.7%,76.3%,76.1%,Asia/Novosibirsk,2026-09-03T07:55:33Z
1261,20260416,9,1,211,8:15pm,2026-04-16T13:15:00+00:00,2026-04-16T20:15:00+07:00,-0.5%,0.1%,0.7%,Asia/Novosibirsk,2026-09-03T07:55:33Z
1262,20260416,4,1,272,8:30am,2026-04-16T01:30:00+00:00,2026-04-16T08:30:00+07:00,-0.21%,,-0.28%,Asia/Novosibirsk,2026-09-03T07:55:33Z
1263,20260416,4,1,139,9:00am,2026-04-16T02:00:00+00:00,2026-04-16T09:00:00+07:00,1.7%,1.9%,1.8%,Asia/Novosibirsk,2026-09-03T07:55:33Z
1264,20260416,4,1,164,9:00am,2026-04-16T02:00:00+00:00,2026-04-16T09:00:00+07:00,5.0%,4.8%,4.5%,Asia/Novosibirsk,2026-09-03T07:55:33Z
1265,20260416,4,1,212,9:00am,2026-04-16T02:00:00+00:00,2026-04-16T09:00:00+07:00,5.7%,5.4%,6.3%,Asia/Novosibirsk,2026-09-03T07:55:33Z
1266,20260416,4,1,264,9:00am,2026-04-16T02:00:00+00:00,2026-04-16T09:00:00+07:00,,,,Asia/Novosibirsk,2026-09-03T07:55:33Z
1267,20260416,4,1,334,9:00am,2026-04-16T02:00:00+00:00,2026-04-16T09:00:00+07:00,1.7%,2.4%,2.8%,Asia/Novosibirsk,2026-09-03T07:55:33Z
1268,20260416,4,1,375,9:00am,2026-04-16T02:00:00+00:00,2026-04-16T09:00:00+07:00,5.4%,5.2%,5.3%,Asia/Novosibirsk,2026-09-03T07:55:33Z
1269,20260416,9,1,270,9:30pm,2026-04-16T14:30:00+00:00,2026-04-16T21:30:00+07:00,59B,55B,50B,Asia/Novosibirsk,2026-09-03T07:55:33Z
1270,20260416,9,1,114,9:35pm,2026-04-16T14:35:00+00:00,2026-04-16T21:35:00+07:00,,,,Asia/Novosibirsk,2026-09-03T07:55:33Z
1271,20260417,9,1,108,10:30pm,2026-04-17T15:30:00+00:00,2026-04-17T22:30:00+07:00,,,,Asia/Novosibirsk,2026-09-03T07:55:33Z
1272,20260417,9,1,102,11:15pm,2026-04-17T16:15:00+00:00,2026-04-17T23:15:00+07:00,,,,Asia/Novosibirsk,2026-09-03T07:55:33Z
1273,20260417,6,1,246,2:00am,2026-04-16T19:00:00+00:00,2026-04-17T02:00:00+07:00,,,,Asia/Novosibirsk,2026-09-03T07:55:33Z
1274,20260417,5,1,84,3:00pm,2026-04-17T08:00:00+00:00,2026-04-17T15:00:00+07:00,24.9B,29.8B,40.4B,Asia/Novosibirsk,2026-09-03T07:55:33Z
1275,20260417,5,1,223,3:00pm,2026-04-17T08:00:00+00:00,2026-04-17T15:00:00+07:00,4.94B,3.83B,1.13B,Asia/Novosibirsk,2026-09-03T07:55:33Z
1276,20260417,5,1,368,4:00pm,2026-04-17T09:00:00+00:00,2026-04-17T16:00:00+07:00,7.0B,11.7B,12.8B,Asia/Novosibirsk,2026-09-03T07:55:33Z
1277,20260417,8,1,124,5:45am,2026-04-16T22:45:00+00:00,2026-04-17T05:45:00+07:00,-0.6%,,-0.1%,Asia/Novosibirsk,2026-09-03T07:55:33Z
1278,20260417,6,1,244,7:00pm,2026-04-17T12:00:00+00:00,2026-04-17T19:00:00+07:00,,,,Asia/Novosibirsk,2026-09-03T07:55:33Z
1279,20260417,2,1,202,7:15pm,2026-04-17T12:15:00+00:00,2026-04-17T19:15:00+07:00,236K,258K,251K,Asia/Novosibirsk,2026-09-03T07:55:33Z
1280,20260417,2,1,146,7:30pm,2026-04-17T12:30:00+00:00,2026-04-17T19:30:00+07:00,6.17B,23.81B,46.79B,Asia/Novosibirsk,2026-09-03T07:55:33Z
1281,20260418,9,2,306,4:00am,2026-04-17T21:00:00+00:00,2026-04-18T04:00:00+07:00,,,,Asia/Novosibirsk,2026-09-03T07:55:33Z
1282,20260420,2,1,17,10:30pm,2026-04-20T15:30:00+00:00,2026-04-20T22:30:00+07:00,,,,Asia/Novosibirsk,2026-09-03T07:55:33Z
1283,20260420,7,1,366,11:30am,2026-04-20T04:30:00+00:00,2026-04-20T11:30:00+07:00,-0.4%,-0.4%,2.0%,Asia/Novosibirsk,2026-09-03T07:55:33Z
1284,20260420,5,2,89,11:40pm,2026-04-20T16:40:00+00:00,2026-04-20T23:40:00+07:00,,,,Asia/Novosibirsk,2026-09-03T07:55:33Z
1285,20260420,2,3,253,1:00pm,2026-04-20T06:00:00+00:00,2026-04-20T13:00:00+07:00,2.3%,2.4%,2.3%,Asia/Novosibirsk,2026-09-03T07:55:33Z
1286,20260420,2,3,370,1:00pm,2026-04-20T06:00:00+00:00,2026-04-20T13:00:00+07:00,2.2%,2.3%,2.3%,Asia/Novosibirsk,2026-09-03T07:55:33Z
1287,20260420,5,1,180,1:00pm,2026-04-20T06:00:00+00:00,2026-04-20T13:00:00+07:00,2.5%,1.4%,-0.5%,Asia/Novosibirsk,2026-09-03T07:55:33Z
1288,20260420,6,1,343,6:01am,2026-04-19T23:01:00+00:00,2026-04-20T06:01:00+07:00,0.8%,,0.8%,Asia/Novosibirsk,2026-09-03T07:55:33Z
1289,20260420,2,1,74,7:30pm,2026-04-20T12:30:00+00:00,2026-04-20T19:30:00+07:00,0.2%,,0.4%,Asia/Novosibirsk,2026-09-03T07:55:33Z
1290,20260420,4,1,1,8:00am,2026-04-20T01:00:00+00:00,2026-04-20T08:00:00+07:00,3.00%,3.00%,3.00%,Asia/Novosibirsk,2026-09-03T07:55:33Z
1291,20260420,4,1,4,8:00am,2026-04-20T01:00:00+00:00,2026-04-20T08:00:00+07:00,3.50%,3.50%,3.50%,Asia/Novosibirsk,2026-09-03T07:55:33Z
1292,20260421,8,1,165,10:28pm,2026-04-21T15:28:00+00:00,2026-04-21T22:28:00+07:00,-2.7%,,-3.4%,Asia/Novosibirsk,2026-09-03T07:55:33Z
1293,20260421,3,1,192,11:15pm,2026-04-21T16:15:00+00:00,2026-04-21T23:15:00+07:00,,,,Asia/Novosibirsk,2026-09-03T07:55:33Z
1294,20260421,6,3,61,1:00pm,2026-04-21T06:00:00+00:00,2026-04-21T13:00:00+07:00,26.8K,22.6K,17.1K,Asia/Novosibirsk,2026-09-03T07:55:33Z
1295,20260421,6,1,375,1:00pm,2026-04-21T06:00:00+00:00,2026-04-21T13:00:00+07:00,4.9%,5.2%,5.2%,Asia/Novosibirsk,2026-09-03T07:55:33Z
1296,20260421,5,1,169,1:30pm,2026-04-21T06:30:00+00:00,2026-04-21T13:30:00+07:00,,,,Asia/Novosibirsk,2026-09-03T07:55:33Z
1297,20260421,5,1,187,4:00pm,2026-04-21T09:00:00+00:00,2026-04-21T16:00:00+07:00,-17.2,-5.9,-0.5,Asia/Novosibirsk,2026-09-03T07:55:33Z
1298,20260421,5,1,379,4:00pm,2026-04-21T09:00:00+00:00,2026-04-21T16:00:00+07:00,-20.4,-12.7,-8.5,Asia/Novosibirsk,2026-09-03T07:55:33Z
1299,20260421,9,1,6,7:15pm,2026-04-21T12:15:00+00:00,2026-04-21T19:15:00+07:00,54.8K,,40.3K,Asia/Novosibirsk,2026-09-03T07:55:33Z
1300,20260421,9,3,80,7:30pm,2026-04-21T12:30:00+00:00,2026-04-21T19:30:00+07:00,1.9%,1.4%,0.7%,Asia/Novosibirsk,2026-09-03T07:55:33Z
1301,20260421,9,2,306,7:30pm,2026-04-21T12:30:00+00:00,2026-04-21T19:30:00+07:00,,,,Asia/Novosibirsk,2026-09-03T07:55:33Z
1302,20260421,9,3,332,7:30pm,2026-04-21T12:30:00+00:00,2026-04-21T19:30:00+07:00,1.7%,1.4%,0.7%,Asia/Novosibirsk,2026-09-03T07:55:33Z
1303,20260421,9,1,46,9:00pm,2026-04-21T14:00:00+00:00,2026-04-21T21:00:00+07:00,0.4%,0.4%,0.0%,Asia/Novosibirsk,2026-09-03T07:55:33Z
1304,20260421,9,3,127,9:00pm,2026-04-21T14:00:00+00:00,2026-04-21T21:00:00+07:00,,,,Asia/Novosibirsk,2026-09-03T07:55:33Z
1305,20260421,9,2,289,9:00pm,2026-04-21T14:00:00+00:00,2026-04-21T21:00:00+07:00,1.5%,0.0%,2.5%,Asia/Novosibirsk,2026-09-03T07:55:33Z
1306,20260422,1,1,311,12:45pm,2026-04-22T05:45:00+00:00,2026-04-22T12:45:00+07:00,,,,Asia/Novosibirsk,2026-09-03T07:55:33Z
1307,20260422,6,1,75,1:00pm,2026-04-22T06:00:00+00:00,2026-04-22T13:00:00+07:00,3.1%,3.2%,3.2%,Asia/Novosibirsk,2026-09-03T07:55:33Z
1308,20260422,6,1,282,1:00pm,2026-04-22T06:00:00+00:00,2026-04-22T13:00:00+07:00,4.4%,2.9%,0.9%,Asia/Novosibirsk,2026-09-03T07:55:33Z
1309,20260422,6,1,284,1:00pm,2026-04-22T06:00:00+00:00,2026-04-22T13:00:00+07:00,0.9%,1.0%,-0.5%,Asia/Novosibirsk,2026-09-03T07:55:33Z
1310,20260422,6,1,329,1:00pm,2026-04-22T06:00:00+00:00,2026-04-22T13:00:00+07:00,4.1%,3.9%,3.6%,Asia/Novosibirsk,2026-09-03T07:55:33Z
1311,20260422,6,1,239,3:05pm,2026-04-22T08:05:00+00:00,2026-04-22T15:05:00+07:00,,,,Asia/Novosibirsk,2026-09-03T07:55:33Z
1312,20260422,9,1,10,3:30am,2026-04-21T20:30:00+00:00,2026-04-22T03:30:00+07:00,,,,Asia/Novosibirsk,2026-09-03T07:55:33Z
1313,20260422,6,1,198,3:30pm,2026-04-22T08:30:00+00:00,2026-04-22T15:30:00+07:00,1.2%,0.9%,1.0%,Asia/Novosibirsk,2026-09-03T07:55:33Z
1314,20260422,5,1,168,5:00pm,2026-04-22T10:00:00+00:00,2026-04-22T17:00:00+07:00,,,,Asia/Novosibirsk,2026-09-03T07:55:33Z
1315,20260422,7,1,368,6:50am,2026-04-21T23:50:00+00:00,2026-04-22T06:50:00+07:00,0.09T,0.23T,-0.37T,Asia/Novosibirsk,2026-09-03T07:55:33Z
1316,20260422,1,1,238,7:30am,2026-04-22T00:30:00+00:00,2026-04-22T07:30:00+07:00,-0.1%,,-0.1%,Asia/Novosibirsk,2026-09-03T07:55:33Z
1317,20260422,2,1,266,7:30pm,2026-04-22T12:30:00+00:00,2026-04-22T19:30:00+07:00,-0.2%,0.2%,0.3%,Asia/Novosibirsk,2026-09-03T07:55:33Z
1318,20260422,5,1,70,9:00pm,2026-04-22T14:00:00+00:00,2026-04-22T21:00:00+07:00,-21,-18,-16,Asia/Novosibirsk,2026-09-03T07:55:33Z
1319,20260422,9,1,83,9:30pm,2026-04-22T14:30:00+00:00,2026-04-22T21:30:00+07:00,1.9M,-1.9M,-0.9M,Asia/Novosibirsk,2026-09-03T07:55:33Z
1320,20260423,8,1,82,10:00am,2026-04-23T03:00:00+00:00,2026-04-23T10:00:00+07:00,2.1%,,1.1%,Asia/Novosibirsk,2026-09-03T07:55:33Z
1321,20260423,5,1,169,10:00pm,2026-04-23T15:00:00+00:00,2026-04-23T22:00:00+07:00,,,,Asia/Novosibirsk,2026-09-03T07:55:33Z
1322,20260423,6,1,310,1:00pm,2026-04-23T06:00:00+00:00,2026-04-23T13:00:00+07:00,12.6B,10.4B,12.8B,Asia/Novosibirsk,2026-09-03T07:55:33Z
1323,20260423,5,2,154,2:15pm,2026-04-23T07:15:00+00:00,2026-04-23T14:15:00+07:00,52.8,49.5,50.0,Asia/Novosibirsk,2026-09-03T07:55:33Z
1324,20260423,5,2,155,2:15pm,2026-04-23T07:15:00+00:00,2026-04-23T14:15:00+07:00,46.5,48.5,48.8,Asia/Novosibirsk,2026-09-03T07:55:33Z
1325,20260423,5,1,142,3:00pm,2026-04-23T08:00:00+00:00,2026-04-23T15:00:00+07:00,52.2,50.9,51.6,Asia/Novosibirsk,2026-09-03T07:55:33Z
1326,20260423,5,1,143,3:00pm,2026-04-23T08:00:00+00:00,2026-04-23T15:00:00+07:00,47.4,49.8,50.2,Asia/Novosibirsk,2026-09-03T07:55:33Z
1327,20260423,6,3,142,3:30pm,2026-04-23T08:30:00+00:00,2026-04-23T15:30:00+07:00,53.6,50.3,51.0,Asia/Novosibirsk,2026-09-03T07:55:33Z
1328,20260423,6,3,143,3:30pm,2026-04-23T08:30:00+00:00,2026-04-23T15:30:00+07:00,52.0,50.0,50.5,Asia/Novosibirsk,2026-09-03T07:55:33Z
1329,20260423,6,1,51,5:00pm,2026-04-23T10:00:00+00:00,2026-04-23T17:00:00+07:00,-38,-34,-27,Asia/Novosibirsk,2026-09-03T07:55:33Z
1330,20260423,1,1,142,6:00am,2026-04-22T23:00:00+00:00,2026-04-23T06:00:00+07:00,51.0,,49.8,Asia/Novosibirsk,2026-09-03T07:55:33Z
1331,20260423,1,1,143,6:00am,2026-04-22T23:00:00+00:00,2026-04-23T06:00:00+07:00,50.3,,46.3,Asia/Novosibirsk,2026-09-03T07:55:33Z
1332,20260423,7,1,142,7:30am,2026-04-23T00:30:00+00:00,2026-04-23T07:30:00+07:00,54.9,51.1,51.6,Asia/Novosibirsk,2026-09-03T07:55:33Z
1333,20260423,2,1,204,7:30pm,2026-04-23T12:30:00+00:00,2026-04-23T19:30:00+07:00,2.4%,1.6%,0.6%,Asia/Novosibirsk,2026-09-03T07:55:33Z
1334,20260423,2,1,328,7:30pm,2026-04-23T12:30:00+00:00,2026-04-23T19:30:00+07:00,12.0%,9.3%,0.9%,Asia/Novosibirsk,2026-09-03T07:55:33Z
1335,20260423,9,2,374,7:30pm,2026-04-23T12:30:00+00:00,2026-04-23T19:30:00+07:00,214K,211K,208K,Asia/Novosibirsk,2026-09-03T07:55:33Z
1336,20260423,6,1,189,8:21pm,2026-04-23T13:21:00+00:00,2026-04-23T20:21:00+07:00,-25,-24,-21,Asia/Novosibirsk,2026-09-03T07:55:33Z
1337,20260423,9,2,142,8:45pm,2026-04-23T13:45:00+00:00,2026-04-23T20:45:00+07:00,54.0,52.5,52.3,Asia/Novosibirsk,2026-09-03T07:55:33Z
1338,20260423,9,2,143,8:45pm,2026-04-23T13:45:00+00:00,2026-04-23T20:45:00+07:00,51.3,50.5,49.8,Asia/Novosibirsk,2026-09-03T07:55:33Z
1339,20260423,5,3,176,9:00pm,2026-04-23T14:00:00+00:00,2026-04-23T21:00:00+07:00,46.9,50.4,50.9,Asia/Novosibirsk,2026-09-03T07:55:33Z
1340,20260423,9,1,270,9:30pm,2026-04-23T14:30:00+00:00,2026-04-23T21:30:00+07:00,103B,96B,59B,Asia/Novosibirsk,2026-09-03T07:55:33Z
1341,20260424,5,1,188,3:00pm,2026-04-24T08:00:00+00:00,2026-04-24T15:00:00+07:00,84.4,85.7,86.3,Asia/Novosibirsk,2026-09-03T07:55:33Z
1342,20260424,4,1,145,4:01pm,2026-04-24T09:01:00+00:00,2026-04-24T16:01:00+07:00,-7.3%,,-5.7%,Asia/Novosibirsk,2026-09-03T07:55:33Z
1343,20260424,7,1,353,6:50am,2026-04-23T23:50:00+00:00,2026-04-24T06:50:00+07:00,3.1%,3.0%,2.7%,Asia/Novosibirsk,2026-09-03T07:55:33Z
1344,20260424,2,2,80,7:30pm,2026-04-24T12:30:00+00:00,2026-04-24T19:30:00+07:00,0.5%,0.8%,1.0%,Asia/Novosibirsk,2026-09-03T07:55:33Z
1345,20260424,2,2,332,7:30pm,2026-04-24T12:30:00+00:00,2026-04-24T19:30:00+07:00,0.7%,0.9%,1.2%,Asia/Novosibirsk,2026-09-03T07:55:33Z
1346,20260424,5,1,41,7:32pm,2026-04-24T12:32:00+00:00,2026-04-24T19:32:00+07:00,-14.2,-14.8,-13.7,Asia/Novosibirsk,2026-09-03T07:55:33Z
1347,20260424,9,2,340,9:00pm,2026-04-24T14:00:00+00:00,2026-04-24T21:00:00+07:00,49.8,48.5,47.6,Asia/Novosibirsk,2026-09-03T07:55:33Z
1348,20260424,9,1,341,9:00pm,2026-04-24T14:00:00+00:00,2026-04-24T21:00:00+07:00,4.7%,,4.8%,Asia/Novosibirsk,2026-09-03T07:55:33Z
1349,20260427,6,1,52,5:00pm,2026-04-27T10:00:00+00:00,2026-04-27T17:00:00+07:00,-68,-42,-52,Asia/Novosibirsk,2026-09-03T07:55:33Z
1350,20260427,4,1,50,8:00pm,2026-04-27T13:00:00+00:00,2026-04-27T20:00:00+07:00,-0.2%,,-0.2%,Asia/Novosibirsk,2026-09-03T07:55:33Z
1351,20260428,7,1,29,12:00pm,2026-04-28T05:00:00+00:00,2026-04-28T12:00:00+07:00,1.7%,1.9%,1.7%,Asia/Novosibirsk,2026-09-03T07:55:33Z
1352,20260428,7,3,33,1:30pm,2026-04-28T06:30:00+00:00,2026-04-28T13:30:00+07:00,,,,Asia/Novosibirsk,2026-09-03T07:55:33Z
1353,20260428,5,1,361,2:00pm,2026-04-28T07:00:00+00:00,2026-04-28T14:00:00+07:00,10.8%,9.8%,9.9%,Asia/Novosibirsk,2026-09-03T07:55:33Z
1354,20260428,7,3,32,3:30pm,2026-04-28T08:30:00+00:00,2026-04-28T15:30:00+07:00,<0.75%,<0.75%,<0.75%,Asia/Novosibirsk,2026-09-03T07:55:33Z
1355,20260428,7,3,257,3:30pm,2026-04-28T08:30:00+00:00,2026-04-28T15:30:00+07:00,,,,Asia/Novosibirsk,2026-09-03T07:55:33Z
1356,20260428,7,1,375,6:30am,2026-04-27T23:30:00+00:00,2026-04-28T06:30:00+07:00,2.7%,2.6%,2.6%,Asia/Novosibirsk,2026-09-03T07:55:33Z
1357,20260428,9,1,6,7:15pm,2026-04-28T12:15:00+00:00,2026-04-28T19:15:00+07:00,39.3K,,40.3K,Asia/Novosibirsk,2026-09-03T07:55:33Z
1358,20260428,9,1,197,8:00pm,2026-04-28T13:00:00+00:00,2026-04-28T20:00:00+07:00,0.0%,0.1%,0.2%,Asia/Novosibirsk,2026-09-03T07:55:33Z
1359,20260428,9,1,344,8:00pm,2026-04-28T13:00:00+00:00,2026-04-28T20:00:00+07:00,0.9%,1.1%,1.2%,Asia/Novosibirsk,2026-09-03T07:55:33Z
1360,20260428,9,1,342,9:00pm,2026-04-28T14:00:00+00:00,2026-04-28T21:00:00+07:00,3,2,0,Asia/Novosibirsk,2026-09-03T07:55:33Z
1361,20260429,1,3,55,1:30pm,2026-04-29T06:30:00+00:00,2026-04-29T13:30:00+07:00,4.6%,4.8%,3.7%,Asia/Novosibirsk,2026-09-03T07:55:33Z
1362,20260429,1,3,371,1:30pm,2026-04-29T06:30:00+00:00,2026-04-29T13:30:00+07:00,0.3%,0.3%,0.2%,Asia/Novosibirsk,2026-09-03T07:55:33Z
1363,20260429,5,1,356,2:00pm,2026-04-29T07:00:00+00:00,2026-04-29T14:00:00+07:00,3.2%,3.5%,3.3%,Asia/Novosibirsk,2026-09-03T07:55:33Z
1364,20260429,3,1,372,3:00pm,2026-04-29T08:00:00+00:00,2026-04-29T15:00:00+07:00,-30.3,,-35.0,Asia/Novosibirsk,2026-09-03T07:55:33Z
1365,20260429,5,1,234,3:00pm,2026-04-29T08:00:00+00:00,2026-04-29T15:00:00+07:00,3.2%,3.1%,3.0%,Asia/Novosibirsk,2026-09-03T07:55:33Z
1366,20260429,5,1,308,3:00pm,2026-04-29T08:00:00+00:00,2026-04-29T15:00:00+07:00,3.0%,3.1%,3.0%,Asia/Novosibirsk,2026-09-03T07:55:33Z
1367,20260429,5,1,214,4:17pm,2026-04-29T09:17:00+00:00,2026-04-29T16:17:00+07:00,3.77|1.7,,4.09|1.7,Asia/Novosibirsk,2026-09-03T07:55:33Z
1368,20260429,5,1,166,4:32pm,2026-04-29T09:32:00+00:00,2026-04-29T16:32:00+07:00,3.08|1.5,,2.92|1.2,Asia/Novosibirsk,2026-09-03T07:55:33Z
1369,20260429,9,1,44,7:30pm,2026-04-29T12:30:00+00:00,2026-04-29T19:30:00+07:00,1.37M,1.39M,1.54M,Asia/Novosibirsk,2026-09-03T07:55:33Z
1370,20260429,9,1,76,7:30pm,2026-04-29T12:30:00+00:00,2026-04-29T19:30:00+07:00,0.9%,0.4%,0.9%,Asia/Novosibirsk,2026-09-03T07:55:33Z
1371,20260429,9,1,85,7:30pm,2026-04-29T12:30:00+00:00,2026-04-29T19:30:00+07:00,0.8%,0.4%,-1.3%,Asia/Novosibirsk,2026-09-03T07:55:33Z
1372,20260429,9,1,190,7:30pm,2026-04-29T12:30:00+00:00,2026-04-29T19:30:00+07:00,-87.9B,-87.5B,-83.5B,Asia/Novosibirsk,2026-09-03T07:55:33Z
1373,20260429,9,1,202,7:30pm,2026-04-29T12:30:00+00:00,2026-04-29T19:30:00+07:00,1.50M,1.38M,1.36M,Asia/Novosibirsk,2026-09-03T07:55:33Z
1374,20260429,9,1,305,7:30pm,2026-04-29T12:30:00+00:00,2026-04-29T19:30:00+07:00,1.4%,0.4%,0.9%,Asia/Novosibirsk,2026-09-03T07:55:33Z
1375,20260429,2,3,20,8:45pm,2026-04-29T13:45:00+00:00,2026-04-29T20:45:00+07:00,,,,Asia/Novosibirsk,2026-09-03T07:55:33Z
1376,20260429,2,3,22,8:45pm,2026-04-29T13:45:00+00:00,2026-04-29T20:45:00+07:00,,,,Asia/Novosibirsk,2026-09-03T07:55:33Z
1377,20260429,2,3,280,8:45pm,2026-04-29T13:45:00+00:00,2026-04-29T20:45:00+07:00,2.25%,2.25%,2.25%,Asia/Novosibirsk,2026-09-03T07:55:33Z
1378,20260429,2,3,21,9:30pm,2026-04-29T14:30:00+00:00,2026-04-29T21:30:00+07:00,,,,Asia/Novosibirsk,2026-09-03T07:55:33Z
1379,20260429,9,1,83,9:30pm,2026-04-29T14:30:00+00:00,2026-04-29T21:30:00+07:00,-6.2M,0.3M,1.9M,Asia/Novosibirsk,2026-09-03T07:55:33Z
1380,20260429,5,2,181,All Day,,,0.6%,0.7%,1.1%,Asia/Novosibirsk,2026-09-03T07:55:33Z
1381,20260429,9,1,44,Feb Data,,,1.54M,,1.39M,Asia/Novosibirsk,2026-09-03T07:55:33Z
1382,20260429,9,1,202,Feb Data,,,1.36M,,1.40M,Asia/Novosibirsk,2026-09-03T07:55:33Z
1383,20260430,7,1,70,12:00pm,2026-04-30T05:00:00+00:00,2026-04-30T12:00:00+07:00,32.2,32.8,33.3,Asia/Novosibirsk,2026-09-03T07:55:33Z
1384,20260430,7,1,203,12:00pm,2026-04-30T05:00:00+00:00,2026-04-30T12:00:00+07:00,-29.3%,-28.7%,-4.9%,Asia/Novosibirsk,2026-09-03T07:55:33Z
1385,20260430,5,1,148,12:30pm,2026-04-30T05:30:00+00:00,2026-04-30T12:30:00+07:00,0.7%,0.7%,-1.4%,Asia/Novosibirsk,2026-09-03T07:55:33Z
1386,20260430,5,1,153,12:30pm,2026-04-30T05:30:00+00:00,2026-04-30T12:30:00+07:00,0.0%,0.2%,0.2%,Asia/Novosibirsk,2026-09-03T07:55:33Z
1387,20260430,5,1,178,1:00pm,2026-04-30T06:00:00+00:00,2026-04-30T13:00:00+07:00,3.6%,3.6%,0.3%,Asia/Novosibirsk,2026-09-03T07:55:33Z
1388,20260430,5,1,183,1:00pm,2026-04-30T06:00:00+00:00,2026-04-30T13:00:00+07:00,-2.0%,-0.3%,-0.3%,Asia/Novosibirsk,2026-09-03T07:55:33Z
1389,20260430,9,3,120,1:30am,2026-04-29T18:30:00+00:00,2026-04-30T01:30:00+07:00,,,,Asia/Novosibirsk,2026-09-03T07:55:33Z
1390,20260430,5,1,158,1:45pm,2026-04-30T06:45:00+00:00,2026-04-30T13:45:00+07:00,1.0%,0.9%,1.0%,Asia/Novosibirsk,2026-09-03T07:55:33Z
1391,20260430,5,1,160,1:45pm,2026-04-30T06:45:00+00:00,2026-04-30T13:45:00+07:00,-0.1%,-0.1%,-0.1%,Asia/Novosibirsk,2026-09-03T07:55:33Z
1392,20260430,3,1,226,2:00pm,2026-04-30T07:00:00+00:00,2026-04-30T14:00:00+07:00,97.9,95.8,95.6,Asia/Novosibirsk,2026-09-03T07:55:33Z
1393,20260430,5,1,357,2:00pm,2026-04-30T07:00:00+00:00,2026-04-30T14:00:00+07:00,0.6%,0.5%,0.8%,Asia/Novosibirsk,2026-09-03T07:55:33Z
1394,20260430,5,1,185,2:55pm,2026-04-30T07:55:00+00:00,2026-04-30T14:55:00+07:00,20K,4K,3K,Asia/Novosibirsk,2026-09-03T07:55:33Z
1395,20260430,5,1,219,3:00pm,2026-04-30T08:00:00+00:00,2026-04-30T15:00:00+07:00,0.2%,0.1%,0.3%,Asia/Novosibirsk,2026-09-03T07:55:33Z
1396,20260430,5,1,217,3:30pm,2026-04-30T08:30:00+00:00,2026-04-30T15:30:00+07:00,5.2%,5.3%,5.4%,Asia/Novosibirsk,2026-09-03T07:55:33Z
1397,20260430,5,2,53,4:00pm,2026-04-30T09:00:00+00:00,2026-04-30T16:00:00+07:00,3.0%,3.0%,2.6%,Asia/Novosibirsk,2026-09-03T07:55:33Z
1398,20260430,5,2,73,4:00pm,2026-04-30T09:00:00+00:00,2026-04-30T16:00:00+07:00,2.2%,2.2%,2.3%,Asia/Novosibirsk,2026-09-03T07:55:33Z
1399,20260430,5,1,218,4:00pm,2026-04-30T09:00:00+00:00,2026-04-30T16:00:00+07:00,1.2%,0.9%,0.5%,Asia/Novosibirsk,2026-09-03T07:55:33Z
1400,20260430,5,1,295,4:00pm,2026-04-30T09:00:00+00:00,2026-04-30T16:00:00+07:00,0.1%,0.2%,0.2%,Asia/Novosibirsk,2026-09-03T07:55:33Z
1401,20260430,5,1,375,4:00pm,2026-04-30T09:00:00+00:00,2026-04-30T16:00:00+07:00,6.2%,6.2%,6.3%,Asia/Novosibirsk,2026-09-03T07:55:33Z
1402,20260430,6,1,27,6:00pm,2026-04-30T11:00:00+00:00,2026-04-30T18:00:00+07:00,,,,Asia/Novosibirsk,2026-09-03T07:55:33Z
1403,20260430,6,3,28,6:00pm,2026-04-30T11:00:00+00:00,2026-04-30T18:00:00+07:00,,,,Asia/Novosibirsk,2026-09-03T07:55:33Z
1404,20260430,6,3,247,6:00pm,2026-04-30T11:00:00+00:00,2026-04-30T18:00:00+07:00,1-0-8,1-0-8,0-0-9,Asia/Novosibirsk,2026-09-03T07:55:33Z
1405,20260430,6,3,258,6:00pm,2026-04-30T11:00:00+00:00,2026-04-30T18:00:00+07:00,,,,Asia/Novosibirsk,2026-09-03T07:55:33Z
1406,20260430,6,3,277,6:00pm,2026-04-30T11:00:00+00:00,2026-04-30T18:00:00+07:00,3.75%,3.75%,3.75%,Asia/Novosibirsk,2026-09-03T07:55:33Z
1407,20260430,6,3,26,6:30pm,2026-04-30T11:30:00+00:00,2026-04-30T18:30:00+07:00,,,,Asia/Novosibirsk,2026-09-03T07:55:33Z
1408,20260430,5,3,248,7:15pm,2026-04-30T12:15:00+00:00,2026-04-30T19:15:00+07:00,2.15%,2.15%,2.15%,Asia/Novosibirsk,2026-09-03T07:55:33Z
1409,20260430,5,3,257,7:15pm,2026-04-30T12:15:00+00:00,2026-04-30T19:15:00+07:00,,,,Asia/Novosibirsk,2026-09-03T07:55:33Z
1410,20260430,2,3,162,7:30pm,2026-04-30T12:30:00+00:00,2026-04-30T19:30:00+07:00,0.2%,0.2%,0.1%,Asia/Novosibirsk,2026-09-03T07:55:33Z
1411,20260430,9,2,11,7:30pm,2026-04-30T12:30:00+00:00,2026-04-30T19:30:00+07:00,3.6%,3.8%,3.7%,Asia/Novosibirsk,2026-09-03T07:55:33Z
1412,20260430,9,3,12,7:30pm,2026-04-30T12:30:00+00:00,2026-04-30T19:30:00+07:00,2.0%,2.2%,0.5%,Asia/Novosibirsk,2026-09-03T07:55:33Z
1413,20260430,9,3,78,7:30pm,2026-04-30T12:30:00+00:00,2026-04-30T19:30:00+07:00,0.3%,0.3%,0.4%,Asia/Novosibirsk,2026-09-03T07:55:33Z
1414,20260430,9,3,96,7:30pm,2026-04-30T12:30:00+00:00,2026-04-30T19:30:00+07:00,0.9%,0.8%,0.7%,Asia/Novosibirsk,2026-09-03T07:55:33Z
1415,20260430,9,1,290,7:30pm,2026-04-30T12:30:00+00:00,2026-04-30T19:30:00+07:00,0.6%,0.3%,0.0%,Asia/Novosibirsk,2026-09-03T07:55:33Z
1416,20260430,9,1,291,7:30pm,2026-04-30T12:30:00+00:00,2026-04-30T19:30:00+07:00,0.9%,0.9%,0.6%,Asia/Novosibirsk,2026-09-03T07:55:33Z
1417,20260430,9,2,374,7:30pm,2026-04-30T12:30:00+00:00,2026-04-30T19:30:00+07:00,189K,213K,215K,Asia/Novosibirsk,2026-09-03T07:55:33Z
1418,20260430,5,3,90,7:45pm,2026-04-30T12:45:00+00:00,2026-04-30T19:45:00+07:00,,,,Asia/Novosibirsk,2026-09-03T07:55:33Z
1419,20260430,8,1,7,8:00am,2026-04-30T01:00:00+00:00,2026-04-30T08:00:00+07:00,-10.6,,32.5,Asia/Novosibirsk,2026-09-03T07:55:33Z
1420,20260430,1,1,209,8:30am,2026-04-30T01:30:00+00:00,2026-04-30T08:30:00+07:00,0.1%,0.4%,0.9%,Asia/Novosibirsk,2026-09-03T07:55:33Z
1421,20260430,1,1,309,8:30am,2026-04-30T01:30:00+00:00,2026-04-30T08:30:00+07:00,0.7%,0.6%,0.6%,Asia/Novosibirsk,2026-09-03T07:55:33Z
1422,20260430,4,1,249,8:30am,2026-04-30T01:30:00+00:00,2026-04-30T08:30:00+07:00,50.3,50.1,50.4,Asia/Novosibirsk,2026-09-03T07:55:33Z
1423,20260430,4,1,276,8:30am,2026-04-30T01:30:00+00:00,2026-04-30T08:30:00+07:00,49.4,49.9,50.1,Asia/Novosibirsk,2026-09-03T07:55:33Z
1424,20260430,4,1,330,8:45am,2026-04-30T01:45:00+00:00,2026-04-30T08:45:00+07:00,52.2,50.9,50.8,Asia/Novosibirsk,2026-09-03T07:55:33Z
1425,20260430,9,1,60,8:45pm,2026-04-30T13:45:00+00:00,2026-04-30T20:45:00+07:00,49.2,54.8,52.8,Asia/Novosibirsk,2026-09-03T07:55:33Z
1426,20260430,9,1,50,9:00pm,2026-04-30T14:00:00+00:00,2026-04-30T21:00:00+07:00,-0.6%,-0.2%,0.3%,Asia/Novosibirsk,2026-09-03T07:55:33Z
1427,20260430,7,1,334,9:30pm,2026-04-30T14:30:00+00:00,2026-04-30T21:30:00+07:00,1.7%,0.9%,-0.1%,Asia/Novosibirsk,2026-09-03T07:55:33Z
1428,20260430,9,3,121,9:30pm,2026-04-30T14:30:00+00:00,2026-04-30T21:30:00+07:00,,,,Asia/Novosibirsk,2026-09-03T07:55:33Z
1429,20260430,9,1,270,9:30pm,2026-04-30T14:30:00+00:00,2026-04-30T21:30:00+07:00,79B,83B,103B,Asia/Novosibirsk,2026-09-03T07:55:33Z
1430,20260430,9,1,50,Feb Data,,,0.3%,,-0.1%,Asia/Novosibirsk,2026-09-03T07:55:33Z
1431,20260501,6,1,269,1:00pm,2026-05-01T06:00:00+00:00,2026-05-01T13:00:00+07:00,0.4%,-0.3%,0.9%,Asia/Novosibirsk,2026-09-03T07:55:33Z
1432,20260501,1,1,63,1:30pm,2026-05-01T06:30:00+00:00,2026-05-01T13:30:00+07:00,15.7%,,12.6%,Asia/Novosibirsk,2026-09-03T07:55:33Z
1433,20260501,3,1,334,1:30pm,2026-05-01T06:30:00+00:00,2026-05-01T13:30:00+07:00,0.5%,0.6%,0.4%,Asia/Novosibirsk,2026-09-03T07:55:33Z
1434,20260501,6,1,136,3:30pm,2026-05-01T08:30:00+00:00,2026-05-01T15:30:00+07:00,53.7,53.3,53.6,Asia/Novosibirsk,2026-09-03T07:55:33Z
1435,20260501,6,1,235,3:30pm,2026-05-01T08:30:00+00:00,2026-05-01T15:30:00+07:00,0.8%,0.5%,0.7%,Asia/Novosibirsk,2026-09-03T07:55:33Z
1436,20260501,6,1,259,3:30pm,2026-05-01T08:30:00+00:00,2026-05-01T15:30:00+07:00,64K,60K,63K,Asia/Novosibirsk,2026-09-03T07:55:33Z
1437,20260501,6,1,271,3:30pm,2026-05-01T08:30:00+00:00,2026-05-01T15:30:00+07:00,8.0B,5.9B,7.2B,Asia/Novosibirsk,2026-09-03T07:55:33Z
1438,20260501,6,1,244,6:15pm,2026-05-01T11:15:00+00:00,2026-05-01T18:15:00+07:00,,,,Asia/Novosibirsk,2026-09-03T07:55:33Z
1439,20260501,7,1,136,7:30am,2026-05-01T00:30:00+00:00,2026-05-01T07:30:00+07:00,55.1,54.9,54.9,Asia/Novosibirsk,2026-09-03T07:55:33Z
1440,20260501,1,1,287,8:30am,2026-05-01T01:30:00+00:00,2026-05-01T08:30:00+07:00,0.4%,0.9%,0.8%,Asia/Novosibirsk,2026-09-03T07:55:33Z
1441,20260501,2,1,249,8:30pm,2026-05-01T13:30:00+00:00,2026-05-01T20:30:00+07:00,53.3,,50.0,Asia/Novosibirsk,2026-09-03T07:55:33Z
1442,20260501,9,1,136,8:45pm,2026-05-01T13:45:00+00:00,2026-05-01T20:45:00+07:00,54.5,54.0,54.0,Asia/Novosibirsk,2026-09-03T07:55:33Z
1443,20260501,9,2,205,9:00pm,2026-05-01T14:00:00+00:00,2026-05-01T21:00:00+07:00,52.7,53.1,52.7,Asia/Novosibirsk,2026-09-03T07:55:33Z
1444,20260501,9,2,206,9:00pm,2026-05-01T14:00:00+00:00,2026-05-01T21:00:00+07:00,84.6,80.0,78.3,Asia/Novosibirsk,2026-09-03T07:55:33Z
1445,20260501,9,1,279,All Day,,,15.9M,16.0M,16.3M,Asia/Novosibirsk,2026-09-03T07:55:33Z
1446,20260504,9,1,119,11:50pm,2026-05-04T16:50:00+00:00,2026-05-04T23:50:00+07:00,,,,Asia/Novosibirsk,2026-09-03T07:55:33Z
1447,20260504,5,1,358,2:15pm,2026-05-04T07:15:00+00:00,2026-05-04T14:15:00+07:00,51.7,49.5,48.7,Asia/Novosibirsk,2026-09-03T07:55:33Z
1448,20260504,3,1,249,2:30pm,2026-05-04T07:30:00+00:00,2026-05-04T14:30:00+07:00,54.5,52.0,53.3,Asia/Novosibirsk,2026-09-03T07:55:33Z
1449,20260504,5,1,216,2:45pm,2026-05-04T07:45:00+00:00,2026-05-04T14:45:00+07:00,52.1,51.6,51.3,Asia/Novosibirsk,2026-09-03T07:55:33Z
1450,20260504,5,1,150,2:50pm,2026-05-04T07:50:00+00:00,2026-05-04T14:50:00+07:00,52.8,52.8,52.8,Asia/Novosibirsk,2026-09-03T07:55:33Z
1451,20260504,5,1,173,2:55pm,2026-05-04T07:55:00+00:00,2026-05-04T14:55:00+07:00,51.4,51.2,51.2,Asia/Novosibirsk,2026-09-03T07:55:33Z
1452,20260504,5,1,136,3:00pm,2026-05-04T08:00:00+00:00,2026-05-04T15:00:00+07:00,52.2,52.2,52.2,Asia/Novosibirsk,2026-09-03T07:55:33Z
1453,20260504,5,1,354,3:30pm,2026-05-04T08:30:00+00:00,2026-05-04T15:30:00+07:00,-16.4,-20.9,-19.2,Asia/Novosibirsk,2026-09-03T07:55:33Z
1454,20260504,1,1,9,8:30am,2026-05-04T01:30:00+00:00,2026-05-04T08:30:00+07:00,-0.8%,,-3.2%,Asia/Novosibirsk,2026-09-03T07:55:33Z
1455,20260504,1,1,42,8:30am,2026-05-04T01:30:00+00:00,2026-05-04T08:30:00+07:00,-10.5%,-10.2%,31.0%,Asia/Novosibirsk,2026-09-03T07:55:33Z
1456,20260504,9,1,125,9:00pm,2026-05-04T14:00:00+00:00,2026-05-04T21:00:00+07:00,1.5%,0.5%,0.3%,Asia/Novosibirsk,2026-09-03T07:55:33Z
1457,20260504,5,1,98,All Day,,,,,,Asia/Novosibirsk,2026-09-03T07:55:33Z
1458,20260505,1,3,318,,,,,,,Asia/Novosibirsk,2026-09-03T07:55:33Z
1459,20260505,1,3,320,,,,,,,Asia/Novosibirsk,2026-09-03T07:55:33Z
1460,20260505,8,1,165,10:37pm,2026-05-05T15:37:00+00:00,2026-05-05T22:37:00+07:00,1.5%,,-2.7%,Asia/Novosibirsk,2026-09-03T07:55:33Z
1461,20260505,9,1,103,11:30pm,2026-05-05T16:30:00+00:00,2026-05-05T23:30:00+07:00,,,,Asia/Novosibirsk,2026-09-03T07:55:33Z
1462,20260505,1,3,319,12:30pm,2026-05-05T05:30:00+00:00,2026-05-05T12:30:00+07:00,,,,Asia/Novosibirsk,2026-09-03T07:55:33Z
1463,20260505,9,1,231,1:00am,2026-05-04T18:00:00+00:00,2026-05-05T01:00:00+07:00,,,,Asia/Novosibirsk,2026-09-03T07:55:33Z
1464,20260505,3,2,54,1:30pm,2026-05-05T06:30:00+00:00,2026-05-05T13:30:00+07:00,0.3%,0.3%,0.2%,Asia/Novosibirsk,2026-09-03T07:55:33Z
1465,20260505,5,1,360,2:00pm,2026-05-05T07:00:00+00:00,2026-05-05T14:00:00+07:00,-62.7K,-18.6K,-22.9K,Asia/Novosibirsk,2026-09-03T07:55:33Z
1466,20260505,2,1,368,7:30pm,2026-05-05T12:30:00+00:00,2026-05-05T19:30:00+07:00,1.8B,-2.4B,-5.1B,Asia/Novosibirsk,2026-09-03T07:55:33Z
1467,20260505,5,2,89,7:30pm,2026-05-05T12:30:00+00:00,2026-05-05T19:30:00+07:00,,,,Asia/Novosibirsk,2026-09-03T07:55:33Z
1468,20260505,9,1,368,7:30pm,2026-05-05T12:30:00+00:00,2026-05-05T19:30:00+07:00,-60.3B,-61.0B,-57.8B,Asia/Novosibirsk,2026-09-03T07:55:33Z
1469,20260505,8,1,8,8:00am,2026-05-05T01:00:00+00:00,2026-05-05T08:00:00+07:00,-0.8%,,4.2%,Asia/Novosibirsk,2026-09-03T07:55:33Z
1470,20260505,1,1,199,8:30am,2026-05-05T01:30:00+00:00,2026-05-05T08:30:00+07:00,1.6%,1.8%,0.3%,Asia/Novosibirsk,2026-09-03T07:55:33Z
1471,20260505,5,1,156,8:31pm,2026-05-05T13:31:00+00:00,2026-05-05T20:31:00+07:00,-42.9B,,-32.1B,Asia/Novosibirsk,2026-09-03T07:55:33Z
1472,20260505,9,1,137,8:45pm,2026-05-05T13:45:00+00:00,2026-05-05T20:45:00+07:00,51.0,51.3,51.3,Asia/Novosibirsk,2026-09-03T07:55:33Z
1473,20260505,9,1,105,9:00pm,2026-05-05T14:00:00+00:00,2026-05-05T21:00:00+07:00,,,,Asia/Novosibirsk,2026-09-03T07:55:33Z
1474,20260505,9,3,207,9:00pm,2026-05-05T14:00:00+00:00,2026-05-05T21:00:00+07:00,53.6,53.7,54.0,Asia/Novosibirsk,2026-09-03T07:55:33Z
1475,20260505,9,3,225,9:00pm,2026-05-05T14:00:00+00:00,2026-05-05T21:00:00+07:00,6.87M,6.86M,6.92M,Asia/Novosibirsk,2026-09-03T07:55:33Z
1476,20260505,9,2,273,9:00pm,2026-05-05T14:00:00+00:00,2026-05-05T21:00:00+07:00,682K,652K,635K,Asia/Novosibirsk,2026-09-03T07:55:33Z
1477,20260505,9,1,326,9:03pm,2026-05-05T14:03:00+00:00,2026-05-05T21:03:00+07:00,42.6,42.0,42.8,Asia/Novosibirsk,2026-09-03T07:55:33Z
1478,20260505,5,1,91,All Day,,,,,,Asia/Novosibirsk,2026-09-03T07:55:33Z
1479,20260505,9,2,273,Feb Data,,,635K,,583K,Asia/Novosibirsk,2026-09-03T07:55:33Z
1480,20260506,5,1,157,1:45pm,2026-05-06T06:45:00+00:00,2026-05-06T13:45:00+07:00,1.0%,0.5%,-0.9%,Asia/Novosibirsk,2026-09-03T07:55:33Z
1481,20260506,5,1,359,2:15pm,2026-05-06T07:15:00+00:00,2026-05-06T14:15:00+07:00,47.9,51.9,53.3,Asia/Novosibirsk,2026-09-03T07:55:33Z
1482,20260506,5,1,222,2:45pm,2026-05-06T07:45:00+00:00,2026-05-06T14:45:00+07:00,49.8,47.9,48.8,Asia/Novosibirsk,2026-09-03T07:55:33Z
1483,20260506,5,1,152,2:50pm,2026-05-06T07:50:00+00:00,2026-05-06T14:50:00+07:00,46.5,46.5,46.5,Asia/Novosibirsk,2026-09-03T07:55:33Z
1484,20260506,5,1,174,2:55pm,2026-05-06T07:55:00+00:00,2026-05-06T14:55:00+07:00,46.9,46.9,46.9,Asia/Novosibirsk,2026-09-03T07:55:33Z
1485,20260506,5,1,137,3:00pm,2026-05-06T08:00:00+00:00,2026-05-06T15:00:00+07:00,47.6,47.4,47.4,Asia/Novosibirsk,2026-09-03T07:55:33Z
1486,20260506,5,1,221,3:00pm,2026-05-06T08:00:00+00:00,2026-05-06T15:00:00+07:00,0.8%,-0.4%,-0.1%,Asia/Novosibirsk,2026-09-03T07:55:33Z
1487,20260506,6,1,137,3:30pm,2026-05-06T08:30:00+00:00,2026-05-06T15:30:00+07:00,52.7,51.9,52.0,Asia/Novosibirsk,2026-09-03T07:55:33Z
1488,20260506,8,1,321,4:00am,2026-05-05T21:00:00+00:00,2026-05-06T04:00:00+07:00,,,,Asia/Novosibirsk,2026-09-03T07:55:33Z
1489,20260506,5,1,286,4:00pm,2026-05-06T09:00:00+00:00,2026-05-06T16:00:00+07:00,3.4%,3.3%,-0.6%,Asia/Novosibirsk,2026-09-03T07:55:33Z
1490,20260506,8,1,227,5:45am,2026-05-05T22:45:00+00:00,2026-05-06T05:45:00+07:00,0.5%,0.4%,0.4%,Asia/Novosibirsk,2026-09-03T07:55:33Z
1491,20260506,9,2,5,7:15pm,2026-05-06T12:15:00+00:00,2026-05-06T19:15:00+07:00,109K,118K,61K,Asia/Novosibirsk,2026-09-03T07:55:33Z
1492,20260506,9,1,115,8:30pm,2026-05-06T13:30:00+00:00,2026-05-06T20:30:00+07:00,,,,Asia/Novosibirsk,2026-09-03T07:55:33Z
1493,20260506,4,1,331,8:45am,2026-05-06T01:45:00+00:00,2026-05-06T08:45:00+07:00,52.6,52.0,52.1,Asia/Novosibirsk,2026-09-03T07:55:33Z
1494,20260506,2,2,224,9:00pm,2026-05-06T14:00:00+00:00,2026-05-06T21:00:00+07:00,57.7,49.9,49.7,Asia/Novosibirsk,2026-09-03T07:55:33Z
1495,20260506,8,3,375,9:00pm,2026-05-06T14:00:00+00:00,2026-05-06T21:00:00+07:00,5.3%,5.4%,5.4%,Asia/Novosibirsk,2026-09-03T07:55:33Z
1496,20260506,9,1,83,9:30pm,2026-05-06T14:30:00+00:00,2026-05-06T21:30:00+07:00,-2.3M,-3.4M,-6.2M,Asia/Novosibirsk,2026-09-03T07:55:33Z
1497,20260507,5,1,170,1:00pm,2026-05-07T06:00:00+00:00,2026-05-07T13:00:00+07:00,5.0%,1.0%,1.4%,Asia/Novosibirsk,2026-09-03T07:55:33Z
1498,20260507,5,1,161,1:45pm,2026-05-07T06:45:00+00:00,2026-05-07T13:45:00+07:00,-6.9B,-6.7B,-5.5B,Asia/Novosibirsk,2026-09-03T07:55:33Z
1499,20260507,3,1,144,2:00pm,2026-05-07T07:00:00+00:00,2026-05-07T14:00:00+07:00,716B,,721B,Asia/Novosibirsk,2026-09-03T07:55:33Z
1500,20260507,3,1,375,2:00pm,2026-05-07T07:00:00+00:00,2026-05-07T14:00:00+07:00,3.0%,3.0%,3.0%,Asia/Novosibirsk,2026-09-03T07:55:33Z
1501,20260507,6,1,242,3:00pm,2026-05-07T08:00:00+00:00,2026-05-07T15:00:00+07:00,,,,Asia/Novosibirsk,2026-09-03T07:55:33Z
1502,20260507,6,1,67,3:30pm,2026-05-07T08:30:00+00:00,2026-05-07T15:30:00+07:00,39.7,45.8,45.6,Asia/Novosibirsk,2026-09-03T07:55:33Z
1503,20260507,5,1,355,3:46pm,2026-05-07T08:46:00+00:00,2026-05-07T15:46:00+07:00,3.39|2.1,,3.44|2.0,Asia/Novosibirsk,2026-09-03T07:55:33Z
1504,20260507,5,1,147,3:57pm,2026-05-07T08:57:00+00:00,2026-05-07T15:57:00+07:00,3.61|2.0,,3.73|1.9,Asia/Novosibirsk,2026-09-03T07:55:33Z
1505,20260507,5,1,332,4:00pm,2026-05-07T09:00:00+00:00,2026-05-07T16:00:00+07:00,-0.1%,-0.3%,-0.3%,Asia/Novosibirsk,2026-09-03T07:55:33Z
1506,20260507,8,2,322,4:10am,2026-05-06T21:10:00+00:00,2026-05-07T04:10:00+07:00,,,,Asia/Novosibirsk,2026-09-03T07:55:33Z
1507,20260507,9,1,59,4:30pm,2026-05-07T09:30:00+00:00,2026-05-07T16:30:00+07:00,-20.9%,,-78.0%,Asia/Novosibirsk,2026-09-03T07:55:33Z
1508,20260507,7,1,254,6:50am,2026-05-06T23:50:00+00:00,2026-05-07T06:50:00+07:00,-11.3%,-10.5%,-11.6%,Asia/Novosibirsk,2026-09-03T07:55:33Z
1509,20260507,7,1,255,6:50am,2026-05-06T23:50:00+00:00,2026-05-07T06:50:00+07:00,,,,Asia/Novosibirsk,2026-09-03T07:55:33Z
1510,20260507,9,1,301,7:30pm,2026-05-07T12:30:00+00:00,2026-05-07T19:30:00+07:00,0.8%,0.7%,1.8%,Asia/Novosibirsk,2026-09-03T07:55:33Z
1511,20260507,9,1,302,7:30pm,2026-05-07T12:30:00+00:00,2026-05-07T19:30:00+07:00,2.3%,2.6%,4.4%,Asia/Novosibirsk,2026-09-03T07:55:33Z
1512,20260507,9,2,374,7:30pm,2026-05-07T12:30:00+00:00,2026-05-07T19:30:00+07:00,200K,205K,190K,Asia/Novosibirsk,2026-09-03T07:55:33Z
1513,20260507,6,1,246,7:40pm,2026-05-07T12:40:00+00:00,2026-05-07T19:40:00+07:00,,,,Asia/Novosibirsk,2026-09-03T07:55:33Z
1514,20260507,1,1,190,8:30am,2026-05-07T01:30:00+00:00,2026-05-07T08:30:00+07:00,-1.84B,4.38B,5.03B,Asia/Novosibirsk,2026-09-03T07:55:33Z
1515,20260507,9,1,68,9:00pm,2026-05-07T14:00:00+00:00,2026-05-07T21:00:00+07:00,0.6%,0.3%,-0.2%,Asia/Novosibirsk,2026-09-03T07:55:33Z
1516,20260507,9,1,270,9:30pm,2026-05-07T14:30:00+00:00,2026-05-07T21:30:00+07:00,63B,72B,79B,Asia/Novosibirsk,2026-09-03T07:55:33Z
1517,20260507,9,1,68,Feb Data,,,-0.2%,,-1.9%,Asia/Novosibirsk,2026-09-03T07:55:33Z
1518,20260508,9,1,109,10:05pm,2026-05-08T15:05:00+00:00,2026-05-08T22:05:00+07:00,,,,Asia/Novosibirsk,2026-09-03T07:55:33Z
1519,20260508,9,2,306,11:00pm,2026-05-08T16:00:00+00:00,2026-05-08T23:00:00+07:00,,,,Asia/Novosibirsk,2026-09-03T07:55:33Z
1520,20260508,5,1,169,11:15pm,2026-05-08T16:15:00+00:00,2026-05-08T23:15:00+07:00,,,,Asia/Novosibirsk,2026-09-03T07:55:33Z
1521,20260508,5,1,179,1:00pm,2026-05-08T06:00:00+00:00,2026-05-08T13:00:00+07:00,-0.7%,0.4%,-0.5%,Asia/Novosibirsk,2026-09-03T07:55:33Z
1522,20260508,5,1,184,1:00pm,2026-05-08T06:00:00+00:00,2026-05-08T13:00:00+07:00,14.3B,17.8B,19.6B,Asia/Novosibirsk,2026-09-03T07:55:33Z
1523,20260508,6,1,230,1:00pm,2026-05-08T06:00:00+00:00,2026-05-08T13:00:00+07:00,-0.1%,0.0%,-0.5%,Asia/Novosibirsk,2026-09-03T07:55:33Z
1524,20260508,9,1,110,1:05am,2026-05-07T18:05:00+00:00,2026-05-08T01:05:00+07:00,,,,Asia/Novosibirsk,2026-09-03T07:55:33Z
1525,20260508,9,1,71,2:00am,2026-05-07T19:00:00+00:00,2026-05-08T02:00:00+07:00,24.9B,12.5B,8.8B,Asia/Novosibirsk,2026-09-03T07:55:33Z
1526,20260508,3,1,345,2:00pm,2026-05-08T07:00:00+00:00,2026-05-08T14:00:00+07:00,-40,-46,-43,Asia/Novosibirsk,2026-09-03T07:55:33Z
1527,20260508,9,1,119,2:30am,2026-05-07T19:30:00+00:00,2026-05-08T02:30:00+07:00,,,,Asia/Novosibirsk,2026-09-03T07:55:33Z
1528,20260508,9,1,107,4:45pm,2026-05-08T09:45:00+00:00,2026-05-08T16:45:00+07:00,,,,Asia/Novosibirsk,2026-09-03T07:55:33Z
1529,20260508,7,1,14,6:30am,2026-05-07T23:30:00+00:00,2026-05-08T06:30:00+07:00,2.7%,3.2%,3.4%,Asia/Novosibirsk,2026-09-03T07:55:33Z
1530,20260508,2,3,95,7:30pm,2026-05-08T12:30:00+00:00,2026-05-08T19:30:00+07:00,-17.7K,12.9K,14.1K,Asia/Novosibirsk,2026-09-03T07:55:33Z
1531,20260508,2,3,375,7:30pm,2026-05-08T12:30:00+00:00,2026-05-08T19:30:00+07:00,6.9%,6.7%,6.7%,Asia/Novosibirsk,2026-09-03T07:55:33Z
1532,20260508,9,3,16,7:30pm,2026-05-08T12:30:00+00:00,2026-05-08T19:30:00+07:00,0.2%,0.3%,0.2%,Asia/Novosibirsk,2026-09-03T07:55:33Z
1533,20260508,9,3,275,7:30pm,2026-05-08T12:30:00+00:00,2026-05-08T19:30:00+07:00,115K,65K,185K,Asia/Novosibirsk,2026-09-03T07:55:33Z
1534,20260508,9,3,375,7:30pm,2026-05-08T12:30:00+00:00,2026-05-08T19:30:00+07:00,4.3%,4.3%,4.3%,Asia/Novosibirsk,2026-09-03T07:55:33Z
1535,20260508,9,1,138,9:00pm,2026-05-08T14:00:00+00:00,2026-05-08T21:00:00+07:00,1.3%,1.4%,1.4%,Asia/Novosibirsk,2026-09-03T07:55:33Z
1536,20260508,9,2,303,9:00pm,2026-05-08T14:00:00+00:00,2026-05-08T21:00:00+07:00,48.2,49.7,49.8,Asia/Novosibirsk,2026-09-03T07:55:33Z
1537,20260508,9,2,304,9:00pm,2026-05-08T14:00:00+00:00,2026-05-08T21:00:00+07:00,4.5%,,4.7%,Asia/Novosibirsk,2026-09-03T07:55:33Z
1538,20260509,9,1,101,3:00am,2026-05-08T20:00:00+00:00,2026-05-09T03:00:00+07:00,,,,Asia/Novosibirsk,2026-09-03T07:55:33Z
1539,20260509,9,1,105,6:30am,2026-05-08T23:30:00+00:00,2026-05-09T06:30:00+07:00,,,,Asia/Novosibirsk,2026-09-03T07:55:33Z
1540,20260509,9,1,108,6:30am,2026-05-08T23:30:00+00:00,2026-05-09T06:30:00+07:00,,,,Asia/Novosibirsk,2026-09-03T07:55:33Z
1541,20260509,9,1,109,6:30am,2026-05-08T23:30:00+00:00,2026-05-09T06:30:00+07:00,,,,Asia/Novosibirsk,2026-09-03T07:55:33Z
1542,20260509,9,1,118,6:30am,2026-05-08T23:30:00+00:00,2026-05-09T06:30:00+07:00,,,,Asia/Novosibirsk,2026-09-03T07:55:33Z
1543,20260509,4,1,373,9:42am,2026-05-09T02:42:00+00:00,2026-05-09T09:42:00+07:00,84.8B,83.1B,51.1B,Asia/Novosibirsk,2026-09-03T07:55:33Z
1544,20260509,4,1,368,9:43am,2026-05-09T02:43:00+00:00,2026-05-09T09:43:00+07:00,586B,575B,355B,Asia/Novosibirsk,2026-09-03T07:55:33Z
1545,20260511,4,2,288,11:00pm,2026-05-11T16:00:00+00:00,2026-05-11T23:00:00+07:00,2.8%,1.7%,0.5%,Asia/Novosibirsk,2026-09-03T07:55:33Z
1546,20260511,9,1,99,9:00pm,2026-05-11T14:00:00+00:00,2026-05-11T21:00:00+07:00,4.02M,4.05M,4.01M,Asia/Novosibirsk,2026-09-03T07:55:33Z
1547,20260512,7,1,2,10:35am,2026-05-12T03:35:00+00:00,2026-05-12T10:35:00+07:00,2.54|3.9,,2.35|2.6,Asia/Novosibirsk,2026-09-03T07:55:33Z
1548,20260512,7,1,229,12:00pm,2026-05-12T05:00:00+00:00,2026-05-12T12:00:00+07:00,114.5%,114.4%,113.3%,Asia/Novosibirsk,2026-09-03T07:55:33Z
1549,20260512,5,1,171,1:00pm,2026-05-12T06:00:00+00:00,2026-05-12T13:00:00+07:00,0.6%,0.6%,0.6%,Asia/Novosibirsk,2026-09-03T07:55:33Z
1550,20260512,3,1,286,1:30pm,2026-05-12T06:30:00+00:00,2026-05-12T13:30:00+07:00,0.8%,0.4%,0.2%,Asia/Novosibirsk,2026-09-03T07:55:33Z
1551,20260512,5,1,169,2:15pm,2026-05-12T07:15:00+00:00,2026-05-12T14:15:00+07:00,,,,Asia/Novosibirsk,2026-09-03T07:55:33Z
1552,20260512,9,1,119,2:15pm,2026-05-12T07:15:00+00:00,2026-05-12T14:15:00+07:00,,,,Asia/Novosibirsk,2026-09-03T07:55:33Z
1553,20260512,5,1,215,3:00pm,2026-05-12T08:00:00+00:00,2026-05-12T15:00:00+07:00,0.7%,0.2%,0.2%,Asia/Novosibirsk,2026-09-03T07:55:33Z
1554,20260512,5,1,187,4:00pm,2026-05-12T09:00:00+00:00,2026-05-12T16:00:00+07:00,-10.2,-19.2,-17.2,Asia/Novosibirsk,2026-09-03T07:55:33Z
1555,20260512,5,1,379,4:00pm,2026-05-12T09:00:00+00:00,2026-05-12T16:00:00+07:00,-9.1,-21.6,-20.4,Asia/Novosibirsk,2026-09-03T07:55:33Z
1556,20260512,1,1,13,4:30pm,2026-05-12T09:30:00+00:00,2026-05-12T16:30:00+07:00,,,,Asia/Novosibirsk,2026-09-03T07:55:33Z
1557,20260512,9,1,265,5:00pm,2026-05-12T10:00:00+00:00,2026-05-12T17:00:00+07:00,95.9,96.1,95.8,Asia/Novosibirsk,2026-09-03T07:55:33Z
1558,20260512,7,1,200,6:30am,2026-05-11T23:30:00+00:00,2026-05-12T06:30:00+07:00,-2.9%,-1.4%,-1.8%,Asia/Novosibirsk,2026-09-03T07:55:33Z
1559,20260512,7,1,34,6:50am,2026-05-11T23:50:00+00:00,2026-05-12T06:50:00+07:00,,,,Asia/Novosibirsk,2026-09-03T07:55:33Z
1560,20260512,9,1,6,7:15pm,2026-05-12T12:15:00+00:00,2026-05-12T19:15:00+07:00,33.0K,,30.3K,Asia/Novosibirsk,2026-09-03T07:55:33Z
1561,20260512,9,3,54,7:30pm,2026-05-12T12:30:00+00:00,2026-05-12T19:30:00+07:00,0.6%,0.6%,0.9%,Asia/Novosibirsk,2026-09-03T07:55:33Z
1562,20260512,9,3,55,7:30pm,2026-05-12T12:30:00+00:00,2026-05-12T19:30:00+07:00,3.8%,3.7%,3.3%,Asia/Novosibirsk,2026-09-03T07:55:33Z
1563,20260512,9,3,75,7:30pm,2026-05-12T12:30:00+00:00,2026-05-12T19:30:00+07:00,2.8%,2.7%,2.6%,Asia/Novosibirsk,2026-09-03T07:55:33Z
1564,20260512,9,1,109,8:10pm,2026-05-12T13:10:00+00:00,2026-05-12T20:10:00+07:00,,,,Asia/Novosibirsk,2026-09-03T07:55:33Z
1565,20260512,1,1,261,8:30am,2026-05-12T01:30:00+00:00,2026-05-12T08:30:00+07:00,-24,,-29,Asia/Novosibirsk,2026-09-03T07:55:33Z
1566,20260512,1,1,50,9:30pm,2026-05-12T14:30:00+00:00,2026-05-12T21:30:00+07:00,-0.6%,,1.0%,Asia/Novosibirsk,2026-09-03T07:55:33Z
1567,20260512,9,1,6,Apr 18th,,,30.3K,,39.3K,Asia/Novosibirsk,2026-09-03T07:55:33Z
1568,20260513,8,1,213,10:00am,2026-05-13T03:00:00+00:00,2026-05-13T10:00:00+07:00,2.53%,,2.37%,Asia/Novosibirsk,2026-09-03T07:55:33Z
1569,20260513,2,1,193,10:05pm,2026-05-13T15:05:00+00:00,2026-05-13T22:05:00+07:00,,,,Asia/Novosibirsk,2026-09-03T07:55:33Z
1570,20260513,9,1,106,10:30pm,2026-05-13T15:30:00+00:00,2026-05-13T22:30:00+07:00,,,,Asia/Novosibirsk,2026-09-03T07:55:33Z
1571,20260513,7,1,93,12:00pm,2026-05-13T05:00:00+00:00,2026-05-13T12:00:00+07:00,40.8,41.5,42.2,Asia/Novosibirsk,2026-09-03T07:55:33Z
1572,20260513,9,1,2,12:01am,2026-05-12T17:01:00+00:00,2026-05-13T00:01:00+07:00,4.47|2.4,,4.28|2.4,Asia/Novosibirsk,2026-09-03T07:55:33Z
1573,20260513,9,1,129,1:00am,2026-05-12T18:00:00+00:00,2026-05-13T01:00:00+07:00,215.0B,157.2B,-164.1B,Asia/Novosibirsk,2026-09-03T07:55:33Z
1574,20260513,5,1,186,1:00pm,2026-05-13T06:00:00+00:00,2026-05-13T13:00:00+07:00,2.0%,1.7%,2.7%,Asia/Novosibirsk,2026-09-03T07:55:33Z
1575,20260513,5,1,149,1:45pm,2026-05-13T06:45:00+00:00,2026-05-13T13:45:00+07:00,1.0%,1.0%,1.0%,Asia/Novosibirsk,2026-09-03T07:55:33Z
1576,20260513,9,1,10,3:30am,2026-05-12T20:30:00+00:00,2026-05-13T03:30:00+07:00,,,,Asia/Novosibirsk,2026-09-03T07:55:33Z
1577,20260513,5,1,140,4:00pm,2026-05-13T09:00:00+00:00,2026-05-13T16:00:00+07:00,0.1%,0.0%,0.2%,Asia/Novosibirsk,2026-09-03T07:55:33Z
1578,20260513,5,1,141,4:00pm,2026-05-13T09:00:00+00:00,2026-05-13T16:00:00+07:00,0.1%,0.1%,0.1%,Asia/Novosibirsk,2026-09-03T07:55:33Z
1579,20260513,5,1,211,4:00pm,2026-05-13T09:00:00+00:00,2026-05-13T16:00:00+07:00,0.2%,0.3%,0.2%,Asia/Novosibirsk,2026-09-03T07:55:33Z
1580,20260513,5,1,167,4:35pm,2026-05-13T09:35:00+00:00,2026-05-13T16:35:00+07:00,3.62|1.3,,3.58|1.4,Asia/Novosibirsk,2026-09-03T07:55:33Z
1581,20260513,7,1,38,6:50am,2026-05-12T23:50:00+00:00,2026-05-13T06:50:00+07:00,5.4%,4.6%,4.8%,Asia/Novosibirsk,2026-09-03T07:55:33Z
1582,20260513,7,1,84,6:50am,2026-05-12T23:50:00+00:00,2026-05-13T06:50:00+07:00,3.90T,2.95T,2.70T,Asia/Novosibirsk,2026-09-03T07:55:33Z
1583,20260513,9,3,286,7:30pm,2026-05-13T12:30:00+00:00,2026-05-13T19:30:00+07:00,1.4%,0.5%,0.7%,Asia/Novosibirsk,2026-09-03T07:55:33Z
1584,20260513,6,1,50,8:30pm,2026-05-13T13:30:00+00:00,2026-05-13T20:30:00+07:00,-0.7%,,-0.1%,Asia/Novosibirsk,2026-09-03T07:55:33Z
1585,20260513,6,1,243,9:00pm,2026-05-13T14:00:00+00:00,2026-05-13T21:00:00+07:00,,,,Asia/Novosibirsk,2026-09-03T07:55:33Z
1586,20260513,9,1,83,9:30pm,2026-05-13T14:30:00+00:00,2026-05-13T21:30:00+07:00,-4.3M,-2.0M,-2.3M,Asia/Novosibirsk,2026-09-03T07:55:33Z
1587,20260514,6,1,244,10:15pm,2026-05-14T15:15:00+00:00,2026-05-14T22:15:00+07:00,,,,Asia/Novosibirsk,2026-09-03T07:55:33Z
1588,20260514,7,1,3,10:35am,2026-05-14T03:35:00+00:00,2026-05-14T10:35:00+07:00,3.84|3.5,,3.70|3.1,Asia/Novosibirsk,2026-09-03T07:55:33Z
1589,20260514,9,1,112,12:15am,2026-05-13T17:15:00+00:00,2026-05-14T00:15:00+07:00,,,,Asia/Novosibirsk,2026-09-03T07:55:33Z
1590,20260514,2,1,23,12:30am,2026-05-13T17:30:00+00:00,2026-05-14T00:30:00+07:00,,,,Asia/Novosibirsk,2026-09-03T07:55:33Z
1591,20260514,6,1,66,1:00pm,2026-05-14T06:00:00+00:00,2026-05-14T13:00:00+07:00,1.5%,-0.5%,0.5%,Asia/Novosibirsk,2026-09-03T07:55:33Z
1592,20260514,6,3,162,1:00pm,2026-05-14T06:00:00+00:00,2026-05-14T13:00:00+07:00,0.3%,-0.1%,0.4%,Asia/Novosibirsk,2026-09-03T07:55:33Z
1593,20260514,6,1,190,1:00pm,2026-05-14T06:00:00+00:00,2026-05-14T13:00:00+07:00,-27.2B,-19.8B,-22.8B,Asia/Novosibirsk,2026-09-03T07:55:33Z
1594,20260514,6,1,210,1:00pm,2026-05-14T06:00:00+00:00,2026-05-14T13:00:00+07:00,0.8%,0.6%,0.6%,Asia/Novosibirsk,2026-09-03T07:55:33Z
1595,20260514,6,1,211,1:00pm,2026-05-14T06:00:00+00:00,2026-05-14T13:00:00+07:00,-0.2%,-0.2%,0.3%,Asia/Novosibirsk,2026-09-03T07:55:33Z
1596,20260514,6,1,250,1:00pm,2026-05-14T06:00:00+00:00,2026-05-14T13:00:00+07:00,1.2%,-0.1%,-0.2%,Asia/Novosibirsk,2026-09-03T07:55:33Z
1597,20260514,6,1,294,1:00pm,2026-05-14T06:00:00+00:00,2026-05-14T13:00:00+07:00,0.7%,1.1%,-2.5%,Asia/Novosibirsk,2026-09-03T07:55:33Z
1598,20260514,5,1,89,2:15am,2026-05-13T19:15:00+00:00,2026-05-14T02:15:00+07:00,,,,Asia/Novosibirsk,2026-09-03T07:55:33Z
1599,20260514,4,1,233,4:01pm,2026-05-14T09:01:00+00:00,2026-05-14T16:01:00+07:00,8.6%,8.5%,8.5%,Asia/Novosibirsk,2026-09-03T07:55:33Z
1600,20260514,4,1,274,4:02pm,2026-05-14T09:02:00+00:00,2026-05-14T16:02:00+07:00,-10B,320B,2990B,Asia/Novosibirsk,2026-09-03T07:55:33Z
1601,20260514,8,1,376,5:50am,2026-05-13T22:50:00+00:00,2026-05-14T05:50:00+07:00,-3.0%,,2.1%,Asia/Novosibirsk,2026-09-03T07:55:33Z
1602,20260514,6,1,327,6:01am,2026-05-13T23:01:00+00:00,2026-05-14T06:01:00+07:00,-34%,-25%,-25%,Asia/Novosibirsk,2026-09-03T07:55:33Z
1603,20260514,7,1,232,6:50am,2026-05-13T23:50:00+00:00,2026-05-14T06:50:00+07:00,2.3%,1.9%,2.0%,Asia/Novosibirsk,2026-09-03T07:55:33Z
1604,20260514,2,1,378,7:30pm,2026-05-14T12:30:00+00:00,2026-05-14T19:30:00+07:00,1.9%,1.3%,2.4%,Asia/Novosibirsk,2026-09-03T07:55:33Z
1605,20260514,9,3,80,7:30pm,2026-05-14T12:30:00+00:00,2026-05-14T19:30:00+07:00,0.7%,0.7%,1.9%,Asia/Novosibirsk,2026-09-03T07:55:33Z
1606,20260514,9,1,208,7:30pm,2026-05-14T12:30:00+00:00,2026-05-14T19:30:00+07:00,1.9%,1.0%,0.9%,Asia/Novosibirsk,2026-09-03T07:55:33Z
1607,20260514,9,3,332,7:30pm,2026-05-14T12:30:00+00:00,2026-05-14T19:30:00+07:00,0.5%,0.5%,1.6%,Asia/Novosibirsk,2026-09-03T07:55:33Z
1608,20260514,9,2,374,7:30pm,2026-05-14T12:30:00+00:00,2026-05-14T19:30:00+07:00,211K,205K,199K,Asia/Novosibirsk,2026-09-03T07:55:33Z
1609,20260514,9,1,46,9:00pm,2026-05-14T14:00:00+00:00,2026-05-14T21:00:00+07:00,0.9%,0.8%,0.4%,Asia/Novosibirsk,2026-09-03T07:55:33Z
1610,20260514,9,1,260,9:13pm,2026-05-14T14:13:00+00:00,2026-05-14T21:13:00+07:00,4.44%,,4.26%,Asia/Novosibirsk,2026-09-03T07:55:33Z
1611,20260514,9,1,117,9:15pm,2026-05-14T14:15:00+00:00,2026-05-14T21:15:00+07:00,,,,Asia/Novosibirsk,2026-09-03T07:55:33Z
1612,20260514,9,1,270,9:30pm,2026-05-14T14:30:00+00:00,2026-05-14T21:30:00+07:00,85B,86B,63B,Asia/Novosibirsk,2026-09-03T07:55:33Z
1613,20260515,7,1,300,1:00pm,2026-05-15T06:00:00+00:00,2026-05-15T13:00:00+07:00,45.1%,,28.0%,Asia/Novosibirsk,2026-09-03T07:55:33Z
1614,20260515,5,1,86,3:00pm,2026-05-15T08:00:00+00:00,2026-05-15T15:00:00+07:00,,,,Asia/Novosibirsk,2026-09-03T07:55:33Z
1615,20260515,9,1,119,4:45am,2026-05-14T21:45:00+00:00,2026-05-15T04:45:00+07:00,,,,Asia/Novosibirsk,2026-09-03T07:55:33Z
1616,20260515,8,1,47,5:30am,2026-05-14T22:30:00+00:00,2026-05-15T05:30:00+07:00,50.5,,52.8,Asia/Novosibirsk,2026-09-03T07:55:33Z
1617,20260515,8,1,124,5:45am,2026-05-14T22:45:00+00:00,2026-05-15T05:45:00+07:00,0.0%,,-0.6%,Asia/Novosibirsk,2026-09-03T07:55:33Z
1618,20260515,9,1,103,6:00am,2026-05-14T23:00:00+00:00,2026-05-15T06:00:00+07:00,,,,Asia/Novosibirsk,2026-09-03T07:55:33Z
1619,20260515,7,1,288,6:50am,2026-05-14T23:50:00+00:00,2026-05-15T06:50:00+07:00,4.9%,3.0%,2.9%,Asia/Novosibirsk,2026-09-03T07:55:33Z
1620,20260515,2,1,202,7:15pm,2026-05-15T12:15:00+00:00,2026-05-15T19:15:00+07:00,279K,244K,240K,Asia/Novosibirsk,2026-09-03T07:55:33Z
1621,20260515,2,1,146,7:30pm,2026-05-15T12:30:00+00:00,2026-05-15T19:30:00+07:00,4.62B,11.45B,5.84B,Asia/Novosibirsk,2026-09-03T07:55:33Z
1622,20260515,2,1,251,7:30pm,2026-05-15T12:30:00+00:00,2026-05-15T19:30:00+07:00,3.0%,3.5%,3.4%,Asia/Novosibirsk,2026-09-03T07:55:33Z
1623,20260515,9,1,94,7:30pm,2026-05-15T12:30:00+00:00,2026-05-15T19:30:00+07:00,19.6,7.3,11.0,Asia/Novosibirsk,2026-09-03T07:55:33Z
1624,20260515,9,1,56,8:15pm,2026-05-15T13:15:00+00:00,2026-05-15T20:15:00+07:00,76.1%,75.8%,75.7%,Asia/Novosibirsk,2026-09-03T07:55:33Z
1625,20260515,9,1,211,8:15pm,2026-05-15T13:15:00+00:00,2026-05-15T20:15:00+07:00,0.7%,0.3%,-0.3%,Asia/Novosibirsk,2026-09-03T07:55:33Z
1626,20260518,6,1,241,2:35pm,2026-05-18T07:35:00+00:00,2026-05-18T14:35:00+07:00,,,,Asia/Novosibirsk,2026-09-03T07:55:33Z
1627,20260518,5,1,223,3:00pm,2026-05-18T08:00:00+00:00,2026-05-18T15:00:00+07:00,4.71B,5.25B,4.98B,Asia/Novosibirsk,2026-09-03T07:55:33Z
1628,20260518,6,1,243,3:30pm,2026-05-18T08:30:00+00:00,2026-05-18T15:30:00+07:00,,,,Asia/Novosibirsk,2026-09-03T07:55:33Z
1629,20260518,6,1,343,6:01am,2026-05-17T23:01:00+00:00,2026-05-18T06:01:00+07:00,1.2%,,0.8%,Asia/Novosibirsk,2026-09-03T07:55:33Z
1630,20260518,4,1,272,8:30am,2026-05-18T01:30:00+00:00,2026-05-18T08:30:00+07:00,-0.19%,,-0.21%,Asia/Novosibirsk,2026-09-03T07:55:33Z
1631,20260518,4,1,139,9:00am,2026-05-18T02:00:00+00:00,2026-05-18T09:00:00+07:00,-1.6%,1.7%,1.7%,Asia/Novosibirsk,2026-09-03T07:55:33Z
1632,20260518,4,1,212,9:00am,2026-05-18T02:00:00+00:00,2026-05-18T09:00:00+07:00,4.1%,6.0%,5.7%,Asia/Novosibirsk,2026-09-03T07:55:33Z
1633,20260518,4,1,264,9:00am,2026-05-18T02:00:00+00:00,2026-05-18T09:00:00+07:00,,,,Asia/Novosibirsk,2026-09-03T07:55:33Z
1634,20260518,4,1,334,9:00am,2026-05-18T02:00:00+00:00,2026-05-18T09:00:00+07:00,0.2%,2.0%,1.7%,Asia/Novosibirsk,2026-09-03T07:55:33Z
1635,20260518,4,1,375,9:00am,2026-05-18T02:00:00+00:00,2026-05-18T09:00:00+07:00,5.2%,5.3%,5.4%,Asia/Novosibirsk,2026-09-03T07:55:33Z
1636,20260518,9,1,263,9:00pm,2026-05-18T14:00:00+00:00,2026-05-18T21:00:00+07:00,37,34,34,Asia/Novosibirsk,2026-09-03T07:55:33Z
1637,20260519,7,1,337,11:30am,2026-05-19T04:30:00+00:00,2026-05-19T11:30:00+07:00,-0.4%,-0.5%,-0.5%,Asia/Novosibirsk,2026-09-03T07:55:33Z
1638,20260519,7,1,366,11:30am,2026-05-19T04:30:00+00:00,2026-05-19T11:30:00+07:00,-0.2%,-0.4%,-0.7%,Asia/Novosibirsk,2026-09-03T07:55:33Z
1639,20260519,6,2,15,1:00pm,2026-05-19T06:00:00+00:00,2026-05-19T13:00:00+07:00,4.1%,3.8%,3.9%,Asia/Novosibirsk,2026-09-03T07:55:33Z
1640,20260519,6,1,375,1:00pm,2026-05-19T06:00:00+00:00,2026-05-19T13:00:00+07:00,5.0%,4.9%,4.9%,Asia/Novosibirsk,2026-09-03T07:55:33Z
1641,20260519,9,1,363,3:00am,2026-05-18T20:00:00+00:00,2026-05-19T03:00:00+07:00,81.3B,87.2B,57.0B,Asia/Novosibirsk,2026-09-03T07:55:33Z
1642,20260519,6,1,239,3:10pm,2026-05-19T08:10:00+00:00,2026-05-19T15:10:00+07:00,,,,Asia/Novosibirsk,2026-09-03T07:55:33Z
1643,20260519,5,1,368,4:00pm,2026-05-19T09:00:00+00:00,2026-05-19T16:00:00+07:00,3.5B,5.4B,6.5B,Asia/Novosibirsk,2026-09-03T07:55:33Z
1644,20260519,8,1,283,5:45am,2026-05-18T22:45:00+00:00,2026-05-19T05:45:00+07:00,1.4%,0.8%,-0.5%,Asia/Novosibirsk,2026-09-03T07:55:33Z
1645,20260519,8,1,285,5:45am,2026-05-18T22:45:00+00:00,2026-05-19T05:45:00+07:00,0.8%,0.5%,0.1%,Asia/Novosibirsk,2026-09-03T07:55:33Z
1646,20260519,1,1,311,6:25am,2026-05-18T23:25:00+00:00,2026-05-19T06:25:00+07:00,,,,Asia/Novosibirsk,2026-09-03T07:55:33Z
1647,20260519,7,1,297,6:50am,2026-05-18T23:50:00+00:00,2026-05-19T06:50:00+07:00,3.4%,3.1%,3.4%,Asia/Novosibirsk,2026-09-03T07:55:33Z
1648,20260519,7,1,298,6:50am,2026-05-18T23:50:00+00:00,2026-05-19T06:50:00+07:00,0.5%,0.4%,0.3%,Asia/Novosibirsk,2026-09-03T07:55:33Z
1649,20260519,9,1,118,7:00pm,2026-05-19T12:00:00+00:00,2026-05-19T19:00:00+07:00,,,,Asia/Novosibirsk,2026-09-03T07:55:33Z
1650,20260519,9,1,6,7:15pm,2026-05-19T12:15:00+00:00,2026-05-19T19:15:00+07:00,42.3K,,33.0K,Asia/Novosibirsk,2026-09-03T07:55:33Z
1651,20260519,1,1,377,7:30am,2026-05-19T00:30:00+00:00,2026-05-19T07:30:00+07:00,3.5%,,-12.5%,Asia/Novosibirsk,2026-09-03T07:55:33Z
1652,20260519,2,1,45,7:30pm,2026-05-19T12:30:00+00:00,2026-05-19T19:30:00+07:00,10.3%,2.1%,-7.8%,Asia/Novosibirsk,2026-09-03T07:55:33Z
1653,20260519,2,3,54,7:30pm,2026-05-19T12:30:00+00:00,2026-05-19T19:30:00+07:00,0.4%,0.7%,0.9%,Asia/Novosibirsk,2026-09-03T07:55:33Z
1654,20260519,2,2,64,7:30pm,2026-05-19T12:30:00+00:00,2026-05-19T19:30:00+07:00,2.5%,2.6%,2.6%,Asia/Novosibirsk,2026-09-03T07:55:33Z
1655,20260519,2,2,253,7:30pm,2026-05-19T12:30:00+00:00,2026-05-19T19:30:00+07:00,2.1%,2.3%,2.3%,Asia/Novosibirsk,2026-09-03T07:55:33Z
1656,20260519,2,1,266,7:30pm,2026-05-19T12:30:00+00:00,2026-05-19T19:30:00+07:00,-0.4%,0.0%,-0.2%,Asia/Novosibirsk,2026-09-03T07:55:33Z
1657,20260519,2,2,370,7:30pm,2026-05-19T12:30:00+00:00,2026-05-19T19:30:00+07:00,2.0%,2.2%,2.2%,Asia/Novosibirsk,2026-09-03T07:55:33Z
1658,20260519,2,1,74,7:32pm,2026-05-19T12:32:00+00:00,2026-05-19T19:32:00+07:00,0.2%,,0.2%,Asia/Novosibirsk,2026-09-03T07:55:33Z
1659,20260519,1,1,311,7:40am,2026-05-19T00:40:00+00:00,2026-05-19T07:40:00+07:00,,,,Asia/Novosibirsk,2026-09-03T07:55:33Z
1660,20260519,9,2,289,9:00pm,2026-05-19T14:00:00+00:00,2026-05-19T21:00:00+07:00,1.4%,1.0%,1.7%,Asia/Novosibirsk,2026-09-03T07:55:33Z
1661,20260519,8,1,165,9:53pm,2026-05-19T14:53:00+00:00,2026-05-19T21:53:00+07:00,0.6%,,1.5%,Asia/Novosibirsk,2026-09-03T07:55:33Z
1662,20260520,5,1,180,1:00pm,2026-05-20T06:00:00+00:00,2026-05-20T13:00:00+07:00,1.2%,2.0%,2.5%,Asia/Novosibirsk,2026-09-03T07:55:33Z
1663,20260520,6,1,75,1:00pm,2026-05-20T06:00:00+00:00,2026-05-20T13:00:00+07:00,2.5%,2.6%,3.1%,Asia/Novosibirsk,2026-09-03T07:55:33Z
1664,20260520,6,1,282,1:00pm,2026-05-20T06:00:00+00:00,2026-05-20T13:00:00+07:00,2.4%,1.2%,4.3%,Asia/Novosibirsk,2026-09-03T07:55:33Z
1665,20260520,6,1,284,1:00pm,2026-05-20T06:00:00+00:00,2026-05-20T13:00:00+07:00,1.4%,1.0%,1.4%,Asia/Novosibirsk,2026-09-03T07:55:33Z
1666,20260520,6,1,329,1:00pm,2026-05-20T06:00:00+00:00,2026-05-20T13:00:00+07:00,3.0%,3.6%,4.1%,Asia/Novosibirsk,2026-09-03T07:55:33Z
1667,20260520,6,1,198,3:30pm,2026-05-20T08:30:00+00:00,2026-05-20T15:30:00+07:00,0.0%,-0.1%,1.7%,Asia/Novosibirsk,2026-09-03T07:55:33Z
1668,20260520,5,1,130,4:00pm,2026-05-20T09:00:00+00:00,2026-05-20T16:00:00+07:00,3.0%,3.0%,3.0%,Asia/Novosibirsk,2026-09-03T07:55:33Z
1669,20260520,5,1,131,4:00pm,2026-05-20T09:00:00+00:00,2026-05-20T16:00:00+07:00,2.2%,2.2%,2.2%,Asia/Novosibirsk,2026-09-03T07:55:33Z
1670,20260520,5,1,166,4:32pm,2026-05-20T09:32:00+00:00,2026-05-20T16:32:00+07:00,3.16|1.5,,3.08|1.5,Asia/Novosibirsk,2026-09-03T07:55:33Z
1671,20260520,9,1,116,6:00am,2026-05-19T23:00:00+00:00,2026-05-20T06:00:00+07:00,,,,Asia/Novosibirsk,2026-09-03T07:55:33Z
1672,20260520,4,1,1,8:00am,2026-05-20T01:00:00+00:00,2026-05-20T08:00:00+07:00,3.00%,3.00%,3.00%,Asia/Novosibirsk,2026-09-03T07:55:33Z
1673,20260520,4,1,4,8:00am,2026-05-20T01:00:00+00:00,2026-05-20T08:00:00+07:00,3.50%,3.50%,3.50%,Asia/Novosibirsk,2026-09-03T07:55:33Z
1674,20260520,9,1,103,8:15pm,2026-05-20T13:15:00+00:00,2026-05-20T20:15:00+07:00,,,,Asia/Novosibirsk,2026-09-03T07:55:33Z
1675,20260520,9,1,83,9:30pm,2026-05-20T14:30:00+00:00,2026-05-20T21:30:00+07:00,-7.9M,-2.5M,-4.3M,Asia/Novosibirsk,2026-09-03T07:55:33Z
1676,20260521,8,1,82,10:00am,2026-05-21T03:00:00+00:00,2026-05-21T10:00:00+07:00,2.9%,,2.1%,Asia/Novosibirsk,2026-09-03T07:55:33Z
1677,20260521,6,3,26,10:00pm,2026-05-21T15:00:00+00:00,2026-05-21T22:00:00+07:00,,,,Asia/Novosibirsk,2026-09-03T07:55:33Z
1678,20260521,9,1,102,11:20pm,2026-05-21T16:20:00+00:00,2026-05-21T23:20:00+07:00,,,,Asia/Novosibirsk,2026-09-03T07:55:33Z
1679,20260521,5,2,175,2:30pm,2026-05-21T07:30:00+00:00,2026-05-21T14:30:00+07:00,49.9,51.0,51.4,Asia/Novosibirsk,2026-09-03T07:55:33Z
1680,20260521,5,2,176,2:30pm,2026-05-21T07:30:00+00:00,2026-05-21T14:30:00+07:00,47.8,47.1,46.9,Asia/Novosibirsk,2026-09-03T07:55:33Z
1681,20260521,5,1,84,3:00pm,2026-05-21T08:00:00+00:00,2026-05-21T15:00:00+07:00,14.9B,26.3B,25.6B,Asia/Novosibirsk,2026-09-03T07:55:33Z
1682,20260521,5,1,142,3:00pm,2026-05-21T08:00:00+00:00,2026-05-21T15:00:00+07:00,51.4,51.7,52.2,Asia/Novosibirsk,2026-09-03T07:55:33Z
1683,20260521,5,1,143,3:00pm,2026-05-21T08:00:00+00:00,2026-05-21T15:00:00+07:00,46.4,47.8,47.6,Asia/Novosibirsk,2026-09-03T07:55:33Z
1684,20260521,6,2,142,3:30pm,2026-05-21T08:30:00+00:00,2026-05-21T15:30:00+07:00,53.7,52.9,53.7,Asia/Novosibirsk,2026-09-03T07:55:33Z
1685,20260521,6,2,143,3:30pm,2026-05-21T08:30:00+00:00,2026-05-21T15:30:00+07:00,47.9,51.7,52.7,Asia/Novosibirsk,2026-09-03T07:55:33Z
1686,20260521,6,1,2,4:03pm,2026-05-21T09:03:00+00:00,2026-05-21T16:03:00+07:00,5.03|3.4,,4.91|3.5,Asia/Novosibirsk,2026-09-03T07:55:33Z
1687,20260521,5,1,92,4:30pm,2026-05-21T09:30:00+00:00,2026-05-21T16:30:00+07:00,,,,Asia/Novosibirsk,2026-09-03T07:55:33Z
1688,20260521,5,1,168,5:00pm,2026-05-21T10:00:00+00:00,2026-05-21T17:00:00+07:00,,,,Asia/Novosibirsk,2026-09-03T07:55:33Z
1689,20260521,6,1,51,5:00pm,2026-05-21T10:00:00+00:00,2026-05-21T17:00:00+07:00,-41,-40,-38,Asia/Novosibirsk,2026-09-03T07:55:33Z
1690,20260521,1,1,142,6:00am,2026-05-20T23:00:00+00:00,2026-05-21T06:00:00+07:00,50.2,,51.3,Asia/Novosibirsk,2026-09-03T07:55:33Z
1691,20260521,1,1,143,6:00am,2026-05-20T23:00:00+00:00,2026-05-21T06:00:00+07:00,47.7,,50.7,Asia/Novosibirsk,2026-09-03T07:55:33Z
1692,20260521,7,1,77,6:50am,2026-05-20T23:50:00+00:00,2026-05-21T06:50:00+07:00,-9.4%,-7.7%,13.6%,Asia/Novosibirsk,2026-09-03T07:55:33Z
1693,20260521,7,1,368,6:50am,2026-05-20T23:50:00+00:00,2026-05-21T06:50:00+07:00,0.24T,-0.23T,0.09T,Asia/Novosibirsk,2026-09-03T07:55:33Z
1694,20260521,6,1,246,7:00pm,2026-05-21T12:00:00+00:00,2026-05-21T19:00:00+07:00,,,,Asia/Novosibirsk,2026-09-03T07:55:33Z
1695,20260521,7,1,142,7:30am,2026-05-21T00:30:00+00:00,2026-05-21T07:30:00+07:00,54.5,54.5,55.1,Asia/Novosibirsk,2026-09-03T07:55:33Z
1696,20260521,9,1,44,7:30pm,2026-05-21T12:30:00+00:00,2026-05-21T19:30:00+07:00,1.44M,1.38M,1.37M,Asia/Novosibirsk,2026-09-03T07:55:33Z
1697,20260521,9,1,202,7:30pm,2026-05-21T12:30:00+00:00,2026-05-21T19:30:00+07:00,1.47M,1.42M,1.51M,Asia/Novosibirsk,2026-09-03T07:55:33Z
1698,20260521,9,2,292,7:30pm,2026-05-21T12:30:00+00:00,2026-05-21T19:30:00+07:00,-0.4,17.6,26.7,Asia/Novosibirsk,2026-09-03T07:55:33Z
1699,20260521,9,2,374,7:30pm,2026-05-21T12:30:00+00:00,2026-05-21T19:30:00+07:00,209K,210K,212K,Asia/Novosibirsk,2026-09-03T07:55:33Z
1700,20260521,1,1,236,8:00am,2026-05-21T01:00:00+00:00,2026-05-21T08:00:00+07:00,5.6%,,5.9%,Asia/Novosibirsk,2026-09-03T07:55:33Z
1701,20260521,1,3,95,8:30am,2026-05-21T01:30:00+00:00,2026-05-21T08:30:00+07:00,-18.6K,16.7K,23.3K,Asia/Novosibirsk,2026-09-03T07:55:33Z
1702,20260521,1,3,375,8:30am,2026-05-21T01:30:00+00:00,2026-05-21T08:30:00+07:00,4.5%,4.3%,4.3%,Asia/Novosibirsk,2026-09-03T07:55:33Z
1703,20260521,9,2,142,8:45pm,2026-05-21T13:45:00+00:00,2026-05-21T20:45:00+07:00,55.3,53.8,54.5,Asia/Novosibirsk,2026-09-03T07:55:33Z
1704,20260521,9,2,143,8:45pm,2026-05-21T13:45:00+00:00,2026-05-21T20:45:00+07:00,50.9,51.1,51.0,Asia/Novosibirsk,2026-09-03T07:55:33Z
1705,20260521,5,2,155,9:00pm,2026-05-21T14:00:00+00:00,2026-05-21T21:00:00+07:00,42.9,46.6,46.5,Asia/Novosibirsk,2026-09-03T07:55:33Z
1706,20260521,5,1,70,9:02pm,2026-05-21T14:02:00+00:00,2026-05-21T21:02:00+07:00,-19,-21,-21,Asia/Novosibirsk,2026-09-03T07:55:33Z
1707,20260521,9,1,270,9:30pm,2026-05-21T14:30:00+00:00,2026-05-21T21:30:00+07:00,101B,96B,85B,Asia/Novosibirsk,2026-09-03T07:55:33Z
1708,20260522,8,1,333,11:20pm,2026-05-22T16:20:00+00:00,2026-05-22T23:20:00+07:00,0.9%,0.5%,0.9%,Asia/Novosibirsk,2026-09-03T07:55:33Z
1709,20260522,5,1,172,1:00pm,2026-05-22T06:00:00+00:00,2026-05-22T13:00:00+07:00,0.3%,0.3%,0.3%,Asia/Novosibirsk,2026-09-03T07:55:33Z
1710,20260522,5,1,177,1:00pm,2026-05-22T06:00:00+00:00,2026-05-22T13:00:00+07:00,-29.8,-33.7,-33.1,Asia/Novosibirsk,2026-09-03T07:55:33Z
1711,20260522,6,1,310,1:00pm,2026-05-22T06:00:00+00:00,2026-05-22T13:00:00+07:00,24.3B,20.7B,11.5B,Asia/Novosibirsk,2026-09-03T07:55:33Z
1712,20260522,5,1,188,3:00pm,2026-05-22T08:00:00+00:00,2026-05-22T15:00:00+07:00,84.9,84.2,84.5,Asia/Novosibirsk,2026-09-03T07:55:33Z
1713,20260522,6,1,189,6:01am,2026-05-21T23:01:00+00:00,2026-05-22T06:01:00+07:00,-23,-28,-25,Asia/Novosibirsk,2026-09-03T07:55:33Z
1714,20260522,7,1,268,6:30am,2026-05-21T23:30:00+00:00,2026-05-22T06:30:00+07:00,1.4%,1.7%,1.8%,Asia/Novosibirsk,2026-09-03T07:55:33Z
1715,20260522,2,2,80,7:30pm,2026-05-22T12:30:00+00:00,2026-05-22T19:30:00+07:00,1.4%,0.9%,0.6%,Asia/Novosibirsk,2026-09-03T07:55:33Z
1716,20260522,2,1,204,7:30pm,2026-05-22T12:30:00+00:00,2026-05-22T19:30:00+07:00,2.0%,1.2%,2.8%,Asia/Novosibirsk,2026-09-03T07:55:33Z
1717,20260522,2,1,328,7:30pm,2026-05-22T12:30:00+00:00,2026-05-22T19:30:00+07:00,2.6%,2.7%,11.9%,Asia/Novosibirsk,2026-09-03T07:55:33Z
1718,20260522,2,2,332,7:30pm,2026-05-22T12:30:00+00:00,2026-05-22T19:30:00+07:00,0.9%,0.6%,0.7%,Asia/Novosibirsk,2026-09-03T07:55:33Z
1719,20260522,5,1,41,7:40pm,2026-05-22T12:40:00+00:00,2026-05-22T19:40:00+07:00,-13.3,-13.5,-14.2,Asia/Novosibirsk,2026-09-03T07:55:33Z
1720,20260522,9,1,50,9:00pm,2026-05-22T14:00:00+00:00,2026-05-22T21:00:00+07:00,0.1%,-0.1%,-0.6%,Asia/Novosibirsk,2026-09-03T07:55:33Z
1721,20260522,9,1,118,9:00pm,2026-05-22T14:00:00+00:00,2026-05-22T21:00:00+07:00,,,,Asia/Novosibirsk,2026-09-03T07:55:33Z
1722,20260522,9,2,340,9:00pm,2026-05-22T14:00:00+00:00,2026-05-22T21:00:00+07:00,44.8,48.2,48.2,Asia/Novosibirsk,2026-09-03T07:55:33Z
1723,20260522,9,1,341,9:00pm,2026-05-22T14:00:00+00:00,2026-05-22T21:00:00+07:00,4.8%,,4.5%,Asia/Novosibirsk,2026-09-03T07:55:33Z
1724,20260522,5,1,91,All Day,,,,,,Asia/Novosibirsk,2026-09-03T07:55:33Z
1725,20260522,5,1,98,All Day,,,,,,Asia/Novosibirsk,2026-09-03T07:55:33Z
1726,20260523,5,1,91,All Day,,,,,,Asia/Novosibirsk,2026-09-03T07:55:33Z
1727,20260526,7,1,29,12:00pm,2026-05-26T05:00:00+00:00,2026-05-26T12:00:00+07:00,1.4%,1.7%,1.7%,Asia/Novosibirsk,2026-09-03T07:55:33Z
1728,20260526,6,1,52,5:00pm,2026-05-26T10:00:00+00:00,2026-05-26T17:00:00+07:00,-46,-52,-68,Asia/Novosibirsk,2026-09-03T07:55:33Z
1729,20260526,2,1,196,7:20pm,2026-05-26T12:20:00+00:00,2026-05-26T19:20:00+07:00,,,,Asia/Novosibirsk,2026-09-03T07:55:33Z
1730,20260526,9,1,197,8:00pm,2026-05-26T13:00:00+00:00,2026-05-26T20:00:00+07:00,0.1%,0.1%,-0.1%,Asia/Novosibirsk,2026-09-03T07:55:33Z
1731,20260526,9,1,344,8:00pm,2026-05-26T13:00:00+00:00,2026-05-26T20:00:00+07:00,0.8%,0.9%,0.9%,Asia/Novosibirsk,2026-09-03T07:55:33Z
1732,20260527,8,3,324,10:00am,2026-05-27T03:00:00+00:00,2026-05-27T10:00:00+07:00,,,,Asia/Novosibirsk,2026-09-03T07:55:33Z
1733,20260527,1,3,55,10:00pm,2026-05-27T15:00:00+00:00,2026-05-27T22:00:00+07:00,4.2%,4.4%,4.6%,Asia/Novosibirsk,2026-09-03T07:55:33Z
1734,20260527,1,3,371,10:00pm,2026-05-27T15:00:00+00:00,2026-05-27T22:00:00+07:00,0.3%,0.3%,0.2%,Asia/Novosibirsk,2026-09-03T07:55:33Z
1735,20260527,1,1,315,3:00pm,2026-05-27T08:00:00+00:00,2026-05-27T15:00:00+07:00,,,,Asia/Novosibirsk,2026-09-03T07:55:33Z
1736,20260527,3,1,372,3:00pm,2026-05-27T08:00:00+00:00,2026-05-27T15:00:00+07:00,-11.1,,-30.3,Asia/Novosibirsk,2026-09-03T07:55:33Z
1737,20260527,5,2,87,3:00pm,2026-05-27T08:00:00+00:00,2026-05-27T15:00:00+07:00,,,,Asia/Novosibirsk,2026-09-03T07:55:33Z
1738,20260527,9,1,113,3:00pm,2026-05-27T08:00:00+00:00,2026-05-27T15:00:00+07:00,,,,Asia/Novosibirsk,2026-09-03T07:55:33Z
1739,20260527,5,1,167,4:33pm,2026-05-27T09:33:00+00:00,2026-05-27T16:33:00+07:00,3.50|1.8,,3.62|1.3,Asia/Novosibirsk,2026-09-03T07:55:33Z
1740,20260527,9,1,6,7:15pm,2026-05-27T12:15:00+00:00,2026-05-27T19:15:00+07:00,35.8K,,40.8K,Asia/Novosibirsk,2026-09-03T07:55:33Z
1741,20260527,1,1,238,7:30am,2026-05-27T00:30:00+00:00,2026-05-27T07:30:00+07:00,0.0%,,-0.1%,Asia/Novosibirsk,2026-09-03T07:55:33Z
1742,20260527,4,1,50,8:00pm,2026-05-27T13:00:00+00:00,2026-05-27T20:00:00+07:00,-0.8%,,-0.3%,Asia/Novosibirsk,2026-09-03T07:55:33Z
1743,20260527,1,1,69,8:30am,2026-05-27T01:30:00+00:00,2026-05-27T08:30:00+07:00,3.4%,0.8%,0.2%,Asia/Novosibirsk,2026-09-03T07:55:33Z
1744,20260527,8,3,278,9:00am,2026-05-27T02:00:00+00:00,2026-05-27T09:00:00+07:00,2.25%,2.25%,2.25%,Asia/Novosibirsk,2026-09-03T07:55:33Z
1745,20260527,8,3,323,9:00am,2026-05-27T02:00:00+00:00,2026-05-27T09:00:00+07:00,,,,Asia/Novosibirsk,2026-09-03T07:55:33Z
1746,20260527,8,3,325,9:00am,2026-05-27T02:00:00+00:00,2026-05-27T09:00:00+07:00,,,,Asia/Novosibirsk,2026-09-03T07:55:33Z
1747,20260527,9,1,342,9:00pm,2026-05-27T14:00:00+00:00,2026-05-27T21:00:00+07:00,13,4,3,Asia/Novosibirsk,2026-09-03T07:55:33Z
1748,20260528,9,3,298,10:00am,2026-05-28T03:00:00+00:00,2026-05-28T10:00:00+07:00,1.6%,2.0%,2.0%,Asia/Novosibirsk,2026-09-03T07:55:33Z
1749,20260528,2,2,21,10:00pm,2026-05-28T15:00:00+00:00,2026-05-28T22:00:00+07:00,,,,Asia/Novosibirsk,2026-09-03T07:55:33Z
1750,20260528,9,1,83,11:00pm,2026-05-28T16:00:00+00:00,2026-05-28T23:00:00+07:00,-3.3M,-3.8M,-7.9M,Asia/Novosibirsk,2026-09-03T07:55:33Z
1751,20260528,5,2,89,2:10pm,2026-05-28T07:10:00+00:00,2026-05-28T14:10:00+07:00,,,,Asia/Novosibirsk,2026-09-03T07:55:33Z
1752,20260528,6,1,239,3:05pm,2026-05-28T08:05:00+00:00,2026-05-28T15:05:00+07:00,,,,Asia/Novosibirsk,2026-09-03T07:55:33Z
1753,20260528,9,1,10,3:30am,2026-05-27T20:30:00+00:00,2026-05-28T03:30:00+07:00,,,,Asia/Novosibirsk,2026-09-03T07:55:33Z
1754,20260528,5,1,214,4:09pm,2026-05-28T09:09:00+00:00,2026-05-28T16:09:00+07:00,3.77|1.6,,3.77|1.7,Asia/Novosibirsk,2026-09-03T07:55:33Z
1755,20260528,3,2,347,6:00pm,2026-05-28T11:00:00+00:00,2026-05-28T18:00:00+07:00,,,,Asia/Novosibirsk,2026-09-03T07:55:33Z
1756,20260528,5,1,88,6:30pm,2026-05-28T11:30:00+00:00,2026-05-28T18:30:00+07:00,,,,Asia/Novosibirsk,2026-09-03T07:55:33Z
1757,20260528,9,1,111,7:00am,2026-05-28T00:00:00+00:00,2026-05-28T07:00:00+07:00,,,,Asia/Novosibirsk,2026-09-03T07:55:33Z
1758,20260528,2,1,84,7:30pm,2026-05-28T12:30:00+00:00,2026-05-28T19:30:00+07:00,-7.2B,-3.9B,-1.0B,Asia/Novosibirsk,2026-09-03T07:55:33Z
1759,20260528,9,1,76,7:30pm,2026-05-28T12:30:00+00:00,2026-05-28T19:30:00+07:00,1.1%,0.5%,1.1%,Asia/Novosibirsk,2026-09-03T07:55:33Z
1760,20260528,9,1,85,7:30pm,2026-05-28T12:30:00+00:00,2026-05-28T19:30:00+07:00,7.9%,4.0%,1.3%,Asia/Novosibirsk,2026-09-03T07:55:33Z
1761,20260528,9,1,290,7:30pm,2026-05-28T12:30:00+00:00,2026-05-28T19:30:00+07:00,0.0%,0.4%,0.5%,Asia/Novosibirsk,2026-09-03T07:55:33Z
1762,20260528,9,1,291,7:30pm,2026-05-28T12:30:00+00:00,2026-05-28T19:30:00+07:00,0.5%,0.5%,1.0%,Asia/Novosibirsk,2026-09-03T07:55:33Z
1763,20260528,9,2,296,7:30pm,2026-05-28T12:30:00+00:00,2026-05-28T19:30:00+07:00,3.5%,3.6%,3.8%,Asia/Novosibirsk,2026-09-03T07:55:33Z
1764,20260528,9,2,374,7:30pm,2026-05-28T12:30:00+00:00,2026-05-28T19:30:00+07:00,215K,211K,210K,Asia/Novosibirsk,2026-09-03T07:55:33Z
1765,20260528,9,1,119,7:55pm,2026-05-28T12:55:00+00:00,2026-05-28T19:55:00+07:00,,,,Asia/Novosibirsk,2026-09-03T07:55:33Z
1766,20260528,1,1,199,8:30am,2026-05-28T01:30:00+00:00,2026-05-28T08:30:00+07:00,-1.1%,-0.5%,1.6%,Asia/Novosibirsk,2026-09-03T07:55:33Z
1767,20260528,1,1,307,8:30am,2026-05-28T01:30:00+00:00,2026-05-28T08:30:00+07:00,6.5%,1.2%,0.7%,Asia/Novosibirsk,2026-09-03T07:55:33Z
1768,20260528,1,1,314,8:30am,2026-05-28T01:30:00+00:00,2026-05-28T08:30:00+07:00,,,,Asia/Novosibirsk,2026-09-03T07:55:33Z
1769,20260528,8,2,13,9:00am,2026-05-28T02:00:00+00:00,2026-05-28T09:00:00+07:00,,,,Asia/Novosibirsk,2026-09-03T07:55:33Z
1770,20260528,2,1,18,9:00pm,2026-05-28T14:00:00+00:00,2026-05-28T21:00:00+07:00,,,,Asia/Novosibirsk,2026-09-03T07:55:33Z
1771,20260528,9,2,273,9:00pm,2026-05-28T14:00:00+00:00,2026-05-28T21:00:00+07:00,622K,661K,663K,Asia/Novosibirsk,2026-09-03T07:55:33Z
1772,20260528,9,1,115,9:15pm,2026-05-28T14:15:00+00:00,2026-05-28T21:15:00+07:00,,,,Asia/Novosibirsk,2026-09-03T07:55:33Z
1773,20260528,6,1,242,9:25am,2026-05-28T02:25:00+00:00,2026-05-28T09:25:00+07:00,,,,Asia/Novosibirsk,2026-09-03T07:55:33Z
1774,20260528,9,1,109,9:25am,2026-05-28T02:25:00+00:00,2026-05-28T09:25:00+07:00,,,,Asia/Novosibirsk,2026-09-03T07:55:33Z
1775,20260528,9,1,270,9:30pm,2026-05-28T14:30:00+00:00,2026-05-28T21:30:00+07:00,92B,96B,101B,Asia/Novosibirsk,2026-09-03T07:55:33Z
1776,20260529,9,1,108,11:40pm,2026-05-29T16:40:00+00:00,2026-05-29T23:40:00+07:00,,,,Asia/Novosibirsk,2026-09-03T07:55:33Z
1777,20260529,7,1,70,12:00pm,2026-05-29T05:00:00+00:00,2026-05-29T12:00:00+07:00,33.6,32.3,32.2,Asia/Novosibirsk,2026-09-03T07:55:33Z
1778,20260529,7,1,203,12:00pm,2026-05-29T05:00:00+00:00,2026-05-29T12:00:00+07:00,11.4%,14.7%,-29.3%,Asia/Novosibirsk,2026-09-03T07:55:33Z
1779,20260529,5,1,178,1:00pm,2026-05-29T06:00:00+00:00,2026-05-29T13:00:00+07:00,1.2%,1.2%,3.6%,Asia/Novosibirsk,2026-09-03T07:55:33Z
1780,20260529,9,1,112,1:00pm,2026-05-29T06:00:00+00:00,2026-05-29T13:00:00+07:00,,,,Asia/Novosibirsk,2026-09-03T07:55:33Z
1781,20260529,5,1,148,1:45pm,2026-05-29T06:45:00+00:00,2026-05-29T13:45:00+07:00,-0.5%,-0.1%,0.9%,Asia/Novosibirsk,2026-09-03T07:55:33Z
1782,20260529,5,1,151,1:45pm,2026-05-29T06:45:00+00:00,2026-05-29T13:45:00+07:00,-0.1%,-0.1%,-0.1%,Asia/Novosibirsk,2026-09-03T07:55:33Z
1783,20260529,5,1,158,1:45pm,2026-05-29T06:45:00+00:00,2026-05-29T13:45:00+07:00,0.1%,0.2%,1.0%,Asia/Novosibirsk,2026-09-03T07:55:33Z
1784,20260529,5,1,159,1:45pm,2026-05-29T06:45:00+00:00,2026-05-29T13:45:00+07:00,-0.1%,0.0%,0.0%,Asia/Novosibirsk,2026-09-03T07:55:33Z
1785,20260529,9,1,102,2:00am,2026-05-28T19:00:00+00:00,2026-05-29T02:00:00+07:00,,,,Asia/Novosibirsk,2026-09-03T07:55:33Z
1786,20260529,3,1,226,2:00pm,2026-05-29T07:00:00+00:00,2026-05-29T14:00:00+07:00,98.0,98.0,97.8,Asia/Novosibirsk,2026-09-03T07:55:33Z
1787,20260529,5,1,356,2:00pm,2026-05-29T07:00:00+00:00,2026-05-29T14:00:00+07:00,3.2%,3.3%,3.2%,Asia/Novosibirsk,2026-09-03T07:55:33Z
1788,20260529,5,1,185,2:55pm,2026-05-29T07:55:00+00:00,2026-05-29T14:55:00+07:00,-12K,11K,19k,Asia/Novosibirsk,2026-09-03T07:55:33Z
1789,20260529,5,1,217,3:00pm,2026-05-29T08:00:00+00:00,2026-05-29T15:00:00+07:00,5.1%,5.3%,5.2%,Asia/Novosibirsk,2026-09-03T07:55:33Z
1790,20260529,5,1,218,4:00pm,2026-05-29T09:00:00+00:00,2026-05-29T16:00:00+07:00,0.4%,0.1%,1.2%,Asia/Novosibirsk,2026-09-03T07:55:33Z
1791,20260529,9,1,117,5:50pm,2026-05-29T10:50:00+00:00,2026-05-29T17:50:00+07:00,,,,Asia/Novosibirsk,2026-09-03T07:55:33Z
1792,20260529,7,2,367,6:30am,2026-05-28T23:30:00+00:00,2026-05-29T06:30:00+07:00,1.3%,1.5%,1.5%,Asia/Novosibirsk,2026-09-03T07:55:33Z
1793,20260529,7,1,375,6:30am,2026-05-28T23:30:00+00:00,2026-05-29T06:30:00+07:00,2.5%,2.7%,2.7%,Asia/Novosibirsk,2026-09-03T07:55:33Z
1794,20260529,7,1,299,6:50am,2026-05-28T23:50:00+00:00,2026-05-29T06:50:00+07:00,0.8%,-0.4%,-0.4%,Asia/Novosibirsk,2026-09-03T07:55:33Z
1795,20260529,7,1,334,6:50am,2026-05-28T23:50:00+00:00,2026-05-29T06:50:00+07:00,2.1%,1.4%,1.4%,Asia/Novosibirsk,2026-09-03T07:55:33Z
1796,20260529,2,3,162,7:30pm,2026-05-29T12:30:00+00:00,2026-05-29T19:30:00+07:00,-0.1%,0.1%,0.2%,Asia/Novosibirsk,2026-09-03T07:55:33Z
1797,20260529,9,1,190,7:30pm,2026-05-29T12:30:00+00:00,2026-05-29T19:30:00+07:00,-82.4B,-86.7B,-85.3B,Asia/Novosibirsk,2026-09-03T07:55:33Z
1798,20260529,9,1,305,7:30pm,2026-05-29T12:30:00+00:00,2026-05-29T19:30:00+07:00,0.5%,0.6%,1.3%,Asia/Novosibirsk,2026-09-03T07:55:33Z
1799,20260529,8,1,7,8:00am,2026-05-29T01:00:00+00:00,2026-05-29T08:00:00+07:00,10.0,,-10.6,Asia/Novosibirsk,2026-09-03T07:55:33Z
1800,20260529,9,1,105,8:10pm,2026-05-29T13:10:00+00:00,2026-05-29T20:10:00+07:00,,,,Asia/Novosibirsk,2026-09-03T07:55:33Z
1801,20260529,9,1,116,8:15pm,2026-05-29T13:15:00+00:00,2026-05-29T20:15:00+07:00,,,,Asia/Novosibirsk,2026-09-03T07:55:33Z
1802,20260529,9,1,60,8:45pm,2026-05-29T13:45:00+00:00,2026-05-29T20:45:00+07:00,62.7,50.6,49.2,Asia/Novosibirsk,2026-09-03T07:55:33Z
1803,20260529,5,2,181,All Day,,,-0.2%,0.1%,0.6%,Asia/Novosibirsk,2026-09-03T07:55:33Z
1804,20260531,4,1,276,11:40pm,2026-05-31T16:40:00+00:00,2026-05-31T23:40:00+07:00,50.1,49.5,49.4,Asia/Novosibirsk,2026-09-03T07:55:33Z
1805,20260531,6,1,241,7:30pm,2026-05-31T12:30:00+00:00,2026-05-31T19:30:00+07:00,,,,Asia/Novosibirsk,2026-09-03T07:55:33Z
1806,20260531,9,1,118,7:30pm,2026-05-31T12:30:00+00:00,2026-05-31T19:30:00+07:00,,,,Asia/Novosibirsk,2026-09-03T07:55:33Z
1807,20260601,2,1,195,11:00pm,2026-06-01T16:00:00+00:00,2026-06-01T23:00:00+07:00,,,,Asia/Novosibirsk,2026-09-03T07:55:34Z
1808,20260601,5,1,183,1:00pm,2026-06-01T06:00:00+00:00,2026-06-01T13:00:00+07:00,-0.3%,-0.4%,-0.3%,Asia/Novosibirsk,2026-09-03T07:55:34Z
1809,20260601,6,1,269,1:00pm,2026-06-01T06:00:00+00:00,2026-06-01T13:00:00+07:00,-0.6%,-0.1%,0.4%,Asia/Novosibirsk,2026-09-03T07:55:34Z
1810,20260601,1,1,63,1:30pm,2026-06-01T06:30:00+00:00,2026-06-01T13:30:00+07:00,16.8%,,15.0%,Asia/Novosibirsk,2026-09-03T07:55:34Z
1811,20260601,3,1,334,1:30pm,2026-06-01T06:30:00+00:00,2026-06-01T13:30:00+07:00,1.6%,0.2%,1.3%,Asia/Novosibirsk,2026-09-03T07:55:34Z
1812,20260601,3,1,163,2:00pm,2026-06-01T07:00:00+00:00,2026-06-01T14:00:00+07:00,0.7%,0.6%,0.2%,Asia/Novosibirsk,2026-09-03T07:55:34Z
1813,20260601,5,1,358,2:15pm,2026-06-01T07:15:00+00:00,2026-06-01T14:15:00+07:00,51.2,53.7,51.7,Asia/Novosibirsk,2026-09-03T07:55:34Z
1814,20260601,3,1,249,2:30pm,2026-06-01T07:30:00+00:00,2026-06-01T14:30:00+07:00,57.3,54.0,54.5,Asia/Novosibirsk,2026-09-03T07:55:34Z
1815,20260601,5,1,216,2:45pm,2026-06-01T07:45:00+00:00,2026-06-01T14:45:00+07:00,52.9,52.0,52.1,Asia/Novosibirsk,2026-09-03T07:55:34Z
1816,20260601,5,1,150,2:50pm,2026-06-01T07:50:00+00:00,2026-06-01T14:50:00+07:00,49.7,48.9,48.9,Asia/Novosibirsk,2026-09-03T07:55:34Z
1817,20260601,5,1,173,2:55pm,2026-06-01T07:55:00+00:00,2026-06-01T14:55:00+07:00,50.1,49.9,49.9,Asia/Novosibirsk,2026-09-03T07:55:34Z
1818,20260601,5,1,136,3:00pm,2026-06-01T08:00:00+00:00,2026-06-01T15:00:00+07:00,51.6,51.4,51.4,Asia/Novosibirsk,2026-09-03T07:55:34Z
1819,20260601,5,1,234,3:00pm,2026-06-01T08:00:00+00:00,2026-06-01T15:00:00+07:00,2.7%,3.1%,3.2%,Asia/Novosibirsk,2026-09-03T07:55:34Z
1820,20260601,5,1,308,3:00pm,2026-06-01T08:00:00+00:00,2026-06-01T15:00:00+07:00,3.0%,3.0%,3.0%,Asia/Novosibirsk,2026-09-03T07:55:34Z
1821,20260601,6,1,136,3:30pm,2026-06-01T08:30:00+00:00,2026-06-01T15:30:00+07:00,53.9,53.7,53.7,Asia/Novosibirsk,2026-09-03T07:55:34Z
1822,20260601,5,1,375,4:00pm,2026-06-01T09:00:00+00:00,2026-06-01T16:00:00+07:00,6.3%,6.2%,6.3%,Asia/Novosibirsk,2026-09-03T07:55:34Z
1823,20260601,7,1,136,7:30am,2026-06-01T00:30:00+00:00,2026-06-01T07:30:00+07:00,54.5,54.5,54.5,Asia/Novosibirsk,2026-09-03T07:55:34Z
1824,20260601,1,1,237,8:00am,2026-06-01T01:00:00+00:00,2026-06-01T08:00:00+07:00,-0.3%,,0.6%,Asia/Novosibirsk,2026-09-03T07:55:34Z
1825,20260601,1,1,9,8:30am,2026-06-01T01:30:00+00:00,2026-06-01T08:30:00+07:00,1.8%,,-0.6%,Asia/Novosibirsk,2026-09-03T07:55:34Z
1826,20260601,2,1,249,8:30pm,2026-06-01T13:30:00+00:00,2026-06-01T20:30:00+07:00,52.9,,53.3,Asia/Novosibirsk,2026-09-03T07:55:34Z
1827,20260601,4,1,330,8:45am,2026-06-01T01:45:00+00:00,2026-06-01T08:45:00+07:00,51.8,51.4,52.2,Asia/Novosibirsk,2026-09-03T07:55:34Z
1828,20260601,9,1,136,8:45pm,2026-06-01T13:45:00+00:00,2026-06-01T20:45:00+07:00,55.1,55.3,55.3,Asia/Novosibirsk,2026-09-03T07:55:34Z
1829,20260601,9,1,68,9:00pm,2026-06-01T14:00:00+00:00,2026-06-01T21:00:00+07:00,0.4%,0.3%,0.2%,Asia/Novosibirsk,2026-09-03T07:55:34Z
1830,20260601,9,2,206,9:00pm,2026-06-01T14:00:00+00:00,2026-06-01T21:00:00+07:00,82.1,85.3,84.6,Asia/Novosibirsk,2026-09-03T07:55:34Z
1831,20260602,6,1,241,10:00pm,2026-06-02T15:00:00+00:00,2026-06-02T22:00:00+07:00,,,,Asia/Novosibirsk,2026-09-03T07:55:34Z
1832,20260602,8,1,165,10:05pm,2026-06-02T15:05:00+00:00,2026-06-02T22:05:00+07:00,-0.6%,,0.6%,Asia/Novosibirsk,2026-09-03T07:55:34Z
1833,20260602,7,1,2,10:35am,2026-06-02T03:35:00+00:00,2026-06-02T10:35:00+07:00,2.65|3.5,,2.54|3.9,Asia/Novosibirsk,2026-09-03T07:55:34Z
1834,20260602,9,1,112,12:50pm,2026-06-02T05:50:00+00:00,2026-06-02T12:50:00+07:00,,,,Asia/Novosibirsk,2026-09-03T07:55:34Z
1835,20260602,5,1,156,1:45pm,2026-06-02T06:45:00+00:00,2026-06-02T13:45:00+07:00,-69.6B,,-42.9B,Asia/Novosibirsk,2026-09-03T07:55:34Z
1836,20260602,5,1,360,2:00pm,2026-06-02T07:00:00+00:00,2026-06-02T14:00:00+07:00,-36.3K,-56.8K,-62.7K,Asia/Novosibirsk,2026-09-03T07:55:34Z
1837,20260602,6,1,235,3:30pm,2026-06-02T08:30:00+00:00,2026-06-02T15:30:00+07:00,0.2%,0.6%,0.8%,Asia/Novosibirsk,2026-09-03T07:55:34Z
1838,20260602,6,1,259,3:30pm,2026-06-02T08:30:00+00:00,2026-06-02T15:30:00+07:00,66K,62K,64K,Asia/Novosibirsk,2026-09-03T07:55:34Z
1839,20260602,6,1,271,3:30pm,2026-06-02T08:30:00+00:00,2026-06-02T15:30:00+07:00,6.2B,7.1B,8.7B,Asia/Novosibirsk,2026-09-03T07:55:34Z
1840,20260602,6,1,2,4:00pm,2026-06-02T09:00:00+00:00,2026-06-02T16:00:00+07:00,4.98|3.6,,5.03|3.4,Asia/Novosibirsk,2026-09-03T07:55:34Z
1841,20260602,9,1,110,7:30pm,2026-06-02T12:30:00+00:00,2026-06-02T19:30:00+07:00,,,,Asia/Novosibirsk,2026-09-03T07:55:34Z
1842,20260602,1,1,42,8:30am,2026-06-02T01:30:00+00:00,2026-06-02T08:30:00+07:00,-3.4%,-1.5%,-10.5%,Asia/Novosibirsk,2026-09-03T07:55:34Z
1843,20260602,1,1,65,8:30am,2026-06-02T01:30:00+00:00,2026-06-02T08:30:00+07:00,-1.3%,0.5%,5.9%,Asia/Novosibirsk,2026-09-03T07:55:34Z
1844,20260602,1,1,84,8:30am,2026-06-02T01:30:00+00:00,2026-06-02T08:30:00+07:00,-27.1B,-23.1B,-23.0B,Asia/Novosibirsk,2026-09-03T07:55:34Z
1845,20260602,5,2,53,9:00pm,2026-06-02T14:00:00+00:00,2026-06-02T21:00:00+07:00,3.2%,3.2%,3.0%,Asia/Novosibirsk,2026-09-03T07:55:34Z
1846,20260602,9,2,225,9:00pm,2026-06-02T14:00:00+00:00,2026-06-02T21:00:00+07:00,7.62M,6.87M,6.89M,Asia/Novosibirsk,2026-09-03T07:55:34Z
1847,20260602,9,1,326,9:02pm,2026-06-02T14:02:00+00:00,2026-06-02T21:02:00+07:00,42.5,44.5,42.6,Asia/Novosibirsk,2026-09-03T07:55:34Z
1848,20260602,9,1,279,All Day,,,16.1M,16.0M,15.9M,Asia/Novosibirsk,2026-09-03T07:55:34Z
1849,20260603,9,1,109,10:00am,2026-06-03T03:00:00+00:00,2026-06-03T10:00:00+07:00,,,,Asia/Novosibirsk,2026-09-03T07:55:34Z
1850,20260603,1,1,309,1:19pm,2026-06-03T06:19:00+00:00,2026-06-03T13:19:00+07:00,0.7%,0.6%,0.7%,Asia/Novosibirsk,2026-09-03T07:55:34Z
1851,20260603,5,1,359,2:15pm,2026-06-03T07:15:00+00:00,2026-06-03T14:15:00+07:00,50.1,48.2,47.9,Asia/Novosibirsk,2026-09-03T07:55:34Z
1852,20260603,5,1,222,2:45pm,2026-06-03T07:45:00+00:00,2026-06-03T14:45:00+07:00,49.4,49.2,49.8,Asia/Novosibirsk,2026-09-03T07:55:34Z
1853,20260603,5,1,152,2:50pm,2026-06-03T07:50:00+00:00,2026-06-03T14:50:00+07:00,44.3,42.9,42.9,Asia/Novosibirsk,2026-09-03T07:55:34Z
1854,20260603,5,1,174,2:55pm,2026-06-03T07:55:00+00:00,2026-06-03T14:55:00+07:00,48.1,47.8,47.8,Asia/Novosibirsk,2026-09-03T07:55:34Z
1855,20260603,5,1,137,3:00pm,2026-06-03T08:00:00+00:00,2026-06-03T15:00:00+07:00,47.7,46.4,46.4,Asia/Novosibirsk,2026-09-03T07:55:34Z
1856,20260603,6,1,137,3:30pm,2026-06-03T08:30:00+00:00,2026-06-03T15:30:00+07:00,49.3,47.9,47.9,Asia/Novosibirsk,2026-09-03T07:55:34Z
1857,20260603,7,3,30,3:30pm,2026-06-03T08:30:00+00:00,2026-06-03T15:30:00+07:00,,,,Asia/Novosibirsk,2026-09-03T07:55:34Z
1858,20260603,5,1,286,4:00pm,2026-06-03T09:00:00+00:00,2026-06-03T16:00:00+07:00,0.6%,0.6%,3.4%,Asia/Novosibirsk,2026-09-03T07:55:34Z
1859,20260603,8,1,43,5:45am,2026-06-02T22:45:00+00:00,2026-06-03T05:45:00+07:00,10.9%,,-0.8%,Asia/Novosibirsk,2026-09-03T07:55:34Z
1860,20260603,8,1,281,5:45am,2026-06-02T22:45:00+00:00,2026-06-03T05:45:00+07:00,-2.0%,-1.2%,3.7%,Asia/Novosibirsk,2026-09-03T07:55:34Z
1861,20260603,9,3,5,7:15pm,2026-06-03T12:15:00+00:00,2026-06-03T19:15:00+07:00,122K,118K,105K,Asia/Novosibirsk,2026-09-03T07:55:34Z
1862,20260603,2,1,228,7:30pm,2026-06-03T12:30:00+00:00,2026-06-03T19:30:00+07:00,-0.5%,0.3%,-0.3%,Asia/Novosibirsk,2026-09-03T07:55:34Z
1863,20260603,9,1,103,8:00pm,2026-06-03T13:00:00+00:00,2026-06-03T20:00:00+07:00,,,,Asia/Novosibirsk,2026-09-03T07:55:34Z
1864,20260603,4,1,331,8:45am,2026-06-03T01:45:00+00:00,2026-06-03T08:45:00+07:00,54.4,52.3,52.6,Asia/Novosibirsk,2026-09-03T07:55:34Z
1865,20260603,9,1,137,8:45pm,2026-06-03T13:45:00+00:00,2026-06-03T20:45:00+07:00,50.7,51.0,50.9,Asia/Novosibirsk,2026-09-03T07:55:34Z
1866,20260603,9,1,125,9:00pm,2026-06-03T14:00:00+00:00,2026-06-03T21:00:00+07:00,4.8%,4.6%,1.8%,Asia/Novosibirsk,2026-09-03T07:55:34Z
1867,20260603,9,3,207,9:00pm,2026-06-03T14:00:00+00:00,2026-06-03T21:00:00+07:00,54.5,53.7,53.6,Asia/Novosibirsk,2026-09-03T07:55:34Z
1868,20260603,9,1,83,9:30pm,2026-06-03T14:30:00+00:00,2026-06-03T21:30:00+07:00,-8.0M,-2.9M,-3.3M,Asia/Novosibirsk,2026-09-03T07:55:34Z
1869,20260604,6,3,26,10:40pm,2026-06-04T15:40:00+00:00,2026-06-04T22:40:00+07:00,,,,Asia/Novosibirsk,2026-09-03T07:55:34Z
1870,20260604,9,1,108,10:40pm,2026-06-04T15:40:00+00:00,2026-06-04T22:40:00+07:00,,,,Asia/Novosibirsk,2026-09-03T07:55:34Z
1871,20260604,3,1,375,2:00pm,2026-06-04T07:00:00+00:00,2026-06-04T14:00:00+07:00,3.1%,3.0%,3.0%,Asia/Novosibirsk,2026-09-03T07:55:34Z
1872,20260604,9,1,113,3:00am,2026-06-03T20:00:00+00:00,2026-06-04T03:00:00+07:00,,,,Asia/Novosibirsk,2026-09-03T07:55:34Z
1873,20260604,5,2,89,3:00pm,2026-06-04T08:00:00+00:00,2026-06-04T15:00:00+07:00,,,,Asia/Novosibirsk,2026-09-03T07:55:34Z
1874,20260604,6,1,67,3:30pm,2026-06-04T08:30:00+00:00,2026-06-04T15:30:00+07:00,38.2,40.4,39.7,Asia/Novosibirsk,2026-09-03T07:55:34Z
1875,20260604,5,1,147,3:50pm,2026-06-04T08:50:00+00:00,2026-06-04T15:50:00+07:00,3.80|2.4,,3.61|2.0,Asia/Novosibirsk,2026-09-03T07:55:34Z
1876,20260604,5,1,332,4:00pm,2026-06-04T09:00:00+00:00,2026-06-04T16:00:00+07:00,-0.4%,-0.3%,0.8%,Asia/Novosibirsk,2026-09-03T07:55:34Z
1877,20260604,9,1,59,4:30pm,2026-06-04T09:30:00+00:00,2026-06-04T16:30:00+07:00,3.4%,,-20.9%,Asia/Novosibirsk,2026-09-03T07:55:34Z
1878,20260604,9,1,102,7:30pm,2026-06-04T12:30:00+00:00,2026-06-04T19:30:00+07:00,,,,Asia/Novosibirsk,2026-09-03T07:55:34Z
1879,20260604,9,1,338,7:30pm,2026-06-04T12:30:00+00:00,2026-06-04T19:30:00+07:00,0.3%,0.5%,0.8%,Asia/Novosibirsk,2026-09-03T07:55:34Z
1880,20260604,9,1,339,7:30pm,2026-06-04T12:30:00+00:00,2026-06-04T19:30:00+07:00,1.8%,2.4%,2.3%,Asia/Novosibirsk,2026-09-03T07:55:34Z
1881,20260604,9,2,374,7:30pm,2026-06-04T12:30:00+00:00,2026-06-04T19:30:00+07:00,225K,214K,212K,Asia/Novosibirsk,2026-09-03T07:55:34Z
1882,20260604,8,1,8,8:00am,2026-06-04T01:00:00+00:00,2026-06-04T08:00:00+07:00,0.7%,,-0.8%,Asia/Novosibirsk,2026-09-03T07:55:34Z
1883,20260604,1,1,190,8:30am,2026-06-04T01:30:00+00:00,2026-06-04T08:30:00+07:00,1.79B,1.23B,-1.02B,Asia/Novosibirsk,2026-09-03T07:55:34Z
1884,20260604,9,1,105,9:00pm,2026-06-04T14:00:00+00:00,2026-06-04T21:00:00+07:00,,,,Asia/Novosibirsk,2026-09-03T07:55:34Z
1885,20260604,9,2,369,9:00pm,2026-06-04T14:00:00+00:00,2026-06-04T21:00:00+07:00,,,,Asia/Novosibirsk,2026-09-03T07:55:34Z
1886,20260604,9,1,270,9:30pm,2026-06-04T14:30:00+00:00,2026-06-04T21:30:00+07:00,95B,99B,92B,Asia/Novosibirsk,2026-09-03T07:55:34Z
1887,20260605,2,3,375,10:40pm,2026-06-05T15:40:00+00:00,2026-06-05T22:40:00+07:00,6.6%,6.9%,6.9%,Asia/Novosibirsk,2026-09-03T07:55:34Z
1888,20260605,9,3,16,10:40pm,2026-06-05T15:40:00+00:00,2026-06-05T22:40:00+07:00,0.3%,0.3%,0.2%,Asia/Novosibirsk,2026-09-03T07:55:34Z
1889,20260605,9,3,275,10:40pm,2026-06-05T15:40:00+00:00,2026-06-05T22:40:00+07:00,172K,85K,179K,Asia/Novosibirsk,2026-09-03T07:55:34Z
1890,20260605,9,3,375,10:40pm,2026-06-05T15:40:00+00:00,2026-06-05T22:40:00+07:00,4.3%,4.3%,4.3%,Asia/Novosibirsk,2026-09-03T07:55:34Z
1891,20260605,1,1,315,11:35am,2026-06-05T04:35:00+00:00,2026-06-05T11:35:00+07:00,,,,Asia/Novosibirsk,2026-09-03T07:55:34Z
1892,20260605,7,1,229,12:00pm,2026-06-05T05:00:00+00:00,2026-06-05T12:00:00+07:00,115.9%,114.4%,114.0%,Asia/Novosibirsk,2026-09-03T07:55:34Z
1893,20260605,9,1,108,12:10am,2026-06-04T17:10:00+00:00,2026-06-05T00:10:00+07:00,,,,Asia/Novosibirsk,2026-09-03T07:55:34Z
1894,20260605,6,1,230,1:00pm,2026-06-05T06:00:00+00:00,2026-06-05T13:00:00+07:00,-0.1%,0.0%,-0.1%,Asia/Novosibirsk,2026-09-03T07:55:34Z
1895,20260605,5,1,157,1:45pm,2026-06-05T06:45:00+00:00,2026-06-05T13:45:00+07:00,0.1%,-0.2%,1.4%,Asia/Novosibirsk,2026-09-03T07:55:34Z
1896,20260605,5,1,161,1:45pm,2026-06-05T06:45:00+00:00,2026-06-05T13:45:00+07:00,-5.6B,-6.2B,-6.4B,Asia/Novosibirsk,2026-09-03T07:55:34Z
1897,20260605,3,1,144,2:00pm,2026-06-05T07:00:00+00:00,2026-06-05T14:00:00+07:00,711B,,716B,Asia/Novosibirsk,2026-09-03T07:55:34Z
1898,20260605,5,1,132,4:00pm,2026-06-05T09:00:00+00:00,2026-06-05T16:00:00+07:00,0.1%,0.1%,0.1%,Asia/Novosibirsk,2026-09-03T07:55:34Z
1899,20260605,5,1,221,4:00pm,2026-06-05T09:00:00+00:00,2026-06-05T16:00:00+07:00,0.0%,0.4%,0.8%,Asia/Novosibirsk,2026-09-03T07:55:34Z
1900,20260605,5,1,336,4:00pm,2026-06-05T09:00:00+00:00,2026-06-05T16:00:00+07:00,-0.2%,0.1%,0.1%,Asia/Novosibirsk,2026-09-03T07:55:34Z
1901,20260605,7,1,14,6:30am,2026-06-04T23:30:00+00:00,2026-06-05T06:30:00+07:00,3.5%,3.1%,3.1%,Asia/Novosibirsk,2026-09-03T07:55:34Z
1902,20260605,7,1,200,6:30am,2026-06-04T23:30:00+00:00,2026-06-05T06:30:00+07:00,-0.5%,-1.5%,-2.9%,Asia/Novosibirsk,2026-09-03T07:55:34Z
1903,20260605,6,1,240,8:40pm,2026-06-05T13:40:00+00:00,2026-06-05T20:40:00+07:00,,,,Asia/Novosibirsk,2026-09-03T07:55:34Z
1904,20260605,2,2,224,9:00pm,2026-06-05T14:00:00+00:00,2026-06-05T21:00:00+07:00,58.2,54.5,57.7,Asia/Novosibirsk,2026-09-03T07:55:34Z
1905,20260606,9,1,103,11:00pm,2026-06-06T16:00:00+00:00,2026-06-06T23:00:00+07:00,,,,Asia/Novosibirsk,2026-09-03T07:55:34Z
1906,20260608,7,1,84,11:00pm,2026-06-08T16:00:00+00:00,2026-06-08T23:00:00+07:00,4.21T,3.26T,3.90T,Asia/Novosibirsk,2026-09-03T07:55:34Z
1907,20260608,7,1,93,12:00pm,2026-06-08T05:00:00+00:00,2026-06-08T12:00:00+07:00,43.6,41.9,40.8,Asia/Novosibirsk,2026-09-03T07:55:34Z
1908,20260608,5,1,170,1:00pm,2026-06-08T06:00:00+00:00,2026-06-08T13:00:00+07:00,-3.8%,-2.2%,4.5%,Asia/Novosibirsk,2026-09-03T07:55:34Z
1909,20260608,5,1,354,3:30pm,2026-06-08T08:30:00+00:00,2026-06-08T15:30:00+07:00,-13.4,-13.8,-16.4,Asia/Novosibirsk,2026-09-03T07:55:34Z
1910,20260608,7,1,134,7:03am,2026-06-08T00:03:00+00:00,2026-06-08T07:03:00+07:00,3.2%,3.4%,3.4%,Asia/Novosibirsk,2026-09-03T07:55:34Z
1911,20260608,7,1,135,7:03am,2026-06-08T00:03:00+00:00,2026-06-08T07:03:00+07:00,0.5%,0.3%,0.5%,Asia/Novosibirsk,2026-09-03T07:55:34Z
1912,20260609,5,1,179,1:00pm,2026-06-09T06:00:00+00:00,2026-06-09T13:00:00+07:00,0.4%,0.4%,-0.1%,Asia/Novosibirsk,2026-09-03T07:55:34Z
1913,20260609,5,1,184,1:00pm,2026-06-09T06:00:00+00:00,2026-06-09T13:00:00+07:00,14.5B,15.4B,14.7B,Asia/Novosibirsk,2026-09-03T07:55:34Z
1914,20260609,7,1,300,1:00pm,2026-06-09T06:00:00+00:00,2026-06-09T13:00:00+07:00,37.4%,,45.1%,Asia/Novosibirsk,2026-09-03T07:55:34Z
1915,20260609,9,1,265,5:00pm,2026-06-09T10:00:00+00:00,2026-06-09T17:00:00+07:00,95.3,96.0,95.9,Asia/Novosibirsk,2026-09-03T07:55:34Z
1916,20260609,6,1,35,6:01am,2026-06-08T23:01:00+00:00,2026-06-09T06:01:00+07:00,3.4%,0.8%,-3.4%,Asia/Novosibirsk,2026-09-03T07:55:34Z
1917,20260609,7,1,232,6:50am,2026-06-08T23:50:00+00:00,2026-06-09T06:50:00+07:00,2.5%,2.4%,2.3%,Asia/Novosibirsk,2026-09-03T07:55:34Z
1918,20260609,9,1,6,7:15pm,2026-06-09T12:15:00+00:00,2026-06-09T19:15:00+07:00,29.0K,,30.5K,Asia/Novosibirsk,2026-09-03T07:55:34Z
1919,20260609,1,1,377,7:30am,2026-06-09T00:30:00+00:00,2026-06-09T07:30:00+07:00,-2.9%,,3.5%,Asia/Novosibirsk,2026-09-03T07:55:34Z
1920,20260609,2,1,368,7:30pm,2026-06-09T12:30:00+00:00,2026-06-09T19:30:00+07:00,2.7B,2.5B,1.8B,Asia/Novosibirsk,2026-09-03T07:55:34Z
1921,20260609,9,1,368,7:30pm,2026-06-09T12:30:00+00:00,2026-06-09T19:30:00+07:00,-55.9B,-56.2B,-56.6B,Asia/Novosibirsk,2026-09-03T07:55:34Z
1922,20260609,1,1,261,8:30am,2026-06-09T01:30:00+00:00,2026-06-09T08:30:00+07:00,-14,,-23,Asia/Novosibirsk,2026-09-03T07:55:34Z
1923,20260609,9,1,99,9:00pm,2026-06-09T14:00:00+00:00,2026-06-09T21:00:00+07:00,4.17M,4.07M,4.04M,Asia/Novosibirsk,2026-09-03T07:55:34Z
1924,20260609,9,1,138,9:00pm,2026-06-09T14:00:00+00:00,2026-06-09T21:00:00+07:00,0.6%,0.6%,0.5%,Asia/Novosibirsk,2026-09-03T07:55:34Z
1925,20260609,4,1,373,9:32am,2026-06-09T02:32:00+00:00,2026-06-09T09:32:00+07:00,105.4B,92.1B,84.8B,Asia/Novosibirsk,2026-09-03T07:55:34Z
1926,20260609,4,1,368,9:33am,2026-06-09T02:33:00+00:00,2026-06-09T09:33:00+07:00,724B,625B,586B,Asia/Novosibirsk,2026-09-03T07:55:34Z
1927,20260609,9,1,6,May 16th,,,30.5K,,35.8K,Asia/Novosibirsk,2026-09-03T07:55:34Z
1928,20260610,7,1,3,10:35am,2026-06-10T03:35:00+00:00,2026-06-10T10:35:00+07:00,3.86|2.9,,3.84|3.5,Asia/Novosibirsk,2026-09-03T07:55:34Z
1929,20260610,9,3,54,10:40pm,2026-06-10T15:40:00+00:00,2026-06-10T22:40:00+07:00,0.5%,0.5%,0.6%,Asia/Novosibirsk,2026-09-03T07:55:34Z
1930,20260610,9,3,55,10:40pm,2026-06-10T15:40:00+00:00,2026-06-10T22:40:00+07:00,4.2%,4.2%,3.8%,Asia/Novosibirsk,2026-09-03T07:55:34Z
1931,20260610,9,3,75,10:40pm,2026-06-10T15:40:00+00:00,2026-06-10T22:40:00+07:00,2.9%,2.9%,2.8%,Asia/Novosibirsk,2026-09-03T07:55:34Z
1932,20260610,5,1,215,3:00pm,2026-06-10T08:00:00+00:00,2026-06-10T15:00:00+07:00,0.5%,0.0%,0.6%,Asia/Novosibirsk,2026-09-03T07:55:34Z
1933,20260610,5,1,166,4:35pm,2026-06-10T09:35:00+00:00,2026-06-10T16:35:00+07:00,3.06|1.7,,3.16|1.5,Asia/Novosibirsk,2026-09-03T07:55:34Z
1934,20260610,7,1,288,6:50am,2026-06-09T23:50:00+00:00,2026-06-10T06:50:00+07:00,6.3%,5.6%,5.3%,Asia/Novosibirsk,2026-09-03T07:55:34Z
1935,20260610,4,1,55,8:30am,2026-06-10T01:30:00+00:00,2026-06-10T08:30:00+07:00,1.2%,1.3%,1.2%,Asia/Novosibirsk,2026-09-03T07:55:34Z
1936,20260610,4,1,288,8:30am,2026-06-10T01:30:00+00:00,2026-06-10T08:30:00+07:00,3.9%,3.9%,2.8%,Asia/Novosibirsk,2026-09-03T07:55:34Z
1937,20260610,2,3,22,8:45pm,2026-06-10T13:45:00+00:00,2026-06-10T20:45:00+07:00,,,,Asia/Novosibirsk,2026-09-03T07:55:34Z
1938,20260610,2,3,280,8:45pm,2026-06-10T13:45:00+00:00,2026-06-10T20:45:00+07:00,2.25%,2.25%,2.25%,Asia/Novosibirsk,2026-09-03T07:55:34Z
1939,20260610,2,3,21,9:30pm,2026-06-10T14:30:00+00:00,2026-06-10T21:30:00+07:00,,,,Asia/Novosibirsk,2026-09-03T07:55:34Z
1940,20260610,9,1,83,9:30pm,2026-06-10T14:30:00+00:00,2026-06-10T21:30:00+07:00,-7.2M,-3.0M,-8.0M,Asia/Novosibirsk,2026-09-03T07:55:34Z
1941,20260611,9,1,129,12:59am,2026-06-10T17:59:00+00:00,2026-06-11T00:59:00+07:00,-292.6B,-282.9B,215.0B,Asia/Novosibirsk,2026-09-03T07:55:34Z
1942,20260611,6,1,327,6:01am,2026-06-10T23:01:00+00:00,2026-06-11T06:01:00+07:00,-35%,-32%,-35%,Asia/Novosibirsk,2026-09-03T07:55:34Z
1943,20260611,7,1,37,6:50am,2026-06-10T23:50:00+00:00,2026-06-11T06:50:00+07:00,-1.8,4.2,3.8,Asia/Novosibirsk,2026-09-03T07:55:34Z
1944,20260611,2,1,45,7:30pm,2026-06-11T12:30:00+00:00,2026-06-11T19:30:00+07:00,-7.6%,-3.7%,10.6%,Asia/Novosibirsk,2026-09-03T07:55:34Z
1945,20260611,9,3,79,7:30pm,2026-06-11T12:30:00+00:00,2026-06-11T19:30:00+07:00,0.4%,0.5%,0.7%,Asia/Novosibirsk,2026-09-03T07:55:34Z
1946,20260611,9,3,286,7:30pm,2026-06-11T12:30:00+00:00,2026-06-11T19:30:00+07:00,1.1%,0.7%,1.1%,Asia/Novosibirsk,2026-09-03T07:55:34Z
1947,20260611,5,3,90,7:45pm,2026-06-11T12:45:00+00:00,2026-06-11T19:45:00+07:00,,,,Asia/Novosibirsk,2026-09-03T07:55:34Z
1948,20260611,1,1,236,8:00am,2026-06-11T01:00:00+00:00,2026-06-11T08:00:00+07:00,5.5%,,5.6%,Asia/Novosibirsk,2026-09-03T07:55:34Z
1949,20260611,5,3,257,9:30pm,2026-06-11T14:30:00+00:00,2026-06-11T21:30:00+07:00,,,,Asia/Novosibirsk,2026-09-03T07:55:34Z
1950,20260611,9,1,270,9:30pm,2026-06-11T14:30:00+00:00,2026-06-11T21:30:00+07:00,108B,101B,95B,Asia/Novosibirsk,2026-09-03T07:55:34Z
1951,20260611,5,1,98,All Day,,,,,,Asia/Novosibirsk,2026-09-03T07:55:34Z
1952,20260612,7,1,337,11:30am,2026-06-12T04:30:00+00:00,2026-06-12T11:30:00+07:00,0.5%,0.9%,0.8%,Asia/Novosibirsk,2026-09-03T07:55:34Z
1953,20260612,5,1,171,1:00pm,2026-06-12T06:00:00+00:00,2026-06-12T13:00:00+07:00,-0.2%,-0.2%,-0.2%,Asia/Novosibirsk,2026-09-03T07:55:34Z
1954,20260612,6,1,66,1:00pm,2026-06-12T06:00:00+00:00,2026-06-12T13:00:00+07:00,0.1%,-0.7%,1.5%,Asia/Novosibirsk,2026-09-03T07:55:34Z
1955,20260612,6,1,190,1:00pm,2026-06-12T06:00:00+00:00,2026-06-12T13:00:00+07:00,-26.0B,-22.5B,-27.2B,Asia/Novosibirsk,2026-09-03T07:55:34Z
1956,20260612,6,1,210,1:00pm,2026-06-12T06:00:00+00:00,2026-06-12T13:00:00+07:00,0.8%,0.8%,0.8%,Asia/Novosibirsk,2026-09-03T07:55:34Z
1957,20260612,6,1,211,1:00pm,2026-06-12T06:00:00+00:00,2026-06-12T13:00:00+07:00,0.0%,0.1%,-0.2%,Asia/Novosibirsk,2026-09-03T07:55:34Z
1958,20260612,6,1,250,1:00pm,2026-06-12T06:00:00+00:00,2026-06-12T13:00:00+07:00,0.4%,-0.2%,1.2%,Asia/Novosibirsk,2026-09-03T07:55:34Z
1959,20260612,5,1,149,1:45pm,2026-06-12T06:45:00+00:00,2026-06-12T13:45:00+07:00,0.1%,0.1%,0.1%,Asia/Novosibirsk,2026-09-03T07:55:34Z
1960,20260612,5,1,220,3:30pm,2026-06-12T08:30:00+00:00,2026-06-12T15:30:00+07:00,5.3%,,5.7%,Asia/Novosibirsk,2026-09-03T07:55:34Z
1961,20260612,6,1,72,3:30pm,2026-06-12T08:30:00+00:00,2026-06-12T15:30:00+07:00,4.0%,,3.2%,Asia/Novosibirsk,2026-09-03T07:55:34Z
1962,20260612,4,1,233,4:00pm,2026-06-12T09:00:00+00:00,2026-06-12T16:00:00+07:00,8.6%,8.6%,8.6%,Asia/Novosibirsk,2026-09-03T07:55:34Z
1963,20260612,4,1,274,4:00pm,2026-06-12T09:00:00+00:00,2026-06-12T16:00:00+07:00,520B,450B,-10B,Asia/Novosibirsk,2026-09-03T07:55:34Z
1964,20260612,8,1,47,5:30am,2026-06-11T22:30:00+00:00,2026-06-12T05:30:00+07:00,49.9,,50.4,Asia/Novosibirsk,2026-09-03T07:55:34Z
1965,20260612,8,1,376,5:45am,2026-06-11T22:45:00+00:00,2026-06-12T05:45:00+07:00,2.3%,,-2.6%,Asia/Novosibirsk,2026-09-03T07:55:34Z
1966,20260612,6,1,50,8:30pm,2026-06-12T13:30:00+00:00,2026-06-12T20:30:00+07:00,-0.4%,,-0.5%,Asia/Novosibirsk,2026-09-03T07:55:34Z
1967,20260612,5,1,169,9:30pm,2026-06-12T14:30:00+00:00,2026-06-12T21:30:00+07:00,,,,Asia/Novosibirsk,2026-09-03T07:55:34Z
1968,20260612,5,1,91,All Day,,,,,,Asia/Novosibirsk,2026-09-03T07:55:34Z
1969,20260612,9,2,304,All Day,,,4.6%,,4.8%,Asia/Novosibirsk,2026-09-03T07:55:34Z
1970,20260615,7,1,366,11:30am,2026-06-15T04:30:00+00:00,2026-06-15T11:30:00+07:00,1.3%,0.5%,-0.6%,Asia/Novosibirsk,2026-09-03T07:55:34Z
1971,20260615,5,1,186,1:00pm,2026-06-15T06:00:00+00:00,2026-06-15T13:00:00+07:00,-0.6%,0.8%,2.0%,Asia/Novosibirsk,2026-09-03T07:55:34Z
1972,20260615,3,1,286,1:30pm,2026-06-15T06:30:00+00:00,2026-06-15T13:30:00+07:00,-0.4%,0.4%,0.8%,Asia/Novosibirsk,2026-09-03T07:55:34Z
1973,20260615,3,1,345,2:00pm,2026-06-15T07:00:00+00:00,2026-06-15T14:00:00+07:00,-38,-38,-40,Asia/Novosibirsk,2026-09-03T07:55:34Z
1974,20260615,5,1,169,2:00pm,2026-06-15T07:00:00+00:00,2026-06-15T14:00:00+07:00,,,,Asia/Novosibirsk,2026-09-03T07:55:34Z
1975,20260615,5,1,223,3:00pm,2026-06-15T08:00:00+00:00,2026-06-15T15:00:00+07:00,4.29B,5.19B,4.81B,Asia/Novosibirsk,2026-09-03T07:55:34Z
1976,20260615,5,1,211,4:00pm,2026-06-15T09:00:00+00:00,2026-06-15T16:00:00+07:00,0.1%,0.2%,0.4%,Asia/Novosibirsk,2026-09-03T07:55:34Z
1977,20260615,5,1,368,4:00pm,2026-06-15T09:00:00+00:00,2026-06-15T16:00:00+07:00,1.3B,7.8B,0.6B,Asia/Novosibirsk,2026-09-03T07:55:34Z
1978,20260615,6,1,343,6:01am,2026-06-14T23:01:00+00:00,2026-06-15T06:01:00+07:00,-0.6%,,1.2%,Asia/Novosibirsk,2026-09-03T07:55:34Z
1979,20260615,2,1,202,7:15pm,2026-06-15T12:15:00+00:00,2026-06-15T19:15:00+07:00,261K,255K,278K,Asia/Novosibirsk,2026-09-03T07:55:34Z
1980,20260615,2,1,251,7:30pm,2026-06-15T12:30:00+00:00,2026-06-15T19:30:00+07:00,4.2%,4.4%,3.4%,Asia/Novosibirsk,2026-09-03T07:55:34Z
1981,20260615,2,1,378,7:30pm,2026-06-15T12:30:00+00:00,2026-06-15T19:30:00+07:00,0.6%,0.2%,1.6%,Asia/Novosibirsk,2026-09-03T07:55:34Z
1982,20260615,9,1,94,7:30pm,2026-06-15T12:30:00+00:00,2026-06-15T19:30:00+07:00,5.7,13.2,19.6,Asia/Novosibirsk,2026-09-03T07:55:34Z
1983,20260615,9,1,56,8:15pm,2026-06-15T13:15:00+00:00,2026-06-15T20:15:00+07:00,76.2%,76.2%,76.1%,Asia/Novosibirsk,2026-09-03T07:55:34Z
1984,20260615,9,1,211,8:15pm,2026-06-15T13:15:00+00:00,2026-06-15T20:15:00+07:00,0.1%,0.3%,0.9%,Asia/Novosibirsk,2026-09-03T07:55:34Z
1985,20260615,9,1,263,9:00pm,2026-06-15T14:00:00+00:00,2026-06-15T21:00:00+07:00,35,36,37,Asia/Novosibirsk,2026-09-03T07:55:34Z
1986,20260616,8,1,165,10:14pm,2026-06-16T15:14:00+00:00,2026-06-16T22:14:00+07:00,-2.8%,,-0.6%,Asia/Novosibirsk,2026-09-03T07:55:34Z
1987,20260616,1,3,58,11:30am,2026-06-16T04:30:00+00:00,2026-06-16T11:30:00+07:00,4.35%,4.35%,4.35%,Asia/Novosibirsk,2026-09-03T07:55:34Z
1988,20260616,1,3,320,11:30am,2026-06-16T04:30:00+00:00,2026-06-16T11:30:00+07:00,,,,Asia/Novosibirsk,2026-09-03T07:55:34Z
1989,20260616,1,3,319,12:30pm,2026-06-16T05:30:00+00:00,2026-06-16T12:30:00+07:00,,,,Asia/Novosibirsk,2026-09-03T07:55:34Z
1990,20260616,7,3,33,1:30pm,2026-06-16T06:30:00+00:00,2026-06-16T13:30:00+07:00,,,,Asia/Novosibirsk,2026-09-03T07:55:34Z
1991,20260616,5,1,187,4:00pm,2026-06-16T09:00:00+00:00,2026-06-16T16:00:00+07:00,10.5,-5.8,-10.2,Asia/Novosibirsk,2026-09-03T07:55:34Z
1992,20260616,5,1,379,4:00pm,2026-06-16T09:00:00+00:00,2026-06-16T16:00:00+07:00,9.5,-7.2,-9.1,Asia/Novosibirsk,2026-09-03T07:55:34Z
1993,20260616,6,1,2,4:02pm,2026-06-16T09:02:00+00:00,2026-06-16T16:02:00+07:00,4.86|3.5,,4.98|3.6,Asia/Novosibirsk,2026-09-03T07:55:34Z
1994,20260616,9,1,6,7:15pm,2026-06-16T12:15:00+00:00,2026-06-16T19:15:00+07:00,25.5K,,29.0K,Asia/Novosibirsk,2026-09-03T07:55:34Z
1995,20260616,2,1,146,7:30pm,2026-06-16T12:30:00+00:00,2026-06-16T19:30:00+07:00,46.91B,8.16B,4.40B,Asia/Novosibirsk,2026-09-03T07:55:34Z
1996,20260616,9,1,44,7:30pm,2026-06-16T12:30:00+00:00,2026-06-16T19:30:00+07:00,1.41M,1.42M,1.42M,Asia/Novosibirsk,2026-09-03T07:55:34Z
1997,20260616,9,1,202,7:30pm,2026-06-16T12:30:00+00:00,2026-06-16T19:30:00+07:00,1.18M,1.43M,1.39M,Asia/Novosibirsk,2026-09-03T07:55:34Z
1998,20260616,9,1,208,7:30pm,2026-06-16T12:30:00+00:00,2026-06-16T19:30:00+07:00,1.9%,0.9%,2.0%,Asia/Novosibirsk,2026-09-03T07:55:34Z
1999,20260616,7,3,257,7:45pm,2026-06-16T12:45:00+00:00,2026-06-16T19:45:00+07:00,,,,Asia/Novosibirsk,2026-09-03T07:55:34Z
2000,20260616,4,1,272,8:30am,2026-06-16T01:30:00+00:00,2026-06-16T08:30:00+07:00,-0.20%,,-0.19%,Asia/Novosibirsk,2026-09-03T07:55:34Z
2001,20260616,4,1,139,9:00am,2026-06-16T02:00:00+00:00,2026-06-16T09:00:00+07:00,-4.1%,-2.3%,-1.6%,Asia/Novosibirsk,2026-09-03T07:55:34Z
2002,20260616,4,1,212,9:00am,2026-06-16T02:00:00+00:00,2026-06-16T09:00:00+07:00,4.5%,4.4%,4.1%,Asia/Novosibirsk,2026-09-03T07:55:34Z
2003,20260616,4,1,264,9:00am,2026-06-16T02:00:00+00:00,2026-06-16T09:00:00+07:00,,,,Asia/Novosibirsk,2026-09-03T07:55:34Z
2004,20260616,4,1,334,9:00am,2026-06-16T02:00:00+00:00,2026-06-16T09:00:00+07:00,-0.6%,-0.3%,0.2%,Asia/Novosibirsk,2026-09-03T07:55:34Z
2005,20260616,4,1,375,9:00am,2026-06-16T02:00:00+00:00,2026-06-16T09:00:00+07:00,5.1%,5.2%,5.2%,Asia/Novosibirsk,2026-09-03T07:55:34Z
2006,20260617,6,1,75,1:00pm,2026-06-17T06:00:00+00:00,2026-06-17T13:00:00+07:00,2.6%,2.7%,2.5%,Asia/Novosibirsk,2026-09-03T07:55:34Z
2007,20260617,6,1,282,1:00pm,2026-06-17T06:00:00+00:00,2026-06-17T13:00:00+07:00,0.2%,0.5%,2.6%,Asia/Novosibirsk,2026-09-03T07:55:34Z
2008,20260617,6,1,284,1:00pm,2026-06-17T06:00:00+00:00,2026-06-17T13:00:00+07:00,0.5%,0.5%,1.5%,Asia/Novosibirsk,2026-09-03T07:55:34Z
2009,20260617,6,1,329,1:00pm,2026-06-17T06:00:00+00:00,2026-06-17T13:00:00+07:00,3.1%,3.3%,3.0%,Asia/Novosibirsk,2026-09-03T07:55:34Z
2010,20260617,6,1,198,3:30pm,2026-06-17T08:30:00+00:00,2026-06-17T15:30:00+07:00,3.8%,2.8%,0.0%,Asia/Novosibirsk,2026-09-03T07:55:34Z
2011,20260617,8,1,377,4:00am,2026-06-16T21:00:00+00:00,2026-06-17T04:00:00+07:00,80.4,,94.7,Asia/Novosibirsk,2026-09-03T07:55:34Z
2012,20260617,5,1,130,4:00pm,2026-06-17T09:00:00+00:00,2026-06-17T16:00:00+07:00,3.2%,3.2%,3.2%,Asia/Novosibirsk,2026-09-03T07:55:34Z
2013,20260617,5,1,131,4:00pm,2026-06-17T09:00:00+00:00,2026-06-17T16:00:00+07:00,2.6%,2.5%,2.5%,Asia/Novosibirsk,2026-09-03T07:55:34Z
2014,20260617,8,1,84,5:45am,2026-06-16T22:45:00+00:00,2026-06-17T05:45:00+07:00,-1.01B,-1.01B,-5.64B,Asia/Novosibirsk,2026-09-03T07:55:34Z
2015,20260617,7,1,77,6:50am,2026-06-16T23:50:00+00:00,2026-06-17T06:50:00+07:00,8.7%,1.2%,-9.4%,Asia/Novosibirsk,2026-09-03T07:55:34Z
2016,20260617,7,1,368,6:50am,2026-06-16T23:50:00+00:00,2026-06-17T06:50:00+07:00,-0.09T,-0.21T,0.20T,Asia/Novosibirsk,2026-09-03T07:55:34Z
2017,20260617,1,1,238,7:30am,2026-06-17T00:30:00+00:00,2026-06-17T07:30:00+07:00,0.0%,,0.1%,Asia/Novosibirsk,2026-09-03T07:55:34Z
2018,20260617,2,1,266,7:30pm,2026-06-17T12:30:00+00:00,2026-06-17T19:30:00+07:00,-0.3%,-0.1%,-0.4%,Asia/Novosibirsk,2026-09-03T07:55:34Z
2019,20260617,9,2,80,7:30pm,2026-06-17T12:30:00+00:00,2026-06-17T19:30:00+07:00,0.8%,0.6%,0.7%,Asia/Novosibirsk,2026-09-03T07:55:34Z
2020,20260617,9,2,332,7:30pm,2026-06-17T12:30:00+00:00,2026-06-17T19:30:00+07:00,0.9%,0.5%,0.4%,Asia/Novosibirsk,2026-09-03T07:55:34Z
2021,20260617,1,1,312,8:30am,2026-06-17T01:30:00+00:00,2026-06-17T08:30:00+07:00,,,,Asia/Novosibirsk,2026-09-03T07:55:34Z
2022,20260617,9,1,46,9:00pm,2026-06-17T14:00:00+00:00,2026-06-17T21:00:00+07:00,0.5%,0.5%,1.0%,Asia/Novosibirsk,2026-09-03T07:55:34Z
2023,20260617,9,1,289,9:00pm,2026-06-17T14:00:00+00:00,2026-06-17T21:00:00+07:00,3.8%,0.8%,0.3%,Asia/Novosibirsk,2026-09-03T07:55:34Z
2024,20260617,9,1,83,9:30pm,2026-06-17T14:30:00+00:00,2026-06-17T21:30:00+07:00,-8.3M,-3.6M,-7.2M,Asia/Novosibirsk,2026-09-03T07:55:34Z
2025,20260617,9,2,306,9:45pm,2026-06-17T14:45:00+00:00,2026-06-17T21:45:00+07:00,,,,Asia/Novosibirsk,2026-09-03T07:55:34Z
2026,20260618,6,3,61,1:00pm,2026-06-18T06:00:00+00:00,2026-06-18T13:00:00+07:00,31.2K,25.8K,8.3K,Asia/Novosibirsk,2026-09-03T07:55:34Z
2027,20260618,9,3,120,1:30am,2026-06-17T18:30:00+00:00,2026-06-18T01:30:00+07:00,,,,Asia/Novosibirsk,2026-09-03T07:55:34Z
2028,20260618,9,3,100,1:30pm,2026-06-18T06:30:00+00:00,2026-06-18T13:30:00+07:00,,,,Asia/Novosibirsk,2026-09-03T07:55:34Z
2029,20260618,9,3,121,1:30pm,2026-06-18T06:30:00+00:00,2026-06-18T13:30:00+07:00,,,,Asia/Novosibirsk,2026-09-03T07:55:34Z
2030,20260618,3,1,346,2:00pm,2026-06-18T07:00:00+00:00,2026-06-18T14:00:00+07:00,,,,Asia/Novosibirsk,2026-09-03T07:55:34Z
2031,20260618,5,1,169,2:00pm,2026-06-18T07:00:00+00:00,2026-06-18T14:00:00+07:00,,,,Asia/Novosibirsk,2026-09-03T07:55:34Z
2032,20260618,3,3,349,2:30pm,2026-06-18T07:30:00+00:00,2026-06-18T14:30:00+07:00,,,,Asia/Novosibirsk,2026-09-03T07:55:34Z
2033,20260618,3,3,350,2:30pm,2026-06-18T07:30:00+00:00,2026-06-18T14:30:00+07:00,0.00%,0.00%,0.00%,Asia/Novosibirsk,2026-09-03T07:55:34Z
2034,20260618,3,3,351,3:00pm,2026-06-18T08:00:00+00:00,2026-06-18T15:00:00+07:00,,,,Asia/Novosibirsk,2026-09-03T07:55:34Z
2035,20260618,5,1,84,3:00pm,2026-06-18T08:00:00+00:00,2026-06-18T15:00:00+07:00,15.7B,18.5B,14.9B,Asia/Novosibirsk,2026-09-03T07:55:34Z
2036,20260618,5,1,355,3:36pm,2026-06-18T08:36:00+00:00,2026-06-18T15:36:00+07:00,3.38|1.9,,3.39|2.1,Asia/Novosibirsk,2026-09-03T07:55:34Z
2037,20260618,5,1,168,5:00pm,2026-06-18T10:00:00+00:00,2026-06-18T17:00:00+07:00,,,,Asia/Novosibirsk,2026-09-03T07:55:34Z
2038,20260618,8,3,163,5:45am,2026-06-17T22:45:00+00:00,2026-06-18T05:45:00+07:00,0.8%,0.8%,0.5%,Asia/Novosibirsk,2026-09-03T07:55:34Z
2039,20260618,6,3,247,6:00pm,2026-06-18T11:00:00+00:00,2026-06-18T18:00:00+07:00,2-0-7,1-0-8,1-0-8,Asia/Novosibirsk,2026-09-03T07:55:34Z
2040,20260618,6,3,258,6:00pm,2026-06-18T11:00:00+00:00,2026-06-18T18:00:00+07:00,,,,Asia/Novosibirsk,2026-09-03T07:55:34Z
2041,20260618,6,3,277,6:00pm,2026-06-18T11:00:00+00:00,2026-06-18T18:00:00+07:00,3.75%,3.75%,3.75%,Asia/Novosibirsk,2026-09-03T07:55:34Z
2042,20260618,2,1,204,7:30pm,2026-06-18T12:30:00+00:00,2026-06-18T19:30:00+07:00,1.2%,1.3%,1.6%,Asia/Novosibirsk,2026-09-03T07:55:34Z
2043,20260618,2,1,328,7:30pm,2026-06-18T12:30:00+00:00,2026-06-18T19:30:00+07:00,0.7%,1.1%,2.6%,Asia/Novosibirsk,2026-09-03T07:55:34Z
2044,20260618,9,2,292,7:30pm,2026-06-18T12:30:00+00:00,2026-06-18T19:30:00+07:00,10.3,9.8,-0.4,Asia/Novosibirsk,2026-09-03T07:55:34Z
2045,20260618,9,2,374,7:30pm,2026-06-18T12:30:00+00:00,2026-06-18T19:30:00+07:00,226K,225K,230K,Asia/Novosibirsk,2026-09-03T07:55:34Z
2046,20260618,9,1,50,9:00pm,2026-06-18T14:00:00+00:00,2026-06-18T21:00:00+07:00,0.1%,0.1%,0.2%,Asia/Novosibirsk,2026-09-03T07:55:34Z
2047,20260618,9,1,270,9:30pm,2026-06-18T14:30:00+00:00,2026-06-18T21:30:00+07:00,73B,82B,108B,Asia/Novosibirsk,2026-09-03T07:55:34Z
2048,20260619,5,1,180,1:00pm,2026-06-19T06:00:00+00:00,2026-06-19T13:00:00+07:00,0.3%,0.7%,1.2%,Asia/Novosibirsk,2026-09-03T07:55:34Z
2049,20260619,6,1,310,1:00pm,2026-06-19T06:00:00+00:00,2026-06-19T13:00:00+07:00,23.3B,19.0B,23.0B,Asia/Novosibirsk,2026-09-03T07:55:34Z
2050,20260619,8,1,368,5:45am,2026-06-18T22:45:00+00:00,2026-06-19T05:45:00+07:00,800M,875M,1598M,Asia/Novosibirsk,2026-09-03T07:55:34Z
2051,20260619,6,1,189,6:01am,2026-06-18T23:01:00+00:00,2026-06-19T06:01:00+07:00,-23,-23,-23,Asia/Novosibirsk,2026-09-03T07:55:34Z
2052,20260619,7,1,268,6:30am,2026-06-18T23:30:00+00:00,2026-06-19T06:30:00+07:00,1.4%,1.4%,1.4%,Asia/Novosibirsk,2026-09-03T07:55:34Z
2053,20260619,7,1,255,6:50am,2026-06-18T23:50:00+00:00,2026-06-19T06:50:00+07:00,,,,Asia/Novosibirsk,2026-09-03T07:55:34Z
2054,20260619,2,1,80,7:30pm,2026-06-19T12:30:00+00:00,2026-06-19T19:30:00+07:00,0.1%,0.8%,1.2%,Asia/Novosibirsk,2026-09-03T07:55:34Z
2055,20260619,2,1,332,7:30pm,2026-06-19T12:30:00+00:00,2026-06-19T19:30:00+07:00,0.5%,0.6%,0.9%,Asia/Novosibirsk,2026-09-03T07:55:34Z
2056,20260619,1,1,50,9:30pm,2026-06-19T14:30:00+00:00,2026-06-19T21:30:00+07:00,0.3%,,-0.7%,Asia/Novosibirsk,2026-09-03T07:55:34Z
2057,20260622,8,1,82,10:00am,2026-06-22T03:00:00+00:00,2026-06-22T10:00:00+07:00,5.1%,,3.1%,Asia/Novosibirsk,2026-09-03T07:55:34Z
2058,20260622,5,2,89,10:25pm,2026-06-22T15:25:00+00:00,2026-06-22T22:25:00+07:00,,,,Asia/Novosibirsk,2026-09-03T07:55:34Z
2059,20260622,4,1,145,4:06pm,2026-06-22T09:06:00+00:00,2026-06-22T16:06:00+07:00,-8.6%,,-10.3%,Asia/Novosibirsk,2026-09-03T07:55:34Z
2060,20260622,2,3,253,6:00pm,2026-06-22T11:00:00+00:00,2026-06-22T18:00:00+07:00,2.1%,2.1%,2.1%,Asia/Novosibirsk,2026-09-03T07:55:34Z
2061,20260622,2,3,370,6:00pm,2026-06-22T11:00:00+00:00,2026-06-22T18:00:00+07:00,2.0%,2.0%,2.0%,Asia/Novosibirsk,2026-09-03T07:55:34Z
2062,20260622,5,1,169,6:00pm,2026-06-22T11:00:00+00:00,2026-06-22T18:00:00+07:00,,,,Asia/Novosibirsk,2026-09-03T07:55:34Z
2063,20260622,2,1,74,7:30pm,2026-06-22T12:30:00+00:00,2026-06-22T19:30:00+07:00,0.6%,,0.2%,Asia/Novosibirsk,2026-09-03T07:55:34Z
2064,20260622,5,2,89,8:00pm,2026-06-22T13:00:00+00:00,2026-06-22T20:00:00+07:00,,,,Asia/Novosibirsk,2026-09-03T07:55:34Z
2065,20260622,9,1,118,8:00pm,2026-06-22T13:00:00+00:00,2026-06-22T20:00:00+07:00,,,,Asia/Novosibirsk,2026-09-03T07:55:34Z
2066,20260622,5,1,70,9:04pm,2026-06-22T14:04:00+00:00,2026-06-22T21:04:00+07:00,-18,-18,-19,Asia/Novosibirsk,2026-09-03T07:55:34Z
2067,20260622,4,1,4,9:30pm,2026-06-22T14:30:00+00:00,2026-06-22T21:30:00+07:00,3.50%,3.50%,3.50%,Asia/Novosibirsk,2026-09-03T07:55:34Z
2068,20260623,5,2,155,10:25pm,2026-06-23T15:25:00+00:00,2026-06-23T22:25:00+07:00,47.4,45.9,44.3,Asia/Novosibirsk,2026-09-03T07:55:34Z
2069,20260623,7,1,29,12:00pm,2026-06-23T05:00:00+00:00,2026-06-23T12:00:00+07:00,1.4%,1.5%,1.4%,Asia/Novosibirsk,2026-09-03T07:55:34Z
2070,20260623,5,2,175,2:30pm,2026-06-23T07:30:00+00:00,2026-06-23T14:30:00+07:00,50.0,50.3,50.1,Asia/Novosibirsk,2026-09-03T07:55:34Z
2071,20260623,5,2,176,2:30pm,2026-06-23T07:30:00+00:00,2026-06-23T14:30:00+07:00,46.8,49.0,48.1,Asia/Novosibirsk,2026-09-03T07:55:34Z
2072,20260623,5,1,142,3:00pm,2026-06-23T08:00:00+00:00,2026-06-23T15:00:00+07:00,51.3,51.6,51.6,Asia/Novosibirsk,2026-09-03T07:55:34Z
2073,20260623,5,1,143,3:00pm,2026-06-23T08:00:00+00:00,2026-06-23T15:00:00+07:00,48.9,48.6,47.7,Asia/Novosibirsk,2026-09-03T07:55:34Z
2074,20260623,6,2,142,3:30pm,2026-06-23T08:30:00+00:00,2026-06-23T15:30:00+07:00,53.1,53.5,53.9,Asia/Novosibirsk,2026-09-03T07:55:34Z
2075,20260623,6,2,143,3:30pm,2026-06-23T08:30:00+00:00,2026-06-23T15:30:00+07:00,48.7,50.1,49.3,Asia/Novosibirsk,2026-09-03T07:55:34Z
2076,20260623,6,1,239,3:55pm,2026-06-23T08:55:00+00:00,2026-06-23T15:55:00+07:00,,,,Asia/Novosibirsk,2026-09-03T07:55:34Z
2077,20260623,6,1,51,5:00pm,2026-06-23T10:00:00+00:00,2026-06-23T17:00:00+07:00,-45,-33,-41,Asia/Novosibirsk,2026-09-03T07:55:34Z
2078,20260623,1,1,142,6:00am,2026-06-22T23:00:00+00:00,2026-06-23T06:00:00+07:00,51.2,,50.7,Asia/Novosibirsk,2026-09-03T07:55:34Z
2079,20260623,1,1,143,6:00am,2026-06-22T23:00:00+00:00,2026-06-23T06:00:00+07:00,49.9,,48.7,Asia/Novosibirsk,2026-09-03T07:55:34Z
2080,20260623,9,1,6,7:15pm,2026-06-23T12:15:00+00:00,2026-06-23T19:15:00+07:00,30.8K,,26.5K,Asia/Novosibirsk,2026-09-03T07:55:34Z
2081,20260623,7,1,142,7:30am,2026-06-23T00:30:00+00:00,2026-06-23T07:30:00+07:00,54.9,54.5,54.5,Asia/Novosibirsk,2026-09-03T07:55:34Z
2082,20260623,6,1,246,8:15pm,2026-06-23T13:15:00+00:00,2026-06-23T20:15:00+07:00,,,,Asia/Novosibirsk,2026-09-03T07:55:34Z
2083,20260623,2,2,19,8:25pm,2026-06-23T13:25:00+00:00,2026-06-23T20:25:00+07:00,,,,Asia/Novosibirsk,2026-09-03T07:55:34Z
2084,20260623,9,2,142,8:45pm,2026-06-23T13:45:00+00:00,2026-06-23T20:45:00+07:00,55.7,54.6,55.1,Asia/Novosibirsk,2026-09-03T07:55:34Z
2085,20260623,9,2,143,8:45pm,2026-06-23T13:45:00+00:00,2026-06-23T20:45:00+07:00,51.3,51.1,50.7,Asia/Novosibirsk,2026-09-03T07:55:34Z
2086,20260623,9,1,342,9:00pm,2026-06-23T14:00:00+00:00,2026-06-23T21:00:00+07:00,4,8,13,Asia/Novosibirsk,2026-09-03T07:55:34Z
2087,20260624,6,1,240,10:00pm,2026-06-24T15:00:00+00:00,2026-06-24T22:00:00+07:00,,,,Asia/Novosibirsk,2026-09-03T07:55:34Z
2088,20260624,6,1,244,11:30pm,2026-06-24T16:30:00+00:00,2026-06-24T23:30:00+07:00,,,,Asia/Novosibirsk,2026-09-03T07:55:34Z
2089,20260624,1,1,315,1:30pm,2026-06-24T06:30:00+00:00,2026-06-24T13:30:00+07:00,,,,Asia/Novosibirsk,2026-09-03T07:55:34Z
2090,20260624,3,1,191,2:00pm,2026-06-24T07:00:00+00:00,2026-06-24T14:00:00+07:00,,,,Asia/Novosibirsk,2026-09-03T07:55:34Z
2091,20260624,3,1,372,3:00pm,2026-06-24T08:00:00+00:00,2026-06-24T15:00:00+07:00,-25.0,,-11.1,Asia/Novosibirsk,2026-09-03T07:55:34Z
2092,20260624,5,1,188,3:00pm,2026-06-24T08:00:00+00:00,2026-06-24T15:00:00+07:00,85.6,85.6,85.0,Asia/Novosibirsk,2026-09-03T07:55:34Z
2093,20260624,9,1,10,3:30am,2026-06-23T20:30:00+00:00,2026-06-24T03:30:00+07:00,,,,Asia/Novosibirsk,2026-09-03T07:55:34Z
2094,20260624,5,1,169,4:00pm,2026-06-24T09:00:00+00:00,2026-06-24T16:00:00+07:00,,,,Asia/Novosibirsk,2026-09-03T07:55:34Z
2095,20260624,5,1,166,4:40pm,2026-06-24T09:40:00+00:00,2026-06-24T16:40:00+07:00,2.96|1.7,,3.06|1.7,Asia/Novosibirsk,2026-09-03T07:55:34Z
2096,20260624,1,3,55,6:00pm,2026-06-24T11:00:00+00:00,2026-06-24T18:00:00+07:00,4.0%,4.3%,4.2%,Asia/Novosibirsk,2026-09-03T07:55:34Z
2097,20260624,1,3,371,6:00pm,2026-06-24T11:00:00+00:00,2026-06-24T18:00:00+07:00,0.4%,0.3%,0.3%,Asia/Novosibirsk,2026-09-03T07:55:34Z
2098,20260624,2,1,195,6:15pm,2026-06-24T11:15:00+00:00,2026-06-24T18:15:00+07:00,,,,Asia/Novosibirsk,2026-09-03T07:55:34Z
2099,20260624,6,1,239,6:15pm,2026-06-24T11:15:00+00:00,2026-06-24T18:15:00+07:00,,,,Asia/Novosibirsk,2026-09-03T07:55:34Z
2100,20260624,7,1,34,6:50am,2026-06-23T23:50:00+00:00,2026-06-24T06:50:00+07:00,,,,Asia/Novosibirsk,2026-09-03T07:55:34Z
2101,20260624,7,1,353,6:50am,2026-06-23T23:50:00+00:00,2026-06-24T06:50:00+07:00,3.3%,3.3%,3.3%,Asia/Novosibirsk,2026-09-03T07:55:34Z
2102,20260624,9,1,84,7:30pm,2026-06-24T12:30:00+00:00,2026-06-24T19:30:00+07:00,-227B,-212B,-221B,Asia/Novosibirsk,2026-09-03T07:55:34Z
2103,20260624,5,1,41,7:38pm,2026-06-24T12:38:00+00:00,2026-06-24T19:38:00+07:00,-12.4,-12.0,-13.3,Asia/Novosibirsk,2026-09-03T07:55:34Z
2104,20260624,3,1,352,8:00pm,2026-06-24T13:00:00+00:00,2026-06-24T20:00:00+07:00,,,,Asia/Novosibirsk,2026-09-03T07:55:34Z
2105,20260624,9,1,273,9:00pm,2026-06-24T14:00:00+00:00,2026-06-24T21:00:00+07:00,580K,638K,626K,Asia/Novosibirsk,2026-09-03T07:55:34Z
2106,20260624,9,1,83,9:30pm,2026-06-24T14:30:00+00:00,2026-06-24T21:30:00+07:00,-6.1M,-3.9M,-8.3M,Asia/Novosibirsk,2026-09-03T07:55:34Z
2107,20260625,1,1,262,10:50am,2026-06-25T03:50:00+00:00,2026-06-25T10:50:00+07:00,-19,,-5,Asia/Novosibirsk,2026-09-03T07:55:34Z
2108,20260625,5,1,177,1:00pm,2026-06-25T06:00:00+00:00,2026-06-25T13:00:00+07:00,-29.2,-27.8,-29.7,Asia/Novosibirsk,2026-09-03T07:55:34Z
2109,20260625,9,1,39,3:00am,2026-06-24T20:00:00+00:00,2026-06-25T03:00:00+07:00,,,,Asia/Novosibirsk,2026-09-03T07:55:34Z
2110,20260625,5,1,86,3:00pm,2026-06-25T08:00:00+00:00,2026-06-25T15:00:00+07:00,,,,Asia/Novosibirsk,2026-09-03T07:55:34Z
2111,20260625,6,1,52,5:00pm,2026-06-25T10:00:00+00:00,2026-06-25T17:00:00+07:00,-54,-41,-46,Asia/Novosibirsk,2026-09-03T07:55:34Z
2112,20260625,1,3,375,6:00pm,2026-06-25T11:00:00+00:00,2026-06-25T18:00:00+07:00,4.4%,4.4%,4.5%,Asia/Novosibirsk,2026-09-03T07:55:34Z
2113,20260625,9,1,76,7:30pm,2026-06-25T12:30:00+00:00,2026-06-25T19:30:00+07:00,1.3%,0.5%,1.4%,Asia/Novosibirsk,2026-09-03T07:55:34Z
2114,20260625,9,3,78,7:30pm,2026-06-25T12:30:00+00:00,2026-06-25T19:30:00+07:00,0.3%,0.3%,0.3%,Asia/Novosibirsk,2026-09-03T07:55:34Z
2115,20260625,9,1,85,7:30pm,2026-06-25T12:30:00+00:00,2026-06-25T19:30:00+07:00,-4.5%,-5.0%,8.0%,Asia/Novosibirsk,2026-09-03T07:55:34Z
2116,20260625,9,2,133,7:30pm,2026-06-25T12:30:00+00:00,2026-06-25T19:30:00+07:00,3.6%,3.5%,3.5%,Asia/Novosibirsk,2026-09-03T07:55:34Z
2117,20260625,9,3,135,7:30pm,2026-06-25T12:30:00+00:00,2026-06-25T19:30:00+07:00,2.1%,1.6%,1.6%,Asia/Novosibirsk,2026-09-03T07:55:34Z
2118,20260625,9,1,290,7:30pm,2026-06-25T12:30:00+00:00,2026-06-25T19:30:00+07:00,0.7%,0.4%,0.0%,Asia/Novosibirsk,2026-09-03T07:55:34Z
2119,20260625,9,1,291,7:30pm,2026-06-25T12:30:00+00:00,2026-06-25T19:30:00+07:00,0.7%,0.6%,0.4%,Asia/Novosibirsk,2026-09-03T07:55:34Z
2120,20260625,9,2,374,7:30pm,2026-06-25T12:30:00+00:00,2026-06-25T19:30:00+07:00,215K,225K,227K,Asia/Novosibirsk,2026-09-03T07:55:34Z
2121,20260625,9,1,105,7:45pm,2026-06-25T12:45:00+00:00,2026-06-25T19:45:00+07:00,,,,Asia/Novosibirsk,2026-09-03T07:55:34Z
2122,20260625,4,1,50,8:04pm,2026-06-25T13:04:00+00:00,2026-06-25T20:04:00+07:00,-0.1%,,-0.9%,Asia/Novosibirsk,2026-09-03T07:55:34Z
2123,20260625,1,1,199,8:30am,2026-06-25T01:30:00+00:00,2026-06-25T08:30:00+07:00,1.3%,0.5%,-1.1%,Asia/Novosibirsk,2026-09-03T07:55:34Z
2124,20260625,9,1,270,9:30pm,2026-06-25T14:30:00+00:00,2026-06-25T21:30:00+07:00,76B,67B,73B,Asia/Novosibirsk,2026-09-03T07:55:34Z
2125,20260626,9,1,112,10:30pm,2026-06-26T15:30:00+00:00,2026-06-26T22:30:00+07:00,,,,Asia/Novosibirsk,2026-09-03T07:55:34Z
2126,20260626,5,1,169,3:30pm,2026-06-26T08:30:00+00:00,2026-06-26T15:30:00+07:00,,,,Asia/Novosibirsk,2026-09-03T07:55:34Z
2127,20260626,5,1,214,4:06pm,2026-06-26T09:06:00+00:00,2026-06-26T16:06:00+07:00,3.63|1.7,,3.77|1.6,Asia/Novosibirsk,2026-09-03T07:55:34Z
2128,20260626,9,1,109,5:30am,2026-06-25T22:30:00+00:00,2026-06-26T05:30:00+07:00,,,,Asia/Novosibirsk,2026-09-03T07:55:34Z
2129,20260626,9,1,190,7:30pm,2026-06-26T12:30:00+00:00,2026-06-26T19:30:00+07:00,-105.8B,-85.0B,-83.0B,Asia/Novosibirsk,2026-09-03T07:55:34Z
2130,20260626,9,1,305,7:30pm,2026-06-26T12:30:00+00:00,2026-06-26T19:30:00+07:00,0.3%,0.3%,0.6%,Asia/Novosibirsk,2026-09-03T07:55:34Z
2131,20260626,9,2,340,9:00pm,2026-06-26T14:00:00+00:00,2026-06-26T21:00:00+07:00,49.5,50.0,48.9,Asia/Novosibirsk,2026-09-03T07:55:34Z
2132,20260626,9,2,341,9:00pm,2026-06-26T14:00:00+00:00,2026-06-26T21:00:00+07:00,4.6%,,4.6%,Asia/Novosibirsk,2026-09-03T07:55:34Z
2133,20260629,6,1,244,12:00pm,2026-06-29T05:00:00+00:00,2026-06-29T12:00:00+07:00,,,,Asia/Novosibirsk,2026-09-03T07:55:34Z
2134,20260629,5,1,356,2:00pm,2026-06-29T07:00:00+00:00,2026-06-29T14:00:00+07:00,3.2%,3.2%,3.2%,Asia/Novosibirsk,2026-09-03T07:55:34Z
2135,20260629,5,1,234,3:00pm,2026-06-29T08:00:00+00:00,2026-06-29T15:00:00+07:00,3.2%,2.7%,2.7%,Asia/Novosibirsk,2026-09-03T07:55:34Z
2136,20260629,5,1,308,3:00pm,2026-06-29T08:00:00+00:00,2026-06-29T15:00:00+07:00,3.1%,2.9%,3.0%,Asia/Novosibirsk,2026-09-03T07:55:34Z
2137,20260629,6,1,235,3:30pm,2026-06-29T08:30:00+00:00,2026-06-29T15:30:00+07:00,0.1%,0.2%,0.2%,Asia/Novosibirsk,2026-09-03T07:55:34Z
2138,20260629,6,1,259,3:30pm,2026-06-29T08:30:00+00:00,2026-06-29T15:30:00+07:00,56K,63K,66K,Asia/Novosibirsk,2026-09-03T07:55:34Z
2139,20260629,6,1,271,3:30pm,2026-06-29T08:30:00+00:00,2026-06-29T15:30:00+07:00,4.6B,6.0B,6.2B,Asia/Novosibirsk,2026-09-03T07:55:34Z
2140,20260629,7,1,334,6:50am,2026-06-28T23:50:00+00:00,2026-06-29T06:50:00+07:00,5.3%,3.1%,2.8%,Asia/Novosibirsk,2026-09-03T07:55:34Z
2141,20260630,7,1,203,12:00pm,2026-06-30T05:00:00+00:00,2026-06-30T12:00:00+07:00,33.9%,31.8%,11.4%,Asia/Novosibirsk,2026-09-03T07:55:34Z
2142,20260630,5,1,178,1:00pm,2026-06-30T06:00:00+00:00,2026-06-30T13:00:00+07:00,0.7%,0.4%,1.2%,Asia/Novosibirsk,2026-09-03T07:55:34Z
2143,20260630,5,1,183,1:00pm,2026-06-30T06:00:00+00:00,2026-06-30T13:00:00+07:00,1.1%,0.0%,-0.4%,Asia/Novosibirsk,2026-09-03T07:55:34Z
2144,20260630,6,1,84,1:00pm,2026-06-30T06:00:00+00:00,2026-06-30T13:00:00+07:00,-22.1B,-22.2B,-27.2B,Asia/Novosibirsk,2026-09-03T07:55:34Z
2145,20260630,6,1,135,1:00pm,2026-06-30T06:00:00+00:00,2026-06-30T13:00:00+07:00,0.6%,0.6%,0.6%,Asia/Novosibirsk,2026-09-03T07:55:34Z
2146,20260630,6,1,335,1:00pm,2026-06-30T06:00:00+00:00,2026-06-30T13:00:00+07:00,0.9%,0.7%,0.7%,Asia/Novosibirsk,2026-09-03T07:55:34Z
2147,20260630,5,1,148,1:45pm,2026-06-30T06:45:00+00:00,2026-06-30T13:45:00+07:00,0.5%,0.2%,-0.5%,Asia/Novosibirsk,2026-09-03T07:55:34Z
2148,20260630,5,1,158,1:45pm,2026-06-30T06:45:00+00:00,2026-06-30T13:45:00+07:00,-0.2%,0.0%,0.1%,Asia/Novosibirsk,2026-09-03T07:55:34Z
2149,20260630,3,1,226,2:00pm,2026-06-30T07:00:00+00:00,2026-06-30T14:00:00+07:00,101.2,99.0,98.6,Asia/Novosibirsk,2026-09-03T07:55:34Z
2150,20260630,5,1,185,2:55pm,2026-06-30T07:55:00+00:00,2026-06-30T14:55:00+07:00,-1K,7K,-12K,Asia/Novosibirsk,2026-09-03T07:55:34Z
2151,20260630,5,1,218,4:00pm,2026-06-30T09:00:00+00:00,2026-06-30T16:00:00+07:00,0.0%,0.2%,0.4%,Asia/Novosibirsk,2026-09-03T07:55:34Z
2152,20260630,6,1,239,5:40pm,2026-06-30T10:40:00+00:00,2026-06-30T17:40:00+07:00,,,,Asia/Novosibirsk,2026-09-03T07:55:34Z
2153,20260630,7,1,375,6:30am,2026-06-29T23:30:00+00:00,2026-06-30T06:30:00+07:00,2.5%,2.5%,2.5%,Asia/Novosibirsk,2026-09-03T07:55:34Z
2154,20260630,7,1,299,6:50am,2026-06-29T23:50:00+00:00,2026-06-30T06:50:00+07:00,0.5%,0.6%,0.5%,Asia/Novosibirsk,2026-09-03T07:55:34Z
2155,20260630,8,1,7,8:00am,2026-06-30T01:00:00+00:00,2026-06-30T08:00:00+07:00,36.6,,10.0,Asia/Novosibirsk,2026-09-03T07:55:34Z
2156,20260630,9,1,197,8:00pm,2026-06-30T13:00:00+00:00,2026-06-30T20:00:00+07:00,-0.1%,0.2%,0.2%,Asia/Novosibirsk,2026-09-03T07:55:34Z
2157,20260630,9,1,344,8:00pm,2026-06-30T13:00:00+00:00,2026-06-30T20:00:00+07:00,1.1%,0.9%,0.9%,Asia/Novosibirsk,2026-09-03T07:55:34Z
2158,20260630,1,1,255,8:30am,2026-06-30T01:30:00+00:00,2026-06-30T08:30:00+07:00,,,,Asia/Novosibirsk,2026-09-03T07:55:34Z
2159,20260630,1,1,309,8:30am,2026-06-30T01:30:00+00:00,2026-06-30T08:30:00+07:00,0.7%,0.6%,0.7%,Asia/Novosibirsk,2026-09-03T07:55:34Z
2160,20260630,4,1,249,8:30am,2026-06-30T01:30:00+00:00,2026-06-30T08:30:00+07:00,50.3,50.1,50.0,Asia/Novosibirsk,2026-09-03T07:55:34Z
2161,20260630,4,1,276,8:30am,2026-06-30T01:30:00+00:00,2026-06-30T08:30:00+07:00,50.2,49.9,50.1,Asia/Novosibirsk,2026-09-03T07:55:34Z
2162,20260630,9,1,60,8:45pm,2026-06-30T13:45:00+00:00,2026-06-30T20:45:00+07:00,56.7,55.7,62.7,Asia/Novosibirsk,2026-09-03T07:55:34Z
2163,20260630,9,2,49,9:00pm,2026-06-30T14:00:00+00:00,2026-06-30T21:00:00+07:00,91.2,94.4,90.6,Asia/Novosibirsk,2026-09-03T07:55:34Z
2164,20260630,9,2,225,9:00pm,2026-06-30T14:00:00+00:00,2026-06-30T21:00:00+07:00,7.59M,7.28M,7.59M,Asia/Novosibirsk,2026-09-03T07:55:34Z
2165,20260630,5,2,181,All Day,,,-0.3%,0.0%,-0.2%,Asia/Novosibirsk,2026-09-03T07:55:34Z
2166,20260701,5,2,53,,,,2.8%,3.0%,3.2%,Asia/Novosibirsk,2026-09-03T07:55:34Z
2167,20260701,9,3,126,,,,,,,Asia/Novosibirsk,2026-09-03T07:55:34Z
2168,20260701,7,1,70,12:00pm,2026-07-01T05:00:00+00:00,2026-07-01T12:00:00+07:00,33.8,34.1,33.6,Asia/Novosibirsk,2026-09-03T07:55:34Z
2169,20260701,6,1,269,1:00pm,2026-07-01T06:00:00+00:00,2026-07-01T13:00:00+07:00,0.0%,0.1%,-0.6%,Asia/Novosibirsk,2026-09-03T07:55:34Z
2170,20260701,1,1,63,1:30pm,2026-07-01T06:30:00+00:00,2026-07-01T13:30:00+07:00,16.9%,,18.5%,Asia/Novosibirsk,2026-09-03T07:55:34Z
2171,20260701,3,1,334,1:30pm,2026-07-01T06:30:00+00:00,2026-07-01T13:30:00+07:00,3.5%,1.8%,1.7%,Asia/Novosibirsk,2026-09-03T07:55:34Z
2172,20260701,5,1,358,2:15pm,2026-07-01T07:15:00+00:00,2026-07-01T14:15:00+07:00,49.7,51.0,51.2,Asia/Novosibirsk,2026-09-03T07:55:34Z
2173,20260701,3,1,249,2:30pm,2026-07-01T07:30:00+00:00,2026-07-01T14:30:00+07:00,54.3,56.4,57.3,Asia/Novosibirsk,2026-09-03T07:55:34Z
2174,20260701,5,1,216,2:45pm,2026-07-01T07:45:00+00:00,2026-07-01T14:45:00+07:00,52.2,52.4,52.9,Asia/Novosibirsk,2026-09-03T07:55:34Z
2175,20260701,5,1,150,2:50pm,2026-07-01T07:50:00+00:00,2026-07-01T14:50:00+07:00,51.2,50.7,50.7,Asia/Novosibirsk,2026-09-03T07:55:34Z
2176,20260701,5,1,173,2:55pm,2026-07-01T07:55:00+00:00,2026-07-01T14:55:00+07:00,50.3,50.0,50.0,Asia/Novosibirsk,2026-09-03T07:55:34Z
2177,20260701,5,1,136,3:00pm,2026-07-01T08:00:00+00:00,2026-07-01T15:00:00+07:00,51.4,51.3,51.3,Asia/Novosibirsk,2026-09-03T07:55:34Z
2178,20260701,6,1,136,3:30pm,2026-07-01T08:30:00+00:00,2026-07-01T15:30:00+07:00,52.5,53.1,53.1,Asia/Novosibirsk,2026-09-03T07:55:34Z
2179,20260701,9,1,59,4:30pm,2026-07-01T09:30:00+00:00,2026-07-01T16:30:00+07:00,-4.5%,,3.4%,Asia/Novosibirsk,2026-09-03T07:55:34Z
2180,20260701,7,1,364,6:50am,2026-06-30T23:50:00+00:00,2026-07-01T06:50:00+07:00,22,16,17,Asia/Novosibirsk,2026-09-03T07:55:34Z
2181,20260701,7,1,365,6:50am,2026-06-30T23:50:00+00:00,2026-07-01T06:50:00+07:00,37,36,36,Asia/Novosibirsk,2026-09-03T07:55:34Z
2182,20260701,9,2,5,7:15pm,2026-07-01T12:15:00+00:00,2026-07-01T19:15:00+07:00,98K,118K,122K,Asia/Novosibirsk,2026-09-03T07:55:34Z
2183,20260701,7,1,136,7:30am,2026-07-01T00:30:00+00:00,2026-07-01T07:30:00+07:00,54.8,54.9,54.9,Asia/Novosibirsk,2026-09-03T07:55:34Z
2184,20260701,2,2,19,8:00pm,2026-07-01T13:00:00+00:00,2026-07-01T20:00:00+07:00,,,,Asia/Novosibirsk,2026-09-03T07:55:34Z
2185,20260701,5,2,89,8:00pm,2026-07-01T13:00:00+00:00,2026-07-01T20:00:00+07:00,,,,Asia/Novosibirsk,2026-09-03T07:55:34Z
2186,20260701,1,1,42,8:30am,2026-07-01T01:30:00+00:00,2026-07-01T08:30:00+07:00,-1.1%,0.5%,-0.2%,Asia/Novosibirsk,2026-09-03T07:55:34Z
2187,20260701,4,1,330,8:45am,2026-07-01T01:45:00+00:00,2026-07-01T08:45:00+07:00,51.7,51.9,51.8,Asia/Novosibirsk,2026-09-03T07:55:34Z
2188,20260701,9,1,136,8:45pm,2026-07-01T13:45:00+00:00,2026-07-01T20:45:00+07:00,53.9,55.7,55.7,Asia/Novosibirsk,2026-09-03T07:55:34Z
2189,20260701,5,2,89,9:00pm,2026-07-01T14:00:00+00:00,2026-07-01T21:00:00+07:00,,,,Asia/Novosibirsk,2026-09-03T07:55:34Z
2190,20260701,9,1,68,9:00pm,2026-07-01T14:00:00+00:00,2026-07-01T21:00:00+07:00,0.1%,0.1%,0.3%,Asia/Novosibirsk,2026-09-03T07:55:34Z
2191,20260701,9,3,205,9:00pm,2026-07-01T14:00:00+00:00,2026-07-01T21:00:00+07:00,53.3,53.8,54.0,Asia/Novosibirsk,2026-09-03T07:55:34Z
2192,20260701,9,2,206,9:00pm,2026-07-01T14:00:00+00:00,2026-07-01T21:00:00+07:00,73.0,77.7,82.1,Asia/Novosibirsk,2026-09-03T07:55:34Z
2193,20260701,9,1,83,9:30pm,2026-07-01T14:30:00+00:00,2026-07-01T21:30:00+07:00,-3.8M,-2.9M,-6.1M,Asia/Novosibirsk,2026-09-03T07:55:34Z
2194,20260701,9,1,279,All Day,,,16.5M,16.1M,16.1M,Asia/Novosibirsk,2026-09-03T07:55:34Z
2195,20260702,7,1,2,10:35am,2026-07-02T03:35:00+00:00,2026-07-02T10:35:00+07:00,2.73|3.1,,2.65|3.5,Asia/Novosibirsk,2026-09-03T07:55:34Z
2196,20260702,6,1,243,10:45pm,2026-07-02T15:45:00+00:00,2026-07-02T22:45:00+07:00,,,,Asia/Novosibirsk,2026-09-03T07:55:34Z
2197,20260702,3,1,348,11:30am,2026-07-02T04:30:00+00:00,2026-07-02T11:30:00+07:00,,,,Asia/Novosibirsk,2026-09-03T07:55:34Z
2198,20260702,3,2,54,1:30pm,2026-07-02T06:30:00+00:00,2026-07-02T13:30:00+07:00,0.0%,0.1%,0.2%,Asia/Novosibirsk,2026-09-03T07:55:34Z
2199,20260702,5,1,156,1:45pm,2026-07-02T06:45:00+00:00,2026-07-02T13:45:00+07:00,-93.3B,,-69.6B,Asia/Novosibirsk,2026-09-03T07:55:34Z
2200,20260702,5,1,360,2:00pm,2026-07-02T07:00:00+00:00,2026-07-02T14:00:00+07:00,-28.7K,-40.8K,-36.3K,Asia/Novosibirsk,2026-09-03T07:55:34Z
2201,20260702,5,1,217,3:00pm,2026-07-02T08:00:00+00:00,2026-07-02T15:00:00+07:00,5.0%,5.1%,5.1%,Asia/Novosibirsk,2026-09-03T07:55:34Z
2202,20260702,6,1,24,3:30pm,2026-07-02T08:30:00+00:00,2026-07-02T15:30:00+07:00,,,,Asia/Novosibirsk,2026-09-03T07:55:34Z
2203,20260702,5,1,355,3:41pm,2026-07-02T08:41:00+00:00,2026-07-02T15:41:00+07:00,3.40|1.8,,3.38|1.9,Asia/Novosibirsk,2026-09-03T07:55:34Z
2204,20260702,5,1,147,3:56pm,2026-07-02T08:56:00+00:00,2026-07-02T15:56:00+07:00,3.68|3.3,,3.80|2.4,Asia/Novosibirsk,2026-09-03T07:55:34Z
2205,20260702,5,1,375,4:00pm,2026-07-02T09:00:00+00:00,2026-07-02T16:00:00+07:00,6.2%,6.3%,6.2%,Asia/Novosibirsk,2026-09-03T07:55:34Z
2206,20260702,6,1,2,4:03pm,2026-07-02T09:03:00+00:00,2026-07-02T16:03:00+07:00,4.93|3.3,,4.86|3.5,Asia/Novosibirsk,2026-09-03T07:55:34Z
2207,20260702,9,1,108,6:45pm,2026-07-02T11:45:00+00:00,2026-07-02T18:45:00+07:00,,,,Asia/Novosibirsk,2026-09-03T07:55:34Z
2208,20260702,7,1,254,6:50am,2026-07-01T23:50:00+00:00,2026-07-02T06:50:00+07:00,-13.7%,-10.0%,-12.2%,Asia/Novosibirsk,2026-09-03T07:55:34Z
2209,20260702,9,2,374,7:30pm,2026-07-02T12:30:00+00:00,2026-07-02T19:30:00+07:00,215K,219K,216K,Asia/Novosibirsk,2026-09-03T07:55:34Z
2210,20260702,1,1,190,8:30am,2026-07-02T01:30:00+00:00,2026-07-02T08:30:00+07:00,-3.02B,2.19B,1.38B,Asia/Novosibirsk,2026-09-03T07:55:34Z
2211,20260702,2,1,249,8:30pm,2026-07-02T13:30:00+00:00,2026-07-02T20:30:00+07:00,53.0,,52.9,Asia/Novosibirsk,2026-09-03T07:55:34Z
2212,20260702,9,1,125,9:00pm,2026-07-02T14:00:00+00:00,2026-07-02T21:00:00+07:00,-1.3%,-1.7%,5.3%,Asia/Novosibirsk,2026-09-03T07:55:34Z
2213,20260702,9,3,275,9:00pm,2026-07-02T14:00:00+00:00,2026-07-02T21:00:00+07:00,57K,114K,129K,Asia/Novosibirsk,2026-09-03T07:55:34Z
2214,20260702,9,3,375,9:00pm,2026-07-02T14:00:00+00:00,2026-07-02T21:00:00+07:00,4.2%,4.3%,4.3%,Asia/Novosibirsk,2026-09-03T07:55:34Z
2215,20260702,9,1,270,9:30pm,2026-07-02T14:30:00+00:00,2026-07-02T21:30:00+07:00,87B,81B,76B,Asia/Novosibirsk,2026-09-03T07:55:34Z
2216,20260703,5,1,169,10:00pm,2026-07-03T15:00:00+00:00,2026-07-03T22:00:00+07:00,,,,Asia/Novosibirsk,2026-09-03T07:55:34Z
2217,20260703,6,2,26,10:00pm,2026-07-03T15:00:00+00:00,2026-07-03T22:00:00+07:00,,,,Asia/Novosibirsk,2026-09-03T07:55:34Z
2218,20260703,5,1,157,1:45pm,2026-07-03T06:45:00+00:00,2026-07-03T13:45:00+07:00,-0.1%,-0.3%,0.3%,Asia/Novosibirsk,2026-09-03T07:55:34Z
2219,20260703,5,1,359,2:15pm,2026-07-03T07:15:00+00:00,2026-07-03T14:15:00+07:00,54.2,51.0,50.1,Asia/Novosibirsk,2026-09-03T07:55:34Z
2220,20260703,5,1,222,2:45pm,2026-07-03T07:45:00+00:00,2026-07-03T14:45:00+07:00,50.2,50.3,49.4,Asia/Novosibirsk,2026-09-03T07:55:34Z
2221,20260703,5,1,152,2:50pm,2026-07-03T07:50:00+00:00,2026-07-03T14:50:00+07:00,46.8,47.4,47.4,Asia/Novosibirsk,2026-09-03T07:55:34Z
2222,20260703,5,1,174,2:55pm,2026-07-03T07:55:00+00:00,2026-07-03T14:55:00+07:00,48.6,46.9,46.8,Asia/Novosibirsk,2026-09-03T07:55:34Z
2223,20260703,5,1,137,3:00pm,2026-07-03T08:00:00+00:00,2026-07-03T15:00:00+07:00,49.4,48.9,48.9,Asia/Novosibirsk,2026-09-03T07:55:34Z
2224,20260703,5,1,221,3:00pm,2026-07-03T08:00:00+00:00,2026-07-03T15:00:00+07:00,0.2%,0.2%,0.0%,Asia/Novosibirsk,2026-09-03T07:55:34Z
2225,20260703,6,1,137,3:30pm,2026-07-03T08:30:00+00:00,2026-07-03T15:30:00+07:00,48.8,48.8,48.7,Asia/Novosibirsk,2026-09-03T07:55:34Z
2226,20260706,8,1,8,10:00pm,2026-07-06T15:00:00+00:00,2026-07-06T22:00:00+07:00,-1.0%,,0.7%,Asia/Novosibirsk,2026-09-03T07:55:34Z
2227,20260706,9,1,118,10:00pm,2026-07-06T15:00:00+00:00,2026-07-06T22:00:00+07:00,,,,Asia/Novosibirsk,2026-09-03T07:55:34Z
2228,20260706,2,1,17,10:30pm,2026-07-06T15:30:00+00:00,2026-07-06T22:30:00+07:00,,,,Asia/Novosibirsk,2026-09-03T07:55:34Z
2229,20260706,5,1,170,1:00pm,2026-07-06T06:00:00+00:00,2026-07-06T13:00:00+07:00,1.9%,1.1%,-3.2%,Asia/Novosibirsk,2026-09-03T07:55:34Z
2230,20260706,3,1,375,2:00pm,2026-07-06T07:00:00+00:00,2026-07-06T14:00:00+07:00,3.1%,3.1%,3.1%,Asia/Novosibirsk,2026-09-03T07:55:34Z
2231,20260706,5,1,354,3:30pm,2026-07-06T08:30:00+00:00,2026-07-06T15:30:00+07:00,-3.1,-8.9,-13.4,Asia/Novosibirsk,2026-09-03T07:55:34Z
2232,20260706,6,1,67,3:30pm,2026-07-06T08:30:00+00:00,2026-07-06T15:30:00+07:00,38.4,40.1,38.2,Asia/Novosibirsk,2026-09-03T07:55:34Z
2233,20260706,6,1,201,3:30pm,2026-07-06T08:30:00+00:00,2026-07-06T15:30:00+07:00,-12.6B,-14.5B,-13.9B,Asia/Novosibirsk,2026-09-03T07:55:34Z
2234,20260706,5,1,286,4:00pm,2026-07-06T09:00:00+00:00,2026-07-06T16:00:00+07:00,0.2%,0.2%,0.7%,Asia/Novosibirsk,2026-09-03T07:55:34Z
2235,20260706,5,1,332,4:00pm,2026-07-06T09:00:00+00:00,2026-07-06T16:00:00+07:00,0.2%,0.2%,-0.3%,Asia/Novosibirsk,2026-09-03T07:55:34Z
2236,20260706,1,1,9,8:30am,2026-07-06T01:30:00+00:00,2026-07-06T08:30:00+07:00,-0.2%,,2.0%,Asia/Novosibirsk,2026-09-03T07:55:34Z
2237,20260706,9,1,137,8:45pm,2026-07-06T13:45:00+00:00,2026-07-06T20:45:00+07:00,51.2,51.4,51.3,Asia/Novosibirsk,2026-09-03T07:55:34Z
2238,20260707,8,1,165,10:16pm,2026-07-07T15:16:00+00:00,2026-07-07T22:16:00+07:00,-4.9%,,-2.8%,Asia/Novosibirsk,2026-09-03T07:55:34Z
2239,20260707,7,1,200,10:30pm,2026-07-07T15:30:00+00:00,2026-07-07T22:30:00+07:00,-0.4%,-2.3%,-0.5%,Asia/Novosibirsk,2026-09-03T07:55:34Z
2240,20260707,7,1,3,10:35am,2026-07-07T03:35:00+00:00,2026-07-07T10:35:00+07:00,3.99|4.6,,3.86|2.9,Asia/Novosibirsk,2026-09-03T07:55:34Z
2241,20260707,7,1,229,12:00pm,2026-07-07T05:00:00+00:00,2026-07-07T12:00:00+07:00,116.8%,116.9%,116.1%,Asia/Novosibirsk,2026-09-03T07:55:34Z
2242,20260707,5,1,179,1:00pm,2026-07-07T06:00:00+00:00,2026-07-07T13:00:00+07:00,0.9%,0.1%,0.2%,Asia/Novosibirsk,2026-09-03T07:55:34Z
2243,20260707,6,1,230,1:03pm,2026-07-07T06:03:00+00:00,2026-07-07T13:03:00+07:00,0.2%,0.1%,-0.2%,Asia/Novosibirsk,2026-09-03T07:55:34Z
2244,20260707,5,1,161,1:45pm,2026-07-07T06:45:00+00:00,2026-07-07T13:45:00+07:00,-6.9B,-5.9B,-5.4B,Asia/Novosibirsk,2026-09-03T07:55:34Z
2245,20260707,3,1,144,2:00pm,2026-07-07T07:00:00+00:00,2026-07-07T14:00:00+07:00,759B,,711B,Asia/Novosibirsk,2026-09-03T07:55:34Z
2246,20260707,6,1,25,4:30pm,2026-07-07T09:30:00+00:00,2026-07-07T16:30:00+07:00,,,,Asia/Novosibirsk,2026-09-03T07:55:34Z
2247,20260707,6,1,122,4:30pm,2026-07-07T09:30:00+00:00,2026-07-07T16:30:00+07:00,,,,Asia/Novosibirsk,2026-09-03T07:55:34Z
2248,20260707,6,1,123,4:30pm,2026-07-07T09:30:00+00:00,2026-07-07T16:30:00+07:00,,,,Asia/Novosibirsk,2026-09-03T07:55:34Z
2249,20260707,9,1,105,6:00pm,2026-07-07T11:00:00+00:00,2026-07-07T18:00:00+07:00,,,,Asia/Novosibirsk,2026-09-03T07:55:34Z
2250,20260707,9,1,6,7:15pm,2026-07-07T12:15:00+00:00,2026-07-07T19:15:00+07:00,21.0K,,24.3K,Asia/Novosibirsk,2026-09-03T07:55:34Z
2251,20260707,2,1,368,7:30pm,2026-07-07T12:30:00+00:00,2026-07-07T19:30:00+07:00,4.2B,2.8B,3.4B,Asia/Novosibirsk,2026-09-03T07:55:34Z
2252,20260707,9,1,368,7:30pm,2026-07-07T12:30:00+00:00,2026-07-07T19:30:00+07:00,-77.6B,-78.3B,-54.6B,Asia/Novosibirsk,2026-09-03T07:55:34Z
2253,20260707,2,2,224,9:00pm,2026-07-07T14:00:00+00:00,2026-07-07T21:00:00+07:00,56.2,59.1,58.2,Asia/Novosibirsk,2026-09-03T07:55:34Z
2254,20260707,9,1,326,9:04pm,2026-07-07T14:04:00+00:00,2026-07-07T21:04:00+07:00,45.5,45.0,42.5,Asia/Novosibirsk,2026-09-03T07:55:34Z
2255,20260707,9,1,6,Jun 13th,,,24.3K,,30.8K,Asia/Novosibirsk,2026-09-03T07:55:34Z
2256,20260708,8,3,324,10:00am,2026-07-08T03:00:00+00:00,2026-07-08T10:00:00+07:00,,,,Asia/Novosibirsk,2026-09-03T07:55:34Z
2257,20260708,7,1,93,12:00pm,2026-07-08T05:00:00+00:00,2026-07-08T12:00:00+07:00,44.0,44.3,43.6,Asia/Novosibirsk,2026-09-03T07:55:34Z
2258,20260708,5,1,166,4:41pm,2026-07-08T09:41:00+00:00,2026-07-08T16:41:00+07:00,3.09|1.0,,2.96|1.7,Asia/Novosibirsk,2026-09-03T07:55:34Z
2259,20260708,5,1,169,6:30pm,2026-07-08T11:30:00+00:00,2026-07-08T18:30:00+07:00,,,,Asia/Novosibirsk,2026-09-03T07:55:34Z
2260,20260708,7,1,38,6:50am,2026-07-07T23:50:00+00:00,2026-07-08T06:50:00+07:00,5.7%,5.8%,5.7%,Asia/Novosibirsk,2026-09-03T07:55:34Z
2261,20260708,7,1,84,6:50am,2026-07-07T23:50:00+00:00,2026-07-08T06:50:00+07:00,3.06T,3.19T,4.21T,Asia/Novosibirsk,2026-09-03T07:55:34Z
2262,20260708,1,1,311,8:00am,2026-07-08T01:00:00+00:00,2026-07-08T08:00:00+07:00,,,,Asia/Novosibirsk,2026-09-03T07:55:34Z
2263,20260708,8,3,325,9:00pm,2026-07-08T14:00:00+00:00,2026-07-08T21:00:00+07:00,,,,Asia/Novosibirsk,2026-09-03T07:55:34Z
2264,20260708,9,1,138,9:00pm,2026-07-08T14:00:00+00:00,2026-07-08T21:00:00+07:00,0.1%,0.3%,0.3%,Asia/Novosibirsk,2026-09-03T07:55:34Z
2265,20260708,9,1,83,9:30pm,2026-07-08T14:30:00+00:00,2026-07-08T21:30:00+07:00,3.0M,-1.9M,-3.8M,Asia/Novosibirsk,2026-09-03T07:55:34Z
2266,20260709,3,1,191,11:00pm,2026-07-09T16:00:00+00:00,2026-07-09T23:00:00+07:00,,,,Asia/Novosibirsk,2026-09-03T07:55:34Z
2267,20260709,5,1,184,1:00pm,2026-07-09T06:00:00+00:00,2026-07-09T13:00:00+07:00,19.1B,14.9B,14.7B,Asia/Novosibirsk,2026-09-03T07:55:34Z
2268,20260709,7,1,300,1:00pm,2026-07-09T06:00:00+00:00,2026-07-09T13:00:00+07:00,52.8%,,37.5%,Asia/Novosibirsk,2026-09-03T07:55:34Z
2269,20260709,9,1,71,2:00am,2026-07-08T19:00:00+00:00,2026-07-09T02:00:00+07:00,-0.2B,16.9B,20.8B,Asia/Novosibirsk,2026-09-03T07:55:34Z
2270,20260709,8,1,47,5:30am,2026-07-08T22:30:00+00:00,2026-07-09T05:30:00+07:00,59.7,,51.3,Asia/Novosibirsk,2026-09-03T07:55:34Z
2271,20260709,6,1,327,6:01am,2026-07-08T23:01:00+00:00,2026-07-09T06:01:00+07:00,-33%,-31%,-34%,Asia/Novosibirsk,2026-09-03T07:55:34Z
2272,20260709,5,1,88,6:30pm,2026-07-09T11:30:00+00:00,2026-07-09T18:30:00+07:00,,,,Asia/Novosibirsk,2026-09-03T07:55:34Z
2273,20260709,7,1,232,6:50am,2026-07-08T23:50:00+00:00,2026-07-09T06:50:00+07:00,2.2%,2.4%,2.4%,Asia/Novosibirsk,2026-09-03T07:55:34Z
2274,20260709,9,1,119,8:00pm,2026-07-09T13:00:00+00:00,2026-07-09T20:00:00+07:00,,,,Asia/Novosibirsk,2026-09-03T07:55:34Z
2275,20260709,4,1,55,8:30am,2026-07-09T01:30:00+00:00,2026-07-09T08:30:00+07:00,1.0%,1.1%,1.2%,Asia/Novosibirsk,2026-09-03T07:55:34Z
2276,20260709,4,1,288,8:30am,2026-07-09T01:30:00+00:00,2026-07-09T08:30:00+07:00,4.1%,4.1%,3.9%,Asia/Novosibirsk,2026-09-03T07:55:34Z
2277,20260709,9,1,99,9:00pm,2026-07-09T14:00:00+00:00,2026-07-09T21:00:00+07:00,4.09M,4.19M,4.19M,Asia/Novosibirsk,2026-09-03T07:55:34Z
2278,20260709,9,1,270,9:30pm,2026-07-09T14:30:00+00:00,2026-07-09T21:30:00+07:00,61B,60B,87B,Asia/Novosibirsk,2026-09-03T07:55:34Z
2279,20260709,5,1,98,All Day,,,,,,Asia/Novosibirsk,2026-09-03T07:55:34Z
2280,20260710,2,3,375,10:00am,2026-07-10T03:00:00+00:00,2026-07-10T10:00:00+07:00,6.5%,6.6%,6.6%,Asia/Novosibirsk,2026-09-03T07:55:34Z
2281,20260710,9,1,128,10:00pm,2026-07-10T15:00:00+00:00,2026-07-10T22:00:00+07:00,,,,Asia/Novosibirsk,2026-09-03T07:55:34Z
2282,20260710,5,1,171,1:00pm,2026-07-10T06:00:00+00:00,2026-07-10T13:00:00+07:00,-0.3%,-0.3%,-0.3%,Asia/Novosibirsk,2026-09-03T07:55:34Z
2283,20260710,5,1,149,1:45pm,2026-07-10T06:45:00+00:00,2026-07-10T13:45:00+07:00,-0.3%,-0.2%,-0.2%,Asia/Novosibirsk,2026-09-03T07:55:34Z
2284,20260710,3,1,345,2:00pm,2026-07-10T07:00:00+00:00,2026-07-10T14:00:00+07:00,-36,-35,-38,Asia/Novosibirsk,2026-09-03T07:55:34Z
2285,20260710,5,1,215,3:00pm,2026-07-10T08:00:00+00:00,2026-07-10T15:00:00+07:00,-0.3%,-0.1%,0.4%,Asia/Novosibirsk,2026-09-03T07:55:34Z
2286,20260710,7,1,288,6:50am,2026-07-09T23:50:00+00:00,2026-07-10T06:50:00+07:00,7.1%,6.8%,6.6%,Asia/Novosibirsk,2026-09-03T07:55:34Z
2287,20260710,2,1,45,7:30pm,2026-07-10T12:30:00+00:00,2026-07-10T19:30:00+07:00,-1.7%,1.0%,-6.6%,Asia/Novosibirsk,2026-09-03T07:55:34Z
2288,20260710,5,1,91,All Day,,,,,,Asia/Novosibirsk,2026-09-03T07:55:34Z
2289,20260713,9,1,118,11:30pm,2026-07-13T16:30:00+00:00,2026-07-13T23:30:00+07:00,,,,Asia/Novosibirsk,2026-09-03T07:55:34Z
2290,20260713,9,1,105,4:25pm,2026-07-13T09:25:00+00:00,2026-07-13T16:25:00+07:00,,,,Asia/Novosibirsk,2026-09-03T07:55:34Z
2291,20260714,9,3,54,10:00am,2026-07-14T03:00:00+00:00,2026-07-14T10:00:00+07:00,-0.4%,-0.1%,0.5%,Asia/Novosibirsk,2026-09-03T07:55:34Z
2292,20260714,9,3,55,10:00am,2026-07-14T03:00:00+00:00,2026-07-14T10:00:00+07:00,3.5%,3.8%,4.2%,Asia/Novosibirsk,2026-09-03T07:55:34Z
2293,20260714,9,3,75,10:00am,2026-07-14T03:00:00+00:00,2026-07-14T10:00:00+07:00,2.6%,2.8%,2.9%,Asia/Novosibirsk,2026-09-03T07:55:34Z
2294,20260714,7,1,337,11:30am,2026-07-14T04:30:00+00:00,2026-07-14T11:30:00+07:00,0.1%,0.5%,0.5%,Asia/Novosibirsk,2026-09-03T07:55:34Z
2295,20260714,9,1,103,11:40pm,2026-07-14T16:40:00+00:00,2026-07-14T23:40:00+07:00,,,,Asia/Novosibirsk,2026-09-03T07:55:34Z
2296,20260714,6,1,244,1:00am,2026-07-13T18:00:00+00:00,2026-07-14T01:00:00+07:00,,,,Asia/Novosibirsk,2026-09-03T07:55:34Z
2297,20260714,5,1,186,1:00pm,2026-07-14T06:00:00+00:00,2026-07-14T13:00:00+07:00,-0.7%,0.5%,-0.6%,Asia/Novosibirsk,2026-09-03T07:55:34Z
2298,20260714,3,1,286,1:30pm,2026-07-14T06:30:00+00:00,2026-07-14T13:30:00+07:00,-0.3%,-0.5%,-0.4%,Asia/Novosibirsk,2026-09-03T07:55:34Z
2299,20260714,8,1,267,5:00am,2026-07-13T22:00:00+00:00,2026-07-14T05:00:00+07:00,8,,-4,Asia/Novosibirsk,2026-09-03T07:55:34Z
2300,20260714,9,1,265,5:00pm,2026-07-14T10:00:00+00:00,2026-07-14T17:00:00+07:00,97.4,95.8,95.3,Asia/Novosibirsk,2026-09-03T07:55:34Z
2301,20260714,8,1,376,5:45am,2026-07-13T22:45:00+00:00,2026-07-14T05:45:00+07:00,-2.4%,,1.8%,Asia/Novosibirsk,2026-09-03T07:55:34Z
2302,20260714,6,1,35,6:01am,2026-07-13T23:01:00+00:00,2026-07-14T06:01:00+07:00,1.7%,2.6%,3.4%,Asia/Novosibirsk,2026-09-03T07:55:34Z
2303,20260714,9,1,6,7:15pm,2026-07-14T12:15:00+00:00,2026-07-14T19:15:00+07:00,19.8K,,21.0K,Asia/Novosibirsk,2026-09-03T07:55:34Z
2304,20260714,1,1,377,7:30am,2026-07-14T00:30:00+00:00,2026-07-14T07:30:00+07:00,4.1%,,-2.9%,Asia/Novosibirsk,2026-09-03T07:55:34Z
2305,20260714,1,1,261,8:30am,2026-07-14T01:30:00+00:00,2026-07-14T08:30:00+07:00,-5,,-14,Asia/Novosibirsk,2026-09-03T07:55:34Z
2306,20260714,6,1,50,8:30pm,2026-07-14T13:30:00+00:00,2026-07-14T20:30:00+07:00,-0.5%,,-0.3%,Asia/Novosibirsk,2026-09-03T07:55:34Z
2307,20260714,9,3,127,9:00pm,2026-07-14T14:00:00+00:00,2026-07-14T21:00:00+07:00,,,,Asia/Novosibirsk,2026-09-03T07:55:34Z
2308,20260714,1,1,50,9:30pm,2026-07-14T14:30:00+00:00,2026-07-14T21:30:00+07:00,0.2%,,0.3%,Asia/Novosibirsk,2026-09-03T07:55:34Z
2309,20260714,4,1,368,9:31am,2026-07-14T02:31:00+00:00,2026-07-14T09:31:00+07:00,859B,810B,724B,Asia/Novosibirsk,2026-09-03T07:55:34Z
2310,20260714,4,1,373,9:31am,2026-07-14T02:31:00+00:00,2026-07-14T09:31:00+07:00,125.6B,119.5B,105.4B,Asia/Novosibirsk,2026-09-03T07:55:34Z
2311,20260715,5,1,169,11:00pm,2026-07-15T16:00:00+00:00,2026-07-15T23:00:00+07:00,,,,Asia/Novosibirsk,2026-09-03T07:55:34Z
2312,20260715,7,1,366,11:30am,2026-07-15T04:30:00+00:00,2026-07-15T11:30:00+07:00,1.1%,0.4%,0.8%,Asia/Novosibirsk,2026-09-03T07:55:34Z
2313,20260715,9,1,105,1:55am,2026-07-14T18:55:00+00:00,2026-07-15T01:55:00+07:00,,,,Asia/Novosibirsk,2026-09-03T07:55:34Z
2314,20260715,4,1,233,2:00pm,2026-07-15T07:00:00+00:00,2026-07-15T14:00:00+07:00,8.0%,8.5%,8.6%,Asia/Novosibirsk,2026-09-03T07:55:34Z
2315,20260715,4,1,274,2:01pm,2026-07-15T07:01:00+00:00,2026-07-15T14:01:00+07:00,1610B,1950B,520B,Asia/Novosibirsk,2026-09-03T07:55:34Z
2316,20260715,9,1,363,3:00am,2026-07-14T20:00:00+00:00,2026-07-15T03:00:00+07:00,232.7B,128.5B,104.8B,Asia/Novosibirsk,2026-09-03T07:55:34Z
2317,20260715,9,1,10,3:30am,2026-07-14T20:30:00+00:00,2026-07-15T03:30:00+07:00,,,,Asia/Novosibirsk,2026-09-03T07:55:34Z
2318,20260715,5,1,211,4:00pm,2026-07-15T09:00:00+00:00,2026-07-15T16:00:00+07:00,-0.2%,0.3%,0.3%,Asia/Novosibirsk,2026-09-03T07:55:34Z
2319,20260715,5,1,167,4:34pm,2026-07-15T09:34:00+00:00,2026-07-15T16:34:00+07:00,3.64|2.9,,3.50|1.8,Asia/Novosibirsk,2026-09-03T07:55:34Z
2320,20260715,6,1,244,5:30pm,2026-07-15T10:30:00+00:00,2026-07-15T17:30:00+07:00,,,,Asia/Novosibirsk,2026-09-03T07:55:34Z
2321,20260715,7,1,77,6:50am,2026-07-14T23:50:00+00:00,2026-07-15T06:50:00+07:00,-12.4%,-4.2%,8.7%,Asia/Novosibirsk,2026-09-03T07:55:34Z
2322,20260715,2,1,251,7:30pm,2026-07-15T12:30:00+00:00,2026-07-15T19:30:00+07:00,1.3%,1.1%,3.9%,Asia/Novosibirsk,2026-09-03T07:55:34Z
2323,20260715,2,1,378,7:30pm,2026-07-15T12:30:00+00:00,2026-07-15T19:30:00+07:00,0.0%,-0.7%,1.4%,Asia/Novosibirsk,2026-09-03T07:55:34Z
2324,20260715,9,3,79,7:30pm,2026-07-15T12:30:00+00:00,2026-07-15T19:30:00+07:00,0.2%,0.3%,0.1%,Asia/Novosibirsk,2026-09-03T07:55:34Z
2325,20260715,9,1,94,7:30pm,2026-07-15T12:30:00+00:00,2026-07-15T19:30:00+07:00,15.6,9.3,5.7,Asia/Novosibirsk,2026-09-03T07:55:34Z
2326,20260715,9,3,286,7:30pm,2026-07-15T12:30:00+00:00,2026-07-15T19:30:00+07:00,-0.3%,0.0%,0.6%,Asia/Novosibirsk,2026-09-03T07:55:34Z
2327,20260715,9,1,119,7:45pm,2026-07-15T12:45:00+00:00,2026-07-15T19:45:00+07:00,,,,Asia/Novosibirsk,2026-09-03T07:55:34Z
2328,20260715,4,1,272,8:30am,2026-07-15T01:30:00+00:00,2026-07-15T08:30:00+07:00,-0.15%,,-0.20%,Asia/Novosibirsk,2026-09-03T07:55:34Z
2329,20260715,2,3,20,8:45pm,2026-07-15T13:45:00+00:00,2026-07-15T20:45:00+07:00,,,,Asia/Novosibirsk,2026-09-03T07:55:34Z
2330,20260715,2,3,22,8:45pm,2026-07-15T13:45:00+00:00,2026-07-15T20:45:00+07:00,,,,Asia/Novosibirsk,2026-09-03T07:55:34Z
2331,20260715,2,3,280,8:45pm,2026-07-15T13:45:00+00:00,2026-07-15T20:45:00+07:00,2.25%,2.25%,2.25%,Asia/Novosibirsk,2026-09-03T07:55:34Z
2332,20260715,4,1,139,9:00am,2026-07-15T02:00:00+00:00,2026-07-15T09:00:00+07:00,-5.7%,-5.0%,-4.1%,Asia/Novosibirsk,2026-09-03T07:55:34Z
2333,20260715,4,1,164,9:00am,2026-07-15T02:00:00+00:00,2026-07-15T09:00:00+07:00,4.3%,4.5%,5.0%,Asia/Novosibirsk,2026-09-03T07:55:34Z
2334,20260715,4,1,212,9:00am,2026-07-15T02:00:00+00:00,2026-07-15T09:00:00+07:00,5.3%,4.7%,4.5%,Asia/Novosibirsk,2026-09-03T07:55:34Z
2335,20260715,4,1,264,9:00am,2026-07-15T02:00:00+00:00,2026-07-15T09:00:00+07:00,,,,Asia/Novosibirsk,2026-09-03T07:55:34Z
2336,20260715,4,1,334,9:00am,2026-07-15T02:00:00+00:00,2026-07-15T09:00:00+07:00,1.0%,-0.1%,-0.6%,Asia/Novosibirsk,2026-09-03T07:55:34Z
2337,20260715,4,1,375,9:00am,2026-07-15T02:00:00+00:00,2026-07-15T09:00:00+07:00,5.0%,5.1%,5.1%,Asia/Novosibirsk,2026-09-03T07:55:34Z
2338,20260715,9,3,127,9:00pm,2026-07-15T14:00:00+00:00,2026-07-15T21:00:00+07:00,,,,Asia/Novosibirsk,2026-09-03T07:55:34Z
2339,20260715,9,1,83,9:30pm,2026-07-15T14:30:00+00:00,2026-07-15T21:30:00+07:00,-1.7M,-1.8M,3.0M,Asia/Novosibirsk,2026-09-03T07:55:34Z
2340,20260715,2,3,21,9:45pm,2026-07-15T14:45:00+00:00,2026-07-15T21:45:00+07:00,,,,Asia/Novosibirsk,2026-09-03T07:55:34Z
2341,20260716,9,1,113,11:30pm,2026-07-16T16:30:00+00:00,2026-07-16T23:30:00+07:00,,,,Asia/Novosibirsk,2026-09-03T07:55:34Z
2342,20260716,9,1,40,1:00am,2026-07-15T18:00:00+00:00,2026-07-16T01:00:00+07:00,,,,Asia/Novosibirsk,2026-09-03T07:55:34Z
2343,20260716,6,1,66,1:00pm,2026-07-16T06:00:00+00:00,2026-07-16T13:00:00+07:00,-0.8%,-0.3%,-0.1%,Asia/Novosibirsk,2026-09-03T07:55:34Z
2344,20260716,6,1,190,1:00pm,2026-07-16T06:00:00+00:00,2026-07-16T13:00:00+07:00,-18.7B,-23.1B,-24.6B,Asia/Novosibirsk,2026-09-03T07:55:34Z
2345,20260716,6,1,210,1:00pm,2026-07-16T06:00:00+00:00,2026-07-16T13:00:00+07:00,0.7%,0.6%,0.9%,Asia/Novosibirsk,2026-09-03T07:55:34Z
2346,20260716,6,1,211,1:00pm,2026-07-16T06:00:00+00:00,2026-07-16T13:00:00+07:00,-0.5%,-0.1%,0.2%,Asia/Novosibirsk,2026-09-03T07:55:34Z
2347,20260716,6,1,250,1:00pm,2026-07-16T06:00:00+00:00,2026-07-16T13:00:00+07:00,0.1%,-0.2%,0.5%,Asia/Novosibirsk,2026-09-03T07:55:34Z
2348,20260716,3,1,362,2:30pm,2026-07-16T07:30:00+00:00,2026-07-16T14:30:00+07:00,,,,Asia/Novosibirsk,2026-09-03T07:55:34Z
2349,20260716,5,1,223,4:00pm,2026-07-16T09:00:00+00:00,2026-07-16T16:00:00+07:00,4.79B,4.83B,4.42B,Asia/Novosibirsk,2026-09-03T07:55:34Z
2350,20260716,5,1,368,4:00pm,2026-07-16T09:00:00+00:00,2026-07-16T16:00:00+07:00,-5.0B,2.8B,0.8B,Asia/Novosibirsk,2026-09-03T07:55:34Z
2351,20260716,6,1,2,4:02pm,2026-07-16T09:02:00+00:00,2026-07-16T16:02:00+07:00,5.04|3.1,,4.93|3.3,Asia/Novosibirsk,2026-09-03T07:55:34Z
2352,20260716,9,1,115,5:30am,2026-07-15T22:30:00+00:00,2026-07-16T05:30:00+07:00,,,,Asia/Novosibirsk,2026-09-03T07:55:34Z
2353,20260716,2,1,202,7:15pm,2026-07-16T12:15:00+00:00,2026-07-16T19:15:00+07:00,239K,256K,253K,Asia/Novosibirsk,2026-09-03T07:55:34Z
2354,20260716,1,1,236,8:00am,2026-07-16T01:00:00+00:00,2026-07-16T08:00:00+07:00,4.7%,,5.5%,Asia/Novosibirsk,2026-09-03T07:55:34Z
2355,20260716,9,1,46,9:00pm,2026-07-16T14:00:00+00:00,2026-07-16T21:00:00+07:00,0.3%,0.3%,0.6%,Asia/Novosibirsk,2026-09-03T07:55:34Z
2356,20260716,9,1,263,9:00pm,2026-07-16T14:00:00+00:00,2026-07-16T21:00:00+07:00,34,35,36,Asia/Novosibirsk,2026-09-03T07:55:34Z
2357,20260716,9,1,289,9:00pm,2026-07-16T14:00:00+00:00,2026-07-16T21:00:00+07:00,-5.4%,-0.5%,3.5%,Asia/Novosibirsk,2026-09-03T07:55:34Z
2358,20260716,9,2,292,9:00pm,2026-07-16T14:00:00+00:00,2026-07-16T21:00:00+07:00,41.4,12.7,10.3,Asia/Novosibirsk,2026-09-03T07:55:34Z
2359,20260716,9,2,332,9:00pm,2026-07-16T14:00:00+00:00,2026-07-16T21:00:00+07:00,0.2%,0.2%,1.0%,Asia/Novosibirsk,2026-09-03T07:55:34Z
2360,20260716,9,2,374,9:00pm,2026-07-16T14:00:00+00:00,2026-07-16T21:00:00+07:00,208K,216K,216K,Asia/Novosibirsk,2026-09-03T07:55:34Z
2361,20260716,9,1,270,9:30pm,2026-07-16T14:30:00+00:00,2026-07-16T21:30:00+07:00,41B,45B,61B,Asia/Novosibirsk,2026-09-03T07:55:34Z
2362,20260717,5,1,84,3:00pm,2026-07-17T08:00:00+00:00,2026-07-17T15:00:00+07:00,25.1B,18.1B,17.5B,Asia/Novosibirsk,2026-09-03T07:55:34Z
2363,20260717,5,1,130,4:00pm,2026-07-17T09:00:00+00:00,2026-07-17T16:00:00+07:00,2.8%,2.8%,2.8%,Asia/Novosibirsk,2026-09-03T07:55:34Z
2364,20260717,5,1,131,4:00pm,2026-07-17T09:00:00+00:00,2026-07-17T16:00:00+07:00,2.4%,2.4%,2.4%,Asia/Novosibirsk,2026-09-03T07:55:34Z
2365,20260717,8,1,124,5:45am,2026-07-16T22:45:00+00:00,2026-07-17T05:45:00+07:00,0.6%,,1.0%,Asia/Novosibirsk,2026-09-03T07:55:34Z
2366,20260717,9,1,111,6:00am,2026-07-16T23:00:00+00:00,2026-07-17T06:00:00+07:00,,,,Asia/Novosibirsk,2026-09-03T07:55:34Z
2367,20260717,2,1,146,7:30pm,2026-07-17T12:30:00+00:00,2026-07-17T19:30:00+07:00,7.90B,15.21B,46.92B,Asia/Novosibirsk,2026-09-03T07:55:34Z
2368,20260717,9,1,44,7:30pm,2026-07-17T12:30:00+00:00,2026-07-17T19:30:00+07:00,1.37M,1.40M,1.41M,Asia/Novosibirsk,2026-09-03T07:55:34Z
2369,20260717,9,1,202,7:30pm,2026-07-17T12:30:00+00:00,2026-07-17T19:30:00+07:00,1.43M,1.31M,1.20M,Asia/Novosibirsk,2026-09-03T07:55:34Z
2370,20260717,9,1,208,7:30pm,2026-07-17T12:30:00+00:00,2026-07-17T19:30:00+07:00,0.3%,-0.7%,1.7%,Asia/Novosibirsk,2026-09-03T07:55:34Z
2371,20260717,9,1,56,8:15pm,2026-07-17T13:15:00+00:00,2026-07-17T20:15:00+07:00,76.1%,76.2%,76.1%,Asia/Novosibirsk,2026-09-03T07:55:34Z
2372,20260717,9,1,211,8:15pm,2026-07-17T13:15:00+00:00,2026-07-17T20:15:00+07:00,0.1%,0.2%,0.1%,Asia/Novosibirsk,2026-09-03T07:55:34Z
2373,20260717,9,2,303,9:00pm,2026-07-17T14:00:00+00:00,2026-07-17T21:00:00+07:00,54.4,51.0,49.5,Asia/Novosibirsk,2026-09-03T07:55:34Z
2374,20260717,9,2,304,9:00pm,2026-07-17T14:00:00+00:00,2026-07-17T21:00:00+07:00,4.2%,,4.6%,Asia/Novosibirsk,2026-09-03T07:55:34Z
2375,20260720,5,1,180,1:00pm,2026-07-20T06:00:00+00:00,2026-07-20T13:00:00+07:00,-0.3%,-0.2%,0.3%,Asia/Novosibirsk,2026-09-03T07:55:34Z
2376,20260720,6,1,343,6:01am,2026-07-19T23:01:00+00:00,2026-07-20T06:01:00+07:00,-1.0%,,-0.6%,Asia/Novosibirsk,2026-09-03T07:55:34Z
2377,20260720,2,1,74,7:30pm,2026-07-20T12:30:00+00:00,2026-07-20T19:30:00+07:00,0.1%,,0.6%,Asia/Novosibirsk,2026-09-03T07:55:34Z
2378,20260720,4,1,1,8:00am,2026-07-20T01:00:00+00:00,2026-07-20T08:00:00+07:00,3.00%,3.00%,3.00%,Asia/Novosibirsk,2026-09-03T07:55:34Z
2379,20260720,4,1,4,8:00am,2026-07-20T01:00:00+00:00,2026-07-20T08:00:00+07:00,3.50%,3.50%,3.50%,Asia/Novosibirsk,2026-09-03T07:55:34Z
2380,20260720,9,1,50,9:00pm,2026-07-20T14:00:00+00:00,2026-07-20T21:00:00+07:00,-0.2%,-0.1%,0.1%,Asia/Novosibirsk,2026-09-03T07:55:34Z
2381,20260720,2,3,253,9:45pm,2026-07-20T14:45:00+00:00,2026-07-20T21:45:00+07:00,1.9%,2.1%,2.1%,Asia/Novosibirsk,2026-09-03T07:55:34Z
2382,20260720,2,3,370,9:45pm,2026-07-20T14:45:00+00:00,2026-07-20T21:45:00+07:00,1.8%,2.0%,2.0%,Asia/Novosibirsk,2026-09-03T07:55:34Z
2383,20260721,8,1,165,10:16pm,2026-07-21T15:16:00+00:00,2026-07-21T22:16:00+07:00,1.5%,,-4.9%,Asia/Novosibirsk,2026-09-03T07:55:34Z
2384,20260721,6,3,61,1:00pm,2026-07-21T06:00:00+00:00,2026-07-21T13:00:00+07:00,6.7K,29.4K,1.3K,Asia/Novosibirsk,2026-09-03T07:55:34Z
2385,20260721,5,1,187,4:00pm,2026-07-21T09:00:00+00:00,2026-07-21T16:00:00+07:00,26.3,15.1,10.5,Asia/Novosibirsk,2026-09-03T07:55:34Z
2386,20260721,5,1,379,4:00pm,2026-07-21T09:00:00+00:00,2026-07-21T16:00:00+07:00,23.4,11.2,9.5,Asia/Novosibirsk,2026-09-03T07:55:34Z
2387,20260721,5,1,169,6:30pm,2026-07-21T11:30:00+00:00,2026-07-21T18:30:00+07:00,,,,Asia/Novosibirsk,2026-09-03T07:55:34Z
2388,20260721,9,1,6,7:15pm,2026-07-21T12:15:00+00:00,2026-07-21T19:15:00+07:00,16.5K,,19.3K,Asia/Novosibirsk,2026-09-03T07:55:34Z
2389,20260721,6,1,375,9:00pm,2026-07-21T14:00:00+00:00,2026-07-21T21:00:00+07:00,4.9%,4.9%,4.9%,Asia/Novosibirsk,2026-09-03T07:55:34Z
2390,20260722,8,1,82,10:03am,2026-07-22T03:03:00+00:00,2026-07-22T10:03:00+07:00,3.1%,,4.2%,Asia/Novosibirsk,2026-09-03T07:55:34Z
2391,20260722,6,1,75,1:00pm,2026-07-22T06:00:00+00:00,2026-07-22T13:00:00+07:00,2.6%,2.5%,2.6%,Asia/Novosibirsk,2026-09-03T07:55:34Z
2392,20260722,6,1,282,1:00pm,2026-07-22T06:00:00+00:00,2026-07-22T13:00:00+07:00,-2.0%,-0.7%,0.6%,Asia/Novosibirsk,2026-09-03T07:55:34Z
2393,20260722,6,1,284,1:00pm,2026-07-22T06:00:00+00:00,2026-07-22T13:00:00+07:00,0.0%,-0.1%,0.3%,Asia/Novosibirsk,2026-09-03T07:55:34Z
2394,20260722,6,1,329,1:00pm,2026-07-22T06:00:00+00:00,2026-07-22T13:00:00+07:00,3.0%,3.0%,3.1%,Asia/Novosibirsk,2026-09-03T07:55:34Z
2395,20260722,6,1,198,3:30pm,2026-07-22T08:30:00+00:00,2026-07-22T15:30:00+07:00,2.7%,3.2%,3.9%,Asia/Novosibirsk,2026-09-03T07:55:34Z
2396,20260722,7,1,368,6:50am,2026-07-21T23:50:00+00:00,2026-07-22T06:50:00+07:00,-0.88T,-0.56T,-0.22T,Asia/Novosibirsk,2026-09-03T07:55:34Z
2397,20260722,1,1,238,7:30am,2026-07-22T00:30:00+00:00,2026-07-22T07:30:00+07:00,0.0%,,-0.1%,Asia/Novosibirsk,2026-09-03T07:55:34Z
2398,20260722,9,1,83,9:30pm,2026-07-22T14:30:00+00:00,2026-07-22T21:30:00+07:00,2.0M,-2.0M,-1.7M,Asia/Novosibirsk,2026-09-03T07:55:34Z
2399,20260723,1,3,375,1:00pm,2026-07-23T06:00:00+00:00,2026-07-23T13:00:00+07:00,4.4%,4.4%,4.4%,Asia/Novosibirsk,2026-09-03T07:55:34Z
2400,20260723,6,1,51,5:00pm,2026-07-23T10:00:00+00:00,2026-07-23T17:00:00+07:00,-45,-40,-45,Asia/Novosibirsk,2026-09-03T07:55:34Z
2401,20260723,5,3,248,7:15pm,2026-07-23T12:15:00+00:00,2026-07-23T19:15:00+07:00,2.40%,2.40%,2.40%,Asia/Novosibirsk,2026-09-03T07:55:34Z
2402,20260723,5,3,257,7:15pm,2026-07-23T12:15:00+00:00,2026-07-23T19:15:00+07:00,,,,Asia/Novosibirsk,2026-09-03T07:55:34Z
2403,20260723,2,1,80,7:30pm,2026-07-23T12:30:00+00:00,2026-07-23T19:30:00+07:00,1.2%,1.3%,0.0%,Asia/Novosibirsk,2026-09-03T07:55:34Z
2404,20260723,2,1,332,7:30pm,2026-07-23T12:30:00+00:00,2026-07-23T19:30:00+07:00,1.0%,1.0%,0.4%,Asia/Novosibirsk,2026-09-03T07:55:34Z
2405,20260723,9,2,374,7:30pm,2026-07-23T12:30:00+00:00,2026-07-23T19:30:00+07:00,187K,211K,209K,Asia/Novosibirsk,2026-09-03T07:55:34Z
2406,20260723,5,3,90,7:45pm,2026-07-23T12:45:00+00:00,2026-07-23T19:45:00+07:00,,,,Asia/Novosibirsk,2026-09-03T07:55:34Z
2407,20260723,4,1,50,8:00pm,2026-07-23T13:00:00+00:00,2026-07-23T20:00:00+07:00,0.1%,,-0.3%,Asia/Novosibirsk,2026-09-03T07:55:34Z
2408,20260723,5,1,70,9:00pm,2026-07-23T14:00:00+00:00,2026-07-23T21:00:00+07:00,-16,-17,-18,Asia/Novosibirsk,2026-09-03T07:55:34Z
2409,20260723,9,1,270,9:30pm,2026-07-23T14:30:00+00:00,2026-07-23T21:30:00+07:00,32B,29B,41B,Asia/Novosibirsk,2026-09-03T07:55:34Z
2410,20260724,5,1,177,1:00pm,2026-07-24T06:00:00+00:00,2026-07-24T13:00:00+07:00,-29.6,-28.7,-29.3,Asia/Novosibirsk,2026-09-03T07:55:34Z
2411,20260724,5,2,154,2:15pm,2026-07-24T07:15:00+00:00,2026-07-24T14:15:00+07:00,50.0,51.0,51.2,Asia/Novosibirsk,2026-09-03T07:55:34Z
2412,20260724,5,2,155,2:15pm,2026-07-24T07:15:00+00:00,2026-07-24T14:15:00+07:00,49.8,47.5,46.8,Asia/Novosibirsk,2026-09-03T07:55:34Z
2413,20260724,5,2,175,2:30pm,2026-07-24T07:30:00+00:00,2026-07-24T14:30:00+07:00,52.2,50.4,50.3,Asia/Novosibirsk,2026-09-03T07:55:34Z
2414,20260724,5,2,176,2:30pm,2026-07-24T07:30:00+00:00,2026-07-24T14:30:00+07:00,49.6,49.0,48.6,Asia/Novosibirsk,2026-09-03T07:55:34Z
2415,20260724,5,1,142,3:00pm,2026-07-24T08:00:00+00:00,2026-07-24T15:00:00+07:00,52.0,51.5,51.4,Asia/Novosibirsk,2026-09-03T07:55:34Z
2416,20260724,5,1,143,3:00pm,2026-07-24T08:00:00+00:00,2026-07-24T15:00:00+07:00,51.6,49.8,49.4,Asia/Novosibirsk,2026-09-03T07:55:34Z
2417,20260724,6,2,142,3:30pm,2026-07-24T08:30:00+00:00,2026-07-24T15:30:00+07:00,52.8,52.0,52.5,Asia/Novosibirsk,2026-09-03T07:55:34Z
2418,20260724,6,2,143,3:30pm,2026-07-24T08:30:00+00:00,2026-07-24T15:30:00+07:00,51.8,49.4,48.8,Asia/Novosibirsk,2026-09-03T07:55:34Z
2419,20260724,1,1,142,6:00am,2026-07-23T23:00:00+00:00,2026-07-24T06:00:00+07:00,51.7,,51.5,Asia/Novosibirsk,2026-09-03T07:55:34Z
2420,20260724,1,1,143,6:00am,2026-07-23T23:00:00+00:00,2026-07-24T06:00:00+07:00,53.0,,50.5,Asia/Novosibirsk,2026-09-03T07:55:34Z
2421,20260724,6,1,189,6:01am,2026-07-23T23:01:00+00:00,2026-07-24T06:01:00+07:00,-17,-22,-23,Asia/Novosibirsk,2026-09-03T07:55:34Z
2422,20260724,7,1,268,6:30am,2026-07-23T23:30:00+00:00,2026-07-24T06:30:00+07:00,1.6%,1.6%,1.4%,Asia/Novosibirsk,2026-09-03T07:55:34Z
2423,20260724,7,1,142,7:30am,2026-07-24T00:30:00+00:00,2026-07-24T07:30:00+07:00,54.7,55.0,54.8,Asia/Novosibirsk,2026-09-03T07:55:34Z
2424,20260724,2,1,204,7:30pm,2026-07-24T12:30:00+00:00,2026-07-24T19:30:00+07:00,-1.4%,-0.4%,1.4%,Asia/Novosibirsk,2026-09-03T07:55:34Z
2425,20260724,2,1,266,7:30pm,2026-07-24T12:30:00+00:00,2026-07-24T19:30:00+07:00,-0.1%,-0.2%,-0.3%,Asia/Novosibirsk,2026-09-03T07:55:34Z
2426,20260724,2,1,328,7:30pm,2026-07-24T12:30:00+00:00,2026-07-24T19:30:00+07:00,-6.9%,-1.5%,0.5%,Asia/Novosibirsk,2026-09-03T07:55:34Z
2427,20260724,5,1,41,8:00pm,2026-07-24T13:00:00+00:00,2026-07-24T20:00:00+07:00,-11.9,-10.2,-12.4,Asia/Novosibirsk,2026-09-03T07:55:34Z
2428,20260724,9,1,142,8:45pm,2026-07-24T13:45:00+00:00,2026-07-24T20:45:00+07:00,53.8,54.4,53.9,Asia/Novosibirsk,2026-09-03T07:55:34Z
2429,20260724,9,1,143,8:45pm,2026-07-24T13:45:00+00:00,2026-07-24T20:45:00+07:00,53.6,51.3,51.2,Asia/Novosibirsk,2026-09-03T07:55:34Z
2430,20260724,9,1,273,9:00pm,2026-07-24T14:00:00+00:00,2026-07-24T21:00:00+07:00,628K,609K,618K,Asia/Novosibirsk,2026-09-03T07:55:34Z
2431,20260727,5,1,188,3:00pm,2026-07-27T08:00:00+00:00,2026-07-27T15:00:00+07:00,86.6,86.1,85.7,Asia/Novosibirsk,2026-09-03T07:55:34Z
2432,20260727,5,1,234,3:00pm,2026-07-27T08:00:00+00:00,2026-07-27T15:00:00+07:00,3.3%,3.2%,3.0%,Asia/Novosibirsk,2026-09-03T07:55:34Z
2433,20260727,5,1,308,3:00pm,2026-07-27T08:00:00+00:00,2026-07-27T15:00:00+07:00,3.0%,3.1%,3.0%,Asia/Novosibirsk,2026-09-03T07:55:34Z
2434,20260727,6,1,52,5:00pm,2026-07-27T10:00:00+00:00,2026-07-27T17:00:00+07:00,-26,-45,-54,Asia/Novosibirsk,2026-09-03T07:55:34Z
2435,20260727,9,1,76,7:30pm,2026-07-27T12:30:00+00:00,2026-07-27T19:30:00+07:00,0.6%,0.9%,1.4%,Asia/Novosibirsk,2026-09-03T07:55:34Z
2436,20260727,9,1,85,7:30pm,2026-07-27T12:30:00+00:00,2026-07-27T19:30:00+07:00,0.3%,1.6%,-4.0%,Asia/Novosibirsk,2026-09-03T07:55:34Z
2437,20260727,5,1,91,All Day,,,,,,Asia/Novosibirsk,2026-09-03T07:55:34Z
2438,20260728,7,1,29,12:00pm,2026-07-28T05:00:00+00:00,2026-07-28T12:00:00+07:00,1.5%,1.4%,1.4%,Asia/Novosibirsk,2026-09-03T07:55:34Z
2439,20260728,5,1,361,2:00pm,2026-07-28T07:00:00+00:00,2026-07-28T14:00:00+07:00,9.9%,10.1%,10.8%,Asia/Novosibirsk,2026-09-03T07:55:34Z
2440,20260728,5,1,168,5:00pm,2026-07-28T10:00:00+00:00,2026-07-28T17:00:00+07:00,,,,Asia/Novosibirsk,2026-09-03T07:55:34Z
2441,20260728,9,1,6,7:15pm,2026-07-28T12:15:00+00:00,2026-07-28T19:15:00+07:00,15.0K,,16.3K,Asia/Novosibirsk,2026-09-03T07:55:34Z
2442,20260728,9,1,190,7:30pm,2026-07-28T12:30:00+00:00,2026-07-28T19:30:00+07:00,-101.5B,-100.3B,-105.9B,Asia/Novosibirsk,2026-09-03T07:55:34Z
2443,20260728,9,1,305,7:30pm,2026-07-28T12:30:00+00:00,2026-07-28T19:30:00+07:00,0.3%,0.4%,0.1%,Asia/Novosibirsk,2026-09-03T07:55:34Z
2444,20260728,9,1,197,8:00pm,2026-07-28T13:00:00+00:00,2026-07-28T20:00:00+07:00,0.3%,0.1%,-0.1%,Asia/Novosibirsk,2026-09-03T07:55:34Z
2445,20260728,9,1,344,8:00pm,2026-07-28T13:00:00+00:00,2026-07-28T20:00:00+07:00,1.6%,1.3%,1.2%,Asia/Novosibirsk,2026-09-03T07:55:34Z
2446,20260728,9,2,49,9:00pm,2026-07-28T14:00:00+00:00,2026-07-28T21:00:00+07:00,90.8,92.4,92.2,Asia/Novosibirsk,2026-09-03T07:55:34Z
2447,20260728,9,1,342,9:00pm,2026-07-28T14:00:00+00:00,2026-07-28T21:00:00+07:00,5,7,4,Asia/Novosibirsk,2026-09-03T07:55:34Z
2448,20260729,5,1,178,1:00pm,2026-07-29T06:00:00+00:00,2026-07-29T13:00:00+07:00,-0.7%,-0.7%,0.7%,Asia/Novosibirsk,2026-09-03T07:55:34Z
2449,20260729,3,1,372,3:00pm,2026-07-29T08:00:00+00:00,2026-07-29T15:00:00+07:00,10.0,,-25.0,Asia/Novosibirsk,2026-09-03T07:55:34Z
2450,20260729,6,1,235,3:30pm,2026-07-29T08:30:00+00:00,2026-07-29T15:30:00+07:00,0.8%,0.2%,0.1%,Asia/Novosibirsk,2026-09-03T07:55:34Z
2451,20260729,6,1,259,3:30pm,2026-07-29T08:30:00+00:00,2026-07-29T15:30:00+07:00,58K,57K,57K,Asia/Novosibirsk,2026-09-03T07:55:34Z
2452,20260729,6,1,271,3:30pm,2026-07-29T08:30:00+00:00,2026-07-29T15:30:00+07:00,9.5B,5.5B,5.0B,Asia/Novosibirsk,2026-09-03T07:55:34Z
2453,20260729,5,1,166,4:31pm,2026-07-29T09:31:00+00:00,2026-07-29T16:31:00+07:00,3.13|1.1,,3.09|1.0,Asia/Novosibirsk,2026-09-03T07:55:34Z
2454,20260729,1,3,55,7:45pm,2026-07-29T12:45:00+00:00,2026-07-29T19:45:00+07:00,3.8%,4.0%,4.0%,Asia/Novosibirsk,2026-09-03T07:55:34Z
2455,20260729,1,3,371,7:45pm,2026-07-29T12:45:00+00:00,2026-07-29T19:45:00+07:00,0.3%,0.3%,0.4%,Asia/Novosibirsk,2026-09-03T07:55:34Z
2456,20260729,9,1,83,9:30pm,2026-07-29T14:30:00+00:00,2026-07-29T21:30:00+07:00,-7.2M,0.7M,2.0M,Asia/Novosibirsk,2026-09-03T07:55:34Z
2457,20260730,7,1,70,12:00pm,2026-07-30T05:00:00+00:00,2026-07-30T12:00:00+07:00,34.9,34.2,33.8,Asia/Novosibirsk,2026-09-03T07:55:34Z
2458,20260730,5,1,148,12:30pm,2026-07-30T05:30:00+00:00,2026-07-30T12:30:00+07:00,0.4%,-0.1%,0.3%,Asia/Novosibirsk,2026-09-03T07:55:34Z
2459,20260730,5,1,153,12:30pm,2026-07-30T05:30:00+00:00,2026-07-30T12:30:00+07:00,0.2%,0.2%,-0.1%,Asia/Novosibirsk,2026-09-03T07:55:34Z
2460,20260730,9,3,120,1:30am,2026-07-29T18:30:00+00:00,2026-07-30T01:30:00+07:00,,,,Asia/Novosibirsk,2026-09-03T07:55:34Z
2461,20260730,5,1,160,1:45pm,2026-07-30T06:45:00+00:00,2026-07-30T13:45:00+07:00,-0.1%,-0.1%,-0.1%,Asia/Novosibirsk,2026-09-03T07:55:34Z
2462,20260730,3,1,226,2:00pm,2026-07-30T07:00:00+00:00,2026-07-30T14:00:00+07:00,103.5,100.9,102.1,Asia/Novosibirsk,2026-09-03T07:55:34Z
2463,20260730,5,1,356,2:00pm,2026-07-30T07:00:00+00:00,2026-07-30T14:00:00+07:00,3.5%,3.2%,3.2%,Asia/Novosibirsk,2026-09-03T07:55:34Z
2464,20260730,5,1,357,2:00pm,2026-07-30T07:00:00+00:00,2026-07-30T14:00:00+07:00,0.7%,0.6%,0.6%,Asia/Novosibirsk,2026-09-03T07:55:34Z
2465,20260730,5,2,182,3:00pm,2026-07-30T08:00:00+00:00,2026-07-30T15:00:00+07:00,0.2%,0.1%,0.3%,Asia/Novosibirsk,2026-09-03T07:55:34Z
2466,20260730,5,1,219,3:00pm,2026-07-30T08:00:00+00:00,2026-07-30T15:00:00+07:00,0.2%,0.1%,0.3%,Asia/Novosibirsk,2026-09-03T07:55:34Z
2467,20260730,5,1,217,4:00pm,2026-07-30T09:00:00+00:00,2026-07-30T16:00:00+07:00,5.7%,5.0%,5.3%,Asia/Novosibirsk,2026-09-03T07:55:34Z
2468,20260730,5,1,295,4:00pm,2026-07-30T09:00:00+00:00,2026-07-30T16:00:00+07:00,0.4%,0.2%,-0.2%,Asia/Novosibirsk,2026-09-03T07:55:34Z
2469,20260730,5,1,375,4:00pm,2026-07-30T09:00:00+00:00,2026-07-30T16:00:00+07:00,6.3%,6.2%,6.3%,Asia/Novosibirsk,2026-09-03T07:55:34Z
2470,20260730,5,1,214,4:06pm,2026-07-30T09:06:00+00:00,2026-07-30T16:06:00+07:00,4.00|1.7,,3.63|1.7,Asia/Novosibirsk,2026-09-03T07:55:34Z
2471,20260730,1,1,311,5:40am,2026-07-29T22:40:00+00:00,2026-07-30T05:40:00+07:00,,,,Asia/Novosibirsk,2026-09-03T07:55:34Z
2472,20260730,6,3,28,6:00pm,2026-07-30T11:00:00+00:00,2026-07-30T18:00:00+07:00,,,,Asia/Novosibirsk,2026-09-03T07:55:34Z
2473,20260730,6,3,247,6:00pm,2026-07-30T11:00:00+00:00,2026-07-30T18:00:00+07:00,3-0-6,2-0-7,2-0-7,Asia/Novosibirsk,2026-09-03T07:55:34Z
2474,20260730,6,3,258,6:00pm,2026-07-30T11:00:00+00:00,2026-07-30T18:00:00+07:00,,,,Asia/Novosibirsk,2026-09-03T07:55:34Z
2475,20260730,6,3,277,6:00pm,2026-07-30T11:00:00+00:00,2026-07-30T18:00:00+07:00,3.75%,3.75%,3.75%,Asia/Novosibirsk,2026-09-03T07:55:34Z
2476,20260730,6,3,26,7:00pm,2026-07-30T12:00:00+00:00,2026-07-30T19:00:00+07:00,,,,Asia/Novosibirsk,2026-09-03T07:55:34Z
2477,20260730,9,2,11,7:30pm,2026-07-30T12:30:00+00:00,2026-07-30T19:30:00+07:00,6.2%,4.1%,3.6%,Asia/Novosibirsk,2026-09-03T07:55:34Z
2478,20260730,9,3,12,7:30pm,2026-07-30T12:30:00+00:00,2026-07-30T19:30:00+07:00,1.5%,2.1%,2.1%,Asia/Novosibirsk,2026-09-03T07:55:34Z
2479,20260730,9,3,78,7:30pm,2026-07-30T12:30:00+00:00,2026-07-30T19:30:00+07:00,0.1%,0.2%,0.3%,Asia/Novosibirsk,2026-09-03T07:55:34Z
2480,20260730,9,1,290,7:30pm,2026-07-30T12:30:00+00:00,2026-07-30T19:30:00+07:00,0.2%,0.3%,0.7%,Asia/Novosibirsk,2026-09-03T07:55:34Z
2481,20260730,9,1,291,7:30pm,2026-07-30T12:30:00+00:00,2026-07-30T19:30:00+07:00,0.3%,0.4%,0.9%,Asia/Novosibirsk,2026-09-03T07:55:34Z
2482,20260730,9,2,374,7:30pm,2026-07-30T12:30:00+00:00,2026-07-30T19:30:00+07:00,197K,201K,188K,Asia/Novosibirsk,2026-09-03T07:55:34Z
2483,20260730,9,3,121,7:45pm,2026-07-30T12:45:00+00:00,2026-07-30T19:45:00+07:00,,,,Asia/Novosibirsk,2026-09-03T07:55:34Z
2484,20260730,8,1,7,8:00am,2026-07-30T01:00:00+00:00,2026-07-30T08:00:00+07:00,56.1,,36.6,Asia/Novosibirsk,2026-09-03T07:55:34Z
2485,20260730,1,1,42,8:30am,2026-07-30T01:30:00+00:00,2026-07-30T08:30:00+07:00,7.2%,-0.7%,-1.6%,Asia/Novosibirsk,2026-09-03T07:55:34Z
2486,20260730,1,1,209,8:30am,2026-07-30T01:30:00+00:00,2026-07-30T08:30:00+07:00,5.7%,0.0%,0.1%,Asia/Novosibirsk,2026-09-03T07:55:34Z
2487,20260730,9,1,270,9:30pm,2026-07-30T14:30:00+00:00,2026-07-30T21:30:00+07:00,28B,37B,32B,Asia/Novosibirsk,2026-09-03T07:55:34Z
2488,20260731,7,1,203,12:00pm,2026-07-31T05:00:00+00:00,2026-07-31T12:00:00+07:00,18.6%,12.7%,33.9%,Asia/Novosibirsk,2026-09-03T07:55:34Z
2489,20260731,6,1,269,1:00pm,2026-07-31T06:00:00+00:00,2026-07-31T13:00:00+07:00,0.1%,0.1%,0.0%,Asia/Novosibirsk,2026-09-03T07:55:34Z
2490,20260731,3,1,334,1:30pm,2026-07-31T06:30:00+00:00,2026-07-31T13:30:00+07:00,1.5%,3.1%,3.4%,Asia/Novosibirsk,2026-09-03T07:55:34Z
2491,20260731,7,3,33,1:30pm,2026-07-31T06:30:00+00:00,2026-07-31T13:30:00+07:00,,,,Asia/Novosibirsk,2026-09-03T07:55:34Z
2492,20260731,5,1,158,1:45pm,2026-07-31T06:45:00+00:00,2026-07-31T13:45:00+07:00,0.6%,0.3%,-0.3%,Asia/Novosibirsk,2026-09-03T07:55:34Z
2493,20260731,5,1,185,2:55pm,2026-07-31T07:55:00+00:00,2026-07-31T14:55:00+07:00,6K,5K,-1K,Asia/Novosibirsk,2026-09-03T07:55:34Z
2494,20260731,5,2,53,4:00pm,2026-07-31T09:00:00+00:00,2026-07-31T16:00:00+07:00,2.9%,2.9%,2.8%,Asia/Novosibirsk,2026-09-03T07:55:34Z
2495,20260731,5,2,73,4:00pm,2026-07-31T09:00:00+00:00,2026-07-31T16:00:00+07:00,2.5%,2.4%,2.4%,Asia/Novosibirsk,2026-09-03T07:55:34Z
2496,20260731,5,1,218,4:00pm,2026-07-31T09:00:00+00:00,2026-07-31T16:00:00+07:00,0.2%,0.3%,0.0%,Asia/Novosibirsk,2026-09-03T07:55:34Z
2497,20260731,6,1,244,6:15pm,2026-07-31T11:15:00+00:00,2026-07-31T18:15:00+07:00,,,,Asia/Novosibirsk,2026-09-03T07:55:34Z
2498,20260731,7,1,299,6:50am,2026-07-30T23:50:00+00:00,2026-07-31T06:50:00+07:00,1.3%,1.0%,0.1%,Asia/Novosibirsk,2026-09-03T07:55:34Z
2499,20260731,7,1,334,6:50am,2026-07-30T23:50:00+00:00,2026-07-31T06:50:00+07:00,0.5%,3.1%,5.0%,Asia/Novosibirsk,2026-09-03T07:55:34Z
2500,20260731,2,3,162,7:30pm,2026-07-31T12:30:00+00:00,2026-07-31T19:30:00+07:00,0.3%,0.2%,0.6%,Asia/Novosibirsk,2026-09-03T07:55:34Z
2501,20260731,7,3,32,7:30pm,2026-07-31T12:30:00+00:00,2026-07-31T19:30:00+07:00,<1.00%,<1.00%,<1.00%,Asia/Novosibirsk,2026-09-03T07:55:34Z
2502,20260731,7,3,257,7:30pm,2026-07-31T12:30:00+00:00,2026-07-31T19:30:00+07:00,,,,Asia/Novosibirsk,2026-09-03T07:55:34Z
2503,20260731,9,2,96,7:30pm,2026-07-31T12:30:00+00:00,2026-07-31T19:30:00+07:00,0.9%,0.8%,0.9%,Asia/Novosibirsk,2026-09-03T07:55:34Z
2504,20260731,1,1,287,8:30am,2026-07-31T01:30:00+00:00,2026-07-31T08:30:00+07:00,1.3%,0.5%,0.4%,Asia/Novosibirsk,2026-09-03T07:55:34Z
2505,20260731,1,1,309,8:30am,2026-07-31T01:30:00+00:00,2026-07-31T08:30:00+07:00,0.8%,0.6%,0.7%,Asia/Novosibirsk,2026-09-03T07:55:34Z
2506,20260731,4,1,249,8:30am,2026-07-31T01:30:00+00:00,2026-07-31T08:30:00+07:00,49.2,50.1,50.3,Asia/Novosibirsk,2026-09-03T07:55:34Z
2507,20260731,4,1,276,8:30am,2026-07-31T01:30:00+00:00,2026-07-31T08:30:00+07:00,49.0,50.0,50.2,Asia/Novosibirsk,2026-09-03T07:55:34Z
2508,20260731,9,1,60,8:45pm,2026-07-31T13:45:00+00:00,2026-07-31T20:45:00+07:00,57.6,55.9,56.7,Asia/Novosibirsk,2026-09-03T07:55:34Z
2509,20260731,9,2,340,9:00pm,2026-07-31T14:00:00+00:00,2026-07-31T21:00:00+07:00,55.2,53.9,54.4,Asia/Novosibirsk,2026-09-03T07:55:34Z
2510,20260731,9,2,341,9:00pm,2026-07-31T14:00:00+00:00,2026-07-31T21:00:00+07:00,4.2%,,4.2%,Asia/Novosibirsk,2026-09-03T07:55:34Z
2511,20260803,5,1,183,1:00pm,2026-08-03T06:00:00+00:00,2026-08-03T13:00:00+07:00,-0.7%,-0.4%,1.1%,Asia/Novosibirsk,2026-09-03T07:55:34Z
2512,20260803,5,1,358,2:15pm,2026-08-03T07:15:00+00:00,2026-08-03T14:15:00+07:00,50.2,50.5,49.7,Asia/Novosibirsk,2026-09-03T07:55:34Z
2513,20260803,3,1,249,2:30pm,2026-08-03T07:30:00+00:00,2026-08-03T14:30:00+07:00,53.2,54.5,54.3,Asia/Novosibirsk,2026-09-03T07:55:34Z
2514,20260803,5,1,216,2:45pm,2026-08-03T07:45:00+00:00,2026-08-03T14:45:00+07:00,51.3,52.5,52.2,Asia/Novosibirsk,2026-09-03T07:55:34Z
2515,20260803,5,1,150,2:50pm,2026-08-03T07:50:00+00:00,2026-08-03T14:50:00+07:00,49.8,50.0,50.0,Asia/Novosibirsk,2026-09-03T07:55:34Z
2516,20260803,5,1,173,2:55pm,2026-08-03T07:55:00+00:00,2026-08-03T14:55:00+07:00,52.2,52.2,52.2,Asia/Novosibirsk,2026-09-03T07:55:34Z
2517,20260803,5,1,136,3:00pm,2026-08-03T08:00:00+00:00,2026-08-03T15:00:00+07:00,51.9,52.0,52.0,Asia/Novosibirsk,2026-09-03T07:55:34Z
2518,20260803,6,1,136,3:30pm,2026-08-03T08:30:00+00:00,2026-08-03T15:30:00+07:00,51.9,52.8,52.8,Asia/Novosibirsk,2026-09-03T07:55:34Z
2519,20260803,7,1,136,7:30am,2026-08-03T00:30:00+00:00,2026-08-03T07:30:00+07:00,54.5,54.7,54.7,Asia/Novosibirsk,2026-09-03T07:55:34Z
2520,20260803,1,1,237,8:00am,2026-08-03T01:00:00+00:00,2026-08-03T08:00:00+07:00,1.0%,,-0.4%,Asia/Novosibirsk,2026-09-03T07:55:34Z
2521,20260803,4,1,330,8:45am,2026-08-03T01:45:00+00:00,2026-08-03T08:45:00+07:00,50.9,51.9,51.7,Asia/Novosibirsk,2026-09-03T07:55:34Z
2522,20260803,9,1,136,8:45pm,2026-08-03T13:45:00+00:00,2026-08-03T20:45:00+07:00,53.9,53.8,53.8,Asia/Novosibirsk,2026-09-03T07:55:34Z
2523,20260803,9,1,68,9:00pm,2026-08-03T14:00:00+00:00,2026-08-03T21:00:00+07:00,-0.1%,0.2%,0.0%,Asia/Novosibirsk,2026-09-03T07:55:34Z
2524,20260803,9,2,206,9:00pm,2026-08-03T14:00:00+00:00,2026-08-03T21:00:00+07:00,71.1,70.0,73.0,Asia/Novosibirsk,2026-09-03T07:55:34Z
2525,20260803,9,1,279,All Day,,,16.3M,16.3M,16.5M,Asia/Novosibirsk,2026-09-03T07:55:34Z
2526,20260804,8,1,165,10:14pm,2026-08-04T15:14:00+00:00,2026-08-04T22:14:00+07:00,0.1%,,1.5%,Asia/Novosibirsk,2026-09-03T07:55:34Z
2527,20260804,7,1,2,10:35am,2026-08-04T03:35:00+00:00,2026-08-04T10:35:00+07:00,2.84|2.6,,2.73|3.1,Asia/Novosibirsk,2026-09-03T07:55:34Z
2528,20260804,1,1,63,1:30pm,2026-08-04T06:30:00+00:00,2026-08-04T13:30:00+07:00,15.4%,,14.6%,Asia/Novosibirsk,2026-09-03T07:55:34Z
2529,20260804,5,1,156,1:45pm,2026-08-04T06:45:00+00:00,2026-08-04T13:45:00+07:00,-106.8B,,-93.3B,Asia/Novosibirsk,2026-09-03T07:55:34Z
2530,20260804,5,1,360,2:00pm,2026-08-04T07:00:00+00:00,2026-08-04T14:00:00+07:00,19.5K,-18.4K,-28.7K,Asia/Novosibirsk,2026-09-03T07:55:34Z
2531,20260804,5,1,221,3:00pm,2026-08-04T08:00:00+00:00,2026-08-04T15:00:00+07:00,-0.1%,0.3%,0.2%,Asia/Novosibirsk,2026-09-03T07:55:34Z
2532,20260804,7,1,254,6:50am,2026-08-03T23:50:00+00:00,2026-08-04T06:50:00+07:00,-13.8%,-13.0%,-13.7%,Asia/Novosibirsk,2026-09-03T07:55:34Z
2533,20260804,2,1,368,7:30pm,2026-08-04T12:30:00+00:00,2026-08-04T19:30:00+07:00,3.9B,3.0B,3.7B,Asia/Novosibirsk,2026-09-03T07:55:34Z
2534,20260804,9,1,368,7:30pm,2026-08-04T12:30:00+00:00,2026-08-04T19:30:00+07:00,-73.3B,-73.0B,-77.6B,Asia/Novosibirsk,2026-09-03T07:55:34Z
2535,20260804,1,1,9,8:30am,2026-08-04T01:30:00+00:00,2026-08-04T08:30:00+07:00,0.8%,,-0.1%,Asia/Novosibirsk,2026-09-03T07:55:34Z
2536,20260804,1,1,199,8:30am,2026-08-04T01:30:00+00:00,2026-08-04T08:30:00+07:00,0.8%,0.2%,1.2%,Asia/Novosibirsk,2026-09-03T07:55:34Z
2537,20260804,2,1,249,8:30pm,2026-08-04T13:30:00+00:00,2026-08-04T20:30:00+07:00,53.5,,53.0,Asia/Novosibirsk,2026-09-03T07:55:34Z
2538,20260804,9,1,125,9:00pm,2026-08-04T14:00:00+00:00,2026-08-04T21:00:00+07:00,-0.3%,0.2%,-1.1%,Asia/Novosibirsk,2026-09-03T07:55:34Z
2539,20260804,9,1,326,9:13pm,2026-08-04T14:13:00+00:00,2026-08-04T21:13:00+07:00,45.1,47.5,45.5,Asia/Novosibirsk,2026-09-03T07:55:34Z
2540,20260805,8,3,375,,,,5.6%,5.4%,5.4%,Asia/Novosibirsk,2026-09-03T07:55:34Z
2541,20260805,5,1,157,1:45pm,2026-08-05T06:45:00+00:00,2026-08-05T13:45:00+07:00,0.1%,0.3%,-0.1%,Asia/Novosibirsk,2026-09-03T07:55:34Z
2542,20260805,5,1,359,2:15pm,2026-08-05T07:15:00+00:00,2026-08-05T14:15:00+07:00,58.3,54.9,54.2,Asia/Novosibirsk,2026-09-03T07:55:34Z
2543,20260805,5,1,222,2:45pm,2026-08-05T07:45:00+00:00,2026-08-05T14:45:00+07:00,52.5,51.0,50.2,Asia/Novosibirsk,2026-09-03T07:55:34Z
2544,20260805,5,1,152,2:50pm,2026-08-05T07:50:00+00:00,2026-08-05T14:50:00+07:00,49.6,49.8,49.8,Asia/Novosibirsk,2026-09-03T07:55:34Z
2545,20260805,5,1,174,2:55pm,2026-08-05T07:55:00+00:00,2026-08-05T14:55:00+07:00,49.8,49.6,49.6,Asia/Novosibirsk,2026-09-03T07:55:34Z
2546,20260805,5,1,137,3:00pm,2026-08-05T08:00:00+00:00,2026-08-05T15:00:00+07:00,51.7,51.6,51.6,Asia/Novosibirsk,2026-09-03T07:55:34Z
2547,20260805,6,1,137,3:30pm,2026-08-05T08:30:00+00:00,2026-08-05T15:30:00+07:00,52.1,51.8,51.8,Asia/Novosibirsk,2026-09-03T07:55:34Z
2548,20260805,5,1,286,4:00pm,2026-08-05T09:00:00+00:00,2026-08-05T16:00:00+07:00,-0.3%,-0.2%,0.2%,Asia/Novosibirsk,2026-09-03T07:55:34Z
2549,20260805,8,1,227,5:45am,2026-08-04T22:45:00+00:00,2026-08-05T05:45:00+07:00,0.7%,0.6%,0.5%,Asia/Novosibirsk,2026-09-03T07:55:34Z
2550,20260805,7,1,14,6:30am,2026-08-04T23:30:00+00:00,2026-08-05T06:30:00+07:00,3.4%,3.4%,3.3%,Asia/Novosibirsk,2026-09-03T07:55:34Z
2551,20260805,7,1,255,6:50am,2026-08-04T23:50:00+00:00,2026-08-05T06:50:00+07:00,,,,Asia/Novosibirsk,2026-09-03T07:55:34Z
2552,20260805,9,1,117,7:15am,2026-08-05T00:15:00+00:00,2026-08-05T07:15:00+07:00,,,,Asia/Novosibirsk,2026-09-03T07:55:34Z
2553,20260805,8,1,8,8:00am,2026-08-05T01:00:00+00:00,2026-08-05T08:00:00+07:00,-3.9%,,-1.1%,Asia/Novosibirsk,2026-09-03T07:55:34Z
2554,20260805,4,1,331,8:45am,2026-08-05T01:45:00+00:00,2026-08-05T08:45:00+07:00,50.4,53.7,54.1,Asia/Novosibirsk,2026-09-03T07:55:34Z
2555,20260805,9,1,137,8:45pm,2026-08-05T13:45:00+00:00,2026-08-05T20:45:00+07:00,54.6,53.6,53.6,Asia/Novosibirsk,2026-09-03T07:55:34Z
2556,20260805,9,2,207,9:00pm,2026-08-05T14:00:00+00:00,2026-08-05T21:00:00+07:00,54.1,54.5,54.0,Asia/Novosibirsk,2026-09-03T07:55:34Z
2557,20260805,9,1,83,9:30pm,2026-08-05T14:30:00+00:00,2026-08-05T21:30:00+07:00,2.5M,-1.5M,-7.2M,Asia/Novosibirsk,2026-09-03T07:55:34Z
2558,20260806,7,1,3,10:35am,2026-08-06T03:35:00+00:00,2026-08-06T10:35:00+07:00,3.94|3.9,,3.99|4.6,Asia/Novosibirsk,2026-09-03T07:55:34Z
2559,20260806,5,1,170,1:00pm,2026-08-06T06:00:00+00:00,2026-08-06T13:00:00+07:00,3.1%,0.5%,0.3%,Asia/Novosibirsk,2026-09-03T07:55:34Z
2560,20260806,3,1,375,2:00pm,2026-08-06T07:00:00+00:00,2026-08-06T14:00:00+07:00,3.1%,3.1%,3.1%,Asia/Novosibirsk,2026-09-03T07:55:34Z
2561,20260806,5,1,86,3:00pm,2026-08-06T08:00:00+00:00,2026-08-06T15:00:00+07:00,,,,Asia/Novosibirsk,2026-09-03T07:55:34Z
2562,20260806,5,1,215,3:00pm,2026-08-06T08:00:00+00:00,2026-08-06T15:00:00+07:00,-1.0%,0.3%,-0.3%,Asia/Novosibirsk,2026-09-03T07:55:34Z
2563,20260806,6,1,67,3:30pm,2026-08-06T08:30:00+00:00,2026-08-06T15:30:00+07:00,44.7,40.0,38.4,Asia/Novosibirsk,2026-09-03T07:55:34Z
2564,20260806,5,1,355,3:41pm,2026-08-06T08:41:00+00:00,2026-08-06T15:41:00+07:00,3.54|2.4,,3.40|1.8,Asia/Novosibirsk,2026-09-03T07:55:34Z
2565,20260806,5,1,147,3:57pm,2026-08-06T08:57:00+00:00,2026-08-06T15:57:00+07:00,3.86|3.7,,3.68|3.3,Asia/Novosibirsk,2026-09-03T07:55:34Z
2566,20260806,5,1,332,4:00pm,2026-08-06T09:00:00+00:00,2026-08-06T16:00:00+07:00,-0.3%,0.1%,0.4%,Asia/Novosibirsk,2026-09-03T07:55:34Z
2567,20260806,9,1,59,4:30pm,2026-08-06T09:30:00+00:00,2026-08-06T16:30:00+07:00,-46.1%,,-4.5%,Asia/Novosibirsk,2026-09-03T07:55:34Z
2568,20260806,9,1,301,7:30pm,2026-08-06T12:30:00+00:00,2026-08-06T19:30:00+07:00,1.4%,0.6%,0.3%,Asia/Novosibirsk,2026-09-03T07:55:34Z
2569,20260806,9,1,302,7:30pm,2026-08-06T12:30:00+00:00,2026-08-06T19:30:00+07:00,1.3%,2.2%,1.8%,Asia/Novosibirsk,2026-09-03T07:55:34Z
2570,20260806,9,2,374,7:30pm,2026-08-06T12:30:00+00:00,2026-08-06T19:30:00+07:00,199K,203K,198K,Asia/Novosibirsk,2026-09-03T07:55:34Z
2571,20260806,9,1,108,7:35am,2026-08-06T00:35:00+00:00,2026-08-06T07:35:00+07:00,,,,Asia/Novosibirsk,2026-09-03T07:55:34Z
2572,20260806,1,1,190,8:30am,2026-08-06T01:30:00+00:00,2026-08-06T08:30:00+07:00,1.93B,-1.06B,-2.37B,Asia/Novosibirsk,2026-09-03T07:55:34Z
2573,20260806,9,1,138,9:00pm,2026-08-06T14:00:00+00:00,2026-08-06T21:00:00+07:00,0.2%,0.3%,0.3%,Asia/Novosibirsk,2026-09-03T07:55:34Z
2574,20260806,9,1,270,9:30pm,2026-08-06T14:30:00+00:00,2026-08-06T21:30:00+07:00,33B,30B,28B,Asia/Novosibirsk,2026-09-03T07:55:34Z
2575,20260807,2,3,375,,,,6.4%,6.5%,6.5%,Asia/Novosibirsk,2026-09-03T07:55:34Z
2576,20260807,9,3,16,,,,0.1%,0.3%,0.3%,Asia/Novosibirsk,2026-09-03T07:55:34Z
2577,20260807,9,3,275,,,,-23K,85K,20K,Asia/Novosibirsk,2026-09-03T07:55:34Z
2578,20260807,9,3,375,,,,4.1%,4.2%,4.2%,Asia/Novosibirsk,2026-09-03T07:55:34Z
2579,20260807,7,1,229,12:00pm,2026-08-07T05:00:00+00:00,2026-08-07T12:00:00+07:00,116.4%,116.5%,116.5%,Asia/Novosibirsk,2026-09-03T07:55:34Z
2580,20260807,5,1,179,1:00pm,2026-08-07T06:00:00+00:00,2026-08-07T13:00:00+07:00,0.2%,0.2%,0.7%,Asia/Novosibirsk,2026-09-03T07:55:34Z
2581,20260807,5,1,184,1:00pm,2026-08-07T06:00:00+00:00,2026-08-07T13:00:00+07:00,15.4B,17.2B,19.3B,Asia/Novosibirsk,2026-09-03T07:55:34Z
2582,20260807,6,1,230,1:03pm,2026-08-07T06:03:00+00:00,2026-08-07T13:03:00+07:00,0.0%,0.2%,0.2%,Asia/Novosibirsk,2026-09-03T07:55:34Z
2583,20260807,5,1,161,1:45pm,2026-08-07T06:45:00+00:00,2026-08-07T13:45:00+07:00,-5.8B,-6.5B,-7.7B,Asia/Novosibirsk,2026-09-03T07:55:34Z
2584,20260807,3,1,144,2:00pm,2026-08-07T07:00:00+00:00,2026-08-07T14:00:00+07:00,768B,,759B,Asia/Novosibirsk,2026-09-03T07:55:34Z
2585,20260807,3,1,345,2:00pm,2026-08-07T07:00:00+00:00,2026-08-07T14:00:00+07:00,-35,-34,-36,Asia/Novosibirsk,2026-09-03T07:55:34Z
2586,20260807,7,1,200,6:30am,2026-08-06T23:30:00+00:00,2026-08-07T06:30:00+07:00,-3.3%,0.8%,-0.4%,Asia/Novosibirsk,2026-09-03T07:55:34Z
2587,20260807,9,1,102,9:00pm,2026-08-07T14:00:00+00:00,2026-08-07T21:00:00+07:00,,,,Asia/Novosibirsk,2026-09-03T07:55:34Z
2588,20260807,4,1,368,9:38am,2026-08-07T02:38:00+00:00,2026-08-07T09:38:00+07:00,767B,735B,859B,Asia/Novosibirsk,2026-09-03T07:55:34Z
2589,20260807,4,1,373,9:38am,2026-08-07T02:38:00+00:00,2026-08-07T09:38:00+07:00,112.5B,108.6B,125.6B,Asia/Novosibirsk,2026-09-03T07:55:34Z
2590,20260808,9,1,105,11:45pm,2026-08-08T16:45:00+00:00,2026-08-08T23:45:00+07:00,,,,Asia/Novosibirsk,2026-09-03T07:55:34Z
2591,20260809,4,1,288,11:45pm,2026-08-09T16:45:00+00:00,2026-08-09T23:45:00+07:00,3.5%,3.9%,4.1%,Asia/Novosibirsk,2026-09-03T07:55:34Z
2592,20260810,7,1,34,11:45pm,2026-08-10T16:45:00+00:00,2026-08-10T23:45:00+07:00,,,,Asia/Novosibirsk,2026-09-03T07:55:34Z
2593,20260810,7,1,84,11:45pm,2026-08-10T16:45:00+00:00,2026-08-10T23:45:00+07:00,1.40T,2.50T,3.06T,Asia/Novosibirsk,2026-09-03T07:55:34Z
2594,20260810,7,1,93,12:00pm,2026-08-10T05:00:00+00:00,2026-08-10T12:00:00+07:00,45.7,44.6,44.0,Asia/Novosibirsk,2026-09-03T07:55:34Z
2595,20260810,5,1,354,3:30pm,2026-08-10T08:30:00+00:00,2026-08-10T15:30:00+07:00,0.9,-0.7,-3.1,Asia/Novosibirsk,2026-09-03T07:55:34Z
2596,20260810,9,1,62,8:45pm,2026-08-10T13:45:00+00:00,2026-08-10T20:45:00+07:00,3.3%,,3.7%,Asia/Novosibirsk,2026-09-03T07:55:34Z
2597,20260811,1,3,318,,,,,,,Asia/Novosibirsk,2026-09-03T07:55:34Z
2598,20260811,1,3,320,,,,,,,Asia/Novosibirsk,2026-09-03T07:55:34Z
2599,20260811,1,3,319,12:30pm,2026-08-11T05:30:00+00:00,2026-08-11T12:30:00+07:00,,,,Asia/Novosibirsk,2026-09-03T07:55:34Z
2600,20260811,5,1,223,3:00pm,2026-08-11T08:00:00+00:00,2026-08-11T15:00:00+07:00,4.23B,4.74B,4.79B,Asia/Novosibirsk,2026-09-03T07:55:34Z
2601,20260811,9,1,265,5:00pm,2026-08-11T10:00:00+00:00,2026-08-11T17:00:00+07:00,99.8,97.5,97.4,Asia/Novosibirsk,2026-09-03T07:55:34Z
2602,20260811,6,1,35,6:01am,2026-08-10T23:01:00+00:00,2026-08-11T06:01:00+07:00,1.0%,1.6%,1.7%,Asia/Novosibirsk,2026-09-03T07:55:34Z
2603,20260811,9,1,6,7:15pm,2026-08-11T12:15:00+00:00,2026-08-11T19:15:00+07:00,8.3K,,11.0K,Asia/Novosibirsk,2026-09-03T07:55:34Z
2604,20260811,1,1,261,8:30am,2026-08-11T01:30:00+00:00,2026-08-11T08:30:00+07:00,-6,,-6,Asia/Novosibirsk,2026-09-03T07:55:34Z
2605,20260811,9,1,99,9:00pm,2026-08-11T14:00:00+00:00,2026-08-11T21:00:00+07:00,4.06M,4.05M,4.13M,Asia/Novosibirsk,2026-09-03T07:55:34Z
2606,20260811,9,1,6,Jul 18th,,,11.0K,,14.5K,Asia/Novosibirsk,2026-09-03T07:55:34Z
2607,20260812,9,3,54,12:30pm,2026-08-12T05:30:00+00:00,2026-08-12T12:30:00+07:00,0.1%,0.1%,-0.4%,Asia/Novosibirsk,2026-09-03T07:55:34Z
2608,20260812,9,3,55,12:30pm,2026-08-12T05:30:00+00:00,2026-08-12T12:30:00+07:00,3.4%,3.4%,3.5%,Asia/Novosibirsk,2026-09-03T07:55:34Z
2609,20260812,9,3,75,12:30pm,2026-08-12T05:30:00+00:00,2026-08-12T12:30:00+07:00,2.5%,2.5%,2.6%,Asia/Novosibirsk,2026-09-03T07:55:34Z
2610,20260812,5,1,171,1:00pm,2026-08-12T06:00:00+00:00,2026-08-12T13:00:00+07:00,0.8%,0.8%,0.8%,Asia/Novosibirsk,2026-09-03T07:55:34Z
2611,20260812,7,1,300,1:00pm,2026-08-12T06:00:00+00:00,2026-08-12T13:00:00+07:00,50.4%,,52.7%,Asia/Novosibirsk,2026-09-03T07:55:34Z
2612,20260812,5,1,167,4:33pm,2026-08-12T09:33:00+00:00,2026-08-12T16:33:00+07:00,3.65|1.3,,3.64|2.9,Asia/Novosibirsk,2026-09-03T07:55:34Z
2613,20260812,7,1,232,6:50am,2026-08-11T23:50:00+00:00,2026-08-12T06:50:00+07:00,2.2%,2.1%,2.2%,Asia/Novosibirsk,2026-09-03T07:55:34Z
2614,20260812,2,1,45,7:30pm,2026-08-12T12:30:00+00:00,2026-08-12T19:30:00+07:00,18.5%,0.8%,-3.0%,Asia/Novosibirsk,2026-09-03T07:55:34Z
2615,20260812,9,1,83,9:30pm,2026-08-12T14:30:00+00:00,2026-08-12T21:30:00+07:00,17.4M,-1.7M,2.5M,Asia/Novosibirsk,2026-09-03T07:55:34Z
2616,20260813,9,1,129,12:58am,2026-08-12T17:58:00+00:00,2026-08-13T00:58:00+07:00,-432.3B,-348.3B,-120.3B,Asia/Novosibirsk,2026-09-03T07:55:34Z
2617,20260813,6,1,66,1:00pm,2026-08-13T06:00:00+00:00,2026-08-13T13:00:00+07:00,-0.1%,-0.3%,-0.8%,Asia/Novosibirsk,2026-09-03T07:55:34Z
2618,20260813,6,1,190,1:00pm,2026-08-13T06:00:00+00:00,2026-08-13T13:00:00+07:00,-23.0B,-20.6B,-21.1B,Asia/Novosibirsk,2026-09-03T07:55:34Z
2619,20260813,6,1,210,1:00pm,2026-08-13T06:00:00+00:00,2026-08-13T13:00:00+07:00,0.5%,0.5%,0.6%,Asia/Novosibirsk,2026-09-03T07:55:34Z
2620,20260813,6,1,211,1:00pm,2026-08-13T06:00:00+00:00,2026-08-13T13:00:00+07:00,-0.2%,0.1%,-0.7%,Asia/Novosibirsk,2026-09-03T07:55:34Z
2621,20260813,6,1,250,1:00pm,2026-08-13T06:00:00+00:00,2026-08-13T13:00:00+07:00,-0.5%,-0.1%,-0.2%,Asia/Novosibirsk,2026-09-03T07:55:34Z
2622,20260813,6,1,294,1:00pm,2026-08-13T06:00:00+00:00,2026-08-13T13:00:00+07:00,1.7%,-0.3%,0.9%,Asia/Novosibirsk,2026-09-03T07:55:34Z
2623,20260813,6,2,298,1:00pm,2026-08-13T06:00:00+00:00,2026-08-13T13:00:00+07:00,0.4%,0.4%,0.6%,Asia/Novosibirsk,2026-09-03T07:55:34Z
2624,20260813,3,1,286,1:30pm,2026-08-13T06:30:00+00:00,2026-08-13T13:30:00+07:00,-0.1%,-0.2%,-0.3%,Asia/Novosibirsk,2026-09-03T07:55:34Z
2625,20260813,5,1,211,4:00pm,2026-08-13T09:00:00+00:00,2026-08-13T16:00:00+07:00,0.0%,-0.1%,0.3%,Asia/Novosibirsk,2026-09-03T07:55:34Z
2626,20260813,6,1,327,6:01am,2026-08-12T23:01:00+00:00,2026-08-13T06:01:00+07:00,-30%,-30%,-32%,Asia/Novosibirsk,2026-09-03T07:55:34Z
2627,20260813,7,1,288,6:50am,2026-08-12T23:50:00+00:00,2026-08-13T06:50:00+07:00,7.2%,7.4%,7.3%,Asia/Novosibirsk,2026-09-03T07:55:34Z
2628,20260813,1,1,313,7:15am,2026-08-13T00:15:00+00:00,2026-08-13T07:15:00+07:00,,,,Asia/Novosibirsk,2026-09-03T07:55:34Z
2629,20260813,9,1,110,7:15pm,2026-08-13T12:15:00+00:00,2026-08-13T19:15:00+07:00,,,,Asia/Novosibirsk,2026-09-03T07:55:34Z
2630,20260813,9,3,79,7:30pm,2026-08-13T12:30:00+00:00,2026-08-13T19:30:00+07:00,0.2%,0.3%,0.4%,Asia/Novosibirsk,2026-09-03T07:55:34Z
2631,20260813,9,3,286,7:30pm,2026-08-13T12:30:00+00:00,2026-08-13T19:30:00+07:00,0.0%,0.2%,-0.1%,Asia/Novosibirsk,2026-09-03T07:55:34Z
2632,20260813,9,2,374,7:30pm,2026-08-13T12:30:00+00:00,2026-08-13T19:30:00+07:00,209K,202K,200K,Asia/Novosibirsk,2026-09-03T07:55:34Z
2633,20260813,9,1,102,7:40pm,2026-08-13T12:40:00+00:00,2026-08-13T19:40:00+07:00,,,,Asia/Novosibirsk,2026-09-03T07:55:34Z
2634,20260813,6,1,50,8:30pm,2026-08-13T13:30:00+00:00,2026-08-13T20:30:00+07:00,-0.4%,,-0.4%,Asia/Novosibirsk,2026-09-03T07:55:34Z
2635,20260813,9,1,260,9:29pm,2026-08-13T14:29:00+00:00,2026-08-13T21:29:00+07:00,4.37%,,4.44%,Asia/Novosibirsk,2026-09-03T07:55:34Z
2636,20260813,1,1,50,9:30pm,2026-08-13T14:30:00+00:00,2026-08-13T21:30:00+07:00,0.3%,,0.3%,Asia/Novosibirsk,2026-09-03T07:55:34Z
2637,20260813,9,1,270,9:30pm,2026-08-13T14:30:00+00:00,2026-08-13T21:30:00+07:00,36B,31B,33B,Asia/Novosibirsk,2026-09-03T07:55:34Z
2638,20260814,5,1,186,1:00pm,2026-08-14T06:00:00+00:00,2026-08-14T13:00:00+07:00,0.2%,-0.2%,-0.7%,Asia/Novosibirsk,2026-09-03T07:55:34Z
2639,20260814,5,1,149,1:45pm,2026-08-14T06:45:00+00:00,2026-08-14T13:45:00+07:00,0.6%,0.6%,0.6%,Asia/Novosibirsk,2026-09-03T07:55:34Z
2640,20260814,4,1,233,3:01pm,2026-08-14T08:01:00+00:00,2026-08-14T15:01:00+07:00,7.7%,7.9%,8.0%,Asia/Novosibirsk,2026-09-03T07:55:34Z
2641,20260814,4,1,274,3:02pm,2026-08-14T08:02:00+00:00,2026-08-14T15:02:00+07:00,-340B,-50B,1610B,Asia/Novosibirsk,2026-09-03T07:55:34Z
2642,20260814,5,1,140,4:00pm,2026-08-14T09:00:00+00:00,2026-08-14T16:00:00+07:00,0.1%,0.1%,0.1%,Asia/Novosibirsk,2026-09-03T07:55:34Z
2643,20260814,5,1,141,4:00pm,2026-08-14T09:00:00+00:00,2026-08-14T16:00:00+07:00,0.4%,0.4%,0.4%,Asia/Novosibirsk,2026-09-03T07:55:34Z
2644,20260814,5,1,368,4:00pm,2026-08-14T09:00:00+00:00,2026-08-14T16:00:00+07:00,1.8B,-2.2B,-6.1B,Asia/Novosibirsk,2026-09-03T07:55:34Z
2645,20260814,9,1,109,5:00am,2026-08-13T22:00:00+00:00,2026-08-14T05:00:00+07:00,,,,Asia/Novosibirsk,2026-09-03T07:55:34Z
2646,20260814,8,1,47,5:30am,2026-08-13T22:30:00+00:00,2026-08-14T05:30:00+07:00,54.3,,60.1,Asia/Novosibirsk,2026-09-03T07:55:34Z
2647,20260814,8,1,376,5:45am,2026-08-13T22:45:00+00:00,2026-08-14T05:45:00+07:00,-0.1%,,-2.4%,Asia/Novosibirsk,2026-09-03T07:55:34Z
2648,20260814,2,1,251,7:30pm,2026-08-14T12:30:00+00:00,2026-08-14T19:30:00+07:00,0.1%,-0.1%,1.6%,Asia/Novosibirsk,2026-09-03T07:55:34Z
2649,20260814,2,1,378,7:30pm,2026-08-14T12:30:00+00:00,2026-08-14T19:30:00+07:00,2.8%,2.7%,-0.3%,Asia/Novosibirsk,2026-09-03T07:55:34Z
2650,20260814,9,2,332,7:30pm,2026-08-14T12:30:00+00:00,2026-08-14T19:30:00+07:00,-0.6%,0.1%,0.2%,Asia/Novosibirsk,2026-09-03T07:55:34Z
2651,20260814,9,1,46,9:00pm,2026-08-14T14:00:00+00:00,2026-08-14T21:00:00+07:00,0.0%,0.2%,0.4%,Asia/Novosibirsk,2026-09-03T07:55:34Z
2652,20260814,9,2,303,9:00pm,2026-08-14T14:00:00+00:00,2026-08-14T21:00:00+07:00,51.0,54.7,55.2,Asia/Novosibirsk,2026-09-03T07:55:34Z
2653,20260814,9,2,304,9:00pm,2026-08-14T14:00:00+00:00,2026-08-14T21:00:00+07:00,4.3%,,4.2%,Asia/Novosibirsk,2026-09-03T07:55:34Z
2654,20260817,7,1,337,11:30am,2026-08-17T04:30:00+00:00,2026-08-17T11:30:00+07:00,1.9%,1.3%,1.3%,Asia/Novosibirsk,2026-09-03T07:55:34Z
2655,20260817,7,1,366,11:30am,2026-08-17T04:30:00+00:00,2026-08-17T11:30:00+07:00,-0.2%,-0.9%,0.8%,Asia/Novosibirsk,2026-09-03T07:55:34Z
2656,20260817,4,1,139,2:00pm,2026-08-17T07:00:00+00:00,2026-08-17T14:00:00+07:00,-6.7%,-6.2%,-5.7%,Asia/Novosibirsk,2026-09-03T07:55:34Z
2657,20260817,4,1,212,2:00pm,2026-08-17T07:00:00+00:00,2026-08-17T14:00:00+07:00,4.5%,5.0%,5.3%,Asia/Novosibirsk,2026-09-03T07:55:34Z
2658,20260817,4,1,264,2:00pm,2026-08-17T07:00:00+00:00,2026-08-17T14:00:00+07:00,,,,Asia/Novosibirsk,2026-09-03T07:55:34Z
2659,20260817,4,1,272,2:00pm,2026-08-17T07:00:00+00:00,2026-08-17T14:00:00+07:00,-0.18%,,-0.15%,Asia/Novosibirsk,2026-09-03T07:55:34Z
2660,20260817,4,1,334,2:00pm,2026-08-17T07:00:00+00:00,2026-08-17T14:00:00+07:00,0.6%,1.5%,1.0%,Asia/Novosibirsk,2026-09-03T07:55:34Z
2661,20260817,4,1,375,2:00pm,2026-08-17T07:00:00+00:00,2026-08-17T14:00:00+07:00,5.2%,5.1%,5.0%,Asia/Novosibirsk,2026-09-03T07:55:34Z
2662,20260817,8,1,124,5:45am,2026-08-16T22:45:00+00:00,2026-08-17T05:45:00+07:00,0.1%,,0.6%,Asia/Novosibirsk,2026-09-03T07:55:34Z
2663,20260817,6,1,343,6:01am,2026-08-16T23:01:00+00:00,2026-08-17T06:01:00+07:00,-2.0%,,-1.0%,Asia/Novosibirsk,2026-09-03T07:55:34Z
2664,20260817,7,1,297,6:50am,2026-08-16T23:50:00+00:00,2026-08-17T06:50:00+07:00,2.6%,2.3%,3.2%,Asia/Novosibirsk,2026-09-03T07:55:34Z
2665,20260817,7,1,298,6:50am,2026-08-16T23:50:00+00:00,2026-08-17T06:50:00+07:00,0.3%,0.5%,0.5%,Asia/Novosibirsk,2026-09-03T07:55:34Z
2666,20260817,2,1,146,7:30pm,2026-08-17T12:30:00+00:00,2026-08-17T19:30:00+07:00,40.83B,15.0B,8.80B,Asia/Novosibirsk,2026-09-03T07:55:34Z
2667,20260817,2,3,253,7:30pm,2026-08-17T12:30:00+00:00,2026-08-17T19:30:00+07:00,2.0%,2.0%,1.9%,Asia/Novosibirsk,2026-09-03T07:55:34Z
2668,20260817,2,3,370,7:30pm,2026-08-17T12:30:00+00:00,2026-08-17T19:30:00+07:00,1.9%,1.8%,1.9%,Asia/Novosibirsk,2026-09-03T07:55:34Z
2669,20260817,9,1,94,7:30pm,2026-08-17T12:30:00+00:00,2026-08-17T19:30:00+07:00,20.6,10.6,15.6,Asia/Novosibirsk,2026-09-03T07:55:34Z
2670,20260817,2,1,74,7:32pm,2026-08-17T12:32:00+00:00,2026-08-17T19:32:00+07:00,0.2%,,0.1%,Asia/Novosibirsk,2026-09-03T07:55:34Z
2671,20260817,9,1,263,9:00pm,2026-08-17T14:00:00+00:00,2026-08-17T21:00:00+07:00,35,33,34,Asia/Novosibirsk,2026-09-03T07:55:34Z
2672,20260818,8,1,165,10:31pm,2026-08-18T15:31:00+00:00,2026-08-18T22:31:00+07:00,2.3%,,0.1%,Asia/Novosibirsk,2026-09-03T07:55:34Z
2673,20260818,6,1,375,1:00pm,2026-08-18T06:00:00+00:00,2026-08-18T13:00:00+07:00,4.9%,4.8%,4.9%,Asia/Novosibirsk,2026-09-03T07:55:34Z
2674,20260818,5,1,187,4:00pm,2026-08-18T09:00:00+00:00,2026-08-18T16:00:00+07:00,34.2,30.1,26.3,Asia/Novosibirsk,2026-09-03T07:55:34Z
2675,20260818,5,1,379,4:00pm,2026-08-18T09:00:00+00:00,2026-08-18T16:00:00+07:00,31.4,25.9,23.4,Asia/Novosibirsk,2026-09-03T07:55:34Z
2676,20260818,6,1,2,4:02pm,2026-08-18T09:02:00+00:00,2026-08-18T16:02:00+07:00,5.16|3.6,,5.04|3.1,Asia/Novosibirsk,2026-09-03T07:55:34Z
2677,20260818,2,1,202,7:15pm,2026-08-18T12:15:00+00:00,2026-08-18T19:15:00+07:00,229K,249K,241K,Asia/Novosibirsk,2026-09-03T07:55:34Z
2678,20260818,9,1,6,7:15pm,2026-08-18T12:15:00+00:00,2026-08-18T19:15:00+07:00,9.5K,,8.3K,Asia/Novosibirsk,2026-09-03T07:55:34Z
2679,20260818,1,1,377,7:30am,2026-08-18T00:30:00+00:00,2026-08-18T07:30:00+07:00,6.0%,,4.1%,Asia/Novosibirsk,2026-09-03T07:55:34Z
2680,20260818,9,1,44,7:30pm,2026-08-18T12:30:00+00:00,2026-08-18T19:30:00+07:00,1.44M,1.37M,1.37M,Asia/Novosibirsk,2026-09-03T07:55:34Z
2681,20260818,9,1,202,7:30pm,2026-08-18T12:30:00+00:00,2026-08-18T19:30:00+07:00,1.24M,1.34M,1.42M,Asia/Novosibirsk,2026-09-03T07:55:34Z
2682,20260818,9,1,208,7:30pm,2026-08-18T12:30:00+00:00,2026-08-18T19:30:00+07:00,-0.4%,0.1%,-0.3%,Asia/Novosibirsk,2026-09-03T07:55:34Z
2683,20260818,9,1,56,8:15pm,2026-08-18T13:15:00+00:00,2026-08-18T20:15:00+07:00,76.3%,76.3%,76.2%,Asia/Novosibirsk,2026-09-03T07:55:34Z
2684,20260818,9,1,211,8:15pm,2026-08-18T13:15:00+00:00,2026-08-18T20:15:00+07:00,0.2%,0.3%,0.3%,Asia/Novosibirsk,2026-09-03T07:55:34Z
2685,20260818,9,1,289,9:00pm,2026-08-18T14:00:00+00:00,2026-08-18T21:00:00+07:00,-2.3%,0.1%,-4.8%,Asia/Novosibirsk,2026-09-03T07:55:34Z
2686,20260819,6,1,75,1:00pm,2026-08-19T06:00:00+00:00,2026-08-19T13:00:00+07:00,2.6%,2.5%,2.6%,Asia/Novosibirsk,2026-09-03T07:55:34Z
2687,20260819,6,1,282,1:00pm,2026-08-19T06:00:00+00:00,2026-08-19T13:00:00+07:00,-1.7%,0.0%,-1.9%,Asia/Novosibirsk,2026-09-03T07:55:34Z
2688,20260819,6,1,284,1:00pm,2026-08-19T06:00:00+00:00,2026-08-19T13:00:00+07:00,0.2%,0.2%,-0.1%,Asia/Novosibirsk,2026-09-03T07:55:34Z
2689,20260819,6,1,329,1:00pm,2026-08-19T06:00:00+00:00,2026-08-19T13:00:00+07:00,3.2%,3.3%,3.0%,Asia/Novosibirsk,2026-09-03T07:55:34Z
2690,20260819,5,2,89,2:10pm,2026-08-19T07:10:00+00:00,2026-08-19T14:10:00+07:00,,,,Asia/Novosibirsk,2026-09-03T07:55:34Z
2691,20260819,5,1,84,3:00pm,2026-08-19T08:00:00+00:00,2026-08-19T15:00:00+07:00,35.1B,26.8B,25.8B,Asia/Novosibirsk,2026-09-03T07:55:34Z
2692,20260819,6,1,198,3:30pm,2026-08-19T08:30:00+00:00,2026-08-19T15:30:00+07:00,2.0%,1.9%,3.0%,Asia/Novosibirsk,2026-09-03T07:55:34Z
2693,20260819,5,1,130,4:00pm,2026-08-19T09:00:00+00:00,2026-08-19T16:00:00+07:00,2.9%,2.9%,2.9%,Asia/Novosibirsk,2026-09-03T07:55:34Z
2694,20260819,5,1,131,4:00pm,2026-08-19T09:00:00+00:00,2026-08-19T16:00:00+07:00,2.5%,2.5%,2.5%,Asia/Novosibirsk,2026-09-03T07:55:34Z
2695,20260819,5,1,166,4:34pm,2026-08-19T09:34:00+00:00,2026-08-19T16:34:00+07:00,3.26|1.1,,3.13|1.1,Asia/Novosibirsk,2026-09-03T07:55:34Z
2696,20260819,5,2,89,5:15pm,2026-08-19T10:15:00+00:00,2026-08-19T17:15:00+07:00,,,,Asia/Novosibirsk,2026-09-03T07:55:34Z
2697,20260819,8,1,283,5:45am,2026-08-18T22:45:00+00:00,2026-08-19T05:45:00+07:00,2.9%,1.3%,1.4%,Asia/Novosibirsk,2026-09-03T07:55:34Z
2698,20260819,8,1,285,5:45am,2026-08-18T22:45:00+00:00,2026-08-19T05:45:00+07:00,1.6%,0.8%,0.8%,Asia/Novosibirsk,2026-09-03T07:55:34Z
2699,20260819,7,1,77,6:50am,2026-08-18T23:50:00+00:00,2026-08-19T06:50:00+07:00,9.7%,7.2%,-12.4%,Asia/Novosibirsk,2026-09-03T07:55:34Z
2700,20260819,9,1,83,9:30pm,2026-08-19T14:30:00+00:00,2026-08-19T21:30:00+07:00,4.4M,0.2M,17.4M,Asia/Novosibirsk,2026-09-03T07:55:34Z
2701,20260819,1,1,315,9:45am,2026-08-19T02:45:00+00:00,2026-08-19T09:45:00+07:00,,,,Asia/Novosibirsk,2026-09-03T07:55:34Z
2702,20260820,9,1,115,10:10pm,2026-08-20T15:10:00+00:00,2026-08-20T22:10:00+07:00,,,,Asia/Novosibirsk,2026-09-03T07:55:34Z
2703,20260820,5,1,180,1:00pm,2026-08-20T06:00:00+00:00,2026-08-20T13:00:00+07:00,1.1%,0.5%,-0.3%,Asia/Novosibirsk,2026-09-03T07:55:34Z
2704,20260820,5,1,168,5:00pm,2026-08-20T10:00:00+00:00,2026-08-20T17:00:00+07:00,,,,Asia/Novosibirsk,2026-09-03T07:55:34Z
2705,20260820,6,1,51,5:00pm,2026-08-20T10:00:00+00:00,2026-08-20T17:00:00+07:00,-25,-40,-45,Asia/Novosibirsk,2026-09-03T07:55:34Z
2706,20260820,2,1,204,7:30pm,2026-08-20T12:30:00+00:00,2026-08-20T19:30:00+07:00,0.6%,-0.4%,-1.4%,Asia/Novosibirsk,2026-09-03T07:55:34Z
2707,20260820,2,1,266,7:30pm,2026-08-20T12:30:00+00:00,2026-08-20T19:30:00+07:00,-0.1%,0.0%,-0.1%,Asia/Novosibirsk,2026-09-03T07:55:34Z
2708,20260820,2,1,328,7:30pm,2026-08-20T12:30:00+00:00,2026-08-20T19:30:00+07:00,-2.2%,-1.8%,-6.7%,Asia/Novosibirsk,2026-09-03T07:55:34Z
2709,20260820,9,2,292,7:30pm,2026-08-20T12:30:00+00:00,2026-08-20T19:30:00+07:00,47.4,24.1,41.4,Asia/Novosibirsk,2026-09-03T07:55:34Z
2710,20260820,9,2,374,7:30pm,2026-08-20T12:30:00+00:00,2026-08-20T19:30:00+07:00,206K,210K,212K,Asia/Novosibirsk,2026-09-03T07:55:34Z
2711,20260820,1,1,236,8:00am,2026-08-20T01:00:00+00:00,2026-08-20T08:00:00+07:00,4.9%,,4.7%,Asia/Novosibirsk,2026-09-03T07:55:34Z
2712,20260820,4,1,1,8:00am,2026-08-20T01:00:00+00:00,2026-08-20T08:00:00+07:00,3.00%,3.00%,3.00%,Asia/Novosibirsk,2026-09-03T07:55:34Z
2713,20260820,4,1,4,8:00am,2026-08-20T01:00:00+00:00,2026-08-20T08:00:00+07:00,3.50%,3.50%,3.50%,Asia/Novosibirsk,2026-09-03T07:55:34Z
2714,20260820,1,3,95,8:30am,2026-08-20T01:30:00+00:00,2026-08-20T08:30:00+07:00,-15.8K,11.7K,80.2K,Asia/Novosibirsk,2026-09-03T07:55:34Z
2715,20260820,1,3,375,8:30am,2026-08-20T01:30:00+00:00,2026-08-20T08:30:00+07:00,4.5%,4.4%,4.4%,Asia/Novosibirsk,2026-09-03T07:55:34Z
2716,20260820,9,1,50,9:00pm,2026-08-20T14:00:00+00:00,2026-08-20T21:00:00+07:00,0.2%,0.1%,-0.1%,Asia/Novosibirsk,2026-09-03T07:55:34Z
2717,20260820,9,1,270,9:30pm,2026-08-20T14:30:00+00:00,2026-08-20T21:30:00+07:00,16B,15B,36B,Asia/Novosibirsk,2026-09-03T07:55:34Z
2718,20260821,8,1,82,10:00am,2026-08-21T03:00:00+00:00,2026-08-21T10:00:00+07:00,5.3%,,3.2%,Asia/Novosibirsk,2026-09-03T07:55:34Z
2719,20260821,6,1,310,1:00pm,2026-08-21T06:00:00+00:00,2026-08-21T13:00:00+07:00,1.8B,0.0B,12.8B,Asia/Novosibirsk,2026-09-03T07:55:34Z
2720,20260821,5,2,154,2:15pm,2026-08-21T07:15:00+00:00,2026-08-21T14:15:00+07:00,51.5,50.1,49.8,Asia/Novosibirsk,2026-09-03T07:55:34Z
2721,20260821,5,2,155,2:15pm,2026-08-21T07:15:00+00:00,2026-08-21T14:15:00+07:00,48.4,49.4,49.6,Asia/Novosibirsk,2026-09-03T07:55:34Z
2722,20260821,5,2,175,2:30pm,2026-08-21T07:30:00+00:00,2026-08-21T14:30:00+07:00,54.1,52.1,52.2,Asia/Novosibirsk,2026-09-03T07:55:34Z
2723,20260821,5,2,176,2:30pm,2026-08-21T07:30:00+00:00,2026-08-21T14:30:00+07:00,48.5,50.1,49.8,Asia/Novosibirsk,2026-09-03T07:55:34Z
2724,20260821,5,1,142,3:00pm,2026-08-21T08:00:00+00:00,2026-08-21T15:00:00+07:00,52.8,51.8,51.9,Asia/Novosibirsk,2026-09-03T07:55:34Z
2725,20260821,5,1,143,3:00pm,2026-08-21T08:00:00+00:00,2026-08-21T15:00:00+07:00,51.7,51.5,51.7,Asia/Novosibirsk,2026-09-03T07:55:34Z
2726,20260821,6,2,142,3:30pm,2026-08-21T08:30:00+00:00,2026-08-21T15:30:00+07:00,51.5,51.6,51.9,Asia/Novosibirsk,2026-09-03T07:55:34Z
2727,20260821,6,2,143,3:30pm,2026-08-21T08:30:00+00:00,2026-08-21T15:30:00+07:00,52.8,51.8,52.1,Asia/Novosibirsk,2026-09-03T07:55:34Z
2728,20260821,4,1,145,4:03pm,2026-08-21T09:03:00+00:00,2026-08-21T16:03:00+07:00,-6.2%,,-5.0%,Asia/Novosibirsk,2026-09-03T07:55:34Z
2729,20260821,1,1,142,6:00am,2026-08-20T23:00:00+00:00,2026-08-21T06:00:00+07:00,52.0,,52.0,Asia/Novosibirsk,2026-09-03T07:55:34Z
2730,20260821,1,1,143,6:00am,2026-08-20T23:00:00+00:00,2026-08-21T06:00:00+07:00,52.9,,53.6,Asia/Novosibirsk,2026-09-03T07:55:34Z
2731,20260821,6,1,189,6:01am,2026-08-20T23:01:00+00:00,2026-08-21T06:01:00+07:00,-14,-18,-17,Asia/Novosibirsk,2026-09-03T07:55:34Z
2732,20260821,7,1,268,6:30am,2026-08-20T23:30:00+00:00,2026-08-21T06:30:00+07:00,1.8%,1.8%,1.6%,Asia/Novosibirsk,2026-09-03T07:55:34Z
2733,20260821,7,1,142,7:30am,2026-08-21T00:30:00+00:00,2026-08-21T07:30:00+07:00,55.1,55.1,54.5,Asia/Novosibirsk,2026-09-03T07:55:34Z
2734,20260821,2,1,80,7:30pm,2026-08-21T12:30:00+00:00,2026-08-21T19:30:00+07:00,0.5%,0.2%,1.2%,Asia/Novosibirsk,2026-09-03T07:55:34Z
2735,20260821,2,1,332,7:30pm,2026-08-21T12:30:00+00:00,2026-08-21T19:30:00+07:00,0.6%,0.4%,1.1%,Asia/Novosibirsk,2026-09-03T07:55:34Z
2736,20260821,9,1,142,8:45pm,2026-08-21T13:45:00+00:00,2026-08-21T20:45:00+07:00,53.2,53.9,53.9,Asia/Novosibirsk,2026-09-03T07:55:34Z
2737,20260821,9,1,143,8:45pm,2026-08-21T13:45:00+00:00,2026-08-21T20:45:00+07:00,56.8,54.0,54.6,Asia/Novosibirsk,2026-09-03T07:55:34Z
2738,20260821,5,1,70,9:00pm,2026-08-21T14:00:00+00:00,2026-08-21T21:00:00+07:00,-16,-16,-16,Asia/Novosibirsk,2026-09-03T07:55:34Z
2739,20260824,2,1,81,7:30pm,2026-08-24T12:30:00+00:00,2026-08-24T19:30:00+07:00,8.7%,,-1.9%,Asia/Novosibirsk,2026-09-03T07:55:34Z
2740,20260824,8,1,333,9:00pm,2026-08-24T14:00:00+00:00,2026-08-24T21:00:00+07:00,-0.5%,0.1%,1.0%,Asia/Novosibirsk,2026-09-03T07:55:34Z
2741,20260825,7,1,29,12:00pm,2026-08-25T05:00:00+00:00,2026-08-25T12:00:00+07:00,1.6%,1.4%,1.5%,Asia/Novosibirsk,2026-09-03T07:55:34Z
2742,20260825,5,1,172,1:00pm,2026-08-25T06:00:00+00:00,2026-08-25T13:00:00+07:00,0.3%,0.2%,0.2%,Asia/Novosibirsk,2026-09-03T07:55:34Z
2743,20260825,5,1,188,3:00pm,2026-08-25T08:00:00+00:00,2026-08-25T15:00:00+07:00,88.8,87.2,86.7,Asia/Novosibirsk,2026-09-03T07:55:34Z
2744,20260825,9,1,6,7:15pm,2026-08-25T12:15:00+00:00,2026-08-25T19:15:00+07:00,11.8K,,9.5K,Asia/Novosibirsk,2026-09-03T07:55:34Z
2745,20260825,9,1,102,7:30pm,2026-08-25T12:30:00+00:00,2026-08-25T19:30:00+07:00,,,,Asia/Novosibirsk,2026-09-03T07:55:34Z
2746,20260825,5,1,41,8:00pm,2026-08-25T13:00:00+00:00,2026-08-25T20:00:00+07:00,-13.2,-11.0,-11.9,Asia/Novosibirsk,2026-09-03T07:55:34Z
2747,20260825,9,1,197,8:00pm,2026-08-25T13:00:00+00:00,2026-08-25T20:00:00+07:00,0.0%,0.2%,0.3%,Asia/Novosibirsk,2026-09-03T07:55:34Z
2748,20260825,9,1,344,8:00pm,2026-08-25T13:00:00+00:00,2026-08-25T20:00:00+07:00,2.1%,1.8%,1.6%,Asia/Novosibirsk,2026-09-03T07:55:34Z
2749,20260825,9,2,49,9:00pm,2026-08-25T14:00:00+00:00,2026-08-25T21:00:00+07:00,89.4,90.3,90.2,Asia/Novosibirsk,2026-09-03T07:55:34Z
2750,20260825,9,1,273,9:00pm,2026-08-25T14:00:00+00:00,2026-08-25T21:00:00+07:00,607K,620K,678K,Asia/Novosibirsk,2026-09-03T07:55:34Z
2751,20260825,9,1,342,9:00pm,2026-08-25T14:00:00+00:00,2026-08-25T21:00:00+07:00,4,6,5,Asia/Novosibirsk,2026-09-03T07:55:34Z
2752,20260826,9,1,102,10:45pm,2026-08-26T15:45:00+00:00,2026-08-26T22:45:00+07:00,,,,Asia/Novosibirsk,2026-09-03T07:55:34Z
2753,20260826,3,1,191,11:15pm,2026-08-26T16:15:00+00:00,2026-08-26T23:15:00+07:00,,,,Asia/Novosibirsk,2026-09-03T07:55:34Z
2754,20260826,3,1,372,3:00pm,2026-08-26T08:00:00+00:00,2026-08-26T15:00:00+07:00,12.1,,10.0,Asia/Novosibirsk,2026-09-03T07:55:34Z
2755,20260826,9,1,10,3:30am,2026-08-25T20:30:00+00:00,2026-08-26T03:30:00+07:00,,,,Asia/Novosibirsk,2026-09-03T07:55:34Z
2756,20260826,6,1,52,5:00pm,2026-08-26T10:00:00+00:00,2026-08-26T17:00:00+07:00,-48,-35,-26,Asia/Novosibirsk,2026-09-03T07:55:34Z
2757,20260826,7,1,353,6:50am,2026-08-25T23:50:00+00:00,2026-08-26T06:50:00+07:00,3.6%,3.2%,3.4%,Asia/Novosibirsk,2026-09-03T07:55:34Z
2758,20260826,1,1,238,7:30am,2026-08-26T00:30:00+00:00,2026-08-26T07:30:00+07:00,0.0%,,0.1%,Asia/Novosibirsk,2026-09-03T07:55:34Z
2759,20260826,9,1,76,7:30pm,2026-08-26T12:30:00+00:00,2026-08-26T19:30:00+07:00,0.4%,0.6%,0.7%,Asia/Novosibirsk,2026-09-03T07:55:34Z
2760,20260826,9,3,78,7:30pm,2026-08-26T12:30:00+00:00,2026-08-26T19:30:00+07:00,0.2%,0.2%,0.1%,Asia/Novosibirsk,2026-09-03T07:55:34Z
2761,20260826,9,1,85,7:30pm,2026-08-26T12:30:00+00:00,2026-08-26T19:30:00+07:00,1.1%,0.4%,0.5%,Asia/Novosibirsk,2026-09-03T07:55:34Z
2762,20260826,9,1,290,7:30pm,2026-08-26T12:30:00+00:00,2026-08-26T19:30:00+07:00,0.4%,0.2%,0.2%,Asia/Novosibirsk,2026-09-03T07:55:34Z
2763,20260826,9,1,291,7:30pm,2026-08-26T12:30:00+00:00,2026-08-26T19:30:00+07:00,0.2%,0.1%,0.3%,Asia/Novosibirsk,2026-09-03T07:55:34Z
2764,20260826,9,3,298,7:30pm,2026-08-26T12:30:00+00:00,2026-08-26T19:30:00+07:00,1.5%,1.5%,1.5%,Asia/Novosibirsk,2026-09-03T07:55:34Z
2765,20260826,1,3,55,8:30am,2026-08-26T01:30:00+00:00,2026-08-26T08:30:00+07:00,3.5%,3.3%,3.8%,Asia/Novosibirsk,2026-09-03T07:55:34Z
2766,20260826,1,1,69,8:30am,2026-08-26T01:30:00+00:00,2026-08-26T08:30:00+07:00,-2.1%,0.5%,4.3%,Asia/Novosibirsk,2026-09-03T07:55:34Z
2767,20260826,1,3,371,8:30am,2026-08-26T01:30:00+00:00,2026-08-26T08:30:00+07:00,0.5%,0.4%,0.3%,Asia/Novosibirsk,2026-09-03T07:55:34Z
2768,20260826,9,1,83,9:30pm,2026-08-26T14:30:00+00:00,2026-08-26T21:30:00+07:00,0.1M,1.6M,4.4M,Asia/Novosibirsk,2026-09-03T07:55:34Z
2769,20260827,1,1,307,11:15pm,2026-08-27T16:15:00+00:00,2026-08-27T23:15:00+07:00,-3.6%,0.8%,6.9%,Asia/Novosibirsk,2026-09-03T07:55:34Z
2770,20260827,1,1,314,11:15pm,2026-08-27T16:15:00+00:00,2026-08-27T23:15:00+07:00,,,,Asia/Novosibirsk,2026-09-03T07:55:34Z
2771,20260827,5,1,177,1:00pm,2026-08-27T06:00:00+00:00,2026-08-27T13:00:00+07:00,-26.6,-29.5,-29.4,Asia/Novosibirsk,2026-09-03T07:55:34Z
2772,20260827,5,1,234,3:00pm,2026-08-27T08:00:00+00:00,2026-08-27T15:00:00+07:00,3.4%,3.5%,3.3%,Asia/Novosibirsk,2026-09-03T07:55:34Z
2773,20260827,5,1,308,3:00pm,2026-08-27T08:00:00+00:00,2026-08-27T15:00:00+07:00,3.1%,2.9%,3.0%,Asia/Novosibirsk,2026-09-03T07:55:34Z
2774,20260827,5,1,88,6:30pm,2026-08-27T11:30:00+00:00,2026-08-27T18:30:00+07:00,,,,Asia/Novosibirsk,2026-09-03T07:55:34Z
2775,20260827,2,1,84,7:30pm,2026-08-27T12:30:00+00:00,2026-08-27T19:30:00+07:00,8.8B,3.5B,-8.3B,Asia/Novosibirsk,2026-09-03T07:55:34Z
2776,20260827,9,1,190,7:30pm,2026-08-27T12:30:00+00:00,2026-08-27T19:30:00+07:00,-118.8B,-100.8B,-101.4B,Asia/Novosibirsk,2026-09-03T07:55:34Z
2777,20260827,9,1,305,7:30pm,2026-08-27T12:30:00+00:00,2026-08-27T19:30:00+07:00,1.3%,0.2%,0.3%,Asia/Novosibirsk,2026-09-03T07:55:34Z
2778,20260827,4,1,50,8:00pm,2026-08-27T13:00:00+00:00,2026-08-27T20:00:00+07:00,-0.3%,,0.1%,Asia/Novosibirsk,2026-09-03T07:55:34Z
2779,20260827,9,1,270,9:30pm,2026-08-27T14:30:00+00:00,2026-08-27T21:30:00+07:00,15B,19B,16B,Asia/Novosibirsk,2026-09-03T07:55:34Z
2780,20260828,5,1,178,1:00pm,2026-08-28T06:00:00+00:00,2026-08-28T13:00:00+07:00,0.2%,0.3%,-0.7%,Asia/Novosibirsk,2026-09-03T07:55:34Z
2781,20260828,5,1,148,1:45pm,2026-08-28T06:45:00+00:00,2026-08-28T13:45:00+07:00,0.5%,0.1%,0.6%,Asia/Novosibirsk,2026-09-03T07:55:34Z
2782,20260828,5,1,151,1:45pm,2026-08-28T06:45:00+00:00,2026-08-28T13:45:00+07:00,-0.1%,-0.1%,-0.1%,Asia/Novosibirsk,2026-09-03T07:55:34Z
2783,20260828,5,1,158,1:45pm,2026-08-28T06:45:00+00:00,2026-08-28T13:45:00+07:00,0.7%,0.7%,0.6%,Asia/Novosibirsk,2026-09-03T07:55:34Z
2784,20260828,5,1,159,1:45pm,2026-08-28T06:45:00+00:00,2026-08-28T13:45:00+07:00,0.0%,0.2%,0.2%,Asia/Novosibirsk,2026-09-03T07:55:34Z
2785,20260828,3,1,226,2:00pm,2026-08-28T07:00:00+00:00,2026-08-28T14:00:00+07:00,106.7,103.0,104.2,Asia/Novosibirsk,2026-09-03T07:55:34Z
2786,20260828,5,1,356,2:00pm,2026-08-28T07:00:00+00:00,2026-08-28T14:00:00+07:00,4.3%,4.2%,3.6%,Asia/Novosibirsk,2026-09-03T07:55:34Z
2787,20260828,5,1,185,2:55pm,2026-08-28T07:55:00+00:00,2026-08-28T14:55:00+07:00,4K,4K,6K,Asia/Novosibirsk,2026-09-03T07:55:34Z
2788,20260828,5,1,214,4:09pm,2026-08-28T09:09:00+00:00,2026-08-28T16:09:00+07:00,4.10|1.6,,4.00|1.7,Asia/Novosibirsk,2026-09-03T07:55:34Z
2789,20260828,9,1,110,8:00pm,2026-08-28T13:00:00+00:00,2026-08-28T20:00:00+07:00,,,,Asia/Novosibirsk,2026-09-03T07:55:34Z
2790,20260828,9,1,60,8:45pm,2026-08-28T13:45:00+00:00,2026-08-28T20:45:00+07:00,47.1,57.9,57.6,Asia/Novosibirsk,2026-09-03T07:55:34Z
2791,20260828,9,3,126,9:00pm,2026-08-28T14:00:00+00:00,2026-08-28T21:00:00+07:00,,,,Asia/Novosibirsk,2026-09-03T07:55:34Z
2792,20260828,9,3,293,9:00pm,2026-08-28T14:00:00+00:00,2026-08-28T21:00:00+07:00,-79K,,-911K,Asia/Novosibirsk,2026-09-03T07:55:34Z
2793,20260828,9,2,340,9:00pm,2026-08-28T14:00:00+00:00,2026-08-28T21:00:00+07:00,51.7,51.0,51.0,Asia/Novosibirsk,2026-09-03T07:55:34Z
2794,20260828,9,2,341,9:00pm,2026-08-28T14:00:00+00:00,2026-08-28T21:00:00+07:00,4.0%,,4.3%,Asia/Novosibirsk,2026-09-03T07:55:34Z
2795,20260828,6,1,243,9:30pm,2026-08-28T14:30:00+00:00,2026-08-28T21:30:00+07:00,,,,Asia/Novosibirsk,2026-09-03T07:55:34Z
2796,20260831,7,1,203,12:00pm,2026-08-31T05:00:00+00:00,2026-08-31T12:00:00+07:00,8.2%,7.5%,18.6%,Asia/Novosibirsk,2026-09-03T07:55:34Z
2797,20260831,1,1,237,8:00am,2026-08-31T01:00:00+00:00,2026-08-31T08:00:00+07:00,0.5%,,1.0%,Asia/Novosibirsk,2026-09-03T07:55:34Z
2798,20260831,8,1,7,8:00am,2026-08-31T01:00:00+00:00,2026-08-31T08:00:00+07:00,53.7,,56.1,Asia/Novosibirsk,2026-09-03T07:55:34Z
2799,20260831,1,1,65,8:30am,2026-08-31T01:30:00+00:00,2026-08-31T08:30:00+07:00,1.8%,2.0%,-1.5%,Asia/Novosibirsk,2026-09-03T07:55:34Z
2800,20260831,1,1,309,8:30am,2026-08-31T01:30:00+00:00,2026-08-31T08:30:00+07:00,0.6%,0.7%,0.8%,Asia/Novosibirsk,2026-09-03T07:55:34Z
2801,20260831,4,1,249,8:30am,2026-08-31T01:30:00+00:00,2026-08-31T08:30:00+07:00,49.8,49.5,49.2,Asia/Novosibirsk,2026-09-03T07:55:34Z
2802,20260831,4,1,276,8:30am,2026-08-31T01:30:00+00:00,2026-08-31T08:30:00+07:00,49.0,49.5,49.0,Asia/Novosibirsk,2026-09-03T07:55:34Z
2803,20260831,7,1,334,9:30pm,2026-08-31T14:30:00+00:00,2026-08-31T21:30:00+07:00,4.0%,3.2%,0.6%,Asia/Novosibirsk,2026-09-03T07:55:34Z
2804,20260901,5,2,53,,,,3.3%,3.3%,2.9%,Asia/Novosibirsk,2026-09-03T07:55:34Z
2805,20260901,8,1,165,10:25pm,2026-09-01T15:25:00+00:00,2026-09-01T22:25:00+07:00,0.9%,,2.3%,Asia/Novosibirsk,2026-09-03T07:55:34Z
2806,20260901,7,1,2,10:35am,2026-09-01T03:35:00+00:00,2026-09-01T10:35:00+07:00,3.00|3.3,,2.84|2.6,Asia/Novosibirsk,2026-09-03T07:55:34Z
2807,20260901,7,1,70,12:00pm,2026-09-01T05:00:00+00:00,2026-09-01T12:00:00+07:00,35.5,35.3,34.9,Asia/Novosibirsk,2026-09-03T07:55:34Z
2808,20260901,5,1,183,1:00pm,2026-09-01T06:00:00+00:00,2026-09-01T13:00:00+07:00,-3.4%,0.4%,0.0%,Asia/Novosibirsk,2026-09-03T07:55:34Z
2809,20260901,6,1,269,1:00pm,2026-09-01T06:00:00+00:00,2026-09-01T13:00:00+07:00,0.2%,0.1%,-0.1%,Asia/Novosibirsk,2026-09-03T07:55:34Z
2810,20260901,1,1,63,1:30pm,2026-09-01T06:30:00+00:00,2026-09-01T13:30:00+07:00,15.5%,,17.2%,Asia/Novosibirsk,2026-09-03T07:55:34Z
2811,20260901,3,1,334,1:33pm,2026-09-01T06:33:00+00:00,2026-09-01T13:33:00+07:00,2.3%,1.6%,1.9%,Asia/Novosibirsk,2026-09-03T07:55:34Z
2812,20260901,5,1,358,2:15pm,2026-09-01T07:15:00+00:00,2026-09-01T14:15:00+07:00,49.5,50.3,50.2,Asia/Novosibirsk,2026-09-03T07:55:34Z
2813,20260901,3,1,249,2:30pm,2026-09-01T07:30:00+00:00,2026-09-01T14:30:00+07:00,57.1,54.1,53.2,Asia/Novosibirsk,2026-09-03T07:55:34Z
2814,20260901,5,1,216,2:45pm,2026-09-01T07:45:00+00:00,2026-09-01T14:45:00+07:00,49.6,51.4,51.3,Asia/Novosibirsk,2026-09-03T07:55:34Z
2815,20260901,5,1,150,2:50pm,2026-09-01T07:50:00+00:00,2026-09-01T14:50:00+07:00,51.1,51.5,51.5,Asia/Novosibirsk,2026-09-03T07:55:34Z
2816,20260901,5,1,173,2:55pm,2026-09-01T07:55:00+00:00,2026-09-01T14:55:00+07:00,54.3,54.1,54.1,Asia/Novosibirsk,2026-09-03T07:55:34Z
2817,20260901,5,1,136,3:00pm,2026-09-01T08:00:00+00:00,2026-09-01T15:00:00+07:00,52.7,52.8,52.8,Asia/Novosibirsk,2026-09-03T07:55:34Z
2818,20260901,5,1,217,3:30pm,2026-09-01T08:30:00+00:00,2026-09-01T15:30:00+07:00,5.8%,5.6%,5.8%,Asia/Novosibirsk,2026-09-03T07:55:34Z
2819,20260901,6,1,136,3:30pm,2026-09-01T08:30:00+00:00,2026-09-01T15:30:00+07:00,51.7,51.5,51.5,Asia/Novosibirsk,2026-09-03T07:55:34Z
2820,20260901,6,1,235,3:30pm,2026-09-01T08:30:00+00:00,2026-09-01T15:30:00+07:00,-0.3%,0.9%,0.9%,Asia/Novosibirsk,2026-09-03T07:55:34Z
2821,20260901,6,1,259,3:30pm,2026-09-01T08:30:00+00:00,2026-09-01T15:30:00+07:00,56K,59K,58K,Asia/Novosibirsk,2026-09-03T07:55:34Z
2822,20260901,6,1,271,3:30pm,2026-09-01T08:30:00+00:00,2026-09-01T15:30:00+07:00,6.3B,7.2B,9.5B,Asia/Novosibirsk,2026-09-03T07:55:34Z
2823,20260901,5,1,218,4:00pm,2026-09-01T09:00:00+00:00,2026-09-01T16:00:00+07:00,0.5%,0.5%,0.3%,Asia/Novosibirsk,2026-09-03T07:55:34Z
2824,20260901,5,1,375,4:00pm,2026-09-01T09:00:00+00:00,2026-09-01T16:00:00+07:00,6.4%,6.3%,6.4%,Asia/Novosibirsk,2026-09-03T07:55:34Z
2825,20260901,7,1,57,6:50am,2026-08-31T23:50:00+00:00,2026-09-01T06:50:00+07:00,1.6%,-0.2%,0.0%,Asia/Novosibirsk,2026-09-03T07:55:34Z
2826,20260901,7,1,136,7:30am,2026-09-01T00:30:00+00:00,2026-09-01T07:30:00+07:00,54.9,55.1,55.1,Asia/Novosibirsk,2026-09-03T07:55:34Z
2827,20260901,5,1,169,7:30pm,2026-09-01T12:30:00+00:00,2026-09-01T19:30:00+07:00,,,,Asia/Novosibirsk,2026-09-03T07:55:34Z
2828,20260901,9,1,103,8:05pm,2026-09-01T13:05:00+00:00,2026-09-01T20:05:00+07:00,,,,Asia/Novosibirsk,2026-09-03T07:55:34Z
2829,20260901,1,1,42,8:30am,2026-09-01T01:30:00+00:00,2026-09-01T08:30:00+07:00,-3.6%,-4.7%,6.9%,Asia/Novosibirsk,2026-09-03T07:55:34Z
2830,20260901,1,1,84,8:30am,2026-09-01T01:30:00+00:00,2026-09-01T08:30:00+07:00,-27.2B,-29.7B,-25.4B,Asia/Novosibirsk,2026-09-03T07:55:34Z
2831,20260901,2,1,249,8:30pm,2026-09-01T13:30:00+00:00,2026-09-01T20:30:00+07:00,53.0,,53.5,Asia/Novosibirsk,2026-09-03T07:55:34Z
2832,20260901,4,1,330,8:45am,2026-09-01T01:45:00+00:00,2026-09-01T08:45:00+07:00,51.5,51.0,50.9,Asia/Novosibirsk,2026-09-03T07:55:34Z
2833,20260901,9,1,136,8:45pm,2026-09-01T13:45:00+00:00,2026-09-01T20:45:00+07:00,53.9,53.3,53.2,Asia/Novosibirsk,2026-09-03T07:55:34Z
2834,20260901,9,1,68,9:00pm,2026-09-01T14:00:00+00:00,2026-09-01T21:00:00+07:00,-0.5%,0.0%,0.0%,Asia/Novosibirsk,2026-09-03T07:55:34Z
2835,20260901,9,2,206,9:00pm,2026-09-01T14:00:00+00:00,2026-09-01T21:00:00+07:00,71.1,70.5,71.1,Asia/Novosibirsk,2026-09-03T07:55:34Z
2836,20260901,9,2,225,9:00pm,2026-09-01T14:00:00+00:00,2026-09-01T21:00:00+07:00,7.27M,7.33M,7.18M,Asia/Novosibirsk,2026-09-03T07:55:34Z
2837,20260901,9,1,326,9:04pm,2026-09-01T14:04:00+00:00,2026-09-01T21:04:00+07:00,45.6,46.2,45.1,Asia/Novosibirsk,2026-09-03T07:55:34Z
2838,20260901,9,1,279,All Day,,,16.8M,16.3M,16.3M,Asia/Novosibirsk,2026-09-03T07:55:34Z
2839,20260902,8,3,324,10:00am,2026-09-02T03:00:00+00:00,2026-09-02T10:00:00+07:00,,,,Asia/Novosibirsk,2026-09-03T07:55:34Z
2840,20260902,5,1,156,1:45pm,2026-09-02T06:45:00+00:00,2026-09-02T13:45:00+07:00,-145.9B,,-106.8B,Asia/Novosibirsk,2026-09-03T07:55:34Z
2841,20260902,5,1,360,2:00pm,2026-09-02T07:00:00+00:00,2026-09-02T14:00:00+07:00,44.4K,15.4K,19.5K,Asia/Novosibirsk,2026-09-03T07:55:34Z
2842,20260902,8,1,43,5:45am,2026-09-01T22:45:00+00:00,2026-09-02T05:45:00+07:00,-4.3%,,-3.7%,Asia/Novosibirsk,2026-09-03T07:55:34Z
2843,20260902,7,1,254,6:50am,2026-09-01T23:50:00+00:00,2026-09-02T06:50:00+07:00,-15.7%,-13.5%,-13.8%,Asia/Novosibirsk,2026-09-03T07:55:34Z
2844,20260902,2,3,22,8:45pm,2026-09-02T13:45:00+00:00,2026-09-02T20:45:00+07:00,,,,Asia/Novosibirsk,2026-09-03T07:55:34Z
2845,20260902,2,3,280,8:45pm,2026-09-02T13:45:00+00:00,2026-09-02T20:45:00+07:00,2.25%,2.25%,2.25%,Asia/Novosibirsk,2026-09-03T07:55:34Z
2846,20260902,8,3,278,9:00am,2026-09-02T02:00:00+00:00,2026-09-02T09:00:00+07:00,2.75%,2.75%,2.50%,Asia/Novosibirsk,2026-09-03T07:55:34Z
2847,20260902,8,3,323,9:00am,2026-09-02T02:00:00+00:00,2026-09-02T09:00:00+07:00,,,,Asia/Novosibirsk,2026-09-03T07:55:34Z
2848,20260902,8,3,325,9:00am,2026-09-02T02:00:00+00:00,2026-09-02T09:00:00+07:00,,,,Asia/Novosibirsk,2026-09-03T07:55:34Z
2849,20260902,9,1,125,9:00pm,2026-09-02T14:00:00+00:00,2026-09-02T21:00:00+07:00,0.9%,0.7%,-0.2%,Asia/Novosibirsk,2026-09-03T07:55:34Z
2850,20260902,2,3,21,9:30pm,2026-09-02T14:30:00+00:00,2026-09-02T21:30:00+07:00,,,,Asia/Novosibirsk,2026-09-03T07:55:34Z
2851,20260902,9,1,83,9:30pm,2026-09-02T14:30:00+00:00,2026-09-02T21:30:00+07:00,-4.5M,-0.4M,0.1M,Asia/Novosibirsk,2026-09-03T07:55:34Z
2852,20260903,7,1,3,10:35am,2026-09-03T03:35:00+00:00,2026-09-03T10:35:00+07:00,4.08|3.8,,3.94|3.9,Asia/Novosibirsk,2026-09-03T07:55:34Z
2853,20260903,1,1,311,12:15pm,2026-09-03T05:15:00+00:00,2026-09-03T12:15:00+07:00,,,,Asia/Novosibirsk,2026-09-03T07:55:34Z
2854,20260903,3,2,54,1:30pm,2026-09-03T06:30:00+00:00,2026-09-03T13:30:00+07:00,0.4%,0.0%,-0.1%,Asia/Novosibirsk,2026-09-03T07:55:34Z
2855,20260903,3,1,163,2:00pm,2026-09-03T07:00:00+00:00,2026-09-03T14:00:00+07:00,1.9%,1.7%,0.6%,Asia/Novosibirsk,2026-09-03T07:55:34Z
2856,20260903,5,1,359,2:15pm,2026-09-03T07:15:00+00:00,2026-09-03T14:15:00+07:00,,59.0,58.3,Asia/Novosibirsk,2026-09-03T07:55:34Z
2857,20260903,5,1,222,2:45pm,2026-09-03T07:45:00+00:00,2026-09-03T14:45:00+07:00,,53.6,52.5,Asia/Novosibirsk,2026-09-03T07:55:34Z
2858,20260903,5,1,152,2:50pm,2026-09-03T07:50:00+00:00,2026-09-03T14:50:00+07:00,,48.4,48.4,Asia/Novosibirsk,2026-09-03T07:55:34Z
2859,20260903,5,1,174,2:55pm,2026-09-03T07:55:00+00:00,2026-09-03T14:55:00+07:00,,48.5,48.5,Asia/Novosibirsk,2026-09-03T07:55:34Z
2860,20260903,5,1,137,3:00pm,2026-09-03T08:00:00+00:00,2026-09-03T15:00:00+07:00,,51.7,51.7,Asia/Novosibirsk,2026-09-03T07:55:34Z
2861,20260903,6,1,137,3:30pm,2026-09-03T08:30:00+00:00,2026-09-03T15:30:00+07:00,,52.8,52.8,Asia/Novosibirsk,2026-09-03T07:55:34Z
2862,20260903,5,1,286,4:00pm,2026-09-03T09:00:00+00:00,2026-09-03T16:00:00+07:00,,1.2%,-0.3%,Asia/Novosibirsk,2026-09-03T07:55:34Z
2863,20260903,9,1,59,4:30pm,2026-09-03T09:30:00+00:00,2026-09-03T16:30:00+07:00,,,-46.1%,Asia/Novosibirsk,2026-09-03T07:55:34Z
2864,20260903,8,1,281,5:45am,2026-09-02T22:45:00+00:00,2026-09-03T05:45:00+07:00,-9.0%,-2.1%,-1.9%,Asia/Novosibirsk,2026-09-03T07:55:34Z
2865,20260903,2,1,228,7:30pm,2026-09-03T12:30:00+00:00,2026-09-03T19:30:00+07:00,,0.7%,-0.5%,Asia/Novosibirsk,2026-09-03T07:55:34Z
2866,20260903,2,1,368,7:30pm,2026-09-03T12:30:00+00:00,2026-09-03T19:30:00+07:00,,3.2B,3.9B,Asia/Novosibirsk,2026-09-03T07:55:34Z
2867,20260903,9,1,118,7:30pm,2026-09-03T12:30:00+00:00,2026-09-03T19:30:00+07:00,,,,Asia/Novosibirsk,2026-09-03T07:55:34Z
2868,20260903,9,1,338,7:30pm,2026-09-03T12:30:00+00:00,2026-09-03T19:30:00+07:00,,1.4%,1.4%,Asia/Novosibirsk,2026-09-03T07:55:34Z
2869,20260903,9,1,339,7:30pm,2026-09-03T12:30:00+00:00,2026-09-03T19:30:00+07:00,,1.3%,1.3%,Asia/Novosibirsk,2026-09-03T07:55:34Z
2870,20260903,9,1,368,7:30pm,2026-09-03T12:30:00+00:00,2026-09-03T19:30:00+07:00,,-89.4B,-73.3B,Asia/Novosibirsk,2026-09-03T07:55:34Z
2871,20260903,9,2,374,7:30pm,2026-09-03T12:30:00+00:00,2026-09-03T19:30:00+07:00,,205K,203K,Asia/Novosibirsk,2026-09-03T07:55:34Z
2872,20260903,8,1,8,8:00am,2026-09-03T01:00:00+00:00,2026-09-03T08:00:00+07:00,-0.4%,,-4.0%,Asia/Novosibirsk,2026-09-03T07:55:34Z
2873,20260903,1,1,312,8:15am,2026-09-03T01:15:00+00:00,2026-09-03T08:15:00+07:00,,,,Asia/Novosibirsk,2026-09-03T07:55:34Z
2874,20260903,1,1,190,8:30am,2026-09-03T01:30:00+00:00,2026-09-03T08:30:00+07:00,1.92B,1.52B,2.34B,Asia/Novosibirsk,2026-09-03T07:55:34Z
2875,20260903,4,1,331,8:45am,2026-09-03T01:45:00+00:00,2026-09-03T08:45:00+07:00,51.4,50.6,50.4,Asia/Novosibirsk,2026-09-03T07:55:34Z
2876,20260903,9,1,137,8:45pm,2026-09-03T13:45:00+00:00,2026-09-03T20:45:00+07:00,,56.8,56.8,Asia/Novosibirsk,2026-09-03T07:55:34Z
2877,20260903,9,2,207,9:00pm,2026-09-03T14:00:00+00:00,2026-09-03T21:00:00+07:00,,54.2,54.1,Asia/Novosibirsk,2026-09-03T07:55:34Z
2878,20260903,9,1,270,9:30pm,2026-09-03T14:30:00+00:00,2026-09-03T21:30:00+07:00,,30B,15B,Asia/Novosibirsk,2026-09-03T07:55:34Z
2879,20260903,5,1,147,Tentative,,,,,3.86|3.7,Asia/Novosibirsk,2026-09-03T07:55:34Z
2880,20260903,5,1,355,Tentative,,,,,3.54|2.4,Asia/Novosibirsk,2026-09-03T07:55:34Z
2881,20260904,5,1,170,1:00pm,2026-09-04T06:00:00+00:00,2026-09-04T13:00:00+07:00,,0.3%,3.1%,Asia/Novosibirsk,2026-09-03T07:55:34Z
2882,20260904,9,1,109,2:55am,2026-09-03T19:55:00+00:00,2026-09-04T02:55:00+07:00,,,,Asia/Novosibirsk,2026-09-03T07:55:34Z
2883,20260904,5,1,221,3:00pm,2026-09-04T08:00:00+00:00,2026-09-04T15:00:00+07:00,,0.2%,-0.1%,Asia/Novosibirsk,2026-09-03T07:55:34Z
2884,20260904,6,1,67,3:30pm,2026-09-04T08:30:00+00:00,2026-09-04T15:30:00+07:00,,45.8,44.7,Asia/Novosibirsk,2026-09-03T07:55:34Z
2885,20260904,5,1,332,4:00pm,2026-09-04T09:00:00+00:00,2026-09-04T16:00:00+07:00,,0.3%,-0.3%,Asia/Novosibirsk,2026-09-03T07:55:34Z
2886,20260904,7,1,200,6:30am,2026-09-03T23:30:00+00:00,2026-09-04T06:30:00+07:00,,-1.6%,-3.3%,Asia/Novosibirsk,2026-09-03T07:55:34Z
2887,20260904,2,3,95,7:30pm,2026-09-04T12:30:00+00:00,2026-09-04T19:30:00+07:00,,15.1K,75.1K,Asia/Novosibirsk,2026-09-03T07:55:34Z
2888,20260904,2,3,375,7:30pm,2026-09-04T12:30:00+00:00,2026-09-04T19:30:00+07:00,,6.4%,6.4%,Asia/Novosibirsk,2026-09-03T07:55:34Z
2889,20260904,9,3,16,7:30pm,2026-09-04T12:30:00+00:00,2026-09-04T19:30:00+07:00,,0.3%,0.1%,Asia/Novosibirsk,2026-09-03T07:55:34Z
2890,20260904,9,3,275,7:30pm,2026-09-04T12:30:00+00:00,2026-09-04T19:30:00+07:00,,55K,-23K,Asia/Novosibirsk,2026-09-03T07:55:34Z
2891,20260904,9,3,375,7:30pm,2026-09-04T12:30:00+00:00,2026-09-04T19:30:00+07:00,,4.1%,4.1%,Asia/Novosibirsk,2026-09-03T07:55:34Z
2892,20260907,7,1,229,12:00pm,2026-09-07T05:00:00+00:00,2026-09-07T12:00:00+07:00,,,116.5%,Asia/Novosibirsk,2026-09-03T07:55:34Z
2893,20260907,5,1,179,1:00pm,2026-09-07T06:00:00+00:00,2026-09-07T13:00:00+07:00,,,0.2%,Asia/Novosibirsk,2026-09-03T07:55:34Z
2894,20260907,6,1,230,1:00pm,2026-09-07T06:00:00+00:00,2026-09-07T13:00:00+07:00,,,,Asia/Novosibirsk,2026-09-03T07:55:34Z
2895,20260907,3,1,144,2:00pm,2026-09-07T07:00:00+00:00,2026-09-07T14:00:00+07:00,,,768B,Asia/Novosibirsk,2026-09-03T07:55:34Z
2896,20260907,3,1,375,2:00pm,2026-09-07T07:00:00+00:00,2026-09-07T14:00:00+07:00,,,3.1%,Asia/Novosibirsk,2026-09-03T07:55:34Z
2897,20260907,5,1,354,3:30pm,2026-09-07T08:30:00+00:00,2026-09-07T15:30:00+07:00,,,0.9,Asia/Novosibirsk,2026-09-03T07:55:34Z
2898,20260907,5,1,132,4:00pm,2026-09-07T09:00:00+00:00,2026-09-07T16:00:00+07:00,,,0.1%,Asia/Novosibirsk,2026-09-03T07:55:34Z
2899,20260907,5,1,336,4:00pm,2026-09-07T09:00:00+00:00,2026-09-07T16:00:00+07:00,,,0.4%,Asia/Novosibirsk,2026-09-03T07:55:34Z
2900,20260907,5,1,186,7th-14th,,,,,,Asia/Novosibirsk,2026-09-03T07:55:34Z
2901,20260908,7,1,93,12:00pm,2026-09-08T05:00:00+00:00,2026-09-08T12:00:00+07:00,,,45.7,Asia/Novosibirsk,2026-09-03T07:55:34Z
2902,20260908,5,1,184,1:00pm,2026-09-08T06:00:00+00:00,2026-09-08T13:00:00+07:00,,,15.4B,Asia/Novosibirsk,2026-09-03T07:55:34Z
2903,20260908,5,1,161,1:45pm,2026-09-08T06:45:00+00:00,2026-09-08T13:45:00+07:00,,,-5.8B,Asia/Novosibirsk,2026-09-03T07:55:34Z
2904,20260908,9,1,265,5:00pm,2026-09-08T10:00:00+00:00,2026-09-08T17:00:00+07:00,,,99.8,Asia/Novosibirsk,2026-09-03T07:55:34Z
2905,20260908,6,1,35,6:01am,2026-09-07T23:01:00+00:00,2026-09-08T06:01:00+07:00,,,1.0%,Asia/Novosibirsk,2026-09-03T07:55:34Z
2906,20260908,7,1,14,6:30am,2026-09-07T23:30:00+00:00,2026-09-08T06:30:00+07:00,,,4.0%,Asia/Novosibirsk,2026-09-03T07:55:34Z
2907,20260908,7,1,38,6:50am,2026-09-07T23:50:00+00:00,2026-09-08T06:50:00+07:00,,,5.4%,Asia/Novosibirsk,2026-09-03T07:55:34Z
2908,20260908,7,1,84,6:50am,2026-09-07T23:50:00+00:00,2026-09-08T06:50:00+07:00,,,1.40T,Asia/Novosibirsk,2026-09-03T07:55:34Z
2909,20260908,7,1,134,6:50am,2026-09-07T23:50:00+00:00,2026-09-08T06:50:00+07:00,,,2.6%,Asia/Novosibirsk,2026-09-03T07:55:34Z
2910,20260908,7,1,135,6:50am,2026-09-07T23:50:00+00:00,2026-09-08T06:50:00+07:00,,,0.3%,Asia/Novosibirsk,2026-09-03T07:55:34Z
2911,20260908,1,1,377,7:30am,2026-09-08T00:30:00+00:00,2026-09-08T07:30:00+07:00,,,6.0%,Asia/Novosibirsk,2026-09-03T07:55:34Z
2912,20260908,1,1,261,8:30am,2026-09-08T01:30:00+00:00,2026-09-08T08:30:00+07:00,,,-6,Asia/Novosibirsk,2026-09-03T07:55:34Z
2913,20260908,4,1,368,Tentative,,,,,767B,Asia/Novosibirsk,2026-09-03T07:55:34Z
2914,20260908,4,1,373,Tentative,,,,,112.5B,Asia/Novosibirsk,2026-09-03T07:55:34Z
2915,20260909,7,1,300,1:00pm,2026-09-09T06:00:00+00:00,2026-09-09T13:00:00+07:00,,,50.4%,Asia/Novosibirsk,2026-09-03T07:55:34Z
2916,20260909,5,1,157,1:45pm,2026-09-09T06:45:00+00:00,2026-09-09T13:45:00+07:00,,,0.1%,Asia/Novosibirsk,2026-09-03T07:55:34Z
2917,20260909,7,1,232,6:50am,2026-09-08T23:50:00+00:00,2026-09-09T06:50:00+07:00,,,2.2%,Asia/Novosibirsk,2026-09-03T07:55:34Z
2918,20260909,9,1,6,7:15pm,2026-09-09T12:15:00+00:00,2026-09-09T19:15:00+07:00,,,,Asia/Novosibirsk,2026-09-03T07:55:34Z
2919,20260909,4,1,55,8:30am,2026-09-09T01:30:00+00:00,2026-09-09T08:30:00+07:00,,,0.5%,Asia/Novosibirsk,2026-09-03T07:55:34Z
2920,20260909,4,1,288,8:30am,2026-09-09T01:30:00+00:00,2026-09-09T08:30:00+07:00,,,3.5%,Asia/Novosibirsk,2026-09-03T07:55:34Z
2921,20260909,5,1,166,Tentative,,,,,3.26|1.1,Asia/Novosibirsk,2026-09-03T07:55:34Z
2922,20260910,9,1,83,11:00pm,2026-09-10T16:00:00+00:00,2026-09-10T23:00:00+07:00,,,,Asia/Novosibirsk,2026-09-03T07:55:34Z
2923,20260910,5,1,171,1:00pm,2026-09-10T06:00:00+00:00,2026-09-10T13:00:00+07:00,,,,Asia/Novosibirsk,2026-09-03T07:55:34Z
2924,20260910,5,1,215,3:00pm,2026-09-10T08:00:00+00:00,2026-09-10T15:00:00+07:00,,,-1.0%,Asia/Novosibirsk,2026-09-03T07:55:34Z
2925,20260910,9,1,10,3:30am,2026-09-09T20:30:00+00:00,2026-09-10T03:30:00+07:00,,,,Asia/Novosibirsk,2026-09-03T07:55:34Z
2926,20260910,6,1,327,6:01am,2026-09-09T23:01:00+00:00,2026-09-10T06:01:00+07:00,,,-30%,Asia/Novosibirsk,2026-09-03T07:55:34Z
2927,20260910,5,3,257,7:30pm,2026-09-10T12:30:00+00:00,2026-09-10T19:30:00+07:00,,,,Asia/Novosibirsk,2026-09-03T07:55:34Z
2928,20260910,9,3,79,7:30pm,2026-09-10T12:30:00+00:00,2026-09-10T19:30:00+07:00,,,0.2%,Asia/Novosibirsk,2026-09-03T07:55:34Z
2929,20260910,9,3,286,7:30pm,2026-09-10T12:30:00+00:00,2026-09-10T19:30:00+07:00,,,0.0%,Asia/Novosibirsk,2026-09-03T07:55:34Z
2930,20260910,5,3,90,7:45pm,2026-09-10T12:45:00+00:00,2026-09-10T19:45:00+07:00,,,,Asia/Novosibirsk,2026-09-03T07:55:34Z
2931,20260910,1,1,236,8:00am,2026-09-10T01:00:00+00:00,2026-09-10T08:00:00+07:00,,,4.9%,Asia/Novosibirsk,2026-09-03T07:55:34Z
2932,20260910,9,1,99,9:00pm,2026-09-10T14:00:00+00:00,2026-09-10T21:00:00+07:00,,,4.06M,Asia/Novosibirsk,2026-09-03T07:55:34Z
2933,20260910,9,1,138,9:00pm,2026-09-10T14:00:00+00:00,2026-09-10T21:00:00+07:00,,,1.3%,Asia/Novosibirsk,2026-09-03T07:55:34Z
2934,20260910,9,1,270,9:30pm,2026-09-10T14:30:00+00:00,2026-09-10T21:30:00+07:00,,,,Asia/Novosibirsk,2026-09-03T07:55:34Z
2935,20260910,5,1,167,Tentative,,,,,,Asia/Novosibirsk,2026-09-03T07:55:34Z
2936,20260910,6,1,3,Tentative,,,,,,Asia/Novosibirsk,2026-09-03T07:55:34Z
2937,20260911,6,1,66,1:00pm,2026-09-11T06:00:00+00:00,2026-09-11T13:00:00+07:00,,,-0.1%,Asia/Novosibirsk,2026-09-03T07:55:34Z
2938,20260911,6,1,190,1:00pm,2026-09-11T06:00:00+00:00,2026-09-11T13:00:00+07:00,,,-23.0B,Asia/Novosibirsk,2026-09-03T07:55:34Z
2939,20260911,6,1,210,1:00pm,2026-09-11T06:00:00+00:00,2026-09-11T13:00:00+07:00,,,0.5%,Asia/Novosibirsk,2026-09-03T07:55:34Z
2940,20260911,6,1,211,1:00pm,2026-09-11T06:00:00+00:00,2026-09-11T13:00:00+07:00,,,-0.2%,Asia/Novosibirsk,2026-09-03T07:55:34Z
2941,20260911,6,1,250,1:00pm,2026-09-11T06:00:00+00:00,2026-09-11T13:00:00+07:00,,,-0.5%,Asia/Novosibirsk,2026-09-03T07:55:34Z
2942,20260911,3,1,345,2:00pm,2026-09-11T07:00:00+00:00,2026-09-11T14:00:00+07:00,,,-35,Asia/Novosibirsk,2026-09-03T07:55:34Z
2943,20260911,5,1,220,3:00pm,2026-09-11T08:00:00+00:00,2026-09-11T15:00:00+07:00,,,5.3%,Asia/Novosibirsk,2026-09-03T07:55:34Z
2944,20260911,6,1,72,3:30pm,2026-09-11T08:30:00+00:00,2026-09-11T15:30:00+07:00,,,,Asia/Novosibirsk,2026-09-03T07:55:34Z
2945,20260911,8,1,47,5:30am,2026-09-10T22:30:00+00:00,2026-09-11T05:30:00+07:00,,,54.3,Asia/Novosibirsk,2026-09-03T07:55:34Z
2946,20260911,7,1,37,6:50am,2026-09-10T23:50:00+00:00,2026-09-11T06:50:00+07:00,,,-1.8,Asia/Novosibirsk,2026-09-03T07:55:34Z
2947,20260911,7,1,288,6:50am,2026-09-10T23:50:00+00:00,2026-09-11T06:50:00+07:00,,,7.2%,Asia/Novosibirsk,2026-09-03T07:55:34Z
2948,20260911,9,3,54,7:30pm,2026-09-11T12:30:00+00:00,2026-09-11T19:30:00+07:00,,,0.1%,Asia/Novosibirsk,2026-09-03T07:55:34Z
2949,20260911,9,3,55,7:30pm,2026-09-11T12:30:00+00:00,2026-09-11T19:30:00+07:00,,,3.4%,Asia/Novosibirsk,2026-09-03T07:55:34Z
2950,20260911,9,3,74,7:30pm,2026-09-11T12:30:00+00:00,2026-09-11T19:30:00+07:00,,,0.2%,Asia/Novosibirsk,2026-09-03T07:55:34Z
2951,20260911,9,3,75,7:30pm,2026-09-11T12:30:00+00:00,2026-09-11T19:30:00+07:00,,,2.5%,Asia/Novosibirsk,2026-09-03T07:55:34Z
2952,20260911,9,2,304,9:00pm,2026-09-11T14:00:00+00:00,2026-09-11T21:00:00+07:00,,,4.0%,Asia/Novosibirsk,2026-09-03T07:55:34Z
2953,20260911,9,1,128,Tentative,,,,,,Asia/Novosibirsk,2026-09-03T07:55:34Z
2954,20260913,4,1,274,Tentative,,,,,,Asia/Novosibirsk,2026-09-03T07:55:34Z
2955,20260914,7,1,337,11:30am,2026-09-14T04:30:00+00:00,2026-09-14T11:30:00+07:00,,,,Asia/Novosibirsk,2026-09-03T07:55:34Z
2956,20260914,3,1,286,1:30pm,2026-09-14T06:30:00+00:00,2026-09-14T13:30:00+07:00,,,,Asia/Novosibirsk,2026-09-03T07:55:34Z
2957,20260914,5,1,149,1:45pm,2026-09-14T06:45:00+00:00,2026-09-14T13:45:00+07:00,,,,Asia/Novosibirsk,2026-09-03T07:55:34Z
2958,20260914,8,1,48,5:30am,2026-09-13T22:30:00+00:00,2026-09-14T05:30:00+07:00,,,,Asia/Novosibirsk,2026-09-03T07:55:34Z
2959,20260914,8,1,376,5:45am,2026-09-13T22:45:00+00:00,2026-09-14T05:45:00+07:00,,,,Asia/Novosibirsk,2026-09-03T07:55:34Z
2960,20260914,2,1,74,7:30pm,2026-09-14T12:30:00+00:00,2026-09-14T19:30:00+07:00,,,,Asia/Novosibirsk,2026-09-03T07:55:34Z
2961,20260914,2,1,251,7:30pm,2026-09-14T12:30:00+00:00,2026-09-14T19:30:00+07:00,,,,Asia/Novosibirsk,2026-09-03T07:55:34Z
2962,20260914,2,3,253,7:30pm,2026-09-14T12:30:00+00:00,2026-09-14T19:30:00+07:00,,,,Asia/Novosibirsk,2026-09-03T07:55:34Z
2963,20260914,2,3,370,7:30pm,2026-09-14T12:30:00+00:00,2026-09-14T19:30:00+07:00,,,,Asia/Novosibirsk,2026-09-03T07:55:34Z
2964,20260914,6,1,50,8:30pm,2026-09-14T13:30:00+00:00,2026-09-14T20:30:00+07:00,,,,Asia/Novosibirsk,2026-09-03T07:55:34Z
2965,20260914,4,1,145,Tentative,,,,,,Asia/Novosibirsk,2026-09-03T07:55:34Z
2966,20260914,5,1,168,Tentative,,,,,,Asia/Novosibirsk,2026-09-03T07:55:34Z
2967,20260915,7,1,366,11:30am,2026-09-15T04:30:00+00:00,2026-09-15T11:30:00+07:00,,,,Asia/Novosibirsk,2026-09-03T07:55:34Z
2968,20260915,6,1,51,15th-24th,,,,,,Asia/Novosibirsk,2026-09-03T07:55:34Z
2969,20260915,6,1,375,1:00pm,2026-09-15T06:00:00+00:00,2026-09-15T13:00:00+07:00,,,,Asia/Novosibirsk,2026-09-03T07:55:34Z
2970,20260915,5,1,223,3:00pm,2026-09-15T08:00:00+00:00,2026-09-15T15:00:00+07:00,,,,Asia/Novosibirsk,2026-09-03T07:55:34Z
2971,20260915,5,1,187,4:00pm,2026-09-15T09:00:00+00:00,2026-09-15T16:00:00+07:00,,,,Asia/Novosibirsk,2026-09-03T07:55:34Z
2972,20260915,5,1,368,4:00pm,2026-09-15T09:00:00+00:00,2026-09-15T16:00:00+07:00,,,,Asia/Novosibirsk,2026-09-03T07:55:34Z
2973,20260915,5,1,379,4:00pm,2026-09-15T09:00:00+00:00,2026-09-15T16:00:00+07:00,,,,Asia/Novosibirsk,2026-09-03T07:55:34Z
2974,20260915,9,1,6,7:15pm,2026-09-15T12:15:00+00:00,2026-09-15T19:15:00+07:00,,,,Asia/Novosibirsk,2026-09-03T07:55:34Z
2975,20260915,2,1,378,7:30pm,2026-09-15T12:30:00+00:00,2026-09-15T19:30:00+07:00,,,,Asia/Novosibirsk,2026-09-03T07:55:34Z
2976,20260915,9,1,94,7:30pm,2026-09-15T12:30:00+00:00,2026-09-15T19:30:00+07:00,,,,Asia/Novosibirsk,2026-09-03T07:55:34Z
2977,20260915,4,1,139,9:00am,2026-09-15T02:00:00+00:00,2026-09-15T09:00:00+07:00,,,,Asia/Novosibirsk,2026-09-03T07:55:34Z
2978,20260915,4,1,212,9:00am,2026-09-15T02:00:00+00:00,2026-09-15T09:00:00+07:00,,,,Asia/Novosibirsk,2026-09-03T07:55:34Z
2979,20260915,4,1,264,9:00am,2026-09-15T02:00:00+00:00,2026-09-15T09:00:00+07:00,,,,Asia/Novosibirsk,2026-09-03T07:55:34Z
2980,20260915,4,1,334,9:00am,2026-09-15T02:00:00+00:00,2026-09-15T09:00:00+07:00,,,,Asia/Novosibirsk,2026-09-03T07:55:34Z
2981,20260915,4,1,375,9:00am,2026-09-15T02:00:00+00:00,2026-09-15T09:00:00+07:00,,,,Asia/Novosibirsk,2026-09-03T07:55:34Z
2982,20260915,8,1,165,Tentative,,,,,,Asia/Novosibirsk,2026-09-03T07:55:34Z
2983,20260916,6,1,75,1:00pm,2026-09-16T06:00:00+00:00,2026-09-16T13:00:00+07:00,,,,Asia/Novosibirsk,2026-09-03T07:55:34Z
2984,20260916,6,1,282,1:00pm,2026-09-16T06:00:00+00:00,2026-09-16T13:00:00+07:00,,,,Asia/Novosibirsk,2026-09-03T07:55:34Z
2985,20260916,6,1,284,1:00pm,2026-09-16T06:00:00+00:00,2026-09-16T13:00:00+07:00,,,,Asia/Novosibirsk,2026-09-03T07:55:34Z
2986,20260916,6,1,329,1:00pm,2026-09-16T06:00:00+00:00,2026-09-16T13:00:00+07:00,,,,Asia/Novosibirsk,2026-09-03T07:55:34Z
2987,20260916,6,1,198,3:30pm,2026-09-16T08:30:00+00:00,2026-09-16T15:30:00+07:00,,,,Asia/Novosibirsk,2026-09-03T07:55:34Z
2988,20260916,5,1,211,4:00pm,2026-09-16T09:00:00+00:00,2026-09-16T16:00:00+07:00,,,,Asia/Novosibirsk,2026-09-03T07:55:34Z
2989,20260916,8,1,84,5:45am,2026-09-15T22:45:00+00:00,2026-09-16T05:45:00+07:00,,,,Asia/Novosibirsk,2026-09-03T07:55:34Z
2990,20260916,7,1,77,6:50am,2026-09-15T23:50:00+00:00,2026-09-16T06:50:00+07:00,,,,Asia/Novosibirsk,2026-09-03T07:55:34Z
2991,20260916,7,1,368,6:50am,2026-09-15T23:50:00+00:00,2026-09-16T06:50:00+07:00,,,,Asia/Novosibirsk,2026-09-03T07:55:34Z
2992,20260916,2,1,202,7:15pm,2026-09-16T12:15:00+00:00,2026-09-16T19:15:00+07:00,,,,Asia/Novosibirsk,2026-09-03T07:55:34Z
2993,20260916,1,1,238,7:30am,2026-09-16T00:30:00+00:00,2026-09-16T07:30:00+07:00,,,,Asia/Novosibirsk,2026-09-03T07:55:34Z
2994,20260916,2,1,45,7:30pm,2026-09-16T12:30:00+00:00,2026-09-16T19:30:00+07:00,,,,Asia/Novosibirsk,2026-09-03T07:55:34Z
2995,20260916,9,1,208,7:30pm,2026-09-16T12:30:00+00:00,2026-09-16T19:30:00+07:00,,,,Asia/Novosibirsk,2026-09-03T07:55:34Z
2996,20260916,9,1,46,9:00pm,2026-09-16T14:00:00+00:00,2026-09-16T21:00:00+07:00,,,,Asia/Novosibirsk,2026-09-03T07:55:34Z
2997,20260916,9,1,263,9:00pm,2026-09-16T14:00:00+00:00,2026-09-16T21:00:00+07:00,,,,Asia/Novosibirsk,2026-09-03T07:55:34Z
2998,20260916,9,2,332,9:00pm,2026-09-16T14:00:00+00:00,2026-09-16T21:00:00+07:00,,,,Asia/Novosibirsk,2026-09-03T07:55:34Z
2999,20260916,9,1,83,9:30pm,2026-09-16T14:30:00+00:00,2026-09-16T21:30:00+07:00,,,,Asia/Novosibirsk,2026-09-03T07:55:34Z
3000,20260917,9,3,120,1:30am,2026-09-16T18:30:00+00:00,2026-09-17T01:30:00+07:00,,,,Asia/Novosibirsk,2026-09-03T07:55:34Z
3001,20260917,3,1,346,2:00pm,2026-09-17T07:00:00+00:00,2026-09-17T14:00:00+07:00,,,,Asia/Novosibirsk,2026-09-03T07:55:34Z
3002,20260917,9,1,363,3:00am,2026-09-16T20:00:00+00:00,2026-09-17T03:00:00+07:00,,,,Asia/Novosibirsk,2026-09-03T07:55:34Z
3003,20260917,5,1,130,4:00pm,2026-09-17T09:00:00+00:00,2026-09-17T16:00:00+07:00,,,,Asia/Novosibirsk,2026-09-03T07:55:34Z
3004,20260917,5,1,131,4:00pm,2026-09-17T09:00:00+00:00,2026-09-17T16:00:00+07:00,,,,Asia/Novosibirsk,2026-09-03T07:55:34Z
3005,20260917,8,3,163,5:45am,2026-09-16T22:45:00+00:00,2026-09-17T05:45:00+07:00,,,,Asia/Novosibirsk,2026-09-03T07:55:34Z
3006,20260917,6,3,247,6:00pm,2026-09-17T11:00:00+00:00,2026-09-17T18:00:00+07:00,,,,Asia/Novosibirsk,2026-09-03T07:55:34Z
3007,20260917,6,3,258,6:00pm,2026-09-17T11:00:00+00:00,2026-09-17T18:00:00+07:00,,,,Asia/Novosibirsk,2026-09-03T07:55:34Z
3008,20260917,6,3,277,6:00pm,2026-09-17T11:00:00+00:00,2026-09-17T18:00:00+07:00,,,,Asia/Novosibirsk,2026-09-03T07:55:34Z
3009,20260917,2,1,146,7:30pm,2026-09-17T12:30:00+00:00,2026-09-17T19:30:00+07:00,,,,Asia/Novosibirsk,2026-09-03T07:55:34Z
3010,20260917,2,1,204,7:30pm,2026-09-17T12:30:00+00:00,2026-09-17T19:30:00+07:00,,,,Asia/Novosibirsk,2026-09-03T07:55:34Z
3011,20260917,2,1,328,7:30pm,2026-09-17T12:30:00+00:00,2026-09-17T19:30:00+07:00,,,,Asia/Novosibirsk,2026-09-03T07:55:34Z
3012,20260917,9,1,44,7:30pm,2026-09-17T12:30:00+00:00,2026-09-17T19:30:00+07:00,,,,Asia/Novosibirsk,2026-09-03T07:55:34Z
3013,20260917,9,3,100,7:30pm,2026-09-17T12:30:00+00:00,2026-09-17T19:30:00+07:00,,,,Asia/Novosibirsk,2026-09-03T07:55:34Z
3014,20260917,9,3,121,7:30pm,2026-09-17T12:30:00+00:00,2026-09-17T19:30:00+07:00,,,,Asia/Novosibirsk,2026-09-03T07:55:34Z
3015,20260917,9,1,202,7:30pm,2026-09-17T12:30:00+00:00,2026-09-17T19:30:00+07:00,,,,Asia/Novosibirsk,2026-09-03T07:55:34Z
3016,20260917,9,1,289,9:00pm,2026-09-17T14:00:00+00:00,2026-09-17T21:00:00+07:00,,,,Asia/Novosibirsk,2026-09-03T07:55:34Z
3017,20260917,9,2,374,9:00pm,2026-09-17T14:00:00+00:00,2026-09-17T21:00:00+07:00,,,,Asia/Novosibirsk,2026-09-03T07:55:34Z
3018,20260917,1,1,50,9:30pm,2026-09-17T14:30:00+00:00,2026-09-17T21:30:00+07:00,,,,Asia/Novosibirsk,2026-09-03T07:55:34Z
3019,20260917,9,1,270,9:30pm,2026-09-17T14:30:00+00:00,2026-09-17T21:30:00+07:00,,,,Asia/Novosibirsk,2026-09-03T07:55:34Z
3020,20260918,5,1,180,1:00pm,2026-09-18T06:00:00+00:00,2026-09-18T13:00:00+07:00,,,,Asia/Novosibirsk,2026-09-03T07:55:34Z
3021,20260918,6,2,332,1:00pm,2026-09-18T06:00:00+00:00,2026-09-18T13:00:00+07:00,,,,Asia/Novosibirsk,2026-09-03T07:55:34Z
3022,20260918,5,1,84,3:00pm,2026-09-18T08:00:00+00:00,2026-09-18T15:00:00+07:00,,,,Asia/Novosibirsk,2026-09-03T07:55:34Z
3023,20260918,6,1,189,6:01am,2026-09-17T23:01:00+00:00,2026-09-18T06:01:00+07:00,,,,Asia/Novosibirsk,2026-09-03T07:55:34Z
3024,20260918,7,1,268,6:30am,2026-09-17T23:30:00+00:00,2026-09-18T06:30:00+07:00,,,,Asia/Novosibirsk,2026-09-03T07:55:34Z
3025,20260918,9,1,56,8:15pm,2026-09-18T13:15:00+00:00,2026-09-18T20:15:00+07:00,,,,Asia/Novosibirsk,2026-09-03T07:55:34Z
3026,20260918,9,1,211,8:15pm,2026-09-18T13:15:00+00:00,2026-09-18T20:15:00+07:00,,,,Asia/Novosibirsk,2026-09-03T07:55:34Z
3027,20260918,9,1,50,9:00pm,2026-09-18T14:00:00+00:00,2026-09-18T21:00:00+07:00,,,,Asia/Novosibirsk,2026-09-03T07:55:34Z
3028,20260918,8,1,368,9:30pm,2026-09-18T14:30:00+00:00,2026-09-18T21:30:00+07:00,,,,Asia/Novosibirsk,2026-09-03T07:55:34Z
3029,20260918,7,3,33,Tentative,,,,,,Asia/Novosibirsk,2026-09-03T07:55:34Z
3030,20260918,7,3,257,Tentative,,,,,,Asia/Novosibirsk,2026-09-03T07:55:34Z
3031,20260921,8,1,82,10:00am,2026-09-21T03:00:00+00:00,2026-09-21T10:00:00+07:00,,,,Asia/Novosibirsk,2026-09-03T07:55:34Z
3032,20260921,6,1,52,21st-25th,,,,,,Asia/Novosibirsk,2026-09-03T07:55:34Z
3033,20260921,4,1,1,8:00am,2026-09-21T01:00:00+00:00,2026-09-21T08:00:00+07:00,,,,Asia/Novosibirsk,2026-09-03T07:55:34Z
3034,20260921,4,1,4,8:00am,2026-09-21T01:00:00+00:00,2026-09-21T08:00:00+07:00,,,,Asia/Novosibirsk,2026-09-03T07:55:34Z
3035,20260922,9,1,6,7:15pm,2026-09-22T12:15:00+00:00,2026-09-22T19:15:00+07:00,,,,Asia/Novosibirsk,2026-09-03T07:55:34Z
3036,20260922,2,1,266,7:30pm,2026-09-22T12:30:00+00:00,2026-09-22T19:30:00+07:00,,,,Asia/Novosibirsk,2026-09-03T07:55:34Z
3037,20260922,5,1,70,9:00pm,2026-09-22T14:00:00+00:00,2026-09-22T21:00:00+07:00,,,,Asia/Novosibirsk,2026-09-03T07:55:34Z
3038,20260922,9,1,342,9:00pm,2026-09-22T14:00:00+00:00,2026-09-22T21:00:00+07:00,,,,Asia/Novosibirsk,2026-09-03T07:55:34Z
3039,20260923,5,2,155,1:00pm,2026-09-23T06:00:00+00:00,2026-09-23T13:00:00+07:00,,,,Asia/Novosibirsk,2026-09-03T07:55:34Z
3040,20260923,5,1,183,23rd-1st,,,,,,Asia/Novosibirsk,2026-09-03T07:55:34Z
3041,20260923,5,1,178,23rd-30th,,,,,,Asia/Novosibirsk,2026-09-03T07:55:34Z
3042,20260923,5,2,175,2:30pm,2026-09-23T07:30:00+00:00,2026-09-23T14:30:00+07:00,,,,Asia/Novosibirsk,2026-09-03T07:55:34Z
3043,20260923,5,2,176,2:30pm,2026-09-23T07:30:00+00:00,2026-09-23T14:30:00+07:00,,,,Asia/Novosibirsk,2026-09-03T07:55:34Z
3044,20260923,5,1,142,3:00pm,2026-09-23T08:00:00+00:00,2026-09-23T15:00:00+07:00,,,,Asia/Novosibirsk,2026-09-03T07:55:34Z
3045,20260923,5,1,143,3:00pm,2026-09-23T08:00:00+00:00,2026-09-23T15:00:00+07:00,,,,Asia/Novosibirsk,2026-09-03T07:55:34Z
3046,20260923,6,2,142,3:30pm,2026-09-23T08:30:00+00:00,2026-09-23T15:30:00+07:00,,,,Asia/Novosibirsk,2026-09-03T07:55:34Z
3047,20260923,6,2,143,3:30pm,2026-09-23T08:30:00+00:00,2026-09-23T15:30:00+07:00,,,,Asia/Novosibirsk,2026-09-03T07:55:34Z
3048,20260923,1,1,142,6:00am,2026-09-22T23:00:00+00:00,2026-09-23T06:00:00+07:00,,,,Asia/Novosibirsk,2026-09-03T07:55:34Z
3049,20260923,1,1,143,6:00am,2026-09-22T23:00:00+00:00,2026-09-23T06:00:00+07:00,,,,Asia/Novosibirsk,2026-09-03T07:55:34Z
3050,20260923,9,1,142,8:45pm,2026-09-23T13:45:00+00:00,2026-09-23T20:45:00+07:00,,,,Asia/Novosibirsk,2026-09-03T07:55:34Z
3051,20260923,9,1,143,8:45pm,2026-09-23T13:45:00+00:00,2026-09-23T20:45:00+07:00,,,,Asia/Novosibirsk,2026-09-03T07:55:34Z
3052,20260923,9,1,83,9:30pm,2026-09-23T14:30:00+00:00,2026-09-23T21:30:00+07:00,,,,Asia/Novosibirsk,2026-09-03T07:55:34Z
3053,20260924,3,3,349,2:30pm,2026-09-24T07:30:00+00:00,2026-09-24T14:30:00+07:00,,,,Asia/Novosibirsk,2026-09-03T07:55:34Z
3054,20260924,3,3,350,2:30pm,2026-09-24T07:30:00+00:00,2026-09-24T14:30:00+07:00,,,,Asia/Novosibirsk,2026-09-03T07:55:34Z
3055,20260924,3,3,351,3:00pm,2026-09-24T08:00:00+00:00,2026-09-24T15:00:00+07:00,,,,Asia/Novosibirsk,2026-09-03T07:55:34Z
3056,20260924,5,1,86,3:00pm,2026-09-24T08:00:00+00:00,2026-09-24T15:00:00+07:00,,,,Asia/Novosibirsk,2026-09-03T07:55:34Z
3057,20260924,5,1,188,3:00pm,2026-09-24T08:00:00+00:00,2026-09-24T15:00:00+07:00,,,,Asia/Novosibirsk,2026-09-03T07:55:34Z
3058,20260924,2,2,332,3:30pm,2026-09-24T08:30:00+00:00,2026-09-24T15:30:00+07:00,,,,Asia/Novosibirsk,2026-09-03T07:55:34Z
3059,20260924,9,2,374,3:30pm,2026-09-24T08:30:00+00:00,2026-09-24T15:30:00+07:00,,,,Asia/Novosibirsk,2026-09-03T07:55:34Z
3060,20260924,9,1,84,7:30pm,2026-09-24T12:30:00+00:00,2026-09-24T19:30:00+07:00,,,,Asia/Novosibirsk,2026-09-03T07:55:34Z
3061,20260924,4,1,50,8:00pm,2026-09-24T13:00:00+00:00,2026-09-24T20:00:00+07:00,,,,Asia/Novosibirsk,2026-09-03T07:55:34Z
3062,20260924,5,1,41,8:00pm,2026-09-24T13:00:00+00:00,2026-09-24T20:00:00+07:00,,,,Asia/Novosibirsk,2026-09-03T07:55:34Z
3063,20260924,9,1,273,9:00pm,2026-09-24T14:00:00+00:00,2026-09-24T21:00:00+07:00,,,,Asia/Novosibirsk,2026-09-03T07:55:34Z
3064,20260924,9,1,270,9:30pm,2026-09-24T14:30:00+00:00,2026-09-24T21:30:00+07:00,,,,Asia/Novosibirsk,2026-09-03T07:55:34Z
3065,20260924,1,1,262,Tentative,,,,,,Asia/Novosibirsk,2026-09-03T07:55:34Z
3066,20260924,1,3,375,Tentative,,,,,,Asia/Novosibirsk,2026-09-03T07:55:34Z
3067,20260925,5,1,234,3:00pm,2026-09-25T08:00:00+00:00,2026-09-25T15:00:00+07:00,,,,Asia/Novosibirsk,2026-09-03T07:55:34Z
3068,20260925,5,1,308,3:00pm,2026-09-25T08:00:00+00:00,2026-09-25T15:00:00+07:00,,,,Asia/Novosibirsk,2026-09-03T07:55:34Z
3069,20260925,9,2,341,3:30pm,2026-09-25T08:30:00+00:00,2026-09-25T15:30:00+07:00,,,,Asia/Novosibirsk,2026-09-03T07:55:34Z
3070,20260925,9,1,76,7:30pm,2026-09-25T12:30:00+00:00,2026-09-25T19:30:00+07:00,,,,Asia/Novosibirsk,2026-09-03T07:55:34Z
3071,20260925,9,1,85,7:30pm,2026-09-25T12:30:00+00:00,2026-09-25T19:30:00+07:00,,,,Asia/Novosibirsk,2026-09-03T07:55:34Z
3072,20260928,5,1,148,1:45pm,2026-09-28T06:45:00+00:00,2026-09-28T13:45:00+07:00,,,,Asia/Novosibirsk,2026-09-03T07:55:34Z
3073,20260928,7,1,353,7:30pm,2026-09-28T12:30:00+00:00,2026-09-28T19:30:00+07:00,,,,Asia/Novosibirsk,2026-09-03T07:55:34Z
3074,20260928,5,1,214,Tentative,,,,,,Asia/Novosibirsk,2026-09-03T07:55:34Z
3075,20260929,7,1,29,12:00pm,2026-09-29T05:00:00+00:00,2026-09-29T12:00:00+07:00,,,,Asia/Novosibirsk,2026-09-03T07:55:34Z
3076,20260929,3,1,334,1:30pm,2026-09-29T06:30:00+00:00,2026-09-29T13:30:00+07:00,,,,Asia/Novosibirsk,2026-09-03T07:55:34Z
3077,20260929,5,1,158,1:45pm,2026-09-29T06:45:00+00:00,2026-09-29T13:45:00+07:00,,,,Asia/Novosibirsk,2026-09-03T07:55:34Z
3078,20260929,3,1,226,2:00pm,2026-09-29T07:00:00+00:00,2026-09-29T14:00:00+07:00,,,,Asia/Novosibirsk,2026-09-03T07:55:34Z
3079,20260929,5,1,356,2:00pm,2026-09-29T07:00:00+00:00,2026-09-29T14:00:00+07:00,,,,Asia/Novosibirsk,2026-09-03T07:55:34Z
3080,20260929,1,3,320,3:00pm,2026-09-29T08:00:00+00:00,2026-09-29T15:00:00+07:00,,,,Asia/Novosibirsk,2026-09-03T07:55:34Z
3081,20260929,6,1,235,3:30pm,2026-09-29T08:30:00+00:00,2026-09-29T15:30:00+07:00,,,,Asia/Novosibirsk,2026-09-03T07:55:34Z
3082,20260929,6,1,259,3:30pm,2026-09-29T08:30:00+00:00,2026-09-29T15:30:00+07:00,,,,Asia/Novosibirsk,2026-09-03T07:55:34Z
3083,20260929,6,1,271,3:30pm,2026-09-29T08:30:00+00:00,2026-09-29T15:30:00+07:00,,,,Asia/Novosibirsk,2026-09-03T07:55:34Z
3084,20260929,2,3,162,7:30pm,2026-09-29T12:30:00+00:00,2026-09-29T19:30:00+07:00,,,,Asia/Novosibirsk,2026-09-03T07:55:34Z
3085,20260929,9,1,197,8:00pm,2026-09-29T13:00:00+00:00,2026-09-29T20:00:00+07:00,,,,Asia/Novosibirsk,2026-09-03T07:55:34Z
3086,20260929,9,1,344,8:00pm,2026-09-29T13:00:00+00:00,2026-09-29T20:00:00+07:00,,,,Asia/Novosibirsk,2026-09-03T07:55:34Z
3087,20260929,1,1,199,8:30am,2026-09-29T01:30:00+00:00,2026-09-29T08:30:00+07:00,,,,Asia/Novosibirsk,2026-09-03T07:55:34Z
3088,20260929,9,2,49,9:00pm,2026-09-29T14:00:00+00:00,2026-09-29T21:00:00+07:00,,,,Asia/Novosibirsk,2026-09-03T07:55:34Z
3089,20260929,9,2,225,9:00pm,2026-09-29T14:00:00+00:00,2026-09-29T21:00:00+07:00,,,,Asia/Novosibirsk,2026-09-03T07:55:34Z
3090,20260930,7,1,203,12:00pm,2026-09-30T05:00:00+00:00,2026-09-30T12:00:00+07:00,,,,Asia/Novosibirsk,2026-09-03T07:55:34Z
3091,20260930,6,1,84,1:00pm,2026-09-30T06:00:00+00:00,2026-09-30T13:00:00+07:00,,,,Asia/Novosibirsk,2026-09-03T07:55:34Z
3092,20260930,6,1,135,1:00pm,2026-09-30T06:00:00+00:00,2026-09-30T13:00:00+07:00,,,,Asia/Novosibirsk,2026-09-03T07:55:34Z
3093,20260930,6,1,335,1:00pm,2026-09-30T06:00:00+00:00,2026-09-30T13:00:00+07:00,,,,Asia/Novosibirsk,2026-09-03T07:55:34Z
3094,20260930,5,1,185,2:55pm,2026-09-30T07:55:00+00:00,2026-09-30T14:55:00+07:00,,,,Asia/Novosibirsk,2026-09-03T07:55:34Z
3095,20260930,6,1,269,30th-7th,,,,,,Asia/Novosibirsk,2026-09-03T07:55:34Z
3096,20260930,3,1,372,3:00pm,2026-09-30T08:00:00+00:00,2026-09-30T15:00:00+07:00,,,,Asia/Novosibirsk,2026-09-03T07:55:34Z
3097,20260930,5,1,218,4:00pm,2026-09-30T09:00:00+00:00,2026-09-30T16:00:00+07:00,,,,Asia/Novosibirsk,2026-09-03T07:55:34Z
3098,20260930,6,1,122,4:30pm,2026-09-30T09:30:00+00:00,2026-09-30T16:30:00+07:00,,,,Asia/Novosibirsk,2026-09-03T07:55:34Z
3099,20260930,6,1,123,4:30pm,2026-09-30T09:30:00+00:00,2026-09-30T16:30:00+07:00,,,,Asia/Novosibirsk,2026-09-03T07:55:34Z
3100,20260930,7,1,299,6:50am,2026-09-29T23:50:00+00:00,2026-09-30T06:50:00+07:00,,,,Asia/Novosibirsk,2026-09-03T07:55:34Z
3101,20260930,7,1,334,6:50am,2026-09-29T23:50:00+00:00,2026-09-30T06:50:00+07:00,,,,Asia/Novosibirsk,2026-09-03T07:55:34Z
3102,20260930,8,1,7,7:00am,2026-09-30T00:00:00+00:00,2026-09-30T07:00:00+07:00,,,,Asia/Novosibirsk,2026-09-03T07:55:34Z
3103,20260930,9,2,5,7:15pm,2026-09-30T12:15:00+00:00,2026-09-30T19:15:00+07:00,,,,Asia/Novosibirsk,2026-09-03T07:55:34Z
3104,20260930,1,3,55,7:30pm,2026-09-30T12:30:00+00:00,2026-09-30T19:30:00+07:00,,,,Asia/Novosibirsk,2026-09-03T07:55:34Z
3105,20260930,1,3,371,7:30pm,2026-09-30T12:30:00+00:00,2026-09-30T19:30:00+07:00,,,,Asia/Novosibirsk,2026-09-03T07:55:34Z
3106,20260930,9,3,78,7:30pm,2026-09-30T12:30:00+00:00,2026-09-30T19:30:00+07:00,,,,Asia/Novosibirsk,2026-09-03T07:55:34Z
3107,20260930,9,2,133,7:30pm,2026-09-30T12:30:00+00:00,2026-09-30T19:30:00+07:00,,,,Asia/Novosibirsk,2026-09-03T07:55:34Z
3108,20260930,9,3,135,7:30pm,2026-09-30T12:30:00+00:00,2026-09-30T19:30:00+07:00,,,,Asia/Novosibirsk,2026-09-03T07:55:34Z
3109,20260930,9,1,190,7:30pm,2026-09-30T12:30:00+00:00,2026-09-30T19:30:00+07:00,,,,Asia/Novosibirsk,2026-09-03T07:55:34Z
3110,20260930,9,1,290,7:30pm,2026-09-30T12:30:00+00:00,2026-09-30T19:30:00+07:00,,,,Asia/Novosibirsk,2026-09-03T07:55:34Z
3111,20260930,9,1,291,7:30pm,2026-09-30T12:30:00+00:00,2026-09-30T19:30:00+07:00,,,,Asia/Novosibirsk,2026-09-03T07:55:34Z
3112,20260930,9,1,305,7:30pm,2026-09-30T12:30:00+00:00,2026-09-30T19:30:00+07:00,,,,Asia/Novosibirsk,2026-09-03T07:55:34Z
3113,20260930,3,1,352,8:00pm,2026-09-30T13:00:00+00:00,2026-09-30T20:00:00+07:00,,,,Asia/Novosibirsk,2026-09-03T07:55:34Z
3114,20260930,1,1,42,8:30am,2026-09-30T01:30:00+00:00,2026-09-30T08:30:00+07:00,,,,Asia/Novosibirsk,2026-09-03T07:55:34Z
3115,20260930,1,1,309,8:30am,2026-09-30T01:30:00+00:00,2026-09-30T08:30:00+07:00,,,,Asia/Novosibirsk,2026-09-03T07:55:34Z
3116,20260930,4,1,249,8:30am,2026-09-30T01:30:00+00:00,2026-09-30T08:30:00+07:00,,,,Asia/Novosibirsk,2026-09-03T07:55:34Z
3117,20260930,4,1,276,8:30am,2026-09-30T01:30:00+00:00,2026-09-30T08:30:00+07:00,,,,Asia/Novosibirsk,2026-09-03T07:55:34Z
3118,20260930,4,1,330,8:45am,2026-09-30T01:45:00+00:00,2026-09-30T08:45:00+07:00,,,,Asia/Novosibirsk,2026-09-03T07:55:34Z
3119,20260930,4,1,331,8:45am,2026-09-30T01:45:00+00:00,2026-09-30T08:45:00+07:00,,,,Asia/Novosibirsk,2026-09-03T07:55:34Z
3120,20260930,9,1,60,8:45pm,2026-09-30T13:45:00+00:00,2026-09-30T20:45:00+07:00,,,,Asia/Novosibirsk,2026-09-03T07:55:34Z
3121,20260930,9,1,83,9:30pm,2026-09-30T14:30:00+00:00,2026-09-30T21:30:00+07:00,,,,Asia/Novosibirsk,2026-09-03T07:55:34Z
